stock,buy_date,sell_date,buy_price,sell_price,quantity,pnl,return_rate
000001.SZ,2025-11-03,2025-11-04,26.44780471867927,25.89134847729249,300,-169.26709377899078,-0.021039789400508234
000002.SZ,2025-11-03,2025-11-04,12.9559168551027,12.92944205459013,700,-21.24754319026397,-0.00204345248650953
000003.SZ,2025-11-03,2025-11-04,26.878269169180577,26.317353214263772,300,-170.64334826432423,-0.02086875279751896
000004.SZ,2025-11-03,2025-11-04,25.255214013518923,25.619378163858418,300,106.94350106710135,0.014419365052482234
000005.SZ,2025-11-03,2025-11-04,49.543556331110274,53.285337306667095,100,372.5795374364825,0.0755250783885939
000006.SZ,2025-11-03,2025-11-04,47.37939138536405,47.37846348071892,200,-3.028288737868934,-1.9584562359274813e-05
000007.SZ,2025-11-03,2025-11-04,23.7600700890096,24.489344713266757,400,288.77112833727006,0.030693285900469196
000008.SZ,2025-11-03,2025-11-04,34.29343857704807,34.11642004614901,200,-37.45069138258168,-0.005161877555712275
000009.SZ,2025-11-03,2025-11-04,39.00382584959658,37.317653789910544,200,-339.4734711646015,-0.04323094011823655
000010.SZ,2025-11-03,2025-11-04,48.83018239410614,46.932252089997455,100,-191.20099797356852,-0.03886797490925953
000011.SZ,2025-11-03,2025-11-04,18.185779440299157,16.81662490909284,500,-687.0997593395223,-0.07528709647562917
000012.SZ,2025-11-03,2025-11-04,37.34594944228346,36.857736724385745,200,-99.85400778300664,-0.013072708692336999
000013.SZ,2025-11-03,2025-11-04,14.220032174067615,14.231699892681714,600,4.438925187776476,0.0008205128139848264
000014.SZ,2025-11-03,2025-11-04,42.70050555443443,44.455820291019904,200,348.3955980996325,0.041107586755566805
000015.SZ,2025-11-03,2025-11-04,42.88354312876204,43.15492725184401,200,51.68752898128332,0.006328397872048677
000016.SZ,2025-11-03,2025-11-04,35.440330214510986,34.45782187854603,200,-198.5691365057046,-0.02772288886751602
000017.SZ,2025-11-03,2025-11-04,37.97371616950699,42.07258940290685,200,817.2502913157978,0.10793974482516579
000018.SZ,2025-11-03,2025-11-04,42.70144974791577,44.03405762312202,200,263.87953158386335,0.031207555787290193
000019.SZ,2025-11-03,2025-11-04,14.861948528702918,14.877803226397784,500,5.695678363473235,0.0010667980490072445
000020.SZ,2025-11-03,2025-11-04,16.3105934613169,18.109605627633226,500,896.7896423140173,0.11029716181590593
000021.SZ,2025-11-03,2025-11-04,31.7641020863634,35.37207254547487,200,719.4717674695657,0.1135864142893686
000022.SZ,2025-11-03,2025-11-04,18.441062557603445,18.666198139609232,400,87.81428902556127,0.012208384484491738
000023.SZ,2025-11-03,2025-11-04,20.70894554987383,19.80652836688695,400,-363.3436565987795,-0.04357620144461573
000024.SZ,2025-11-03,2025-11-04,24.784621387375303,23.471067034732254,300,-396.1787018260411,-0.05299876613455722
000025.SZ,2025-11-03,2025-11-04,22.355065160012067,21.535980387497748,300,-247.66366998917056,-0.03663978461487415
000026.SZ,2025-11-03,2025-11-04,27.000574584555803,26.829298826519498,200,-35.86490953685188,-0.00634341160036921
000027.SZ,2025-11-03,2025-11-04,29.987258237336203,29.41822427491175,200,-115.57188594138552,-0.01897585827689861
000028.SZ,2025-11-03,2025-11-04,10.177380490047739,10.607482847713472,700,298.8440789679935,0.04226061490835701
000029.SZ,2025-11-03,2025-11-04,17.519868773461372,16.97915278299351,400,-218.32389452110328,-0.03086301601110877
000030.SZ,2025-11-03,2025-11-04,44.38594544636599,43.94297389433699,100,-45.61544441973001,-0.009979995865228724
000031.SZ,2025-11-03,2025-11-04,44.94865999189737,44.30483493026217,100,-65.71165121142894,-0.014323565190848037
000032.SZ,2025-11-03,2025-11-04,30.152818670920237,29.657333742307763,200,-100.87642574703295,-0.01643245807365682
000033.SZ,2025-11-03,2025-11-04,19.653887578972114,20.167846027371617,300,152.37242837738722,0.026150472588913766
000034.SZ,2025-11-03,2025-11-04,27.01008469408309,29.926430569000274,200,581.4735891492974,0.10797248168407436
000035.SZ,2025-11-03,2025-11-04,27.931106945277293,28.4607483037734,200,104.22062680099498,0.01896241919569397
000036.SZ,2025-11-03,2025-11-04,39.32984570634049,39.33200433494417,100,-0.9640972696802237,5.488525482144895e-05
000037.SZ,2025-11-03,2025-11-04,24.729861900768583,25.158494992942874,300,126.32566310292168,0.017332611637470137
000038.SZ,2025-11-03,2025-11-04,14.2731290109435,13.551312643500005,500,-362.9408806182719,-0.050571697830942564
000039.SZ,2025-11-03,2025-11-04,16.743976918062383,16.803180250962843,400,21.66495153006872,0.0035357987645452593
000040.SZ,2025-11-03,2025-11-04,19.9709925563045,18.83140776489509,300,-343.57026412166215,-0.057062000709106525
000041.SZ,2025-11-03,2025-11-04,17.84302526358694,17.6454158258505,400,-81.16122499367975,-0.011074884153177375
000042.SZ,2025-11-03,2025-11-04,19.09876347128348,19.290600021103113,300,55.81481094399078,0.01004444869470609
000043.SZ,2025-11-03,2025-11-04,35.23058217396304,37.38883926910032,200,429.40808867131,0.06126089783246124
000044.SZ,2025-11-03,2025-11-04,16.64602703191078,16.295286225715245,400,-142.2517568252997,-0.021070541668781258
000045.SZ,2025-11-03,2025-11-04,27.340958152491766,28.481966297174573,200,226.49271095873064,0.04173255883421992
000046.SZ,2025-11-03,2025-11-04,38.21626693369271,39.394933626284725,100,116.68482125041282,0.030842015381488407
000047.SZ,2025-11-03,2025-11-04,15.8626187799002,15.307759015866344,400,-223.78083669544776,-0.034979077019547965
000048.SZ,2025-11-03,2025-11-04,12.891700234653968,14.298417807264943,500,701.2140236343985,0.1091180796175823
000049.SZ,2025-11-03,2025-11-04,45.14499145590256,44.75375426854105,100,-40.46633136420769,-0.008666236823716542
000050.SZ,2025-11-03,2025-11-04,45.38094312967688,46.184128754174374,100,78.93303858712352,0.017698742447956117
600001.SH,2025-11-03,2025-11-04,11.73696168767421,11.708657425902436,500,-15.908429499771955,-0.0024115493025336034
600002.SH,2025-11-03,2025-11-04,40.53972358832312,41.301861494251455,100,74.97473474800518,0.01879978052311775
600003.SH,2025-11-03,2025-11-04,33.71761706368937,35.37938667059679,100,165.11557909062412,0.04928490657475869
600004.SH,2025-11-03,2025-11-04,12.558652587462475,12.355492906447346,500,-103.4331644435315,-0.01617686926206939
600005.SH,2025-11-03,2025-11-04,45.23373756905203,45.495969475847545,100,24.858311595276064,0.00579726374357636
600006.SH,2025-11-03,2025-11-04,12.205024741093686,12.269327387759601,500,30.31092422479287,0.005268538821507788
600007.SH,2025-11-03,2025-11-04,47.334214295959534,48.1171880316175,100,76.85385792484794,0.016541390774174176
600008.SH,2025-11-03,2025-11-04,22.835615776971608,22.761222078532796,200,-16.24441301247407,-0.0032577925274882716
600009.SH,2025-11-03,2025-11-04,39.555564860157,38.36565271944812,100,-120.14218365247098,-0.030082041424907974
600010.SH,2025-11-03,2025-11-04,16.637736619523395,16.89509872067531,300,75.68807146071413,0.015468576467902293
600011.SH,2025-11-03,2025-11-04,47.350253108196185,52.07236986602578,100,470.6495046869795,0.09972738154196291
600012.SH,2025-11-03,2025-11-04,43.057681909813,41.6354092874399,100,-143.4763245159338,-0.03303179733066306
600013.SH,2025-11-03,2025-11-04,24.130469762852417,24.361077616433903,200,44.65990605931165,0.00955670800642655
600014.SH,2025-11-03,2025-11-04,10.886477848439789,10.704333955486806,500,-92.67759656981343,-0.016731205031486545
600015.SH,2025-11-03,2025-11-04,28.56444925801989,28.868976531311738,200,59.17331606649077,0.010661058805688184
600016.SH,2025-11-03,2025-11-04,24.87383738561987,23.01541145568154,200,-373.0661106750058,-0.07471408215496038
600017.SH,2025-11-03,2025-11-04,17.838664103152016,17.354187586039174,300,-146.90483201659663,-0.02715878915099014
600018.SH,2025-11-03,2025-11-04,45.71203616946051,46.7123648531295,100,98.63149742130554,0.02188326680440661
600019.SH,2025-11-03,2025-11-04,38.28351348377814,38.25650853257573,100,-3.848190376218099,-0.0007053937516432528
600020.SH,2025-11-03,2025-11-04,27.04634524233972,26.0038394833681,200,-210.0613821633251,-0.038545162003612486
600021.SH,2025-11-03,2025-11-04,18.47142339970469,18.45141054184937,300,-7.664484305362748,-0.0010834496845348923
600022.SH,2025-11-03,2025-11-04,23.258667264724025,22.08305520716274,200,-236.44739482468776,-0.05054511697427793
600023.SH,2025-11-03,2025-11-04,15.588512564298528,15.796981120280387,300,61.118838493732255,0.013373216663359085
600024.SH,2025-11-03,2025-11-04,29.329140095961446,27.787475931615386,100,-155.00004071255444,-0.052564247001511744
600025.SH,2025-11-03,2025-11-04,39.1156922772143,39.06496766493622,100,-6.244410257756044,-0.0012967842143402246
600026.SH,2025-11-03,2025-11-04,25.82059530242645,25.724907651135798,200,-20.681024717197943,-0.0037058654213778393
600027.SH,2025-11-03,2025-11-04,43.311398722463,42.037347654714004,100,-128.66622720454143,-0.02941606840991305
600028.SH,2025-11-03,2025-11-04,45.44825574560882,45.90699659272501,100,44.49687481383717,0.010093695337483059
600029.SH,2025-11-03,2025-11-04,21.039743939132524,20.827167912018623,200,-43.764835497500826,-0.010103546304027185
600030.SH,2025-11-03,2025-11-04,18.191832305915494,18.224998784124285,200,5.539795714710635,0.001823152151529366
600031.SH,2025-11-03,2025-11-04,24.68405084933591,23.801276325674557,200,-177.98298131181127,-0.03576295191780095
600032.SH,2025-11-03,2025-11-04,47.558557064079956,48.3625904080583,100,78.95245668559255,0.016906176167098587
600033.SH,2025-11-03,2025-11-04,37.061589893466056,36.551322913807994,100,-52.12323765322071,-0.013768081216289715
600034.SH,2025-11-03,2025-11-04,27.354008402335463,25.783281484640185,100,-157.84619021406706,-0.05742218451468967
600035.SH,2025-11-03,2025-11-04,42.28086820859649,42.923553348346175,100,62.98080737451892,0.015200377073123056
600036.SH,2025-11-03,2025-11-04,17.60915865747888,18.956716959042108,200,268.37425729510323,0.07652599012678554
600037.SH,2025-11-03,2025-11-04,47.262086562883916,50.401155456395735,100,312.3948546874899,0.06641833067050848
600038.SH,2025-11-03,2025-11-04,19.317739084123733,19.689850645900677,200,73.24092131663429,0.01926268701303472
600039.SH,2025-11-03,2025-11-04,36.072578194706765,36.04414932825838,100,-3.9242111246867353,-0.0007881018732550234
600040.SH,2025-11-03,2025-11-04,22.210987563309647,23.249909905045996,200,206.3894737529672,0.04677515300816906
600041.SH,2025-11-03,2025-11-04,44.69740643488132,48.89698364096011,100,418.49081109864983,0.09395572452726218
600042.SH,2025-11-03,2025-11-04,26.595212045362516,26.318065999097282,100,-28.504146606496306,-0.010420900039921294
600043.SH,2025-11-03,2025-11-04,11.012455309116985,10.873661948345775,400,-56.82218374228523,-0.012603307516381546
600044.SH,2025-11-03,2025-11-04,28.662976393747087,29.253335847397256,100,58.15834528959522,0.020596585837434452
600045.SH,2025-11-03,2025-11-04,35.44331851752022,36.05496546012295,100,60.08304529646921,0.017257044999902733
600046.SH,2025-11-03,2025-11-04,47.66475700761584,50.94699101318372,100,326.6949908263923,0.0688608148163526
600047.SH,2025-11-03,2025-11-04,13.977118197058637,13.887968136899293,300,-27.99493518012423,-0.006378286203382403
600048.SH,2025-11-03,2025-11-04,40.25261416909456,38.25072960396878,100,-201.33597840069706,-0.04973303241166382
600049.SH,2025-11-03,2025-11-04,14.610533058900568,15.108958363191348,300,148.1677850345468,0.03411410810826956
600050.SH,2025-11-03,2025-11-04,26.21643816334262,26.34648286103463,100,12.214075283369766,0.004960425855021254
000001.SZ,2025-11-04,2025-11-05,25.62885411434299,26.149473679657483,300,153.83241696317873,0.020313805798408018
000002.SZ,2025-11-04,2025-11-05,12.905971494982715,12.819602989990864,700,-63.15007012219576,-0.006692135111675055
000003.SZ,2025-11-04,2025-11-05,26.80793391262001,26.952478876691305,300,40.93776612248712,0.0053918725904964935
000004.SZ,2025-11-04,2025-11-05,25.11902332263623,25.81691240299019,300,207.043201989919,0.027783288840097974
000005.SZ,2025-11-04,2025-11-05,54.25019418256575,53.86158626708071,100,-40.47663913651559,-0.007163253907945001
000006.SZ,2025-11-04,2025-11-05,48.03782215911184,47.49679438118678,200,-111.05536324788227,-0.011262537592421573
000007.SZ,2025-11-04,2025-11-05,24.127189535479495,24.301232963942017,300,50.02591757200207,0.007213580686908744
000008.SZ,2025-11-04,2025-11-05,33.387462698990944,33.959388067045154,200,112.34751032682016,0.017129944051468598
000009.SZ,2025-11-04,2025-11-05,38.61052988382353,37.38100101233629,200,-248.14863435818825,-0.03184439258375394
000010.SZ,2025-11-04,2025-11-05,48.0963982293512,48.05104034276093,100,-5.977319869310122,-0.0009430620225236361
000011.SZ,2025-11-04,2025-11-05,17.30362776097513,17.238283733608633,500,-35.257756243288895,-0.003776319524964969
000012.SZ,2025-11-04,2025-11-05,36.20161198051483,37.12921214286411,200,183.2922797412839,0.025623172881046034
000013.SZ,2025-11-04,2025-11-05,14.292010123401784,14.37704091466764,600,48.43060739487373,0.0059495333778574935
000014.SZ,2025-11-04,2025-11-05,43.82335159534873,44.89502542573165,200,211.64106455104047,0.024454401394909838
000015.SZ,2025-11-04,2025-11-05,42.76729927849478,42.53894091443861,200,-48.22400926610135,-0.005339555405851837
000016.SZ,2025-11-04,2025-11-05,34.10908556388666,35.1100541696684,200,198.0871179061678,0.02934609911798776
000017.SZ,2025-11-04,2025-11-05,41.581219205610154,41.908905931554,200,63.02281083287744,0.007880642564218929
000018.SZ,2025-11-04,2025-11-05,42.92574806794195,44.022145830526995,200,216.63822376717872,0.025541727562899706
000019.SZ,2025-11-04,2025-11-05,14.75955994292908,15.069107874949102,500,152.51359982876875,0.020972707398930184
000020.SZ,2025-11-04,2025-11-05,16.541760649303278,17.554986634537162,500,503.97974462176353,0.06125260827519954
000021.SZ,2025-11-04,2025-11-05,32.309723897256774,37.15835619928623,200,967.4969590339351,0.1500672774997352
000022.SZ,2025-11-04,2025-11-05,18.615584597311834,18.674268865920556,400,21.232795179578716,0.0031524268443977087
000023.SZ,2025-11-04,2025-11-05,19.888124977529618,19.732361941618393,400,-64.67309779748393,-0.007831961840908166
000024.SZ,2025-11-04,2025-11-05,23.962690234031886,24.46354902737355,300,148.05591859003562,0.020901609479153652
000025.SZ,2025-11-04,2025-11-05,22.102404693330406,21.97672305318333,300,-39.68239711890874,-0.0056863333148994685
000026.SZ,2025-11-04,2025-11-05,27.207335157231284,26.308169182906624,200,-181.4116850159062,-0.03304866019139239
000027.SZ,2025-11-04,2025-11-05,30.073971771592717,32.21295558102837,200,425.86398455226845,0.071124087821885
000028.SZ,2025-11-04,2025-11-05,10.29645146920742,10.870749355812048,700,399.7256632585186,0.05577629228109543
000029.SZ,2025-11-04,2025-11-05,17.31827919871177,18.592172297377893,400,507.32617879076315,0.07355771806478792
000030.SZ,2025-11-04,2025-11-05,43.19736827027963,43.86403493063476,100,65.35074498759423,0.015433038794953672
000031.SZ,2025-11-04,2025-11-05,43.507779134172566,44.10106784199275,100,58.005838746758855,0.013636382266043905
000032.SZ,2025-11-04,2025-11-05,29.739426562174113,30.06061456273958,200,62.43396323932939,0.010800073763829373
000033.SZ,2025-11-04,2025-11-05,19.40319752665131,19.537012236915132,300,38.38608197782378,0.006896528785011788
000034.SZ,2025-11-04,2025-11-05,27.33554014036762,29.674096628470497,200,465.9308518228672,0.08555003764675666
000035.SZ,2025-11-04,2025-11-05,27.74953274226723,28.3508569070715,200,118.56378154642971,0.021669704149228777
000036.SZ,2025-11-04,2025-11-05,40.4375061440005,39.445372337887896,100,-100.39674178139694,-0.02453498993186064
000037.SZ,2025-11-04,2025-11-05,25.366265677593063,25.29030526080695,200,-16.70950167287174,-0.0029945447135016016
000038.SZ,2025-11-04,2025-11-05,13.632663458461913,13.94967013236008,500,156.41088642922932,0.02325346582962832
000039.SZ,2025-11-04,2025-11-05,16.524089604769827,16.590712959704277,400,24.65845641861506,0.004031892620288036
000040.SZ,2025-11-04,2025-11-05,19.283385147672266,18.599867372525097,300,-206.72932060767835,-0.03544594322588005
000041.SZ,2025-11-04,2025-11-05,17.63970704766953,17.652387905633525,400,2.9540566369223598,0.0007188814377544694
000042.SZ,2025-11-04,2025-11-05,18.661601595305164,19.082402246492208,300,124.52277915392824,0.02254901054649605
000043.SZ,2025-11-04,2025-11-05,34.15188838795042,36.14669501776024,200,396.79252426089806,0.058409848590206495
000044.SZ,2025-11-04,2025-11-05,16.294200728687045,16.663448209776345,400,145.69937865054726,0.02266128220939456
000045.SZ,2025-11-04,2025-11-05,27.761148517804546,29.369263025604386,200,319.8607457784319,0.05792680035440463
000046.SZ,2025-11-04,2025-11-05,38.634285764102565,38.40243606403361,100,-24.3370430888167,-0.006001138509059267
000047.SZ,2025-11-04,2025-11-05,15.646049308162771,14.485777195898686,400,-465.84713816914245,-0.07415751346627511
000048.SZ,2025-11-04,2025-11-05,13.06052765006699,15.12198113174811,500,1028.4584436707974,0.15783845315549305
000049.SZ,2025-11-04,2025-11-05,44.995847075449326,44.307887560035574,100,-70.12518816817646,-0.015289400247542334
000050.SZ,2025-11-04,2025-11-05,45.566346475464194,45.564564064966824,100,-1.5451779716859164,-3.9116818337181957e-05
600001.SH,2025-11-04,2025-11-05,11.815771645708539,11.697057675717552,500,-61.111543646851715,-0.01004707720753078
600002.SH,2025-11-04,2025-11-05,40.856861728750495,40.78067628882594,100,-8.841964281120454,-0.0018646914300553593
600003.SH,2025-11-04,2025-11-05,34.16204760229042,36.233714692260925,100,206.0796975562821,0.060642357100152484
600004.SH,2025-11-04,2025-11-05,12.701893697262493,12.16810562334837,500,-268.7192528005635,-0.04202429075824844
600005.SH,2025-11-04,2025-11-05,45.17656886121395,45.83153479571165,100,64.12164740589833,0.014497912325077274
600006.SH,2025-11-04,2025-11-05,12.32430242542386,12.306709739589019,500,-10.642349378357721,-0.0014274792379768328
600007.SH,2025-11-04,2025-11-05,48.02273960262677,48.46141521125517,100,42.413718406502085,0.009134747668673322
600008.SH,2025-11-04,2025-11-05,23.119765640271254,24.92353817599341,200,359.25909485387274,0.07801863408944978
600009.SH,2025-11-04,2025-11-05,39.910539805293475,42.0103897277957,100,208.72468055838908,0.05261391934928709
600010.SH,2025-11-04,2025-11-05,16.96483528904209,16.468450307214837,300,-150.39765507582433,-0.029259640507554825
600011.SH,2025-11-04,2025-11-05,51.848527153474826,54.05342547683209,100,218.86822957142158,0.042525765810678254
600012.SH,2025-11-04,2025-11-05,41.61546479011529,39.995693064861946,100,-163.17704331728055,-0.03892235094387507
600013.SH,2025-11-04,2025-11-05,24.06555418624097,23.70302544673418,200,-73.9279294281614,-0.015064217374809442
600014.SH,2025-11-04,2025-11-05,10.473323866089768,10.724156747161459,500,123.80781702377135,0.023949692025072453
600015.SH,2025-11-04,2025-11-05,28.633987819886364,29.02845313527103,200,77.1513558888164,0.013776122203652942
600016.SH,2025-11-04,2025-11-05,23.973461757675967,23.160995499003384,200,-163.8829114644568,-0.03389023524783367
600017.SH,2025-11-04,2025-11-05,17.681579674030246,17.352560625434563,300,-100.26744503499413,-0.018608012104197245
600018.SH,2025-11-04,2025-11-05,47.331518692806355,47.09376138800678,100,-25.188543321597535,-0.0050232342288164915
600019.SH,2025-11-04,2025-11-05,38.005595125841076,37.89510003129145,100,-12.186362455901417,-0.0029073375692122315
600020.SH,2025-11-04,2025-11-05,26.266356399160465,25.870002330733737,200,-80.82301382518926,-0.015089800138377638
600021.SH,2025-11-04,2025-11-05,18.47391810059879,18.127417675642032,300,-105.58159507783512,-0.018756195792896117
600022.SH,2025-11-04,2025-11-05,22.493029905264986,21.74132984707079,200,-151.6444914296626,-0.03341924415519689
600023.SH,2025-11-04,2025-11-05,15.71367745456958,15.406529005535045,300,-93.53112232085914,-0.01954656699060702
600024.SH,2025-11-04,2025-11-05,29.45949960560449,27.725581487398316,100,-174.2235792652391,-0.05885769077612933
600025.SH,2025-11-04,2025-11-05,39.08833375416072,39.603543824739916,100,50.33290074317756,0.013180660854451303
600026.SH,2025-11-04,2025-11-05,25.553580790240822,24.82065954721282,200,-148.07348817843285,-0.028681743237640986
600027.SH,2025-11-04,2025-11-05,42.48978691636863,41.208425965278735,100,-129.3723478879474,-0.03015691638115198
600028.SH,2025-11-04,2025-11-05,45.20460950356296,46.238776479985766,100,102.02953434788105,0.022877467315391618
600029.SH,2025-11-04,2025-11-05,20.66450208194371,20.512854528113984,200,-31.560282037631623,-0.007338553487927143
600030.SH,2025-11-04,2025-11-05,17.41120247029837,17.65484346318675,300,71.50336195482669,0.013993346714795012
600031.SH,2025-11-04,2025-11-05,24.765287380948717,24.10242013171378,200,-134.0195950548905,-0.026765982523782927
600032.SH,2025-11-04,2025-11-05,48.67321664339132,48.346373528694436,100,-34.134702675549306,-0.006715050642564481
600033.SH,2025-11-04,2025-11-05,36.59124626016507,36.89110845651383,100,28.87948638117996,0.008194916188880918
600034.SH,2025-11-04,2025-11-05,26.342871710183662,25.631326708535617,100,-71.92343996606087,-0.02701091245769437
600035.SH,2025-11-04,2025-11-05,42.53925564196554,43.7328030031005,100,118.04275202340341,0.02805755162197785
600036.SH,2025-11-04,2025-11-05,17.315533042562716,18.657551604546825,200,267.2842593005489,0.07750373948554393
600037.SH,2025-11-04,2025-11-05,51.751984786357895,51.20508035387452,100,-56.226595658954466,-0.010567796283390858
600038.SH,2025-11-04,2025-11-05,18.980081328366165,20.09273160657348,200,221.32449174506883,0.058621997395998195
600039.SH,2025-11-04,2025-11-05,36.27719783326096,39.46834351444293,100,317.93051781276336,0.08796560571875658
600040.SH,2025-11-04,2025-11-05,22.58250247007285,23.0646825844966,200,95.05214192968015,0.0213519345370494
600041.SH,2025-11-04,2025-11-05,44.663711429886554,47.92755773872398,100,324.9468041515811,0.07307602087571789
600042.SH,2025-11-04,2025-11-05,26.700274176043376,26.270017337149305,100,-43.813784409521304,-0.01611432287388702
600043.SH,2025-11-04,2025-11-05,10.894698164889867,10.794354227821673,400,-41.43289733461643,-0.009210345761718364
600044.SH,2025-11-04,2025-11-05,29.11851106129712,29.66707369589292,100,53.966251248702974,0.018838965819406975
600045.SH,2025-11-04,2025-11-05,35.333032067716566,37.079845587859445,100,173.56895664665217,0.049438540026654695
600046.SH,2025-11-04,2025-11-05,50.264860842924065,55.78695515943617,100,550.5358229964268,0.10985993443348932
600047.SH,2025-11-04,2025-11-05,14.08428561385654,13.885567991589715,300,-60.86498779929025,-0.014109172997125297
600048.SH,2025-11-04,2025-11-05,39.45791568824743,38.14583402641728,100,-132.3525412038075,-0.03325268552441439
600049.SH,2025-11-04,2025-11-05,14.386654447846576,15.097671659956811,300,211.94637318367404,0.04942199833100611
600050.SH,2025-11-04,2025-11-05,25.464584171711387,26.062215142224577,100,58.98123059705222,0.02346910385354334
000001.SZ,2025-11-05,2025-11-06,25.896527264866705,25.70341721300302,300,-60.24632310827565,-0.007456986409358154
000002.SZ,2025-11-05,2025-11-06,12.93202820161575,12.745475931667398,700,-133.26313890949677,-0.01442560030336496
000003.SZ,2025-11-05,2025-11-06,26.322617211306326,26.424404688644984,300,28.158046779619326,0.0038669208506719715
000004.SZ,2025-11-05,2025-11-06,25.624502551929996,26.735303096200184,300,330.833986002398,0.043349155442883855
000005.SZ,2025-11-05,2025-11-06,53.295995439941755,54.850301396815205,100,153.78508664544097,0.02916365374252118
000006.SZ,2025-11-05,2025-11-06,47.3879401210791,47.050232078936475,200,-70.36462235326144,-0.007126455407847609
000007.SZ,2025-11-05,2025-11-06,24.49424307204529,24.471252677219173,300,-9.099531188784567,-0.0009386040123181091
000008.SZ,2025-11-05,2025-11-06,34.123244012554885,34.06045736331037,200,-14.600957290701444,-0.0018399964909964041
000009.SZ,2025-11-05,2025-11-06,37.32511806709625,37.137361365333966,200,-39.77958203437629,-0.005030304296017705
000010.SZ,2025-11-05,2025-11-06,46.94163947915437,48.55096576007328,200,318.95219823817934,0.03428355504356802
000011.SZ,2025-11-05,2025-11-06,16.819988570440795,16.97706011026511,500,75.98921089561554,0.00933838564553786
000012.SZ,2025-11-05,2025-11-06,36.86510900895908,36.78183959904125,200,-18.860792359508196,-0.0022587593569191994
000013.SZ,2025-11-05,2025-11-06,14.234546517322713,14.573949657232403,600,201.01857300751362,0.023843621536987762
000014.SZ,2025-11-05,2025-11-06,44.46471234428343,45.352579026484705,200,174.85218169866857,0.01996789443562937
000015.SZ,2025-11-05,2025-11-06,43.16355910047924,41.42057586622309,200,-351.08188140320453,-0.0403808970015357
000016.SZ,2025-11-05,2025-11-06,34.464714132147094,35.46642317870577,200,198.2138239210126,0.02906477165943835
000017.SZ,2025-11-05,2025-11-06,42.08100476232337,42.1406885518228,200,9.4083165867778,0.0014183071396828412
000018.SZ,2025-11-05,2025-11-06,44.042865315415874,44.39195426089656,100,33.577135920241744,0.007926117953059234
000019.SZ,2025-11-05,2025-11-06,14.880779084628887,15.028351304197628,500,71.53185708874025,0.009916968643205999
000020.SZ,2025-11-05,2025-11-06,18.11322791098709,17.383493824486102,400,-293.97965385933276,-0.04028735739908323
000021.SZ,2025-11-05,2025-11-06,35.37914766749616,38.565571409831776,200,634.9708141825331,0.09006502282877413
000022.SZ,2025-11-05,2025-11-06,18.669931752598455,18.467859486676726,400,-83.0450495070927,-0.01082340678045619
000023.SZ,2025-11-05,2025-11-06,19.81049006873051,19.65331122350665,400,-65.22993543636585,-0.007934122007004597
000024.SZ,2025-11-05,2025-11-06,23.475761717607487,24.931398189505064,300,434.44711573221775,0.06200593145422023
000025.SZ,2025-11-05,2025-11-06,21.54028801433793,21.948752747079865,300,120.56403207534277,0.0189628259598966
000026.SZ,2025-11-05,2025-11-06,26.834665222924443,26.38898720918639,300,-136.07841297024333,-0.0166082941611404
000027.SZ,2025-11-05,2025-11-06,29.42410850819006,31.429953148561122,200,399.2831308852983,0.06817010750938284
000028.SZ,2025-11-05,2025-11-06,10.60960455645389,10.969845578186796,700,249.8650476416151,0.033954236448310283
000029.SZ,2025-11-05,2025-11-06,16.982548953167125,19.5361512973634,400,1019.0965995228262,0.15036625840080656
000030.SZ,2025-11-05,2025-11-06,43.951763368063226,44.31993515103049,100,35.48758024219569,0.00837672381615505
000031.SZ,2025-11-05,2025-11-06,44.313696783433535,44.53315658135557,100,20.609985094763033,0.004952414577248241
000032.SZ,2025-11-05,2025-11-06,29.663265802262217,30.25507964301716,200,116.54746337240795,0.019951068257285792
000033.SZ,2025-11-05,2025-11-06,20.17187999997435,19.946589897164536,300,-69.38222393368869,-0.011168522855088448
000034.SZ,2025-11-05,2025-11-06,29.932416453702544,28.39059768863078,200,-310.0671888756706,-0.051509999784232104
000035.SZ,2025-11-05,2025-11-06,28.46644102270605,28.269848422508627,200,-41.014710944835315,-0.006906117980839703
000036.SZ,2025-11-05,2025-11-06,39.33987152252992,41.01750037809054,100,166.53236054471836,0.042644492486454695
000037.SZ,2025-11-05,2025-11-06,25.16352719516168,23.74342996645377,200,-285.44405153956905,-0.05643474452901654
000038.SZ,2025-11-05,2025-11-06,13.554023177082062,13.91087376119395,500,176.3386609917643,0.026328019323094514
000039.SZ,2025-11-05,2025-11-06,16.806541223110248,18.166830690876182,400,541.935767423468,0.08093809723891522
000040.SZ,2025-11-05,2025-11-06,18.83517442311389,19.237727634910012,300,119.0345680516948,0.02137241751805184
000041.SZ,2025-11-05,2025-11-06,17.648945261959277,17.291023832644314,400,-145.24349458590223,-0.02028004642784127
000042.SZ,2025-11-05,2025-11-06,19.29445852695792,19.713539467336634,300,123.95006356155409,0.02172027475107318
000043.SZ,2025-11-05,2025-11-06,37.39631778480571,35.8777451760952,100,-152.93359322633341,-0.04060754370120123
000044.SZ,2025-11-05,2025-11-06,16.298545608898706,16.86424959350987,400,224.25788389324407,0.0347088628756115
000045.SZ,2025-11-05,2025-11-06,28.487663260130304,28.99091084139099,200,98.91006160165307,0.017665456680857373
000046.SZ,2025-11-05,2025-11-06,39.402813400987455,38.1623592831344,100,-125.19028256379943,-0.03148135909051531
000047.SZ,2025-11-05,2025-11-06,15.310820873855315,14.344451420056652,400,-388.2691156898709,-0.06311676308935407
000048.SZ,2025-11-05,2025-11-06,14.301277776823351,15.277935946685407,400,388.8299156312196,0.06829167191233973
000049.SZ,2025-11-05,2025-11-06,44.762705914559355,43.812713965945775,100,-96.31357628033584,-0.021222844535512958
000050.SZ,2025-11-05,2025-11-06,46.193366503700155,45.69344314959009,100,-51.36313870549475,-0.010822405725073576
600001.SH,2025-11-05,2025-11-06,11.710999391584183,11.456075338161138,500,-129.18043801224667,-0.021767916204166092
600002.SH,2025-11-05,2025-11-06,41.31012269267015,41.89722039626891,100,57.45285374798732,0.014211957392780377
600003.SH,2025-11-05,2025-11-06,35.386463255589405,37.82430286031074,100,242.64923138632366,0.06889186938839581
600004.SH,2025-11-05,2025-11-06,12.357964252163207,12.239479502744459,500,-61.07829663478606,-0.00958772391642157
600005.SH,2025-11-05,2025-11-06,45.5050695797531,46.68394496884363,100,116.4870205599882,0.025906462729925396
600006.SH,2025-11-05,2025-11-06,12.27178149864824,12.403249166706955,500,63.873346654351735,0.010713005937499475
600007.SH,2025-11-05,2025-11-06,48.12681243166382,48.66730178472958,100,52.58891625303386,0.01123052464430737
600008.SH,2025-11-05,2025-11-06,22.76577477821847,25.293203631521642,200,503.968178442743,0.11101879369031313
600009.SH,2025-11-05,2025-11-06,38.37332661738181,41.46654486686091,100,308.077828601904,0.08060855083848734
600010.SH,2025-11-05,2025-11-06,16.898478078355215,16.337853715022263,300,-169.65771583423702,-0.0331760269021528
600011.SH,2025-11-05,2025-11-06,52.082785381550536,52.34303609945442,100,24.454780707405007,0.004996866354157705
600012.SH,2025-11-05,2025-11-06,41.64373720208886,39.27477963537893,100,-238.07400006005446,-0.05688628653124588
600013.SH,2025-11-05,2025-11-06,24.365950319227466,23.39095372952727,200,-196.40277516381138,-0.04001471631216516
600014.SH,2025-11-05,2025-11-06,10.706475036385992,10.550593578423122,500,-79.52331801819855,-0.014559549938995473
600015.SH,2025-11-05,2025-11-06,28.874750904055276,29.50605584105172,200,124.49062404882534,0.021863563051821182
600016.SH,2025-11-05,2025-11-06,23.02001499832694,23.09305462743819,200,13.222342544603634,0.003172874957577493
600017.SH,2025-11-05,2025-11-06,17.357658770674846,16.817006475959886,300,-163.70921899732457,-0.031147766058656063
600018.SH,2025-11-05,2025-11-06,46.72170826044086,46.91172111240968,100,17.59393356350938,0.004066907205310813
600019.SH,2025-11-05,2025-11-06,38.26416059948894,38.54251007259296,100,26.678672008224567,0.007274417333167366
600020.SH,2025-11-05,2025-11-06,26.009040771393575,25.8618110741561,200,-30.997648111943818,-0.005660712308906332
600021.SH,2025-11-05,2025-11-06,18.455101193022855,18.630975932166052,300,51.08563390906329,0.009529871297031306
600022.SH,2025-11-05,2025-11-06,22.08747225990945,21.818893986326714,200,-55.02478835572765,-0.012159756011113501
600023.SH,2025-11-05,2025-11-06,15.80014083247566,15.66638322008977,300,-41.5372582055752,-0.008465596212342915
600024.SH,2025-11-05,2025-11-06,27.79303398260681,28.087777197790896,200,57.26337640494967,0.010604931270495258
600025.SH,2025-11-05,2025-11-06,39.07278143984669,40.22945722282398,100,114.46069458104375,0.029603108362224306
600026.SH,2025-11-05,2025-11-06,25.73005314721563,24.004007457996487,200,-346.6493782913085,-0.0670828652915522
600027.SH,2025-11-05,2025-11-06,42.045755965075976,40.67184559576573,100,-138.61119229889755,-0.03267655290706253
600028.SH,2025-11-05,2025-11-06,45.916178910275306,47.52162822327066,100,159.11928245283798,0.03496478476862282
600029.SH,2025-11-05,2025-11-06,20.83133376218604,20.797927795195697,200,-7.929069065780823,-0.0016036403319975563
600030.SH,2025-11-05,2025-11-06,18.22864414841754,17.528628382735203,200,-141.05487083943171,-0.0384019656087865
600031.SH,2025-11-05,2025-11-06,23.806037057012823,24.140238820324456,200,65.39193833310765,0.014038529912024271
600032.SH,2025-11-05,2025-11-06,48.37226389348846,48.68574870070324,100,29.887908260457152,0.006480672641351893
600033.SH,2025-11-05,2025-11-06,36.558633909490325,36.61845852195133,100,4.883907490442198,0.0016364017487392256
600034.SH,2025-11-05,2025-11-06,25.788438656654314,25.501155009002478,200,-58.9867988309079,-0.011140017101334183
600035.SH,2025-11-05,2025-11-06,42.93213891757277,42.81548969307281,100,-12.94938714078853,-0.0027170606319875798
600036.SH,2025-11-05,2025-11-06,18.960508681606175,18.31386575111385,200,-130.42741804353182,-0.03410472479146316
600037.SH,2025-11-05,2025-11-06,50.41123669561093,50.09230338106812,100,-33.39610055571302,-0.006326631430777393
600038.SH,2025-11-05,2025-11-06,19.69378900986625,20.083330903941413,200,76.70337896079582,0.01977993639923775
600039.SH,2025-11-05,2025-11-06,36.05135887907911,40.08406842632264,100,402.06843267156273,0.11186012601549232
600040.SH,2025-11-05,2025-11-06,23.254560352071707,23.445317063645017,200,36.744623290843265,0.008202980778190318
600041.SH,2025-11-05,2025-11-06,48.90676401572578,47.8792449468931,100,-104.1882842316736,-0.02100975375312666
600042.SH,2025-11-05,2025-11-06,26.32333013871106,25.52589412300192,100,-80.50937839460448,-0.03029388802659255
600043.SH,2025-11-05,2025-11-06,10.875836898230434,10.588933659086171,400,-116.03196769679562,-0.02637987695373983
600044.SH,2025-11-05,2025-11-06,29.259187099691967,29.069876000307172,100,-19.803206218488867,-0.006470142138254706
600045.SH,2025-11-05,2025-11-06,36.0621771743864,36.658434600375074,100,58.52598956085649,0.01653414942490422
600046.SH,2025-11-05,2025-11-06,50.95718143042808,54.93831305993067,100,396.46501355846067,0.07812699834935018
600047.SH,2025-11-05,2025-11-06,13.890746008313812,14.045645032458712,300,45.20559919054904,0.01115123867733169
600048.SH,2025-11-05,2025-11-06,38.25838051498067,37.71954458305003,100,-55.015179530556,-0.014084128096317407
600049.SH,2025-11-05,2025-11-06,15.111980457073376,15.109981539572457,300,-1.9595735888369745,-0.00013227369546938992
600050.SH,2025-11-05,2025-11-06,26.351752684589194,25.834295338656776,100,-52.52076345340129,-0.019636543805112143
000001.SZ,2025-11-06,2025-11-07,26.154704097435193,25.80303121140079,300,-107.82413861934765,-0.013445875155929977
000002.SZ,2025-11-06,2025-11-07,12.822167167006564,12.642426168932193,700,-128.47360814753483,-0.014017988982148987
000003.SZ,2025-11-06,2025-11-07,26.957869911570132,27.566393231563627,300,180.07602060720728,0.022573123247112366
000004.SZ,2025-11-06,2025-11-07,25.822076301860676,27.024873776629487,300,358.4070037907468,0.046580199853337924
000005.SZ,2025-11-06,2025-11-07,53.872359661673585,56.90254898203313,100,301.31185556649416,0.05624756998560274
000006.SZ,2025-11-06,2025-11-07,47.5062946900939,47.8948269549878,200,74.83276336148083,0.00817854281055757
000007.SZ,2025-11-06,2025-11-07,24.30609369660807,24.132506215973915,300,-54.248169749685076,-0.007141726794971519
000008.SZ,2025-11-06,2025-11-07,33.966180623914255,33.1535841404716,200,-164.508511736959,-0.023923693171157924
000009.SZ,2025-11-06,2025-11-07,37.38847796023355,37.47601429393569,200,15.258705882792128,0.0023412649692572014
000010.SZ,2025-11-06,2025-11-07,48.0606515119464,47.08264947017943,100,-99.21268366080312,-0.02034932966990406
000011.SZ,2025-11-06,2025-11-07,17.24173173515551,16.605308917432858,500,-320.70220519894247,-0.03691176892776968
000012.SZ,2025-11-06,2025-11-07,37.13663872795119,38.42320137162949,200,255.00713665336298,0.03464402508539256
000013.SZ,2025-11-06,2025-11-07,14.379916610420148,14.338663012254953,600,-27.333118241322154,-0.0028688343112714047
000014.SZ,2025-11-06,2025-11-07,44.90400532880711,45.45263094846082,200,106.99796607383541,0.012217743509436002
000015.SZ,2025-11-06,2025-11-07,42.54744955348541,42.55483350311502,200,-1.0765000842620793,0.00017354623384254546
000016.SZ,2025-11-06,2025-11-07,35.117076882773645,35.01408327525713,200,-22.699566499818502,-0.002932863912914099
000017.SZ,2025-11-06,2025-11-07,41.91728855100226,41.79303441314416,200,-27.358409636408396,-0.002964269449511526
000018.SZ,2025-11-06,2025-11-07,44.030951140224076,45.01623229853933,200,194.35525772513756,0.02237701282394416
000019.SZ,2025-11-06,2025-11-07,15.07212199793639,14.598179848260973,500,-239.16080181494817,-0.031444951795129315
000020.SZ,2025-11-06,2025-11-07,17.55849798299891,17.4191686967545,400,-57.822014741374915,-0.007935148346932493
000021.SZ,2025-11-06,2025-11-07,37.16578861376753,42.22930069376579,200,1010.1686579580264,0.13624121184724589
000022.SZ,2025-11-06,2025-11-07,18.67800409321647,18.49369947546987,400,-75.94109103569554,-0.009867468538222143
000023.SZ,2025-11-06,2025-11-07,19.736308808693423,19.754499068490546,400,4.905564030630558,0.000921664733433369
000024.SZ,2025-11-06,2025-11-07,24.468442226498933,24.851556200443362,300,112.6975521252889,0.01565747301761297
000025.SZ,2025-11-06,2025-11-07,21.98111883737239,21.550845200247533,300,-131.0216672054794,-0.019574692276050236
000026.SZ,2025-11-06,2025-11-07,26.313431342959213,26.63276029268227,300,93.40173649057579,0.012135587546946899
000027.SZ,2025-11-06,2025-11-07,32.219398816468114,31.392671766764913,200,-167.2289702466469,-0.02565929471286849
000028.SZ,2025-11-06,2025-11-07,10.872923723119943,10.740036850138868,700,-95.27621882528183,-0.01222181598667039
000029.SZ,2025-11-06,2025-11-07,18.595891103718003,21.39208567061292,400,1115.9107764774944,0.15036625840080642
000030.SZ,2025-11-06,2025-11-07,43.872808614989324,44.093588722605055,100,20.75520309989497,0.0050322765873781
000031.SZ,2025-11-06,2025-11-07,44.10988893767071,45.66585272608943,100,154.22640326008968,0.03527471562255281
000032.SZ,2025-11-06,2025-11-07,30.066627286924543,29.675477130519912,200,-80.01055990875739,-0.013009445744343116
000033.SZ,2025-11-06,2025-11-07,19.540920030141834,19.530213750006546,300,-4.969603278086652,-0.0005478902794123186
000034.SZ,2025-11-06,2025-11-07,29.68003204133748,31.087704469050706,200,279.66922327450175,0.04742826509596289
000035.SZ,2025-11-06,2025-11-07,28.356527645526757,28.829180428976688,200,92.8008058642472,0.01666821796231076
000036.SZ,2025-11-06,2025-11-07,39.45326220134182,40.884164755289106,100,141.86373045206983,0.03626829504351147
000037.SZ,2025-11-06,2025-11-07,25.2953638277158,23.43554176275314,200,-373.37054549829736,-0.07352422671718513
000038.SZ,2025-11-06,2025-11-07,13.952460345407857,13.633995270943258,500,-161.27763652294107,-0.022825011974996604
000039.SZ,2025-11-06,2025-11-07,16.59403143414366,18.268534880710963,400,667.6091544412366,0.10090998400315596
000040.SZ,2025-11-06,2025-11-07,18.60358771803415,18.51085205623957,300,-29.48667522343476,-0.004984826754931818
000041.SZ,2025-11-06,2025-11-07,17.655918736297714,16.99610558631126,400,-265.9647926649395,-0.03737064945988825
000042.SZ,2025-11-06,2025-11-07,19.086219108627716,20.02371813660555,300,279.4475737610546,0.04911915883612832
000043.SZ,2025-11-06,2025-11-07,36.15392507976999,34.5979886167432,100,-156.63158596118137,-0.04303644651566248
000044.SZ,2025-11-06,2025-11-07,16.66678123272059,16.784275201369404,400,44.98347443536022,0.00704958966030859
000045.SZ,2025-11-06,2025-11-07,29.375137465653513,28.698309782299372,200,-137.08743525776572,-0.023040834588281073
000046.SZ,2025-11-06,2025-11-07,38.41011731937195,37.94993742720359,100,-47.15648733965236,-0.011980694782628873
000047.SZ,2025-11-06,2025-11-07,14.488674641082385,13.886156608959496,400,-242.67355164223045,-0.041585448431180845
000048.SZ,2025-11-06,2025-11-07,15.125005830444328,14.683040248865208,400,-178.54819746151315,-0.029220853633623818
000049.SZ,2025-11-06,2025-11-07,44.31675002379395,43.179292294161,100,-115.04115173211903,-0.02566654208673336
000050.SZ,2025-11-06,2025-11-07,45.573677889162234,45.330713841056316,100,-25.65632622582416,-0.005331236348684002
600001.SH,2025-11-06,2025-11-07,11.699397321217244,11.640692060058807,500,-31.098734388227058,-0.0050178021607978854
600002.SH,2025-11-06,2025-11-07,40.7888332397788,42.89766420059073,100,209.59616615517552,0.05170118371405921
600003.SH,2025-11-06,2025-11-07,36.24096215994614,37.93365499210771,100,168.1312735663937,0.04670661956189313
600004.SH,2025-11-06,2025-11-07,12.170539487859493,13.402230055505182,500,613.8349493145188,0.10120262695621178
600005.SH,2025-11-06,2025-11-07,45.84070201939316,44.599597785209845,100,-125.44841135188835,-0.027074285067847828
600006.SH,2025-11-06,2025-11-07,12.309171327695749,12.448524580067607,500,67.80934749891912,0.011321091295423946
600007.SH,2025-11-06,2025-11-07,48.471108463622656,53.29069545427889,100,480.35997820199555,0.09943215955693094
600008.SH,2025-11-06,2025-11-07,24.928523382149226,24.87689913549318,200,-11.817463279338881,-0.0020708906767022564
600009.SH,2025-11-06,2025-11-07,42.01879264603308,40.163947973922596,100,-186.6893856502661,-0.04414321676816656
600010.SH,2025-11-06,2025-11-07,16.471744326678227,16.3580006842951,300,-35.595312776525134,-0.006905379304540578
600011.SH,2025-11-06,2025-11-07,54.06423724310409,52.996250709332216,100,-108.388540898467,-0.019754029432979645
600012.SH,2025-11-06,2025-11-07,40.003693003468776,39.76870586368563,100,-24.69177515422507,-0.005874136164447805
600013.SH,2025-11-06,2025-11-07,23.707766525931447,23.706139025678105,200,-1.7478683922090568,-6.864840058053358e-05
600014.SH,2025-11-06,2025-11-07,10.726301793015477,10.366573167541134,500,-181.4192987123024,-0.03353705987543474
600015.SH,2025-11-06,2025-11-07,29.03425940652521,30.493245316309444,200,289.96758723786934,0.050250495091200456
600016.SH,2025-11-06,2025-11-07,23.16562816136942,22.86214309605541,200,-62.068741648565265,-0.013100662032558073
600017.SH,2025-11-06,2025-11-07,17.35603148464557,16.72215147795883,300,-191.66899563903826,-0.036522174279732006
600018.SH,2025-11-06,2025-11-07,47.10318108225381,47.014508697589754,100,-10.277673727333422,-0.0018825137204473276
600019.SH,2025-11-06,2025-11-07,37.90267980927551,39.62648324473828,100,171.19154904893503,0.045479724498026716
600020.SH,2025-11-06,2025-11-07,25.875176848651673,28.31868312620093,200,487.00213452227945,0.09443437978575926
600021.SH,2025-11-06,2025-11-07,18.13104352176177,18.76155978201303,300,187.46633769499658,0.034775508618380524
600022.SH,2025-11-06,2025-11-07,21.74567854791029,21.76187643957815,200,1.93386574719716,0.0007448786494369645
600023.SH,2025-11-06,2025-11-07,15.409610619497549,16.050545348519556,300,190.83586962523532,0.04159318134950417
600024.SH,2025-11-06,2025-11-07,27.73112715826288,28.040102580933123,200,60.1126783791924,0.011141827048965817
600025.SH,2025-11-06,2025-11-07,39.61146532565495,39.81245214143788,100,18.904308014050002,0.005073955586610451
600026.SH,2025-11-06,2025-11-07,24.825624175585098,23.872175396723147,200,-192.12208629619363,-0.03840583310689225
600027.SH,2025-11-06,2025-11-07,41.21666847472274,40.85196235066178,100,-37.69617127661559,-0.008848510506971831
600028.SH,2025-11-06,2025-11-07,46.24802516014977,52.03618290448138,100,577.2546889460255,0.12515470064479747
600029.SH,2025-11-06,2025-11-07,20.516957509317727,20.98859836346679,200,93.06885492800484,0.02298785548173344
600030.SH,2025-11-06,2025-11-07,17.658374785011567,16.97030002617806,300,-207.94975465240896,-0.03896591658126694
600031.SH,2025-11-06,2025-11-07,24.107241097836738,24.25067729435379,200,27.23219866574982,0.005949921682656677
600032.SH,2025-11-06,2025-11-07,48.35604377042434,47.871123688219235,100,-49.92814193115737,-0.010028117364342688
600033.SH,2025-11-06,2025-11-07,36.898487416101084,36.17922890563681,100,-73.01122791359649,-0.019492899596486302
600034.SH,2025-11-06,2025-11-07,25.636453486555126,25.505206203806825,200,-27.779768921889627,-0.00511955691598033
600035.SH,2025-11-06,2025-11-07,43.74155043844465,41.912277672900686,100,-184.18464488458358,-0.041820025746874434
600036.SH,2025-11-06,2025-11-07,18.661283488056085,18.703898789653334,200,7.400826392070485,0.0022836211466656896
600037.SH,2025-11-06,2025-11-07,51.215322394149325,50.93684471996016,100,-29.37587276051545,-0.005437389850756349
600038.SH,2025-11-06,2025-11-07,20.096750554789615,20.969444508183887,200,173.2806240083637,0.04342462981839045
600039.SH,2025-11-06,2025-11-07,39.476237972591626,40.2877986632574,100,79.94743510667968,0.020558207477349762
600040.SH,2025-11-06,2025-11-07,23.06929598235329,23.03808466533005,200,-7.624548484566731,-0.0013529375602581695
600041.SH,2025-11-06,2025-11-07,47.937144208918745,47.74870041561386,100,-20.276840342957257,-0.003931060066565756
600042.SH,2025-11-06,2025-11-07,26.275271866069623,25.6366617554225,100,-64.63011091737508,-0.024304605254029207
600043.SH,2025-11-06,2025-11-07,10.796513314575913,11.594882356699356,400,317.95623096657346,0.07394693257550097
600044.SH,2025-11-06,2025-11-07,29.673007704032916,28.63468469293854,100,-104.6913416502257,-0.03499217273324324
600045.SH,2025-11-06,2025-11-07,37.08726229864809,37.146408334050314,100,4.800211290200878,0.0015947803028960091
600046.SH,2025-11-06,2025-11-07,55.79811366631875,54.77082532710295,100,-104.37195868139315,-0.0184108076728031
600047.SH,2025-11-06,2025-11-07,13.888345382927168,14.055480036746902,300,48.87540294261271,0.012034166001170351
600048.SH,2025-11-06,2025-11-07,38.15346395621554,36.515869430529484,100,-164.85492865152128,-0.042921254216008765
600049.SH,2025-11-06,2025-11-07,15.100691496272434,15.350781265349196,300,73.64536040914663,0.016561477938841163
600050.SH,2025-11-06,2025-11-07,26.067428106549453,25.564367732404587,100,-51.07296844645862,-0.019298427604312513
000001.SZ,2025-11-07,2025-11-10,25.70855841056538,26.23971491281413,300,156.9853763324718,0.020660687922138044
000002.SZ,2025-11-07,2025-11-10,12.748025281788744,12.74139764730484,700,-7.315037644668337,-0.0005198949905889752
000003.SZ,2025-11-07,2025-11-10,26.429690098123658,27.007232138721243,300,170.83196128679083,0.02185201712367361
000004.SZ,2025-11-07,2025-11-10,26.740650691578963,27.389550255263853,300,192.2048095824921,0.02426640889068707
000005.SZ,2025-11-07,2025-11-10,54.86127255421031,57.17142426409194,100,229.30002826023974,0.04210897054199554
000006.SZ,2025-11-07,2025-11-10,47.05964306645102,47.205311310931464,200,26.301330217433133,0.003095396288381425
000007.SZ,2025-11-07,2025-11-10,24.47614741722862,24.389930339904158,300,-28.060216927930014,-0.003522493791803816
000008.SZ,2025-11-07,2025-11-10,34.06727013606031,33.501998507116596,200,-115.06444569917039,-0.016592806722877704
000009.SZ,2025-11-07,2025-11-10,37.144789580428544,37.812968083413054,200,131.36692251189743,0.01798848534429634
000010.SZ,2025-11-07,2025-11-10,48.56067692434172,46.97336133715462,100,-160.14075955882527,-0.03268726236374672
000011.SZ,2025-11-07,2025-11-10,16.98045586186232,16.41707488676596,500,-284.15304878119423,-0.033178200849230496
000012.SZ,2025-11-07,2025-11-10,36.78919670267142,37.35549584989739,200,111.01849969419982,0.015393082697694448
000013.SZ,2025-11-07,2025-11-10,14.576864738671992,14.419888081049821,600,-96.78157442789234,-0.010768890322876897
000014.SZ,2025-11-07,2025-11-10,45.36165044943229,45.483940723212484,200,21.729018312646076,0.002695895598342917
000015.SZ,2025-11-07,2025-11-10,41.42886080989069,42.10919360911967,200,133.540008229249,0.016421711481541774
000016.SZ,2025-11-07,2025-11-10,35.47351717274091,34.862412262579944,200,-124.31272676794833,-0.017227074134914436
000017.SZ,2025-11-07,2025-11-10,42.14911753243123,40.90803808650812,200,-250.67037146981147,-0.029444968686904754
000018.SZ,2025-11-07,2025-11-10,44.40083353967662,44.14587748712659,100,-26.81998157961607,-0.005742145636121884
000019.SZ,2025-11-07,2025-11-10,15.031357275055552,14.621296226823434,500,-207.2237185500826,-0.027280374002726388
000020.SZ,2025-11-07,2025-11-10,17.386970870955643,17.430429404793973,500,19.1147025084465,0.002499488505552474
000021.SZ,2025-11-07,2025-11-10,38.5732852955023,43.17136663038875,200,917.0259849794675,0.11920377794272541
000022.SZ,2025-11-07,2025-11-10,18.471553427968193,18.46840209025954,400,-3.4767433342913137,-0.00017060490991946886
000023.SZ,2025-11-07,2025-11-10,19.657242278856884,19.80881246095699,400,58.25101534472742,0.007710653404477414
000024.SZ,2025-11-07,2025-11-10,24.936384967820796,24.708104811370582,300,-70.70777636808725,-0.009154500812559595
000025.SZ,2025-11-07,2025-11-10,21.953142936648234,21.198900309976743,300,-228.18068902934556,-0.034356931435651994
000026.SZ,2025-11-07,2025-11-10,26.39426553446075,27.21821946764254,300,244.73654020244976,0.031217157079291492
000027.SZ,2025-11-07,2025-11-10,31.436239767852765,31.54507223075898,200,19.873788247396988,0.0034620063884837847
000028.SZ,2025-11-07,2025-11-10,10.972039766721288,10.714427270956811,700,-182.57877676203498,-0.023478997637779928
000029.SZ,2025-11-07,2025-11-10,19.540058918384975,22.149026272179892,400,1040.9290583653037,0.13351890926696106
000030.SZ,2025-11-07,2025-11-10,44.328800024548045,43.90971526692501,100,-43.225767220311354,-0.009454006365860461
000031.SZ,2025-11-07,2025-11-10,44.54206410342405,44.67025254813008,100,11.478736894158828,0.002877918823168598
000032.SZ,2025-11-07,2025-11-10,30.261131264107874,28.706634524692493,200,-312.6217459545578,-0.051369419267518875
000033.SZ,2025-11-07,2025-11-10,19.95057961411566,20.411469682628255,300,136.42998828234158,0.0231015878950454
000034.SZ,2025-11-07,2025-11-10,28.396276376037246,31.533516153235176,200,625.5559444703922,0.11048067484810618
000035.SZ,2025-11-07,2025-11-10,28.27550295764664,28.5367891708998,200,50.545035300378004,0.009240727340713864
000036.SZ,2025-11-07,2025-11-10,41.02570469859821,41.61868675317113,100,58.04964485469736,0.014453915147329152
000037.SZ,2025-11-07,2025-11-10,23.748179127363155,24.52164415779228,300,229.83256115453605,0.032569445694382644
000038.SZ,2025-11-07,2025-11-10,13.913656214191489,14.929224821682865,500,505.5449200224357,0.07299077912069787
000039.SZ,2025-11-07,2025-11-10,18.170464420387304,18.15104775819957,400,-9.944790606077731,-0.0010685837047702585
000040.SZ,2025-11-07,2025-11-10,19.241575565230026,18.34418821738593,300,-270.86718129279325,-0.04663793486151388
000041.SZ,2025-11-07,2025-11-10,17.2944823832659,17.517225995127255,400,86.99537762512591,0.012879461028384413
000042.SZ,2025-11-07,2025-11-10,19.71748256954032,20.21856215395292,300,148.50420472992482,0.025412959420421724
000043.SZ,2025-11-07,2025-11-10,35.88492144275709,33.68861688869179,200,-441.28222782638113,-0.061204106509437424
000044.SZ,2025-11-07,2025-11-10,16.867622780747293,16.755223547683784,400,-46.97032005112578,-0.006663608412668692
000045.SZ,2025-11-07,2025-11-10,28.996709603435473,28.577988474170787,200,-85.45890516138752,-0.014440298054199795
000046.SZ,2025-11-07,2025-11-10,38.16999251831455,37.157157982316235,100,-102.39816833930126,-0.026534837163312047
000047.SZ,2025-11-07,2025-11-10,14.347320597258383,13.73198876599894,400,-247.78057115569754,-0.04288827499798298
000048.SZ,2025-11-07,2025-11-10,15.280991839464022,14.461195112404473,400,-329.6540342373082,-0.05364813591107205
000049.SZ,2025-11-07,2025-11-10,43.82147738508088,43.32056122172444,100,-51.39123317229587,-0.01143083696048507
000050.SZ,2025-11-07,2025-11-10,45.70258275218027,43.590308210479606,100,-212.53516341638078,-0.04621783747221368
600001.SH,2025-11-07,2025-11-10,11.45836678237319,11.785348876435052,500,161.72324469946489,0.02853653581458656
600002.SH,2025-11-07,2025-11-10,41.90560067837637,43.997171056801164,100,207.83712271077457,0.04991147590217119
600003.SH,2025-11-07,2025-11-10,37.831868477444516,37.822701900534106,100,-2.051338748056878,-0.00024229775793058747
600004.SH,2025-11-07,2025-11-10,12.241927643459078,13.111684503454514,500,432.91167732219856,0.07104737793971122
600005.SH,2025-11-07,2025-11-10,46.69328269160968,44.669974284587134,100,-203.67093993079288,-0.043331894662144106
600006.SH,2025-11-07,2025-11-10,12.405730064630086,12.171665075627155,500,-118.85824426280942,-0.01886749008591382
600007.SH,2025-11-07,2025-11-10,48.6770362185299,53.6592209951864,100,496.6087010357951,0.10235185137997234
600008.SH,2025-11-07,2025-11-10,25.29826277816261,25.021266777051604,200,-56.90047622882321,-0.01094921036831459
600009.SH,2025-11-07,2025-11-10,41.47483900524812,40.50266110580195,100,-98.43286977779144,-0.023440185007665877
600010.SH,2025-11-07,2025-11-10,16.34112161255502,16.279249160223817,300,-20.02686812378215,-0.0037863038901606067
600011.SH,2025-11-07,2025-11-10,52.35350575363974,52.76833239761961,100,39.89961442605818,0.007923569549132477
600012.SH,2025-11-07,2025-11-10,39.28263537688016,40.13393364636719,100,83.92580893931245,0.021671108909054108
600013.SH,2025-11-07,2025-11-10,23.395632388139035,23.45918518752583,200,11.303008766107268,0.0027164386212109475
600014.SH,2025-11-07,2025-11-10,10.552703908171782,10.118469320453906,500,-218.63506425700598,-0.04114913026050266
600015.SH,2025-11-07,2025-11-10,29.511957642400063,29.962830027638297,200,88.37670724598865,0.015277616981615028
600016.SH,2025-11-07,2025-11-10,23.097673700270956,22.452959761441214,200,-130.28996535163424,-0.027912505267670275
600017.SH,2025-11-07,2025-11-10,16.82037021362884,16.285675051821304,300,-161.87425929692472,-0.03178854894491539
600018.SH,2025-11-07,2025-11-10,46.92110439496041,51.48088702386078,100,454.43383627932053,0.09717978056352225
600019.SH,2025-11-07,2025-11-10,38.55021934553477,39.21600041474772,100,65.40162690885245,0.01727048718569909
600020.SH,2025-11-07,2025-11-10,25.86698395365888,28.082561825104513,200,441.43062057962015,0.08565273305209743
600021.SH,2025-11-07,2025-11-10,18.63470250000927,18.983318594713264,300,102.8763297376745,0.01870789698433995
600022.SH,2025-11-07,2025-11-10,21.8232582015455,22.100753110392994,200,54.17293658287508,0.012715558157481826
600023.SH,2025-11-07,2025-11-10,15.669516810092787,16.138440697123894,300,139.22470644659006,0.02992586770314903
600024.SH,2025-11-07,2025-11-10,28.093395315042176,28.184228583433924,200,16.475599963343484,0.003233260607097662
600025.SH,2025-11-07,2025-11-10,40.23750391893816,43.594635094874484,100,334.4052785407862,0.08343288844903371
600026.SH,2025-11-07,2025-11-10,24.00880873961625,23.954822929190666,200,-12.234451460868513,-0.0022485834683044076
600027.SH,2025-11-07,2025-11-10,40.67998077840315,39.899705338777075,100,-79.2245351227707,-0.01918082124660981
600028.SH,2025-11-07,2025-11-10,47.53113349944294,50.725501143373464,100,317.91499935875163,0.06720579562799536
600029.SH,2025-11-07,2025-11-10,20.80208779675489,21.24553011104787,200,87.4137310519327,0.02131720232245904
600030.SH,2025-11-07,2025-11-10,17.532134459019378,18.582478528664975,300,313.4307978260995,0.059909651736970854
600031.SH,2025-11-07,2025-11-10,24.14506735094158,23.787195986435275,200,-73.0015046604467,-0.014821717384538568
600032.SH,2025-11-07,2025-11-10,48.69548682425574,52.41888043860007,100,370.76679502127536,0.07646280707249588
600033.SH,2025-11-07,2025-11-10,36.625782946098134,36.54431472751717,100,-9.243151299922374,-0.00222434067009194
600034.SH,2025-11-07,2025-11-10,25.506255750078385,25.670791420200597,200,31.366886539231018,0.006450796688248022
600035.SH,2025-11-07,2025-11-10,42.82405364740686,42.41029151816432,100,-42.648521669799266,-0.009661909464462779
600036.SH,2025-11-07,2025-11-10,18.317528890578014,18.729909876167277,200,81.35240252528229,0.022512915800633936
600037.SH,2025-11-07,2025-11-10,50.1023228436906,51.53922316876888,100,142.14385581276474,0.028679315519185077
600038.SH,2025-11-07,2025-11-10,20.087347971828986,21.324761612292235,200,246.20324239591264,0.061601643093883246
600039.SH,2025-11-07,2025-11-10,40.09208604176944,40.065564891137214,100,-3.854082009956528,-0.0006615058793547595
600040.SH,2025-11-07,2025-11-10,23.450006596010983,22.80865822111911,200,-129.63819447164224,-0.027349603176698933
600041.SH,2025-11-07,2025-11-10,47.88882175356314,52.284826955097174,100,438.0319753447502,0.09179606097130483
600042.SH,2025-11-07,2025-11-10,25.530999812395457,25.430005451991118,100,-10.862336203993436,-0.0039557542260959914
600043.SH,2025-11-07,2025-11-10,10.591051657617841,11.018878420920174,400,169.80843991042275,0.04039511628617252
600044.SH,2025-11-07,2025-11-10,29.0756905569629,28.390550810247966,100,-69.36569119580099,-0.02356400599919237
600045.SH,2025-11-07,2025-11-10,36.66576702053716,38.078617696200645,100,140.1427090354623,0.03853323659838131
600046.SH,2025-11-07,2025-11-10,54.94930182141881,54.86294765869503,100,-10.281304702138186,-0.0015715242935101172
600047.SH,2025-11-07,2025-11-10,14.048454442406197,14.155550813654893,300,30.854911801379785,0.007623356127021244
600048.SH,2025-11-07,2025-11-10,37.727089246432975,36.80079002982756,100,-93.73394536143633,-0.024552628763773357
600049.SH,2025-11-07,2025-11-10,15.113003838110226,15.994441669105148,300,262.99184954825705,0.05832313949211173
600050.SH,2025-11-07,2025-11-10,25.83946271446209,25.694776184845143,100,-15.239496247240368,-0.005599440329537816
000001.SZ,2025-11-10,2025-11-11,25.808192333755304,26.913378646354342,300,329.1336897015399,0.04282308107079363
000002.SZ,2025-11-10,2025-11-11,12.64495490703979,12.659448221331536,800,8.556383860277492,0.0011461736635911175
000003.SZ,2025-11-10,2025-11-11,27.571907061592942,27.080504060783927,300,-149.85814560817562,-0.017822597461657944
000004.SZ,2025-11-10,2025-11-11,27.030279291936342,26.796198189567846,300,-72.6359885476104,-0.008659958701881656
000005.SZ,2025-11-10,2025-11-11,56.91393062999433,55.095912221919896,100,-183.4547181741009,-0.031943293811380495
000006.SZ,2025-11-10,2025-11-11,47.90440687837114,46.880418673564215,200,-207.61046608179822,-0.021375657721988357
000007.SZ,2025-11-10,2025-11-11,24.137333199915506,24.03792230976096,400,-42.64890673899026,-0.004118553169531424
000008.SZ,2025-11-10,2025-11-11,33.160215520437696,32.590028272419694,200,-115.99285129994496,-0.01719491984805035
000009.SZ,2025-11-10,2025-11-11,37.48351024638973,37.914584509440054,200,83.93997753949861,0.011500370702123517
000010.SZ,2025-11-10,2025-11-11,47.09206694182063,47.81817104470086,200,142.35173031336308,0.015418819984633195
000011.SZ,2025-11-10,2025-11-11,16.60863031135574,16.216256399696512,500,-198.61939428956794,-0.02362470018921135
000012.SZ,2025-11-10,2025-11-11,38.430886780444695,37.320716032479034,200,-224.27339255508014,-0.0288874611275055
000013.SZ,2025-11-10,2025-11-11,14.341531031659345,14.608877347693971,600,157.7781916981894,0.018641406935176665
000014.SZ,2025-11-10,2025-11-11,45.46172238379404,45.44807530845503,200,-5.456299586310706,-0.00030018826000031604
000015.SZ,2025-11-10,2025-11-11,42.56334532099743,42.878978883665575,200,60.55397380060822,0.007415619244393317
000016.SZ,2025-11-10,2025-11-11,35.02108679226388,33.98832721437353,200,-208.59121521093402,-0.029489649593583953
000017.SZ,2025-11-10,2025-11-11,41.80139385597108,41.23241288645336,200,-116.27013867673122,-0.013611531028801853
000018.SZ,2025-11-10,2025-11-11,45.02523644541372,43.27426980016023,100,-176.3948926193534,-0.03888856080470041
000019.SZ,2025-11-10,2025-11-11,14.601099776223421,14.534967106237243,600,-42.29589607082926,-0.0045292937518219886
000020.SZ,2025-11-10,2025-11-11,17.422652878912064,17.350392114958268,400,-30.98635263531378,-0.004147517858273972
000021.SZ,2025-11-10,2025-11-11,42.237747398575024,42.31968612439411,200,13.848563996354642,0.0019399407133594004
000022.SZ,2025-11-10,2025-11-11,18.497398585275942,18.660356808734562,400,62.944046566400175,0.008809791425932514
000023.SZ,2025-11-10,2025-11-11,19.758450363433738,19.585961655174643,400,-71.34579870225934,-0.008729870262412585
000024.SZ,2025-11-10,2025-11-11,24.85652700876428,24.909104690089983,300,13.531484975602325,0.0021152464826305964
000025.SZ,2025-11-10,2025-11-11,21.555155800347595,21.583611034438793,300,6.594045234260193,0.0013201126614328785
000026.SZ,2025-11-10,2025-11-11,26.63808737744928,27.39154819123994,300,223.57300479998685,0.02828509431305903
000027.SZ,2025-11-10,2025-11-11,31.39895092903449,32.40429592787999,200,199.12474201342775,0.03201842638366184
000028.SZ,2025-11-10,2025-11-11,10.742185072331115,10.747362882732572,700,1.3675210756473462,0.0004820071863027483
000029.SZ,2025-11-10,2025-11-11,21.396364515631547,21.891621645135128,300,146.60689290301252,0.023146788751975206
000030.SZ,2025-11-10,2025-11-11,44.10240832230955,44.69854881602086,100,58.27309290665016,0.01351718684736198
000031.SZ,2025-11-10,2025-11-11,45.674986810043045,44.997005285638195,100,-69.14806259905436,-0.014843606353396347
000032.SZ,2025-11-10,2025-11-11,29.681412819514915,28.963233781657106,200,-145.3736015984614,-0.024196255152167848
000033.SZ,2025-11-10,2025-11-11,19.534120183399885,20.292842343375487,400,301.05372290903597,0.038840866793702036
000034.SZ,2025-11-10,2025-11-11,31.093922631760783,31.060950289621502,200,-8.458125445234145,-0.0010604111462476549
000035.SZ,2025-11-10,2025-11-11,28.834946841703758,28.303609990517863,200,-107.96558683661078,-0.018426836508587778
000036.SZ,2025-11-10,2025-11-11,40.89234240600524,41.598089399035224,100,69.32675662102747,0.017258658993482865
000037.SZ,2025-11-10,2025-11-11,23.4402293398634,24.967631153725918,300,455.97345735492036,0.06516155587543493
000038.SZ,2025-11-10,2025-11-11,13.636722342704621,14.762866648198267,500,560.8577227495934,0.08258174341256655
000039.SZ,2025-11-10,2025-11-11,18.27218895309434,18.507586093172065,400,91.9379456999095,0.012882810082689211
000040.SZ,2025-11-10,2025-11-11,18.514554596904887,20.086886098037592,300,469.8916305909879,0.08492407921039348
000041.SZ,2025-11-10,2025-11-11,16.99950514738463,17.49072231509033,400,194.3879804044691,0.028895968644197415
000042.SZ,2025-11-10,2025-11-11,20.027723280747285,20.44730110572125,300,124.03309039267515,0.020949851318212906
000043.SZ,2025-11-10,2025-11-11,34.60490890649553,33.3111815988045,200,-260.7441324341344,-0.03738565852569515
000044.SZ,2025-11-10,2025-11-11,16.787632392128756,16.825208669671422,400,13.011485976705444,0.002238330972763273
000045.SZ,2025-11-10,2025-11-11,28.70405001827943,28.91874824032194,200,41.204519514082676,0.007479718782045944
000046.SZ,2025-11-10,2025-11-11,37.957528173763684,38.31097297646086,100,34.195151080423784,0.009311586388849147
000047.SZ,2025-11-10,2025-11-11,13.888934118032196,14.095302806459138,500,101.07004879250144,0.014858497180068715
000048.SZ,2025-11-10,2025-11-11,14.685977150605154,14.354027325606664,400,-134.50241327846834,-0.02260318272283382
000049.SZ,2025-11-10,2025-11-11,43.187929016292046,43.583868519162046,100,38.28643423142512,0.009167827953052286
000050.SZ,2025-11-10,2025-11-11,45.339780890529475,43.9136674633622,100,-143.92875274062862,-0.03145391087377659
600001.SH,2025-11-10,2025-11-11,11.643020431307942,11.680422639286174,500,16.94904059322289,0.003212414527561769
600002.SH,2025-11-10,2025-11-11,42.906244591469935,43.38217752288416,100,46.291827815736724,0.011092393099088578
600003.SH,2025-11-10,2025-11-11,37.941242481855106,38.43086109901148,100,47.808935882667356,0.012904654279324872
600004.SH,2025-11-10,2025-11-11,13.40491076958769,13.345499789284819,400,-25.365852095862465,-0.004432031016398842
600005.SH,2025-11-10,2025-11-11,44.60851859684805,43.79040872625792,100,-83.12469932080148,-0.018339767746690737
600006.SH,2025-11-10,2025-11-11,12.451014533979011,11.965522781278901,500,-244.5407047672461,-0.03899214408393753
600007.SH,2025-11-10,2025-11-11,53.30135465929024,52.302642741864254,100,-101.44027102485416,-0.018737083209421093
600008.SH,2025-11-10,2025-11-11,24.881875012908022,24.90837147721475,200,3.804790572712591,0.0010648901778094457
600009.SH,2025-11-10,2025-11-11,40.171981566876674,39.01524414751618,100,-116.8441992604753,-0.02879463183649049
600010.SH,2025-11-10,2025-11-11,16.361272611624692,17.825777830445077,300,437.74724564137614,0.08951047107300523
600011.SH,2025-11-10,2025-11-11,53.00685101950509,52.41588844792951,100,-60.668733810995946,-0.011148796055780083
600012.SH,2025-11-10,2025-11-11,39.77666040031203,41.791481794633064,100,200.22839497826408,0.050653357371983565
600013.SH,2025-11-10,2025-11-11,23.71088072765344,24.103667259371637,200,77.11108630807757,0.01656566604293614
600014.SH,2025-11-10,2025-11-11,10.368646689526841,10.005639490079728,500,-183.00444564706868,-0.03501008476002745
600015.SH,2025-11-10,2025-11-11,30.499344575298604,30.994599061572337,100,48.59561065552634,0.016238200957106454
600016.SH,2025-11-10,2025-11-11,22.866715981963207,22.860273361966925,200,-2.660140400974342,-0.0002817466225304723
600017.SH,2025-11-10,2025-11-11,16.725496242730895,15.823578876448176,300,-271.9993319836958,-0.0539246999427418
600018.SH,2025-11-10,2025-11-11,47.023912539713486,49.978276315815584,100,293.93702932073575,0.06282683886856556
600019.SH,2025-11-10,2025-11-11,39.63440933399616,39.40657834748751,100,-23.965296001289516,-0.00574831290126555
600020.SH,2025-11-10,2025-11-11,28.324347429256477,27.573769599913668,200,-151.7699920445566,-0.02649938648074662
600021.SH,2025-11-10,2025-11-11,18.765312469238154,18.73531016767737,300,-10.686868383327237,-0.0015988170519391795
600022.SH,2025-11-10,2025-11-11,21.766229250147124,22.353858737145544,200,116.18466587545481,0.026997303035134028
600023.SH,2025-11-10,2025-11-11,16.053755778632272,16.450546120134828,300,117.55655329995443,0.024716355909106806
600024.SH,2025-11-10,2025-11-11,28.045711162307448,28.863058238466905,200,161.7376317375838,0.029143389213033968
600025.SH,2025-11-10,2025-11-11,39.82041542819484,43.303069279288906,100,346.96629303102736,0.0874590034695663
600026.SH,2025-11-10,2025-11-11,23.87695030929375,24.802562582626067,200,183.6343009115053,0.03876593372864855
600027.SH,2025-11-10,2025-11-11,40.860133560252876,43.6901773459609,100,281.6936732504241,0.0692617360522036
600028.SH,2025-11-10,2025-11-11,52.04659118189001,53.16066842910137,100,109.8129046682634,0.021405383559471493
600029.SH,2025-11-10,2025-11-11,20.99279650295343,21.77407781950754,200,154.9498186416513,0.037216638404711545
600030.SH,2025-11-10,2025-11-11,16.973694425623236,19.108764070973223,300,638.8011048386079,0.12578697317225868
600031.SH,2025-11-10,2025-11-11,24.25552791487471,24.232206693591294,200,-6.11817665829949,-0.0009614806721692591
600032.SH,2025-11-10,2025-11-11,47.88069887047511,51.34043287877908,100,344.43318784403436,0.07225738324461606
600033.SH,2025-11-10,2025-11-11,36.186465475074876,37.205295961814635,100,100.76688979512164,0.028155015234674587
600034.SH,2025-11-10,2025-11-11,25.510307755202728,25.53883235378062,200,4.1725897743517635,0.001118159720047856
600035.SH,2025-11-10,2025-11-11,41.92066096676466,46.43926921238994,100,450.4676464861568,0.10778952767962563
600036.SH,2025-11-10,2025-11-11,18.707639943526654,19.238743049308024,200,105.06629657331541,0.028389636928261776
600037.SH,2025-11-10,2025-11-11,50.94703310774294,53.37436091648713,100,241.13155004692453,0.047644144529689646
600038.SH,2025-11-10,2025-11-11,20.97363881651636,21.064894225874138,200,16.98718821800321,0.004350957416407697
600039.SH,2025-11-10,2025-11-11,40.29585702882661,40.17247794869164,100,-13.54308235195731,-0.0030618304022347713
600040.SH,2025-11-10,2025-11-11,23.04269274307089,22.945906444233085,200,-20.73401415421631,-0.00420030332031877
600041.SH,2025-11-10,2025-11-11,47.7582511107665,51.927577152964965,100,415.374776905257,0.08730064324442025
600042.SH,2025-11-10,2025-11-11,25.6417896005581,24.5310639601323,100,-111.80849596138387,-0.04331700937135928
600043.SH,2025-11-10,2025-11-11,11.597201565091536,10.79526101488233,400,-322.0716514054684,-0.06914948797847134
600044.SH,2025-11-10,2025-11-11,28.640412202628095,28.252079741847993,100,-39.680808470265674,-0.013558899153849054
600045.SH,2025-11-10,2025-11-11,37.15383835871959,38.48447518246187,100,131.90914811875427,0.03581424914688514
600046.SH,2025-11-10,2025-11-11,54.78178058769442,55.75055706642331,100,95.2051311608966,0.017684282408054964
600047.SH,2025-11-10,2025-11-11,14.058291413891967,14.250320389355906,300,56.32616380413947,0.013659481782699597
600048.SH,2025-11-10,2025-11-11,36.52317333480601,37.54587722215712,100,101.14401241844553,0.02800150682351814
600049.SH,2025-11-10,2025-11-11,15.353851728648594,16.025629760869077,200,133.3940686584442,0.04375306236460642
600050.SH,2025-11-10,2025-11-11,25.56948111728956,25.934688067916085,100,35.742654420615054,0.014282923808711167
000001.SZ,2025-11-11,2025-11-12,26.244963380643476,26.681639964619283,300,128.6016275959264,0.01663849088461179
000002.SZ,2025-11-11,2025-11-12,12.74394618168774,12.344398557728736,800,-322.6007548210582,-0.03135195474484417
000003.SZ,2025-11-11,2025-11-12,27.012634125347645,29.653151946558403,300,789.4865626880373,0.09775121555927765
000004.SZ,2025-11-11,2025-11-12,27.395028713160695,26.80853928591694,300,-178.3595967088586,-0.021408607867675025
000005.SZ,2025-11-11,2025-11-12,57.1828596924876,60.33002388300228,100,312.9065183349785,0.055036845086782984
000006.SZ,2025-11-11,2025-11-12,47.2147533173943,47.635181236384604,200,81.22747292387794,0.008904587855495945
000007.SZ,2025-11-11,2025-11-12,24.394808813819527,23.984502251434215,400,-167.00076522429663,-0.016819421111957045
000008.SZ,2025-11-11,2025-11-12,33.508699576925,34.1667120912957,200,129.55250014866306,0.019637065080968675
000009.SZ,2025-11-11,2025-11-12,37.820531433364735,38.05042794101037,200,43.696275852666076,0.006078616532681046
000010.SZ,2025-11-11,2025-11-12,46.98275694898323,48.09197289106574,200,218.95767004303707,0.023609000708216463
000011.SZ,2025-11-11,2025-11-12,16.420358630117647,16.475066216720943,500,24.88253336914022,0.0033316925552986086
000012.SZ,2025-11-11,2025-11-12,37.36296769625201,38.24410065398268,200,173.93194550689532,0.023583055952460113
000013.SZ,2025-11-11,2025-11-12,14.422772347092634,14.593983167092237,600,100.09957502968427,0.011870867533599788
000014.SZ,2025-11-11,2025-11-12,45.49303842112691,44.93051235399728,200,-115.2010441671664,-0.012365102148648645
000015.SZ,2025-11-11,2025-11-12,42.117616290109595,43.0278664593749,200,179.46836186549808,0.021612100813004843
000016.SZ,2025-11-11,2025-11-12,34.86938544235044,33.49935980075353,200,-276.01508990742695,-0.039290214731830427
000017.SZ,2025-11-11,2025-11-12,40.91622051236801,42.80355986257479,200,374.899656449601,0.0461269229311217
000018.SZ,2025-11-11,2025-11-12,44.15470754562987,45.112629213302206,200,188.8775757816693,0.021694666795888363
000019.SZ,2025-11-11,2025-11-12,14.624220778523968,14.371622928503353,600,-154.1456021394988,-0.01727256814883167
000020.SZ,2025-11-11,2025-11-12,17.433915839318384,17.001157168738718,400,-175.1436070921145,-0.02482280369873495
000021.SZ,2025-11-11,2025-11-12,43.18000176722851,43.190359818023545,100,-0.2599057150373483,0.00023988074041477448
000022.SZ,2025-11-11,2025-11-12,18.472096140082574,17.85703024531222,400,-248.16920153757837,-0.0332970275872332
000023.SZ,2025-11-11,2025-11-12,19.812774619665053,21.446628012416234,400,650.9677617389834,0.08246464334831274
000024.SZ,2025-11-11,2025-11-12,24.713046926544372,27.27546963564853,300,766.2720204640391,0.10368704096749198
000025.SZ,2025-11-11,2025-11-12,21.203140514059143,22.05845655658083,300,254.6095516664127,0.04033912061067333
000026.SZ,2025-11-11,2025-11-12,27.2236636559549,26.54572382188851,300,-205.77106536388692,-0.02490259366388025
000027.SZ,2025-11-11,2025-11-12,31.551381876169675,32.30425342387922,200,148.63605433647535,0.023861761448812358
000028.SZ,2025-11-11,2025-11-12,10.71657037072098,10.751584568861626,700,22.2521059389901,0.003267295126088916
000029.SZ,2025-11-11,2025-11-12,22.153456520459155,21.34540913832481,300,-244.3353014627519,-0.03647500250753629
000030.SZ,2025-11-11,2025-11-12,43.91849808826053,45.566202401985045,100,163.40344530039238,0.03751731924924252
000031.SZ,2025-11-11,2025-11-12,44.679187492134105,44.85285736784813,100,16.0214018503666,0.0038870419419467085
000032.SZ,2025-11-11,2025-11-12,28.712376425787543,28.04006918948855,200,-136.14385141116782,-0.023415241787342028
000033.SZ,2025-11-11,2025-11-12,20.415552384835,20.45237398169321,300,9.205765399110533,0.0018036052203790627
000034.SZ,2025-11-11,2025-11-12,31.53982348719922,29.460496545655563,200,-417.63301810147095,-0.0659270316584865
000035.SZ,2025-11-11,2025-11-12,28.54249709952684,27.960647929670166,200,-118.04747284711448,-0.02038536319467017
000036.SZ,2025-11-11,2025-11-12,41.627011322978746,41.704191918128636,100,6.4669337574450765,0.0018540988818787872
000037.SZ,2025-11-11,2025-11-12,24.52654897710577,24.00814519451017,300,-157.681867846185,-0.021136433954874804
000038.SZ,2025-11-11,2025-11-12,14.93221096526156,15.036555173454095,500,49.91662082024868,0.00698786056768699
000039.SZ,2025-11-11,2025-11-12,18.15467833080847,18.743129603352518,400,233.1313334652168,0.03241320291230099
000040.SZ,2025-11-11,2025-11-12,18.347857421949865,19.671088862533956,400,526.9320455701327,0.07211912596405326
000041.SZ,2025-11-11,2025-11-12,17.520729790705836,17.088411357408976,400,-174.97798268163297,-0.0246746818460833
000042.SZ,2025-11-11,2025-11-12,20.222606270795392,21.280775073362907,300,315.53537101365237,0.052326034953055295
000043.SZ,2025-11-11,2025-11-12,33.69535528590925,33.65599884103671,200,-9.890648904969567,-0.0011680080099644072
000044.SZ,2025-11-11,2025-11-12,16.758574927531306,16.968664859261516,400,81.99973290897287,0.012536264726487552
000045.SZ,2025-11-11,2025-11-12,28.583704643482555,28.99122313293596,200,79.76422450270456,0.014257021423089912
000046.SZ,2025-11-11,2025-11-12,37.16459015713018,38.18743811724028,100,101.13917286749347,0.027522110583906658
000047.SZ,2025-11-11,2025-11-12,13.734735438419383,15.434356573072755,500,847.4954138407256,0.12374618661376756
000048.SZ,2025-11-11,2025-11-12,14.46408764067978,14.322734054409493,400,-58.2601625946445,-0.009772727446198233
000049.SZ,2025-11-11,2025-11-12,43.32922620046666,42.79540825745428,100,-54.66565654896203,-0.01232004330154945
000050.SZ,2025-11-11,2025-11-12,43.599027144015054,43.14534288575428,100,-46.66278611264988,-0.01040583444126345
600001.SH,2025-11-11,2025-11-12,11.787706181940887,11.254245128309602,500,-268.41866358488915,-0.045255713486357776
600002.SH,2025-11-11,2025-11-12,44.00597137104394,43.69279910692597,100,-32.62801038500493,-0.007116585644193774
600003.SH,2025-11-11,2025-11-12,37.83026719744391,39.18839366786591,100,134.63699523216428,0.0359005254531685
600004.SH,2025-11-11,2025-11-12,13.11430710261512,12.957591800834702,500,-80.30128966033408,-0.011949949055956388
600005.SH,2025-11-11,2025-11-12,44.67890917293288,45.16477406835612,100,47.23154632027308,0.010874591712672733
600006.SH,2025-11-11,2025-11-12,12.174099652099928,12.045083284246452,500,-66.31494641937479,-0.01059761062751129
600007.SH,2025-11-11,2025-11-12,53.66995391267719,51.50214289192927,100,-218.32616636154944,-0.040391520072385764
600008.SH,2025-11-11,2025-11-12,25.026271530882394,24.887068537112462,200,-29.333822866213268,-0.005562274572069393
600009.SH,2025-11-11,2025-11-12,40.51076244815734,39.37308385253376,100,-114.94905207793408,-0.028083366662858864
600010.SH,2025-11-11,2025-11-12,16.282505335673402,17.915619486882985,300,488.32183960905604,0.10029870204504626
600011.SH,2025-11-11,2025-11-12,52.77888711957133,52.95662255820139,100,16.184845186259736,0.003367548054345983
600012.SH,2025-11-11,2025-11-12,40.14196123585541,42.6472140546101,100,249.2458654538309,0.06240982606791422
600013.SH,2025-11-11,2025-11-12,23.463877493793962,23.89748539452002,200,85.28773102154082,0.01847980585650201
600014.SH,2025-11-11,2025-11-12,10.12049321670762,10.27098004935378,600,88.44332317881162,0.014869515687014622
600015.SH,2025-11-11,2025-11-12,29.968823192960357,29.522306282141596,200,-91.07472054068148,-0.014899380864699685
600016.SH,2025-11-11,2025-11-12,22.457450802497604,22.939278289200406,200,94.98914064320797,0.02145512823072578
600017.SH,2025-11-11,2025-11-12,16.28893251257774,15.56095018872672,300,-219.79518267229196,-0.04469183743556547
600018.SH,2025-11-11,2025-11-12,51.49118423098627,50.43465305933529,100,-107.16615675687899,-0.020518680768953527
600019.SH,2025-11-11,2025-11-12,39.223844399229115,40.45917397389703,100,122.31918224757464,0.031494352315251224
600020.SH,2025-11-11,2025-11-12,28.08817889917694,27.43004885468949,200,-133.2718118287712,-0.02343085491052377
600021.SH,2025-11-11,2025-11-12,18.987115638136547,18.946136609381494,300,-13.998860921359665,-0.0021582545519839343
600022.SH,2025-11-11,2025-11-12,22.105173703074342,22.29206372843289,200,36.04048124800374,0.008454582979936275
600023.SH,2025-11-11,2025-11-12,16.14166870806441,18.013348001547634,300,559.8825867248279,0.11595327145749976
600024.SH,2025-11-11,2025-11-12,28.18986599289156,29.027944772716516,100,82.93703963931421,0.029729789422776622
600025.SH,2025-11-11,2025-11-12,43.60335489387335,43.82031366658448,100,20.381267861115703,0.004975735771689788
600026.SH,2025-11-11,2025-11-12,23.95961437292088,24.977921238863573,200,202.16269791420746,0.042500970595486014
600027.SH,2025-11-11,2025-11-12,39.90768607791875,44.76598663646924,100,484.48707625595534,0.1217384678496465
600028.SH,2025-11-11,2025-11-12,50.73564725821362,51.54971312094175,100,79.86009487918454,0.016045244452781587
600029.SH,2025-11-11,2025-11-12,21.249779642023178,21.361580897001275,200,21.07855614179971,0.005261290086839347
600030.SH,2025-11-11,2025-11-12,18.586195396057445,18.665336964214678,200,14.708393413593967,0.004258083296273797
600031.SH,2025-11-11,2025-11-12,23.791953901424062,24.12560243482293,200,65.28217053368462,0.014023586914351658
600032.SH,2025-11-11,2025-11-12,52.42936526317024,51.34985867901043,100,-109.4911541763513,-0.020589732085086365
600033.SH,2025-11-11,2025-11-12,36.55162432142206,37.25427679183044,100,69.14761873708358,0.019223563479135806
600034.SH,2025-11-11,2025-11-12,25.675926091951812,25.283700656630227,200,-79.96210910371428,-0.015275999545914293
600035.SH,2025-11-11,2025-11-12,42.41877442475862,47.11600149454887,100,468.3092269341896,0.11073462478559058
600036.SH,2025-11-11,2025-11-12,18.733656232778173,18.6199370410273,200,-23.861034572636527,-0.006070314856738995
600037.SH,2025-11-11,2025-11-12,51.54953204429018,53.365092229794655,100,179.95506578355344,0.03521972195488769
600038.SH,2025-11-11,2025-11-12,21.32902699115258,20.924439953450804,200,-82.17287393756214,-0.018968846439624387
600039.SH,2025-11-11,2025-11-12,40.073578805506884,40.66799002665913,100,58.22108241442493,0.014832995676207633
600040.SH,2025-11-11,2025-11-12,22.81322040898212,23.31468258002436,200,98.89355325364613,0.02198120923097749
600041.SH,2025-11-11,2025-11-12,52.295284966289316,56.860696982496634,100,454.83538071125713,0.08730064324442027
600042.SH,2025-11-11,2025-11-12,25.435091961732493,24.641266238837467,100,-80.12181027666793,-0.03120986250371531
600043.SH,2025-11-11,2025-11-12,11.021082417003967,10.366487806969717,400,-263.08182255053634,-0.05939476589198748
600044.SH,2025-11-11,2025-11-12,28.396229488277818,27.627129671046273,100,-77.73879561328567,-0.027084575350013834
600045.SH,2025-11-11,2025-11-12,38.0862341813884,38.76748691930388,100,66.96224918396865,0.017887112038196377
600046.SH,2025-11-11,2025-11-12,54.873921345595456,56.99195507658038,100,210.0936144461948,0.03859818432959382
600047.SH,2025-11-11,2025-11-12,14.158382206956952,14.542810446262381,300,114.01961885146466,0.02715198909636254
600048.SH,2025-11-11,2025-11-12,36.80815092392293,37.67732789691435,100,85.78737746223442,0.02361370922402161
600049.SH,2025-11-11,2025-11-12,15.997640877359794,15.667277812960805,200,-67.01264954857561,-0.02065073637616946
600050.SH,2025-11-11,2025-11-12,25.69991565402903,25.082462167711714,100,-62.49782249676309,-0.02402550633353993
000001.SZ,2025-11-12,2025-11-13,26.918761860405017,26.690703348977653,300,-70.81971672961754,-0.008472102565861924
000002.SZ,2025-11-12,2025-11-13,12.661980364190088,12.231191682206246,800,-347.5664315908016,-0.0340222200314079
000003.SZ,2025-11-12,2025-11-13,27.08592070326033,30.267035313695057,300,951.6103499521851,0.11744531948112125
000004.SZ,2025-11-12,2025-11-13,26.80155796518332,26.386943734698345,300,-126.75909408161442,-0.01546978093674934
000005.SZ,2025-11-12,2025-11-13,55.10693250639273,59.080497627565066,100,395.5840971884063,0.07210644723713079
000006.SZ,2025-11-12,2025-11-13,46.88979569500108,48.53647409662858,200,326.42349187970285,0.035118054519547776
000007.SZ,2025-11-12,2025-11-13,24.042730375029436,24.959143629888736,400,363.5702047081322,0.038116022621585394
000008.SZ,2025-11-12,2025-11-13,32.596546929939926,34.77151386753635,200,432.9070966872323,0.06672384477629181
000009.SZ,2025-11-12,2025-11-13,37.92216818470947,38.8153623393451,200,176.30990918676525,0.023553351440379223
000010.SZ,2025-11-12,2025-11-13,47.82773563536887,48.67654300431715,200,166.8408812093985,0.017747178654232344
000011.SZ,2025-11-12,2025-11-13,16.219499975334017,16.39509902442448,500,85.34025969156755,0.01082641569453471
000012.SZ,2025-11-12,2025-11-13,37.328180922174504,39.18235984747536,200,368.4848434693231,0.049672362260744334
000013.SZ,2025-11-12,2025-11-13,14.611799415370276,14.907662508261028,600,174.83447648296533,0.020248231205496212
000014.SZ,2025-11-12,2025-11-13,45.45716583256913,43.455767549900514,200,-402.88700258671815,-0.04402822406571279
000015.SZ,2025-11-12,2025-11-13,42.88755553710765,44.251591043342316,200,270.1520057843318,0.03180492544170437
000016.SZ,2025-11-12,2025-11-13,33.99512555965093,34.093391024939564,200,17.607489596231062,0.00289057515367044
000017.SZ,2025-11-12,2025-11-13,41.240660193761386,42.61505168710757,200,272.3213955680094,0.03332612734347278
000018.SZ,2025-11-12,2025-11-13,43.28292551969222,45.88725242376998,200,518.1121456701258,0.06016984463984259
000019.SZ,2025-11-12,2025-11-13,14.537874390386904,14.214212488095116,600,-196.75569962293048,-0.02226335801235202
000020.SZ,2025-11-12,2025-11-13,17.353862540423805,17.198286041371166,500,-80.36799243252608,-0.00896494937021898
000021.SZ,2025-11-12,2025-11-13,42.328150908097356,42.69386219276232,200,70.5806252014263,0.008639906937087598
000022.SZ,2025-11-12,2025-11-13,18.66408925334077,18.019771262433768,400,-259.8895689142928,-0.03452180184959587
000023.SZ,2025-11-12,2025-11-13,19.589879239264086,21.117606395394162,400,608.5567496845842,0.07798553209394195
000024.SZ,2025-11-12,2025-11-13,24.914087009259916,26.572220623509963,300,495.0485844188979,0.06655405889984098
000025.SZ,2025-11-12,2025-11-13,21.587928188361072,22.012913537607687,300,125.5144425556,0.019686249904969665
000026.SZ,2025-11-12,2025-11-13,27.39702704876394,26.090764393527994,300,-394.2269653662006,-0.04767899279403304
000027.SZ,2025-11-12,2025-11-13,32.410777435216296,32.554299963563054,200,26.751247671537385,0.004428234670816978
000028.SZ,2025-11-12,2025-11-13,10.749512570277874,11.167330307038736,700,290.1272763681254,0.038868528598786596
000029.SZ,2025-11-12,2025-11-13,21.896000407340377,21.307029511070592,300,-178.60890153693163,-0.026898560710308522
000030.SZ,2025-11-12,2025-11-13,44.70748941984445,44.216428717999975,100,-50.43256304598799,-0.010983857698493497
000031.SZ,2025-11-12,2025-11-13,45.006005586725436,45.265945564800035,100,24.636019440516066,0.005775673150413239
000032.SZ,2025-11-12,2025-11-13,28.96902700773604,28.087478627095255,200,-177.9949248457824,-0.03043072107342002
000033.SZ,2025-11-12,2025-11-13,20.296901317741597,21.241144121103076,300,281.36113803754415,0.04652152506334124
000034.SZ,2025-11-12,2025-11-13,31.067163100960556,30.15574751966285,200,-184.09246111072116,-0.02933694262124394
000035.SZ,2025-11-12,2025-11-13,28.30927127864478,28.451322891309157,200,26.70324315939706,0.005017847731443922
000036.SZ,2025-11-12,2025-11-13,41.60640984896002,42.99226974348237,100,137.2962213599303,0.03330880745426749
000037.SZ,2025-11-12,2025-11-13,24.972625179359227,24.157308724188514,300,-246.76909433639048,-0.03264840797933415
000038.SZ,2025-11-12,2025-11-13,14.765819516814767,14.824668689998003,500,27.200886288118454,0.003985499966068255
000039.SZ,2025-11-12,2025-11-13,18.51128798057944,18.397520086843716,400,-47.714859904709556,-0.0061458659092267975
000040.SZ,2025-11-12,2025-11-13,20.0909038770351,19.939836901421984,300,-47.11467800506307,-0.007519172683205798
000041.SZ,2025-11-12,2025-11-13,17.494220809402776,17.432296254290584,400,-26.861697595391888,-0.003539714959977465
000042.SZ,2025-11-12,2025-11-13,20.451390974929318,21.514652014418747,300,317.0419931655306,0.0519896686143669
000043.SZ,2025-11-12,2025-11-13,33.31784450141452,32.81102313905394,200,-103.33293386045989,-0.01521170921903623
000044.SZ,2025-11-12,2025-11-13,16.82857404794318,17.156796450369317,400,129.23014539641008,0.01950387486729758
000045.SZ,2025-11-12,2025-11-13,28.92453256840281,28.18152699139894,200,-150.2920070202581,-0.025687729792927775
000046.SZ,2025-11-12,2025-11-13,38.31863593735224,38.444076933725185,100,11.390777329282628,0.003273628961584903
000047.SZ,2025-11-12,2025-11-13,14.09812214895468,15.43988215083913,400,534.8512148956788,0.09517295904433179
000048.SZ,2025-11-12,2025-11-13,14.356898418181041,14.562825244725822,400,80.62319158854552,0.014343406252983084
000049.SZ,2025-11-12,2025-11-13,43.592586164630426,41.95128328734256,100,-165.38882622740766,-0.03765096365444732
000050.SZ,2025-11-12,2025-11-13,43.92245107521606,43.005211850931886,100,-93.01407878394548,-0.02088315205163358
600001.SH,2025-11-12,2025-11-13,11.682758957445849,11.459676055832551,500,-113.26040221502353,-0.01909505301152505
600002.SH,2025-11-12,2025-11-13,43.39085482611907,43.66856412208266,100,26.460872672696496,0.006400180339300959
600003.SH,2025-11-12,2025-11-13,38.43854803992538,40.13418554903222,100,168.35972534421262,0.04411294379136309
600004.SH,2025-11-12,2025-11-13,13.348169156179367,12.444289779528479,400,-363.04506543389925,-0.06771560699262255
600005.SH,2025-11-12,2025-11-13,43.79916768389894,46.47293769608688,100,265.9828130879114,0.06104613748564095
600006.SH,2025-11-12,2025-11-13,11.967916125169547,11.914554088317356,500,-28.468201539342772,-0.0044587575893823015
600007.SH,2025-11-12,2025-11-13,52.3131043165701,50.048498759632764,100,-227.96201065652167,-0.04328945082733358
600008.SH,2025-11-12,2025-11-13,24.91335364972744,24.345677464709496,200,-114.99597765147155,-0.02278602042098636
600009.SH,2025-11-12,2025-11-13,39.0230479767286,39.33236796787892,100,29.752028075995895,0.007926597413271967
600010.SH,2025-11-12,2025-11-13,17.829343342562375,17.546867752904497,300,-86.32189499512515,-0.01584329743561276
600011.SH,2025-11-12,2025-11-13,52.42637267404171,53.292496365864416,100,85.0135942912957,0.016520763265614184
600012.SH,2025-11-12,2025-11-13,41.79984092690521,42.72687619800321,100,91.42172082385969,0.022177961698923512
600013.SH,2025-11-12,2025-11-13,24.108488474945066,26.167746506999425,200,410.2815416204521,0.08541630613609223
600014.SH,2025-11-12,2025-11-13,10.007640818110547,10.417772587649305,600,244.20386265747766,0.04098186345742484
600015.SH,2025-11-12,2025-11-13,31.00079860133863,29.043157647517585,100,-196.6353901115299,-0.06314808140899031
600016.SH,2025-11-12,2025-11-13,22.86484587389051,23.457035502342364,200,117.0305035602305,0.02589956790953399
600017.SH,2025-11-12,2025-11-13,15.826743908726693,15.335732025277768,300,-148.68378091695286,-0.031024188315714546
600018.SH,2025-11-12,2025-11-13,49.98827297074424,50.852397136226756,100,84.88684463416485,0.017286537704318088
600019.SH,2025-11-12,2025-11-13,39.41446045136739,40.96812933485331,100,154.13784446854652,0.03941875305899356
600020.SH,2025-11-12,2025-11-13,27.579284905364197,28.531929693401963,200,188.81704182594876,0.0345420409305999
600021.SH,2025-11-12,2025-11-13,18.73905760445458,18.37128779423181,300,-111.98435896831143,-0.01962584341142871
600022.SH,2025-11-12,2025-11-13,22.358329956014856,21.90989980340428,200,-91.00062451031954,-0.0200565137688175
600023.SH,2025-11-12,2025-11-13,16.45383655840268,18.410962084206233,300,585.4806711534866,0.11894645475884967
600024.SH,2025-11-12,2025-11-13,28.86883142743349,29.05823468688398,100,18.068578904442347,0.006560821830512465
600025.SH,2025-11-12,2025-11-13,43.31173075929276,44.510190094647605,100,118.51062783264479,0.027670548240506687
600026.SH,2025-11-12,2025-11-13,24.807523591243452,24.460042120323802,200,-70.96389671114957,-0.014007100291231969
600027.SH,2025-11-12,2025-11-13,43.69891625532103,44.72361770836029,100,101.12843677267483,0.023449127366276107
600028.SH,2025-11-12,2025-11-13,53.17130162610689,49.77224463727177,100,-341.3988662226302,-0.06392653339082821
600029.SH,2025-11-12,2025-11-13,21.77843307059655,21.63784141925704,200,-29.416600753057537,-0.006455544844928464
600030.SH,2025-11-12,2025-11-13,19.11258620600092,18.399988111005598,200,-143.62361828572466,-0.037284231831042416
600031.SH,2025-11-12,2025-11-13,24.237053619622614,23.429842803130928,200,-162.84795386652513,-0.03330482447083248
600032.SH,2025-11-12,2025-11-13,51.35070199226618,51.08776394239464,100,-27.826437905426246,-0.005120437300178369
600033.SH,2025-11-12,2025-11-13,37.212737765187335,37.710461814941766,100,48.64109112099459,0.013375098948512581
600034.SH,2025-11-12,2025-11-13,25.543940631079103,25.79351040850985,200,48.366344861638936,0.009770214433050204
600035.SH,2025-11-12,2025-11-13,46.44855799511068,51.592021636531015,100,512.7986034929372,0.11073462478559075
600036.SH,2025-11-12,2025-11-13,19.24259118273123,19.139449116974415,200,-21.776780098381096,-0.005360092348133219
600037.SH,2025-11-12,2025-11-13,53.3850368562644,53.8781932790817,100,47.69929648335801,0.009237727495535697
600038.SH,2025-11-12,2025-11-13,21.06910762605933,20.4755799437274,200,-119.93407126300963,-0.028170518318385088
600039.SH,2025-11-12,2025-11-13,40.1805132478113,40.29117664122138,100,9.857604041771083,0.002754155795063332
600040.SH,2025-11-12,2025-11-13,22.95049608448596,23.47598116338795,200,103.68845691059505,0.02289645840192566
600041.SH,2025-11-12,2025-11-13,51.93796370705096,57.203551571371754,100,524.8426798849387,0.10138225468408094
600042.SH,2025-11-12,2025-11-13,24.535970663594675,23.806773927704274,100,-73.63387680687129,-0.029719498196676155
600043.SH,2025-11-12,2025-11-13,10.797420283012118,11.351304148631838,400,220.19138975005262,0.051297796242234045
600044.SH,2025-11-12,2025-11-13,28.257730722894465,28.550661986562474,100,28.436606507203578,0.010366411462427732
600045.SH,2025-11-12,2025-11-13,38.49217284726485,38.50381392110868,100,0.008992966750156484,0.0003024270386092394
600046.SH,2025-11-12,2025-11-13,55.761708292959256,55.81568866979508,100,3.723567023488613,0.0009680545752333029
600047.SH,2025-11-12,2025-11-13,14.25317073846869,14.259306698220696,300,0.5574503227617242,0.0004304978776017624
600048.SH,2025-11-12,2025-11-13,37.5533871485942,37.49932176101599,100,-6.531518410651188,-0.0014396940378314047
600049.SH,2025-11-12,2025-11-13,16.028835207365898,16.047092408116086,200,2.6886146055508107,0.001139022300372662
600050.SH,2025-11-12,2025-11-13,25.9398755242753,25.86395466167013,100,-8.368004900367396,-0.0029268013462177378
000001.SZ,2025-11-13,2025-11-14,26.686976826298373,26.649519174453047,300,-13.635752279298686,-0.0014035929243365552
000002.SZ,2025-11-13,2025-11-14,12.346867684352945,12.23982214009006,800,-88.57399272393013,-0.00866985433062853
000003.SZ,2025-11-13,2025-11-14,29.659083170070062,30.95843508037728,300,387.01931393493214,0.04380957775587741
000004.SZ,2025-11-13,2025-11-14,26.813901529998528,27.982843294767463,300,348.1640735341516,0.043594616899042475
000005.SZ,2025-11-13,2025-11-14,60.342091094500034,60.48395106686938,100,12.37147870492754,0.0023509290081973333
000006.SZ,2025-11-13,2025-11-14,47.64470922543078,48.06785256407569,200,81.74459657513762,0.008881224075538196
000007.SZ,2025-11-13,2025-11-14,23.989299631622522,24.91679152314824,400,368.00674162751056,0.03866273320889726
000008.SZ,2025-11-13,2025-11-14,34.17354611711654,35.67286877363357,200,297.724159176988,0.04387378036153126
000009.SZ,2025-11-13,2025-11-14,38.058038787683245,37.74623572933839,200,-64.62538581273202,-0.008192830431550412
000010.SZ,2025-11-13,2025-11-14,48.1015922475796,50.497663149894564,200,476.1843206739977,0.049812714930149264
000011.SZ,2025-11-13,2025-11-14,16.478361559498563,16.299606447923868,500,-91.82249675453659,-0.010847869245328937
000012.SZ,2025-11-13,2025-11-14,38.25175023907199,38.630603024602145,200,73.45272092455525,0.009904194792717749
000013.SZ,2025-11-13,2025-11-14,14.596902255634507,15.000035657090885,600,239.1800344555504,0.027617736585224137
000014.SZ,2025-11-13,2025-11-14,44.9394993551682,42.9756305195357,200,-395.35230495767246,-0.04370028290950801
000015.SZ,2025-11-13,2025-11-14,43.03647289331017,44.510409628418685,200,292.1167224439978,0.034248548638325646
000016.SZ,2025-11-13,2025-11-14,33.50606034276789,33.55081243237527,200,6.937369175533604,0.0013356416466025322
000017.SZ,2025-11-13,2025-11-14,42.81212143070411,43.8829392795665,200,211.53059341570406,0.025012024937741538
000018.SZ,2025-11-13,2025-11-14,45.12165264148768,50.24654140402813,100,510.98148001192385,0.11357936738842554
000019.SZ,2025-11-13,2025-11-14,14.374497540550259,13.924818733262303,600,-272.31375174476125,-0.03128309744527893
000020.SZ,2025-11-13,2025-11-14,17.004557740229618,17.01350445226313,500,1.9213303489177633,0.0005261361201030641
000021.SZ,2025-11-13,2025-11-14,43.19899875388074,43.003931186840354,200,-41.593749279285475,-0.004515557597798695
000022.SZ,2025-11-13,2025-11-14,17.860602008537608,18.5168280236746,400,260.26838669195513,0.03674153955299523
000023.SZ,2025-11-13,2025-11-14,21.450917766994174,20.77831352989076,400,-271.53509246495196,-0.031355499303546266
000024.SZ,2025-11-13,2025-11-14,27.280925275139605,26.731383334366214,300,-167.26840673211063,-0.02014381606309279
000025.SZ,2025-11-13,2025-11-14,22.0628686891054,22.017063642869985,300,-15.723049598483158,-0.002076114710234104
000026.SZ,2025-11-13,2025-11-14,26.551033497620462,26.2699141485152,300,-86.70009700494484,-0.01058788725231575
000027.SZ,2025-11-13,2025-11-14,32.31071492071368,32.10354163825331,200,-43.360868990369454,-0.006411906482686738
000028.SZ,2025-11-13,2025-11-14,10.753735100828594,12.228226686207416,700,1029.5761821610713,0.13711436738526406
000029.SZ,2025-11-13,2025-11-14,21.349678647103353,21.036046670795116,300,-95.9828370928426,-0.014690243422038082
000030.SZ,2025-11-13,2025-11-14,45.57531655388063,43.41214291694183,100,-217.61972798138868,-0.04746371063339573
000031.SZ,2025-11-13,2025-11-14,44.86182883646856,44.62354574088344,100,-25.16701593073776,-0.005311488670105559
000032.SZ,2025-11-13,2025-11-14,28.045677764183914,28.016193280150045,200,-7.577868403583125,-0.001051302246349082
000033.SZ,2025-11-13,2025-11-14,20.45646486557794,20.817161381597526,300,106.33541028153195,0.017632397307636983
000034.SZ,2025-11-13,2025-11-14,29.46638923423355,30.29684297526306,200,164.27293762738736,0.02818308461305143
000035.SZ,2025-11-13,2025-11-14,27.966240618524985,31.154198565983524,200,635.7223375777494,0.11399308154943139
000036.SZ,2025-11-13,2025-11-14,41.71253359067952,42.630736591465,100,90.5413779808041,0.0220126403683772
000037.SZ,2025-11-13,2025-11-14,24.012947303759994,23.184294756830358,300,-250.682350607005,-0.034508573081317835
000038.SZ,2025-11-13,2025-11-14,15.039562785249965,14.562421210387116,500,-240.75515061298302,-0.03172576102616524
000039.SZ,2025-11-13,2025-11-14,18.746878604173272,18.207790754968197,400,-217.82007457262534,-0.028756139119878198
000040.SZ,2025-11-13,2025-11-14,19.675023473767588,19.88169712672524,300,60.21274314589027,0.010504366270932576
000041.SZ,2025-11-13,2025-11-14,17.091829381482864,17.772796497579066,400,270.2541108587711,0.03984167527637244
000042.SZ,2025-11-13,2025-11-14,21.285031654035645,21.491441246896702,300,59.98864814609715,0.00969740596189913
000043.SZ,2025-11-13,2025-11-14,33.66273071399221,32.49254730993241,200,-235.98623365055573,-0.034761986898864436
000044.SZ,2025-11-13,2025-11-14,16.972058931640603,18.7866921131544,400,723.5988695519391,0.10691885933360847
000045.SZ,2025-11-13,2025-11-14,28.997021957444996,29.13943586211853,200,26.73441478297991,0.00491132864893966
000046.SZ,2025-11-13,2025-11-14,38.19507636868888,38.40079270242268,100,19.419609592307097,0.005385938536895729
000047.SZ,2025-11-13,2025-11-14,15.437443753105374,15.635640658001849,400,77.40248507962951,0.012838712682376987
000048.SZ,2025-11-13,2025-11-14,14.325598887703704,15.068174072123142,400,295.2218928791208,0.051835542111738415
000049.SZ,2025-11-13,2025-11-14,42.803968195099536,41.15612093221748,100,-166.01940991617175,-0.038497534980196264
000050.SZ,2025-11-13,2025-11-14,43.15397281732459,43.26499287674165,100,9.804056155403487,0.002572649797204482
600001.SH,2025-11-13,2025-11-14,11.256496202442676,12.548345281136642,600,772.8507450657753,0.11476475942963787
600002.SH,2025-11-13,2025-11-14,43.70153854069073,44.00436940096355,100,28.96295494525384,0.006929524002704227
600003.SH,2025-11-13,2025-11-14,39.196232130445736,40.73847491917281,100,153.00212462513218,0.039346710255068966
600004.SH,2025-11-13,2025-11-14,12.960183578372622,12.17824858286897,500,-392.7942350392559,-0.06033363576797702
600005.SH,2025-11-13,2025-11-14,45.173807926555604,46.26369818003449,100,107.60111440248784,0.024126596882220953
600006.SH,2025-11-13,2025-11-14,12.047492541829058,11.987083383275623,500,-32.00264178420912,-0.005014251583364238
600007.SH,2025-11-13,2025-11-14,51.512444350653524,50.17476406912857,100,-135.2732710745695,-0.025968099522110575
600008.SH,2025-11-13,2025-11-14,24.892046448611033,23.68445104404304,200,-242.94014797624095,-0.04851330351889875
600009.SH,2025-11-13,2025-11-14,39.3809592568447,39.897850159372865,100,50.49215474803532,0.013125401520998461
600010.SH,2025-11-13,2025-11-14,17.919202969128587,17.3012838908305,300,-186.93283903960128,-0.034483625156913784
600011.SH,2025-11-13,2025-11-14,52.9672149419514,54.439151217265575,100,145.5604529948996,0.027789572793799407
600012.SH,2025-11-13,2025-11-14,42.655744350450604,42.33879080231462,100,-32.965518537668686,-0.007430500931643834
600013.SH,2025-11-13,2025-11-14,23.90226536959643,25.763144107536935,200,370.6299589416494,0.077853655675145
600014.SH,2025-11-13,2025-11-14,10.273034450803793,10.659878597276736,600,230.18770973625487,0.03765626878070815
600015.SH,2025-11-13,2025-11-14,29.528211333903197,28.527283418310457,200,-201.89722012364655,-0.03389734326520184
600016.SH,2025-11-13,2025-11-14,22.943866603689695,23.52376761083537,200,114.5687753724851,0.025274772433187848
600017.SH,2025-11-13,2025-11-14,15.564062690014593,15.023812487995732,300,-163.42720372957774,-0.03471138691605682
600018.SH,2025-11-13,2025-11-14,50.444740998741096,53.49067054297494,100,302.9882343070949,0.060381508239082
600019.SH,2025-11-13,2025-11-14,40.46726661795622,41.27091415219614,100,79.12662599942541,0.01985919982752987
600020.SH,2025-11-13,2025-11-14,27.43553541311627,28.298364520984745,200,170.86791970243667,0.031449326389160856
600021.SH,2025-11-13,2025-11-14,18.949926215663996,20.11656013468383,300,348.1796852938278,0.06156403490666337
600022.SH,2025-11-13,2025-11-14,22.29652258706444,22.339188855185963,200,7.192902292992585,0.0019135839660609339
600023.SH,2025-11-13,2025-11-14,18.016951031450937,18.66359187609981,300,192.3125301258142,0.03589069224421374
600024.SH,2025-11-13,2025-11-14,29.033750942288016,29.522610275837955,100,48.00025504671885,0.01683762234241356
600025.SH,2025-11-13,2025-11-14,43.829078605811716,44.29607749959539,100,45.3710070533798,0.010655001397217395
600026.SH,2025-11-13,2025-11-14,24.98291732271973,24.085012612087024,200,-181.0260428832653,-0.03594074699259166
600027.SH,2025-11-13,2025-11-14,44.77494072920582,44.560931960577534,100,-22.73770482164582,-0.004779654984304397
600028.SH,2025-11-13,2025-11-14,51.56002409466331,50.535737725997514,100,-103.9447089983596,-0.019865901668029214
600029.SH,2025-11-13,2025-11-14,21.365853640455022,21.071193233531307,200,-60.196352978754476,-0.013791183440749215
600030.SH,2025-11-13,2025-11-14,18.669070404951594,18.681217446436094,200,1.3085352501138914,0.0006506505798638055
600031.SH,2025-11-13,2025-11-14,24.130428037870196,23.734191122520432,200,-80.67143453730387,-0.016420633514163587
600032.SH,2025-11-13,2025-11-14,51.36012967784611,50.57468471619067,100,-80.06173670702992,-0.01529289288368445
600033.SH,2025-11-13,2025-11-14,37.261728392348864,38.29671347331256,100,102.3496066921698,0.027776088915301415
600034.SH,2025-11-13,2025-11-14,25.288757902486136,25.098962716352197,200,-39.46497498976896,-0.007505120926294284
600035.SH,2025-11-13,2025-11-14,47.125425637262055,51.150363733613744,100,400.9592987231608,0.08540905555597089
600036.SH,2025-11-13,2025-11-14,18.62366140087149,19.435835283131997,200,161.26862633511337,0.04360978567954959
600037.SH,2025-11-13,2025-11-14,53.3757663156492,53.75441551656079,100,36.252287625662575,0.007094028377454378
600038.SH,2025-11-13,2025-11-14,20.928625259972147,19.50468744096921,200,-285.95784504704534,-0.06803780952236478
600039.SH,2025-11-13,2025-11-14,40.67612443810561,40.866400951417454,100,17.801659302641838,0.004677842737977061
600040.SH,2025-11-13,2025-11-14,23.319345982880648,23.35568767199305,200,5.866996562160239,0.0015584351782027034
600041.SH,2025-11-13,2025-11-14,56.872070259220806,56.58755993820497,100,-30.148658899730435,-0.005002636966072265
600042.SH,2025-11-13,2025-11-14,24.64619498495985,24.279813136322364,100,-37.36657925783811,-0.01486565568685414
600043.SH,2025-11-13,2025-11-14,10.368561311881601,10.710197883860433,400,135.36940504546965,0.03294927441740076
600044.SH,2025-11-13,2025-11-14,27.632655649578336,27.773699088147353,100,13.27113288425744,0.005104230312049997
600045.SH,2025-11-13,2025-11-14,38.77524119211502,38.91533433313465,100,12.841854071969465,0.0036129534391683327
600046.SH,2025-11-13,2025-11-14,57.0033546075488,56.85623454692496,100,-16.41769309879146,-0.002580901801950415
600047.SH,2025-11-13,2025-11-14,14.54571929923693,14.36654322634273,300,-55.04581075863189,-0.012318130799045496
600048.SH,2025-11-13,2025-11-14,37.68486411611565,37.95827348675384,100,26.20218885921622,0.0072551507628037274
600049.SH,2025-11-13,2025-11-14,15.67041158190029,16.176265516526346,200,100.20021099421956,0.03228083270067587
600050.SH,2025-11-13,2025-11-14,25.087479161844673,27.352647929118174,100,225.69629728947666,0.09029080812226746
000001.SZ,2025-11-14,2025-11-17,26.696042023514902,26.501148694429396,300,-60.85310210814987,-0.007300457832432103
000002.SZ,2025-11-14,2025-11-17,12.233638165190987,12.46685707568313,800,183.58308269555164,0.01906374108364043
000003.SZ,2025-11-14,2025-11-17,30.27308932615904,31.461144546985665,300,353.58506323875736,0.03924459800011299
000004.SZ,2025-11-14,2025-11-17,26.39222165123694,28.36581635779728,300,589.5254884958995,0.074779407836166
000005.SZ,2025-11-14,2025-11-17,59.09231490881871,60.80767689933717,100,169.71196874486577,0.029028512305962578
000006.SZ,2025-11-14,2025-11-17,48.546182362274465,46.77571382109011,200,-356.90025106613757,-0.0364697789822542
000007.SZ,2025-11-14,2025-11-17,24.96413595784751,24.304720315731544,300,-200.01211746320587,-0.026414518941468852
000008.SZ,2025-11-14,2025-11-17,34.77846886580968,35.416202821279846,200,125.42181892475674,0.01833703369549764
000009.SZ,2025-11-14,2025-11-17,38.82312618819785,37.7261992072783,200,-221.6489681363464,-0.028254473264263086
000010.SZ,2025-11-14,2025-11-17,48.68627928654624,49.609754397206885,100,90.85921843414872,0.018967871938323205
000011.SZ,2025-11-14,2025-11-17,16.398378372164135,16.753949655939184,500,175.2725494391343,0.021683319881106236
000012.SZ,2025-11-14,2025-11-17,39.190197103170426,39.27169132646498,200,13.942543179323366,0.002079454284958488
000013.SZ,2025-11-14,2025-11-17,14.91064433894575,14.70575263202646,600,-125.58205962533793,-0.013741304685547616
000014.SZ,2025-11-14,2025-11-17,43.46445957261277,42.27586368459176,200,-240.2557294252765,-0.027346385983134304
000015.SZ,2025-11-14,2025-11-17,44.26044224667132,44.043231241474636,200,-46.084794913826045,-0.004907565179446819
000016.SZ,2025-11-14,2025-11-17,34.10021038508056,34.04128554810084,200,-13.82744452883071,-0.0017279904233523746
000017.SZ,2025-11-14,2025-11-17,42.62357554983126,44.23218111019993,200,319.0671812071232,0.03773980806673647
000018.SZ,2025-11-14,2025-11-17,45.896430792091564,50.19538866382593,100,428.38992551352294,0.0936664964473691
000019.SZ,2025-11-14,2025-11-17,14.217055614905417,13.591911740728333,600,-377.5328686195817,-0.04397140245563026
000020.SZ,2025-11-14,2025-11-17,17.201726042579562,16.85919400049006,500,-173.79490014482326,-0.019912655348749874
000021.SZ,2025-11-14,2025-11-17,42.702401819163505,47.08930464959019,200,874.5552078063629,0.10273199266412175
000022.SZ,2025-11-14,2025-11-17,18.023375577117722,18.378873517656036,400,139.99371139320738,0.01972427079584636
000023.SZ,2025-11-14,2025-11-17,21.121830339067607,21.05820656199348,400,-27.976495617089313,-0.0030122283936940314
000024.SZ,2025-11-14,2025-11-17,26.577535599132226,26.738584920379434,300,45.90832373132889,0.006059603255783692
000025.SZ,2025-11-14,2025-11-17,22.01731656061751,21.361468266268464,300,-198.67702044867838,-0.029787839609944324
000026.SZ,2025-11-14,2025-11-17,26.095983068274176,26.04435599101161,300,-17.832115217960563,-0.001978353416596552
000027.SZ,2025-11-14,2025-11-17,32.56081147470688,32.42246999974404,200,-29.613643192552445,-0.004248710910362477
000028.SZ,2025-11-14,2025-11-17,11.169563996469087,12.076762724190608,700,632.5029892329849,0.08122060341910431
000029.SZ,2025-11-14,2025-11-17,21.31129134315601,20.985021710342075,300,-99.76954179811219,-0.015309707307751472
000030.SZ,2025-11-14,2025-11-17,44.22527288816059,43.09633798348109,100,-114.18638060745434,-0.025526917776955548
000031.SZ,2025-11-14,2025-11-17,45.27499965932245,45.8300063112808,100,54.125765006496295,0.012258567777682382
000032.SZ,2025-11-14,2025-11-17,28.093096684626428,27.991856846289643,200,-21.92747907813373,-0.0036037265479596154
000033.SZ,2025-11-14,2025-11-17,21.245392774792663,19.975102527772023,300,-382.88483333369095,-0.05979132795924676
000034.SZ,2025-11-14,2025-11-17,30.16177927234205,30.778079566202624,200,121.41337399814256,0.020433154433489104
000035.SZ,2025-11-14,2025-11-17,28.457013724970782,31.9219562357543,200,691.0731847825582,0.12176058051175842
000036.SZ,2025-11-14,2025-11-17,43.00086905736245,42.10242639740342,100,-91.10733878782503,-0.02089359307507304
000037.SZ,2025-11-14,2025-11-17,24.162140669127847,23.609588846147073,300,-167.89040989038494,-0.022868496237453587
000038.SZ,2025-11-14,2025-11-17,14.827633920259029,14.226457148413957,500,-302.7223544947983,-0.040544349494876786
000039.SZ,2025-11-14,2025-11-17,18.401199958848284,18.20654045814066,400,-80.0485851380281,-0.01057863080358645
000040.SZ,2025-11-14,2025-11-17,19.943825267638893,20.452676720456065,300,150.8146949403108,0.02551423540813111
000041.SZ,2025-11-14,2025-11-17,17.435783062222235,18.072571258451195,400,252.5465699405695,0.03652191553178221
000042.SZ,2025-11-14,2025-11-17,21.518955375157706,22.26451867738587,300,221.66518398748394,0.0346468166892929
000043.SZ,2025-11-14,2025-11-17,32.81758599996784,33.96610662565445,200,227.66615873978208,0.03499710873577762
000044.SZ,2025-11-14,2025-11-17,17.160228152829635,19.05925948072233,400,757.3254200193896,0.11066468994350478
000045.SZ,2025-11-14,2025-11-17,28.187163860484127,29.367351696854126,200,234.27552617218862,0.041869690835569184
000046.SZ,2025-11-14,2025-11-17,38.45176651807036,42.048868009152834,100,358.448683067973,0.09354840666142147
000047.SZ,2025-11-14,2025-11-17,15.442970436097825,15.681968739584324,400,93.71748514584942,0.015476187335555726
000048.SZ,2025-11-14,2025-11-17,14.5657381010604,14.881624094997498,400,124.56860268343917,0.021686919793930722
000049.SZ,2025-11-14,2025-11-17,41.9596743831096,40.1237402424253,100,-184.79712627570325,-0.04375472802580509
000050.SZ,2025-11-14,2025-11-17,43.01381375349233,45.05113535112119,100,202.38062570235252,0.04736435623459333
600001.SH,2025-11-14,2025-11-17,11.46196822026016,12.270667900350407,600,483.01108783208565,0.07055504469649389
600002.SH,2025-11-14,2025-11-17,43.6772987083657,45.53505562350616,100,184.4096398453412,0.042533695308053454
600003.SH,2025-11-14,2025-11-17,40.142213188906005,40.23755128499079,100,8.326683069929004,0.0023750084639363226
600004.SH,2025-11-14,2025-11-17,12.44677888639507,12.61709668345979,500,83.26633402984044,0.013683684639958239
600005.SH,2025-11-14,2025-11-17,46.4822332131778,46.939861802327144,100,44.35466306086437,0.009845236717662817
600006.SH,2025-11-14,2025-11-17,11.916937237449932,11.877554415844024,500,-21.473043965330362,-0.0033047771269739314
600007.SH,2025-11-14,2025-11-17,50.05850946045477,50.150145399379696,100,7.659089530511665,0.0018305766574475075
600008.SH,2025-11-14,2025-11-17,24.350547087164685,25.93447389322713,200,315.2292927788949,0.06504686734111778
600009.SH,2025-11-14,2025-11-17,39.34023522819854,41.529922299089144,100,217.7228094200882,0.05566024346801742
600010.SH,2025-11-14,2025-11-17,17.55037747742753,17.520465640171857,300,-10.550393084317875,-0.0017043415330608134
600011.SH,2025-11-14,2025-11-17,53.30315593109412,52.66496989569931,100,-65.39855263635218,-0.01197276266755769
600012.SH,2025-11-14,2025-11-17,42.7354224278658,43.15000088520605,100,40.16334570746858,0.00970104970975835
600013.SH,2025-11-14,2025-11-17,26.172980579708092,25.670127649669425,200,-102.1107936667131,-0.019212673486203136
600014.SH,2025-11-14,2025-11-17,10.419856350543123,10.747712247410222,600,194.77894991572612,0.03146453135604026
600015.SH,2025-11-14,2025-11-17,29.048966859968335,28.79588834958794,200,-52.34345537705485,-0.008712134638053362
600016.SH,2025-11-14,2025-11-17,23.461727378630464,24.211696360029727,200,148.54109449825137,0.031965633616660036
600017.SH,2025-11-14,2025-11-17,15.338799478428136,14.954157041845408,400,-155.65147347811308,-0.025076436856983107
600018.SH,2025-11-14,2025-11-17,50.86256863280366,54.28368770104142,100,340.4833961927452,0.06726201920583548
600019.SH,2025-11-14,2025-11-17,40.97632378016481,41.552197134685414,100,56.34076953801923,0.014053807208526663
600020.SH,2025-11-14,2025-11-17,28.537636650036305,29.419919318859392,200,174.69133860548573,0.030916458837945335
600021.SH,2025-11-14,2025-11-17,18.37496241925316,19.712031111153664,300,399.3465247701479,0.07276579191800327
600022.SH,2025-11-14,2025-11-17,21.914282221606783,21.85399398409109,200,-13.368887142183667,-0.0027510934150628977
600023.SH,2025-11-14,2025-11-17,18.41464464487914,18.711384142222244,300,87.33782463013176,0.016114321132209484
600024.SH,2025-11-14,2025-11-17,29.064046915044177,29.045752248368473,100,-2.7008392350217036,-0.0006294604027161232
600025.SH,2025-11-14,2025-11-17,44.51909302295936,45.56535956975566,100,103.25969389253714,0.02350152430681183
600026.SH,2025-11-14,2025-11-17,24.46493461799763,24.913491971296693,200,88.21666114153413,0.01833470476430707
600027.SH,2025-11-14,2025-11-17,44.73256332646377,48.7942204968324,100,404.7018904219585,0.09079866809165747
600028.SH,2025-11-14,2025-11-17,49.78220008174367,51.776869945985396,100,197.9136803257934,0.0400679331360693
600029.SH,2025-11-14,2025-11-17,21.642169420341002,21.81852633104252,200,33.96227056044154,0.008148763059574052
600030.SH,2025-11-14,2025-11-17,18.403668476664365,18.889776711054214,300,144.13239041295947,0.026413659592174735
600031.SH,2025-11-14,2025-11-17,23.434529240335277,24.4868598295873,200,208.99690626062875,0.04490513030834696
600032.SH,2025-11-14,2025-11-17,51.097982517040585,48.82247912182129,100,-229.01501389558416,-0.04453215730113106
600033.SH,2025-11-14,2025-11-17,37.71800466158942,39.165963090334806,100,143.62086398182873,0.038389051640897995
600034.SH,2025-11-14,2025-11-17,25.798669626513348,24.587345729399512,200,-243.74002016653048,-0.046952959770799794
600035.SH,2025-11-14,2025-11-17,51.60234107280195,51.99893058280727,100,38.09898308304855,0.007685494529130012
600036.SH,2025-11-14,2025-11-17,19.143277389625073,19.327052322196494,200,35.595363374952285,0.009599972294765976
600037.SH,2025-11-14,2025-11-17,53.88896999540914,53.35745342842387,100,-54.75238030138007,-0.009863179181761222
600038.SH,2025-11-14,2025-11-17,20.479675469268702,20.304001541078637,200,-36.35302573047784,-0.00857796445327842
600039.SH,2025-11-14,2025-11-17,40.29923568245375,40.51813373229968,100,20.67426097262387,0.005431816413859209
600040.SH,2025-11-14,2025-11-17,23.480676829187203,23.03124139751978,200,-91.26896081733594,-0.01914065062676399
600041.SH,2025-11-14,2025-11-17,57.21499342587148,56.89177684686378,100,-34.028411206176315,-0.0056491587196713195
600042.SH,2025-11-14,2025-11-17,23.811535758672914,25.37715708546143,200,311.60163593257585,0.06575053968193831
600043.SH,2025-11-14,2025-11-17,11.353574636510354,10.445078502901115,400,-364.65186286404423,-0.0800185107065518
600044.SH,2025-11-14,2025-11-17,28.55637269003013,26.887660353276196,100,-167.67786348599157,-0.058435724833376015
600045.SH,2025-11-14,2025-11-17,38.5115154540462,38.72558719831625,100,20.245406811055545,0.005558642440999014
600046.SH,2025-11-14,2025-11-17,55.82685292395445,58.703574596055894,100,285.9110599722635,0.051529354090943016
600047.SH,2025-11-14,2025-11-17,14.262158844774996,14.051146235334118,300,-64.56838599344337,-0.014795278312173882
600048.SH,2025-11-14,2025-11-17,37.506822375429635,41.56430946799545,100,404.50177997254195,0.10817997461773345
600049.SH,2025-11-14,2025-11-17,16.050302147571657,16.379354547335137,200,64.82771867985593,0.020501321204925992
600050.SH,2025-11-14,2025-11-17,25.86912796993329,27.31132929458151,100,143.40079258598416,0.05574990105288561
000001.SZ,2025-11-17,2025-11-18,26.654849611331628,26.694779706873998,300,9.576498489092955,0.0014980424247224124
000002.SZ,2025-11-17,2025-11-18,12.242270349339003,12.126806376138891,800,-95.28161209036261,-0.009431581716895088
000003.SZ,2025-11-17,2025-11-18,30.964627386623977,31.67762161428234,300,211.0472823522232,0.023026087759943813
000004.SZ,2025-11-17,2025-11-18,27.988440423139252,28.447863998222566,300,135.2667647651524,0.01641476152788736
000005.SZ,2025-11-17,2025-11-18,60.49604906688275,61.81511153824698,100,130.05179379027595,0.021804109387472806
000006.SZ,2025-11-17,2025-11-18,48.0774670960417,45.4332151160686,200,-531.5763889015834,-0.05499981882761882
000007.SZ,2025-11-17,2025-11-18,24.921775379838536,25.063520063001096,400,53.69025085746398,0.005687583689452173
000008.SZ,2025-11-17,2025-11-18,35.68000406091703,36.5139768227341,200,164.60371375405157,0.02337367339962232
000009.SZ,2025-11-17,2025-11-18,37.75378573148446,36.33904729790712,200,-285.12802955334246,-0.0374727568683935
000010.SZ,2025-11-17,2025-11-18,50.507763692578806,50.047515487781126,100,-47.526245944401126,-0.00911242492538438
000011.SZ,2025-11-17,2025-11-18,16.302866695238183,16.664836780085622,500,178.48531690670643,0.02220284883720264
000012.SZ,2025-11-17,2025-11-18,38.63832991789639,40.61368524609517,200,392.6342445249902,0.05112424197412945
000013.SZ,2025-11-17,2025-11-18,15.003035964253018,15.186951948325014,600,107.61593909249859,0.012258584496511477
000014.SZ,2025-11-17,2025-11-18,42.98422650523817,40.92705783807593,200,-413.8893569027323,-0.04785868757953678
000015.SZ,2025-11-17,2025-11-18,44.519312600641584,43.38977841234234,200,-228.5102243645906,-0.025371779623636147
000016.SZ,2025-11-17,2025-11-18,33.55752326594509,34.44347759226878,200,175.12425660920144,0.026401064205556858
000017.SZ,2025-11-17,2025-11-18,43.89171674516898,45.47454739527559,200,313.83765717760616,0.036062172261257755
000018.SZ,2025-11-17,2025-11-18,50.256591717340264,54.963950586889396,100,469.0869684373065,0.09366649644736913
000019.SZ,2025-11-17,2025-11-18,13.92760397553318,13.834444722707683,600,-58.3857517453871,-0.006688821206372007
000020.SZ,2025-11-17,2025-11-18,17.016907493457705,16.984932411735393,500,-18.53528072291556,-0.0018790183665630647
000021.SZ,2025-11-17,2025-11-18,43.01253283324237,48.247906708036986,200,1044.1799005564426,0.12171740490363411
000022.SZ,2025-11-17,2025-11-18,18.520531759652933,18.231867895929764,400,-117.65336963677964,-0.015586154191966815
000023.SZ,2025-11-17,2025-11-18,20.782469608204572,19.56796422945768,400,-488.1503072062924,-0.058438934430941065
000024.SZ,2025-11-17,2025-11-18,26.73673014571422,27.279008005807054,300,160.22824730732827,0.020282130879035683
000025.SZ,2025-11-17,2025-11-18,22.02146749598387,21.36110257870987,300,-200.03197441428438,-0.029987325658221233
000026.SZ,2025-11-17,2025-11-18,26.275168656795728,25.23765399457691,300,-313.5257875251573,-0.03948650818461935
000027.SZ,2025-11-17,2025-11-18,32.10996298871601,31.53985653297259,200,-115.9136825406631,-0.017754815100340333
000028.SZ,2025-11-17,2025-11-18,12.230672576133648,12.417269443582303,600,109.72301196934859,0.015256468218499377
000029.SZ,2025-11-17,2025-11-18,21.040254300892286,21.193952356295135,300,44.20196090878744,0.007304952364398503
000030.SZ,2025-11-17,2025-11-18,43.42082621385491,42.2977825738109,100,-113.57329748161465,-0.025864170214376623
000031.SZ,2025-11-17,2025-11-18,44.632471342591785,47.2026125721625,100,255.59804457990595,0.05758456012535623
000032.SZ,2025-11-17,2025-11-18,28.021797079185976,28.17857488829685,200,29.66484732887784,0.005594852059910377
000033.SZ,2025-11-17,2025-11-18,20.82132523025871,19.779702095944963,300,-314.26711348275967,-0.05002674531014021
000034.SZ,2025-11-17,2025-11-18,30.30290294985557,31.348408916517933,200,207.22028879748177,0.034501841899188215
000035.SZ,2025-11-17,2025-11-18,31.160430028843006,32.35685194292969,200,237.34297170076024,0.03839555208253666
000036.SZ,2025-11-17,2025-11-18,42.63926359148329,42.33455139604711,100,-31.741256085500027,-0.007146281848475548
000037.SZ,2025-11-17,2025-11-18,23.188932079513993,23.27556960652291,300,23.896456838087943,0.003736158556670097
000038.SZ,2025-11-17,2025-11-18,14.565333985906745,14.552108422503837,500,-8.79559796482954,-0.0009080164873462908
000039.SZ,2025-11-17,2025-11-18,18.211432677311425,17.58147107770305,400,-254.09441637267446,-0.03459154536442419
000040.SZ,2025-11-17,2025-11-18,19.88567386382429,20.21868385238188,300,98.08331502056171,0.016746225993547793
000041.SZ,2025-11-17,2025-11-18,17.77635141237006,17.998793554254103,400,86.81700152710619,0.012513374467228985
000042.SZ,2025-11-17,2025-11-18,21.495739965017894,22.966312646098576,300,439.1048361860567,0.0684122846421611
000043.SZ,2025-11-17,2025-11-18,32.499046469310336,34.46081212114076,200,390.28548163881624,0.06036379109408549
000044.SZ,2025-11-17,2025-11-18,18.79044982734845,19.575061145645392,300,233.62163998597407,0.0417558560601878
000045.SZ,2025-11-17,2025-11-18,29.145264332137952,29.952291672886755,200,159.60833064938652,0.027689827463973582
000046.SZ,2025-11-17,2025-11-18,38.40847362905582,42.93730763618216,100,451.59528148354866,0.11791236618422403
000047.SZ,2025-11-17,2025-11-18,15.638768098877536,15.877426086303934,400,93.55790384020383,0.015260664133994536
000048.SZ,2025-11-17,2025-11-18,15.071188008331188,15.126294249690103,400,20.22734123360351,0.0036563966509112135
000049.SZ,2025-11-17,2025-11-18,41.16435297960866,41.56488675432131,100,38.80643086863529,0.009730112238398573
000050.SZ,2025-11-17,2025-11-18,43.27364674070339,44.45407446322006,100,116.7091500177703,0.027278212293727323
600001.SH,2025-11-17,2025-11-18,12.550855201184875,12.176434218727964,500,-189.03695636126486,-0.02983230835310438
600002.SH,2025-11-17,2025-11-18,44.013171155019144,45.741267107802976,100,171.43735726514933,0.03926315481102898
600003.SH,2025-11-17,2025-11-18,40.74662342900762,39.32405002255039,100,-143.4370621463995,-0.034912669731659254
600004.SH,2025-11-17,2025-11-18,12.180684476174875,12.459516428239933,500,137.54704856829358,0.022891320484529975
600005.SH,2025-11-17,2025-11-18,46.27295184503699,45.54936705265855,100,-73.72496024942393,-0.01563731647813705
600006.SH,2025-11-17,2025-11-18,11.989481039717921,12.096653398298448,500,51.77168128051835,0.008938865512651812
600007.SH,2025-11-17,2025-11-18,50.18480002553804,50.51023082398055,100,31.027772919531344,0.006484648703928398
600008.SH,2025-11-17,2025-11-18,23.689188407988244,27.196313323612497,200,699.7932043254341,0.14804749133750877
600009.SH,2025-11-17,2025-11-18,39.90583052744155,40.9694085411056,100,105.12871911017191,0.026652195922414683
600010.SH,2025-11-17,2025-11-18,17.304744493668952,17.940202209290266,300,189.02269648755828,0.03672158903321572
600011.SH,2025-11-17,2025-11-18,54.45004013640094,52.32614313005013,100,-213.95948492898242,-0.039006344183224
600012.SH,2025-11-17,2025-11-18,42.347259407335585,42.77629207255668,100,41.619977759932226,0.010131297071535511
600013.SH,2025-11-17,2025-11-18,25.768297251672852,25.45621949496446,200,-63.94292451137608,-0.012110918841877717
600014.SH,2025-11-17,2025-11-18,10.662010786215083,10.524920644177586,600,-84.14857093845058,-0.012857813107330647
600015.SH,2025-11-17,2025-11-18,28.53298944559685,29.142439240049555,200,120.14141253613798,0.021359479195642194
600016.SH,2025-11-17,2025-11-18,23.528472834879942,24.084578929879704,200,109.7761442641604,0.023635452198808214
600017.SH,2025-11-17,2025-11-18,15.026817550999633,14.999250968171376,400,-12.826543247483642,-0.0018344924156228376
600018.SH,2025-11-17,2025-11-18,53.501369747003935,53.221687608273974,100,-29.5648645012443,-0.005227569687514819
600019.SH,2025-11-17,2025-11-18,41.27916916052742,41.29611762768642,100,0.4559631870697558,0.000410581596085292
600020.SH,2025-11-17,2025-11-18,28.30402475991283,29.650590393187127,200,267.53409123126767,0.04757505848360635
600021.SH,2025-11-17,2025-11-18,20.12058384908221,20.11598507030806,200,-2.1267148590482066,-0.0002285609010475408
600022.SH,2025-11-17,2025-11-18,22.34365713978546,22.42165951859561,200,14.255176190914426,0.003491030063796436
600023.SH,2025-11-17,2025-11-18,18.6673249677842,18.97574871836508,300,90.81930778961032,0.016522118252784046
600024.SH,2025-11-17,2025-11-18,29.52851538840438,28.307002721009404,100,-123.0004768211279,-0.04136722254159293
600025.SH,2025-11-17,2025-11-18,44.30493760110546,45.02038009048518,100,70.19363753525795,0.01614814348281295
600026.SH,2025-11-17,2025-11-18,24.08983009635787,23.907060645186675,200,-37.98831387295013,-0.007586996273536446
600027.SH,2025-11-17,2025-11-18,44.56984503827742,50.3320259018918,100,574.7081255843805,0.1292842920738384
600028.SH,2025-11-17,2025-11-18,50.54584588435855,53.21605708204628,100,265.42463805631087,0.05282751037141168
600029.SH,2025-11-17,2025-11-18,21.075407893644023,21.954594009265215,200,174.5199474836827,0.04171620877080812
600030.SH,2025-11-17,2025-11-18,18.684954063587092,18.781122080684447,300,27.16010414194534,0.005146815816088392
600031.SH,2025-11-17,2025-11-18,23.738938435476232,24.597061036116887,200,170.14869646596344,0.036148314002038495
600032.SH,2025-11-17,2025-11-18,50.58480066472875,49.288862550952004,100,-131.07247725420348,-0.025619120699241337
600033.SH,2025-11-17,2025-11-18,38.304373582018094,39.33346309158145,100,101.7289470635883,0.026866109880634093
600034.SH,2025-11-17,2025-11-18,25.103983010924928,25.071949242551437,200,-7.911070629251299,-0.0012760432621210177
600035.SH,2025-11-17,2025-11-18,51.16059482947006,51.40380037234029,100,22.778440275853427,0.004753766911446107
600036.SH,2025-11-17,2025-11-18,19.439722838944203,18.76143739617728,200,-136.78277479715598,-0.034891723940019034
600037.SH,2025-11-17,2025-11-18,53.76516747485993,55.5626951090538,100,178.0858825661162,0.033432940296045315
600038.SH,2025-11-17,2025-11-18,19.50858876859017,20.177206024331706,200,132.51281878684767,0.034272968879124954
600039.SH,2025-11-17,2025-11-18,40.8745750490175,40.34677603317427,100,-53.990304865318194,-0.012912648393537623
600040.SH,2025-11-17,2025-11-18,23.36035927668792,22.744877081250277,200,-124.46113171240358,-0.026347291501284967
600041.SH,2025-11-17,2025-11-18,56.59887858205699,56.87906463039397,100,26.312232894786575,0.0049503816216211055
600042.SH,2025-11-17,2025-11-18,24.284669584594457,25.316052855213844,200,204.7576909525642,0.04247054986795737
600043.SH,2025-11-17,2025-11-18,10.712340137662585,10.455419963687024,400,-104.02271998586639,-0.023983571346122303
600044.SH,2025-11-17,2025-11-18,27.779254383494518,26.828634370512898,100,-95.86686032927764,-0.034220501380571464
600045.SH,2025-11-17,2025-11-18,38.923118178385806,39.19139190068986,100,25.651630473384557,0.006892400579895615
600046.SH,2025-11-17,2025-11-18,56.867606931072764,58.603402777146336,100,171.82148252404386,0.030523455087137198
600047.SH,2025-11-17,2025-11-18,14.369416822347597,14.862477552235376,300,146.58059598663203,0.0343132039374737
600048.SH,2025-11-17,2025-11-18,37.96586590069258,41.63936727432419,100,366.10095634493064,0.096758003182132
600049.SH,2025-11-17,2025-11-18,16.179501093187316,16.34450474650637,200,32.02006037902038,0.010198315286033901
600050.SH,2025-11-17,2025-11-18,27.358119005811663,27.330632755552735,100,-3.5685440085594564,-0.0010046834818245012
000001.SZ,2025-11-18,2025-11-19,26.50644945424426,27.853023223182497,300,401.46535859138567,0.05080174058252148
000002.SZ,2025-11-18,2025-11-19,12.469350696460346,12.302096582069433,800,-136.75579469242803,-0.013413217613519417
000003.SZ,2025-11-18,2025-11-19,31.46743740518088,31.297816038298254,300,-53.70321350823542,-0.005390377509885818
000004.SZ,2025-11-18,2025-11-19,28.371490088441902,28.98928669546781,300,182.72994630518042,0.021775261190020805
000005.SZ,2025-11-18,2025-11-19,60.81983965099219,62.04963872904544,100,121.11841864345297,0.02022036041381087
000006.SZ,2025-11-18,2025-11-19,46.78506989946216,44.694649648086944,200,-420.76572925392793,-0.04468135359992794
000007.SZ,2025-11-18,2025-11-19,24.309581745937713,25.44002324807208,400,449.12379806397803,0.046501890240183634
000008.SZ,2025-11-18,2025-11-19,35.423286770238995,39.982804620893845,200,909.5046018537159,0.12871526801644914
000009.SZ,2025-11-18,2025-11-19,37.7337452017192,36.49454051366116,200,-250.03061004242863,-0.032840755176392754
000010.SZ,2025-11-18,2025-11-19,49.61967734038065,48.98139847993868,100,-65.29732799859539,-0.012863422227909796
000011.SZ,2025-11-18,2025-11-19,16.757300780982877,16.6999385854221,500,-31.18608856820174,-0.003423116664819643
000012.SZ,2025-11-18,2025-11-19,39.279546450242655,39.50268055445328,200,42.25666000885667,0.005680669059997353
000013.SZ,2025-11-18,2025-11-19,14.70869407669733,15.452353398001627,600,443.4141691709374,0.050559167076733184
000014.SZ,2025-11-18,2025-11-19,42.28431970293051,40.22266389504884,200,-414.7445214100362,-0.04875698184021601
000015.SZ,2025-11-18,2025-11-19,44.052040768675646,44.36370849833392,200,59.671723421755814,0.007074989585497127
000016.SZ,2025-11-18,2025-11-19,34.048094486104254,34.232937388800366,200,34.914604295893696,0.005428876578439643
000017.SZ,2025-11-18,2025-11-19,44.241028431154064,45.09742039498129,200,168.57254754174573,0.019357415372020736
000018.SZ,2025-11-18,2025-11-19,50.20542874556687,60.18552589264389,100,996.2041489309231,0.19878521897810222
000019.SZ,2025-11-18,2025-11-19,13.5946303949419,15.148716971364914,600,929.7251767989628,0.11431620656647178
000020.SZ,2025-11-18,2025-11-19,16.86256617650776,17.398191852667853,500,265.2031093021469,0.0317641852701107
000021.SZ,2025-11-18,2025-11-19,47.09872345240039,52.8314578453005,100,571.688495554652,0.1217174049036341
000022.SZ,2025-11-18,2025-11-19,18.3825496599738,18.71709415903131,400,131.57174832391865,0.0181990259918049
000023.SZ,2025-11-18,2025-11-19,21.062418624512127,19.52708857927662,400,-616.4752687237151,-0.07289428971128291
000024.SZ,2025-11-18,2025-11-19,26.743933172188694,27.321870615928017,300,170.9222647663646,0.021610039182281774
000025.SZ,2025-11-18,2025-11-19,21.365740987193806,21.38342083622164,400,4.505929110786383,0.0008274858821151678
000026.SZ,2025-11-18,2025-11-19,26.049565383149027,27.635231124061715,300,473.2125514726413,0.060871101593826415
000027.SZ,2025-11-18,2025-11-19,32.42895514225823,31.45199366228809,200,-197.2794156137661,-0.03012620899083679
000028.SZ,2025-11-18,2025-11-19,12.079178318294858,11.933683020040117,700,-104.35278221252702,-0.012045132079421032
000029.SZ,2025-11-18,2025-11-19,20.98921913442655,21.694525422274324,300,209.63937906632782,0.03360326476800329
000030.SZ,2025-11-18,2025-11-19,43.104958113090746,42.31866810556924,100,-79.89856079531728,-0.018241289214539706
000031.SZ,2025-11-18,2025-11-19,45.839173229234845,47.47034695645087,100,161.6932623129087,0.03558471089909862
000032.SZ,2025-11-18,2025-11-19,27.997455777552027,28.170684931077744,200,32.95558960927883,0.006187317694224569
000033.SZ,2025-11-18,2025-11-19,19.979097947819582,19.67264805406123,400,-124.9406752698278,-0.015338525020434965
000034.SZ,2025-11-18,2025-11-19,30.78423579773902,32.14250398550766,200,269.72508731459766,0.04412219931957512
000035.SZ,2025-11-18,2025-11-19,31.92834126550443,32.21338503018055,200,55.07594983341278,0.008927609558723957
000036.SZ,2025-11-18,2025-11-19,42.11084772481564,43.04001475898934,100,91.62550297459984,0.022064790532016355
000037.SZ,2025-11-18,2025-11-19,23.614311236155306,23.378433188345507,300,-72.86747332989034,-0.009988775257973696
000038.SZ,2025-11-18,2025-11-19,14.229302724401236,15.9345587226417,500,850.2378153118352,0.1198411497224099
000039.SZ,2025-11-18,2025-11-19,18.21018213039951,16.752937212043637,400,-584.9083198077942,-0.08002363226906958
000040.SZ,2025-11-18,2025-11-19,20.456767664894603,20.636831028692402,300,52.16169434675703,0.008802141508739047
000041.SZ,2025-11-18,2025-11-19,18.07618613419046,17.865073252962098,400,-86.5889612817009,-0.011679061039820266
000042.SZ,2025-11-18,2025-11-19,22.26897202645625,22.655643804917332,300,113.96252559588265,0.01736370129710988
000043.SZ,2025-11-18,2025-11-19,33.97290052636964,34.67392330842894,200,138.12412101335394,0.020634763920589178
000044.SZ,2025-11-18,2025-11-19,19.063071713841783,19.98677456654182,300,275.31204609902125,0.04845508984941449
000045.SZ,2025-11-18,2025-11-19,29.37322575459927,29.190027592168015,200,-38.39103414178044,-0.006236909897530462
000046.SZ,2025-11-18,2025-11-19,42.057278623816124,43.10010536274373,100,102.9896707318785,0.02479539268946133
000047.SZ,2025-11-18,2025-11-19,15.685105447002982,15.756226383890317,400,26.557627588867035,0.004534297657585963
000048.SZ,2025-11-18,2025-11-19,14.884600717478744,15.284902473603108,400,158.2865141529137,0.026893684534936565
000049.SZ,2025-11-18,2025-11-19,40.13176579302885,40.79835904337672,100,65.43537426348621,0.016610115133873938
000050.SZ,2025-11-18,2025-11-19,45.06014647930424,43.54639174686269,100,-152.68186499656076,-0.03359409257883356
600001.SH,2025-11-18,2025-11-19,12.27312227936838,12.139670948291702,500,-68.54661618058253,-0.010873462191525232
600002.SH,2025-11-18,2025-11-19,45.544163545423054,50.08668748304426,100,452.74979313762924,0.09973888164815586
600003.SH,2025-11-18,2025-11-19,40.245599600079295,39.20425632174728,100,-105.31045552285377,-0.02587471148845706
600004.SH,2025-11-18,2025-11-19,12.619620355163653,12.172408984253773,500,-225.43154680257794,-0.035437783255253916
600005.SH,2025-11-18,2025-11-19,46.949250713578735,45.67441611417444,100,-128.85369242385423,-0.02715345996002411
600006.SH,2025-11-18,2025-11-19,11.879930164302039,11.802327001759592,500,-40.57193032148734,-0.006532291138851675
600007.SH,2025-11-18,2025-11-19,50.16017643156279,51.68197328843686,100,150.62922648875428,0.03033874609572731
600008.SH,2025-11-18,2025-11-19,25.939661306747126,27.576562620214965,200,325.72566893635485,0.06310418991639133
600009.SH,2025-11-18,2025-11-19,41.53822911423047,41.16562636546923,100,-38.49524366708738,-0.00897011636525423
600010.SH,2025-11-18,2025-11-19,17.523970083744246,18.520990390594996,300,297.4392029200708,0.05689465926306367
600011.SH,2025-11-18,2025-11-19,52.67550394308318,52.5718675790463,100,-11.94079243105898,-0.00196744893316752
600012.SH,2025-11-18,2025-11-19,43.15863174846941,43.53706887695831,100,36.53760078258165,0.008768515431500413
600013.SH,2025-11-18,2025-11-19,25.675262188653257,24.765163633689564,200,-183.50562081075986,-0.035446514558511305
600014.SH,2025-11-18,2025-11-19,10.749862004835448,10.286901052917498,500,-233.02351111691314,-0.04306668789884958
600015.SH,2025-11-18,2025-11-19,28.80164810323322,29.39993953819266,200,117.89429061959618,0.020772819416965092
600016.SH,2025-11-18,2025-11-19,24.21653918358409,24.603346287679813,200,75.88522004188417,0.015972848191203644
600017.SH,2025-11-18,2025-11-19,14.957148172366827,15.059697655168264,400,39.21262940195538,0.006856218954285471
600018.SH,2025-11-18,2025-11-19,54.29454552436396,54.184093310602606,100,-12.670744175453365,-0.002034315099143647
600019.SH,2025-11-18,2025-11-19,41.5605084052394,41.224281784541176,100,-34.85939052335925,-0.00809005071400522
600020.SH,2025-11-18,2025-11-19,29.425803891180394,30.388321105325097,200,190.6801435626212,0.03270997175486488
600021.SH,2025-11-18,2025-11-19,19.715973911655944,20.065700375068722,300,103.1120259900772,0.017738229162801995
600022.SH,2025-11-18,2025-11-19,21.8583652200115,23.081869096829834,200,243.31586321785653,0.05597417119273894
600023.SH,2025-11-18,2025-11-19,18.715126793315797,18.70838690753063,300,-3.705720557228233,-0.00036013038327760064
600024.SH,2025-11-18,2025-11-19,29.051561979791288,28.439630344001408,200,-124.09270497861598,-0.021063639752504484
600025.SH,2025-11-18,2025-11-19,45.57447355306793,45.384072059477255,100,-20.401671520851778,-0.004177810049061116
600026.SH,2025-11-18,2025-11-19,24.918475168010623,24.308608732646746,200,-123.43180359673443,-0.024474468491828095
600027.SH,2025-11-18,2025-11-19,48.80398031691377,50.75345043603793,100,193.42440839933442,0.03994490011808603
600028.SH,2025-11-18,2025-11-19,51.78722635561556,52.76978284573175,100,96.67255552624647,0.018972950653296468
600029.SH,2025-11-18,2025-11-19,21.822890472722897,21.600395742195108,200,-45.79496985008882,-0.010195474829784428
600030.SH,2025-11-18,2025-11-19,18.89355504422974,18.553872477274272,200,-69.04974573972959,-0.01797875339819699
600031.SH,2025-11-18,2025-11-19,24.49175769133939,24.61880735567244,200,23.93280442527066,0.005187445749472557
600032.SH,2025-11-18,2025-11-19,48.832244594192886,48.48753052459999,100,-35.926032875027886,-0.007059148569916235
600033.SH,2025-11-18,2025-11-19,39.17379706635047,39.61475665090513,100,42.90751575593913,0.011256493308723386
600034.SH,2025-11-18,2025-11-19,24.592263690341486,26.005931707297325,200,281.17324748873034,0.05748425743788081
600035.SH,2025-11-18,2025-11-19,52.00933140900644,52.79880534493434,100,77.36342943244108,0.015179467117533093
600036.SH,2025-11-18,2025-11-19,19.330918119240636,18.8252845658997,200,-102.25622774214116,-0.026156727281238818
600037.SH,2025-11-18,2025-11-19,53.36812598636534,56.68328813920531,100,329.8157166398205,0.06211876642786624
600038.SH,2025-11-18,2025-11-19,20.308062747507496,20.119205593769,200,-38.97858308332525,-0.009299614448043576
600039.SH,2025-11-18,2025-11-19,40.526238169489865,39.89970658401503,100,-63.85014974500427,-0.015459899901257556
600040.SH,2025-11-18,2025-11-19,23.035848106470176,22.491108224268242,200,-110.29744293384283,-0.023647485418560783
600041.SH,2025-11-18,2025-11-19,56.90315634018248,56.06542146967009,100,-85.45544969532875,-0.01472211603701171
600042.SH,2025-11-18,2025-11-19,25.382233024472423,25.47953043315169,100,8.965354954932081,0.0038332879768875204
600043.SH,2025-11-18,2025-11-19,10.447167727524157,10.426750454315203,400,-9.418119338100041,-0.001954335733996384
600044.SH,2025-11-18,2025-11-19,26.89303842315384,27.57507806467512,100,67.37671181018823,0.025361196856584
600045.SH,2025-11-18,2025-11-19,38.73333309034511,40.129973187399834,100,138.46011050984998,0.036057834057220746
600046.SH,2025-11-18,2025-11-19,58.71531648516402,58.25606866977033,100,-47.67246359946239,-0.007821601634553553
600047.SH,2025-11-18,2025-11-19,14.053956745632215,14.231424824875496,300,51.959595538745816,0.01262762383970167
600048.SH,2025-11-18,2025-11-19,41.57262316125837,40.16811990639223,100,-141.65536908380636,-0.03378433084239443
600049.SH,2025-11-18,2025-11-19,16.382630745864457,16.655859237472136,200,53.64634676728747,0.016677937496494627
600050.SH,2025-11-18,2025-11-19,27.31679210672164,27.396747645960673,100,7.173651494524165,0.0029269739626330356
000001.SZ,2025-11-19,2025-11-20,26.70011919676436,27.03259553838738,300,97.3099688884513,0.012452241848542467
000002.SZ,2025-11-19,2025-11-20,12.129231979974502,12.312769811312577,800,143.87520031574604,0.01513185926702516
000003.SZ,2025-11-19,2025-11-20,31.68395777222099,29.990057931882784,300,-510.8690573153308,-0.05346238157858348
000004.SZ,2025-11-19,2025-11-20,28.45355414003639,29.180033142661507,300,215.31749780469545,0.0255321004557004
000005.SZ,2025-11-19,2025-11-20,61.82747579698051,67.94435440830476,100,609.6495305001763,0.0989346327417589
000006.SZ,2025-11-19,2025-11-20,45.442302667846995,48.9406413646552,200,696.731300879761,0.07698418635117885
000007.SZ,2025-11-19,2025-11-20,25.06853326833423,25.58446935195827,400,203.30429712738078,0.020581023951479097
000008.SZ,2025-11-19,2025-11-20,36.52128034845122,40.1142464504876,200,716.1863656202468,0.09838006958561482
000009.SZ,2025-11-19,2025-11-20,36.34631583422033,36.149698866602094,200,-41.492375455643014,-0.005409543253710377
000010.SZ,2025-11-19,2025-11-20,50.0575259919291,49.40831630435068,100,-66.40321824697276,-0.012969272346441844
000011.SZ,2025-11-19,2025-11-20,16.66817008077171,16.357990090027105,500,-157.54369388580653,-0.018609120811793608
000012.SZ,2025-11-19,2025-11-20,40.621808795499334,40.03953959314447,200,-118.8562128465619,-0.01433390633307736
000013.SZ,2025-11-19,2025-11-20,15.189989642484093,15.742192825583963,600,328.4883151513168,0.03635309806633716
000014.SZ,2025-11-19,2025-11-20,40.93524406826656,40.55047517481369,200,-79.38680720106277,-0.00939945277500248
000015.SZ,2025-11-19,2025-11-20,43.39845723590716,44.10914522722633,200,139.49104955019902,0.016375881461775967
000016.SZ,2025-11-19,2025-11-20,34.450366976725675,34.5802183169552,200,23.895454946887185,0.0037692295213356554
000017.SZ,2025-11-19,2025-11-20,45.48364321433655,45.086062751093664,200,-82.22125641364255,-0.008741174522219687
000018.SZ,2025-11-19,2025-11-20,54.97494447639572,59.94786587779701,100,495.49370416379406,0.09045796132702748
000019.SZ,2025-11-19,2025-11-20,13.837211888368792,15.582394168276672,600,1044.3045369944375,0.12612239329621278
000020.SZ,2025-11-19,2025-11-20,16.98832973795036,17.026666960030514,500,16.61461099607186,0.002256679889754767
000021.SZ,2025-11-19,2025-11-20,48.25755725443323,52.21047464951162,100,393.7254252683533,0.08191291934312005
000022.SZ,2025-11-19,2025-11-20,18.235514634182774,18.51505548217846,400,109.59453254041364,0.0153294740293034
000023.SZ,2025-11-19,2025-11-20,19.571878213701993,20.249220547852303,400,268.5070271943814,0.03460793730445925
000024.SZ,2025-11-19,2025-11-20,27.28446435304294,29.917448324441178,300,787.2026210702734,0.09650121539236273
000025.SZ,2025-11-19,2025-11-20,21.365375226490386,21.61285986539531,400,96.40031237812218,0.011583444534972433
000026.SZ,2025-11-19,2025-11-20,25.242702030179387,27.306361226978805,300,616.6401865293974,0.08175270596357595
000027.SZ,2025-11-19,2025-11-20,31.5461651351394,31.76633495513945,200,42.127983902702,0.006979289528754813
000028.SZ,2025-11-19,2025-11-20,12.419753145841245,12.051572119890618,600,-223.0778985519555,-0.029644794194151263
000029.SZ,2025-11-19,2025-11-20,21.198191570687833,23.75550533739039,300,765.0561345304022,0.12063829870462754
000030.SZ,2025-11-19,2025-11-20,42.306242976365915,46.33894157559831,100,401.879691675972,0.09532159595181344
000031.SZ,2025-11-19,2025-11-20,47.2120540388236,46.34818044342399,100,-87.77780495326351,-0.018297733767084705
000032.SZ,2025-11-19,2025-11-20,28.184211166902372,30.84689999953013,200,530.6869525255788,0.09447448491141874
000033.SZ,2025-11-19,2025-11-20,19.783658431997758,19.70916695419397,400,-32.161691156017696,-0.003765303473057576
000034.SZ,2025-11-19,2025-11-20,31.35467922533212,31.812515061732146,200,89.65841637630183,0.014601834485684372
000035.SZ,2025-11-19,2025-11-20,32.36332396052003,33.296810869434736,200,184.6995731307752,0.028843975051928178
000036.SZ,2025-11-19,2025-11-20,42.34301915310203,43.09566107631981,100,73.97132248948947,0.01777487619615433
000037.SZ,2025-11-19,2025-11-20,23.280225186002166,23.797484568532454,300,153.0360411479187,0.022218830719958116
000038.SZ,2025-11-19,2025-11-20,14.555019135259611,16.095920196912555,500,768.0361427969347,0.10586733327750171
000039.SZ,2025-11-19,2025-11-20,17.584987723583176,16.786927358719137,400,-321.2385772286625,-0.0453830493036832
000040.SZ,2025-11-19,2025-11-20,20.222727993566473,20.634930222975918,300,121.80352510276589,0.020383116933609564
000041.SZ,2025-11-19,2025-11-20,18.002393672976826,18.024563673562294,400,6.705052593360961,0.001231502931676675
000042.SZ,2025-11-19,2025-11-20,22.970906367999984,22.49569802103252,300,-144.58711691213193,-0.02068740080841826
000043.SZ,2025-11-19,2025-11-20,34.46770497285016,34.48677036702689,200,1.743872613325948,0.0005531379066796802
000044.SZ,2025-11-19,2025-11-20,19.578976549414897,20.09183810681036,300,152.0502017890267,0.0261945028689863
000045.SZ,2025-11-19,2025-11-20,29.958282730327074,28.845627743613345,200,-224.2617350073624,-0.03714014573964136
000046.SZ,2025-11-19,2025-11-20,42.94589595654143,43.86630660346676,100,90.7250754944298,0.02143186505776318
000047.SZ,2025-11-19,2025-11-20,15.880601889101474,15.82873756484229,400,-22.64517821145455,-0.0032658915966388277
000048.SZ,2025-11-19,2025-11-20,15.129319811096183,15.16482655299028,400,12.382917571279904,0.0023468828960874055
000049.SZ,2025-11-19,2025-11-20,41.57320056305305,41.921292275846675,100,33.55153251108641,0.008372983269971794
000050.SZ,2025-11-19,2025-11-20,44.462966167283106,45.13993705254591,100,66.34289041470402,0.01522549986242113
600001.SH,2025-11-19,2025-11-20,12.178869749124749,12.067288854323369,500,-57.600540728838496,-0.009161843184126228
600002.SH,2025-11-19,2025-11-20,45.75041627614137,48.83976496503058,100,307.46967593997033,0.06752613288242998
600003.SH,2025-11-19,2025-11-20,39.33191561911455,39.405030512548116,100,6.129338427980201,0.0018589202250306068
600004.SH,2025-11-19,2025-11-20,12.462008580740832,11.7425356137192,500,-361.4978638528746,-0.057733306983396536
600005.SH,2025-11-19,2025-11-20,45.558477837147535,43.6830698500751,100,-188.851290802746,-0.041164851770865415
600006.SH,2025-11-19,2025-11-20,12.099072970935373,11.734156780622971,500,-184.21821867329436,-0.030160673564744188
600007.SH,2025-11-19,2025-11-20,50.52033388045099,52.03857671378352,100,150.26312603183942,0.03005211400473381
600008.SH,2025-11-19,2025-11-20,27.20175313025788,27.593640968626527,200,76.72194921561186,0.014406712556064247
600009.SH,2025-11-19,2025-11-20,40.97760324228394,41.15450121790783,100,16.455162525851847,0.004316942954861508
600010.SH,2025-11-19,2025-11-20,17.943790608572055,18.651684280937424,300,210.68945012432596,0.03945062042950925
600011.SH,2025-11-19,2025-11-20,52.33660940530366,53.091985994065816,100,73.94489929639349,0.014433044045944745
600012.SH,2025-11-19,2025-11-20,42.784848186582586,43.65702250839081,100,85.90772150557041,0.02038512134026315
600013.SH,2025-11-19,2025-11-20,25.461311248038758,24.66234295162836,200,-161.27339985917752,-0.03137969952242504
600014.SH,2025-11-19,2025-11-20,10.527025838825887,9.986472863405169,600,-326.1293503678444,-0.05134906892952093
600015.SH,2025-11-19,2025-11-20,29.14826831080464,29.766405753681155,200,121.84150423008305,0.021206660933863655
600016.SH,2025-11-19,2025-11-20,24.08939632740543,24.301353090334878,200,40.93327140046949,0.008798757762489581
600017.SH,2025-11-19,2025-11-20,15.002251118380032,14.999935204692147,400,-2.726357699716573,-0.0001543710786875374
600018.SH,2025-11-19,2025-11-20,53.23233301033583,53.824374634904586,100,57.58943121782886,0.011121842517287457
600019.SH,2025-11-19,2025-11-20,41.30437767721691,41.98185181461488,100,66.48795818535746,0.01640199357782972
600020.SH,2025-11-19,2025-11-20,29.65652110433688,30.02974535840858,200,72.84306609283612,0.012584896682879026
600021.SH,2025-11-19,2025-11-20,20.12000866968206,19.547423022195627,300,-173.53496231792815,-0.02845851892445941
600022.SH,2025-11-19,2025-11-20,22.42614429897737,22.845583490545973,200,82.51710330428796,0.01870313442992203
600023.SH,2025-11-19,2025-11-20,18.979544247661682,19.073581877176995,300,26.49466648564794,0.004954683225699613
600024.SH,2025-11-19,2025-11-20,28.312664687750278,31.14139522668154,200,563.8776240726511,0.0999104312549972
600025.SH,2025-11-19,2025-11-20,45.02938506700094,46.23603426010264,100,119.27783828236716,0.02679692807943712
600026.SH,2025-11-19,2025-11-20,23.911842535504746,23.803179083928068,200,-23.16088106037205,-0.0045443361972350195
600027.SH,2025-11-19,2025-11-20,50.342093313813365,53.00552733947164,100,264.75323674564333,0.052906699947009486
600028.SH,2025-11-19,2025-11-20,53.22670135789026,52.182726348969986,100,-105.96298268249666,-0.01961374615159239
600029.SH,2025-11-19,2025-11-20,21.958985367202864,20.911799754447372,200,-210.69183053636425,-0.04768825131235478
600030.SH,2025-11-19,2025-11-20,18.784878680760592,18.972832363344434,300,54.6785498624522,0.010005584053962705
600031.SH,2025-11-19,2025-11-20,24.60198094031453,25.40771278133842,200,159.62190543789893,0.032750689587908895
600032.SH,2025-11-19,2025-11-20,49.298721309338035,47.44134398473554,100,-187.16097277979134,-0.03767597364134222
600033.SH,2025-11-19,2025-11-20,39.341330570947704,40.42238477730094,100,106.89274909200458,0.027478841987910802
600034.SH,2025-11-19,2025-11-20,25.07696413388908,25.590432975360695,200,101.15834231580084,0.020475717823343318
600035.SH,2025-11-19,2025-11-20,51.41408216059359,52.04722447315046,100,61.75281452149193,0.012314569976747411
600036.SH,2025-11-19,2025-11-20,18.76519005892279,18.794849086420903,200,4.804114554437547,0.0015805343513699186
600037.SH,2025-11-19,2025-11-20,55.573808759440645,56.066376500073275,100,47.574782768260775,0.008863307223817996
600038.SH,2025-11-19,2025-11-20,20.18124186912105,19.57152083520047,200,-123.1184980342282,-0.030212265324142507
600039.SH,2025-11-19,2025-11-20,40.35484619539712,39.576885577844486,100,-78.98336832259884,-0.019277997338554374
600040.SH,2025-11-19,2025-11-20,22.74942651160956,22.679592640929126,200,-15.32754969454163,-0.003069698071061076
600041.SH,2025-11-19,2025-11-20,56.89044158101511,56.64100743385825,100,-26.64264493870178,-0.004384464950964633
600042.SH,2025-11-19,2025-11-20,25.32111657215658,26.13029492398434,200,160.26785267011383,0.03195666152880255
600043.SH,2025-11-19,2025-11-20,10.457511256809074,10.38476046542644,400,-30.346487808904385,-0.006956797807438547
600044.SH,2025-11-19,2025-11-20,26.834000634013346,27.383025830250833,100,54.08102884884147,0.020460057511572538
600045.SH,2025-11-19,2025-11-20,39.19923096297622,39.927137446672376,100,71.59283424621526,0.01856940725147547
600046.SH,2025-11-19,2025-11-20,58.61512462988704,58.71125246438211,100,7.851445875576246,0.0016399834531112996
600047.SH,2025-11-19,2025-11-20,14.865450345025103,14.204621363108735,300,-199.5271104975891,-0.044454016970802465
600048.SH,2025-11-19,2025-11-20,41.64769598064969,38.91063858585746,100,-274.87305863679785,-0.0657192992396005
600049.SH,2025-11-19,2025-11-20,16.34777397437846,16.94149949293423,200,117.72861374157856,0.03631843206826238
600050.SH,2025-11-19,2025-11-20,27.336099428771163,28.13328445945898,100,78.87450453499832,0.029162354810898242
000001.SZ,2025-11-20,2025-11-21,27.85859438494331,26.986484193106385,300,-264.06184112845676,-0.031304888530495005
000002.SZ,2025-11-20,2025-11-21,12.304557247452385,12.180544330199465,800,-102.13366444158237,-0.0100786167887996
000003.SZ,2025-11-20,2025-11-21,31.304076227524835,29.566976255107097,300,-523.7910195882796,-0.055491175008395635
000004.SZ,2025-11-20,2025-11-21,28.995085132650622,29.780574980214855,300,232.96670252105105,0.027090448052511915
000005.SZ,2025-11-20,2025-11-21,62.06204989790814,68.72007500079845,100,663.7409080390062,0.10728013518475034
000006.SZ,2025-11-20,2025-11-21,44.703589471998946,47.82550231862755,200,621.5130391866023,0.0698358427925364
000007.SZ,2025-11-20,2025-11-21,25.445111761573045,25.231077854748413,400,-88.64129207242149,-0.008411592325873131
000008.SZ,2025-11-20,2025-11-21,39.990801981554085,40.71098525350905,200,141.59399527578262,0.018008722913012674
000009.SZ,2025-11-20,2025-11-21,36.5018401517277,35.79216878589705,200,-144.08180329328388,-0.019442070944389395
000010.SZ,2025-11-20,2025-11-21,48.99119573936061,47.787468312774955,200,-243.6127334158973,-0.024570280606940907
000011.SZ,2025-11-20,2025-11-21,16.703278907171356,17.138753474600385,500,215.1664706933243,0.026071202537488816
000012.SZ,2025-11-20,2025-11-21,39.51058188069679,38.819437444124574,200,-140.55805356109067,-0.017492641304528097
000013.SZ,2025-11-20,2025-11-21,15.455444177759201,15.3012315782848,600,-95.28178136873248,-0.00997788207836291
000014.SZ,2025-11-20,2025-11-21,40.230709232361576,38.92723924161386,200,-263.0296325040399,-0.03239987600564605
000015.SZ,2025-11-20,2025-11-21,44.3725821273965,43.49152178955,200,-178.82155887667432,-0.019855962750081092
000016.SZ,2025-11-20,2025-11-21,34.239784661005345,35.589553557618366,200,267.81840610914696,0.03942106850193577
000017.SZ,2025-11-20,2025-11-21,45.106440781098904,44.73292186544107,200,-77.3877584434922,-0.008280833273246196
000018.SZ,2025-11-20,2025-11-21,60.197564201653314,59.075977761179594,100,-113.93092338020779,-0.018631757868417476
000019.SZ,2025-11-20,2025-11-21,15.151747017763826,14.76212647772972,600,-236.42950678645502,-0.02571456212787331
000020.SZ,2025-11-20,2025-11-21,17.401671839037025,16.952797629245293,500,-226.98002454025482,-0.0257948899360794
000021.SZ,2025-11-20,2025-11-21,52.84202519360439,53.04198913747359,100,18.40513471279519,0.0037841839546566467
000022.SZ,2025-11-20,2025-11-21,18.720837952242437,18.29561032230815,400,-172.2865252123911,-0.022714134432393417
000023.SZ,2025-11-20,2025-11-21,19.530994387573305,20.543277070712705,400,402.44788000727567,0.05182955168854434
000024.SZ,2025-11-20,2025-11-21,27.327335536543263,29.667113187419368,300,699.2632550759645,0.08562040919603214
000025.SZ,2025-11-20,2025-11-21,21.38769794810007,21.135147206107522,400,-103.55651446175034,-0.011808224644157254
000026.SZ,2025-11-20,2025-11-21,27.640758723046428,27.442053828353636,300,-62.081253252388706,-0.007188836481797262
000027.SZ,2025-11-20,2025-11-21,31.458284690123328,32.07936529885262,200,122.29135982792741,0.019742990275763154
000028.SZ,2025-11-20,2025-11-21,11.936069995341654,12.015115207342209,700,52.80847420684586,0.006622381741344014
000029.SZ,2025-11-20,2025-11-21,21.698864761292683,23.748877683262478,300,612.8664775994448,0.0944755840695727
000030.SZ,2025-11-20,2025-11-21,42.32713268564836,47.447343752835025,100,510.59768640608127,0.1209675860921888
000031.SZ,2025-11-20,2025-11-21,47.479841975344044,46.171998325467634,100,-132.16952493740519,-0.027545240158035167
000032.SZ,2025-11-20,2025-11-21,28.176319631534007,29.978778524741905,200,358.69305193009495,0.06397070010487267
000033.SZ,2025-11-20,2025-11-21,19.676582977164355,19.66878422829886,400,-5.479753653593434,-0.0003963467068720315
000034.SZ,2025-11-20,2025-11-21,32.14893312921913,31.09963630503087,200,-211.7253430159535,-0.03263862038502885
000035.SZ,2025-11-20,2025-11-21,32.219828351518714,33.0978717915053,200,173.6228156898269,0.027251648593751635
000036.SZ,2025-11-20,2025-11-21,43.04862362282751,44.42095815831367,100,135.90082480386536,0.03187870877150279
000037.SZ,2025-11-20,2025-11-21,23.383109342598605,23.188703110962525,300,-60.40885277081088,-0.008313959824064838
000038.SZ,2025-11-20,2025-11-21,15.937745953109275,15.849102619299305,400,-37.359225838303246,-0.005561848838020657
000039.SZ,2025-11-20,2025-11-21,16.756288134578302,16.220298016981456,400,-216.34248280077645,-0.031987401582739314
000040.SZ,2025-11-20,2025-11-21,20.64095880767604,20.91354763247091,300,79.8944281515387,0.013206209427320701
000041.SZ,2025-11-20,2025-11-21,17.86864662494989,17.805127488402103,400,-27.544269917721977,-0.003554781617265543
000042.SZ,2025-11-20,2025-11-21,22.660175386836507,23.262460390544394,300,178.59187967721755,0.02657900891878181
000043.SZ,2025-11-20,2025-11-21,34.68085878663844,34.87890873080118,200,37.5172543087001,0.0057106412900894835
000044.SZ,2025-11-20,2025-11-21,19.990772321230594,20.891471730854295,300,268.3295904313327,0.04505575848448542
000045.SZ,2025-11-20,2025-11-21,29.195866181545384,30.11904255744882,200,182.82813262723994,0.03162010574246894
000046.SZ,2025-11-20,2025-11-21,43.10872624590459,42.57771152711901,100,-54.37880322437195,-0.012318033146155231
000047.SZ,2025-11-20,2025-11-21,15.75937794432314,15.040189229158845,400,-289.48030877321617,-0.04563560298541871
000048.SZ,2025-11-20,2025-11-21,15.28795975982645,15.044782581172285,400,-99.076245371406,-0.015906450728185664
000049.SZ,2025-11-20,2025-11-21,40.80651953123419,43.375133667512245,100,255.5601596177803,0.06294617050866064
000050.SZ,2025-11-20,2025-11-21,43.555101896226994,45.314074732968024,100,174.53786143211346,0.04038500107133036
600001.SH,2025-11-20,2025-11-21,12.142099125299062,11.87941572163988,500,-133.12361418783712,-0.021634101397826604
600002.SH,2025-11-20,2025-11-21,50.0967058223748,48.95524116949134,100,-115.61512252343073,-0.02278522378159342
600003.SH,2025-11-20,2025-11-21,39.212097957175175,38.764593325967205,100,-45.91340092057635,-0.011412412355408894
600004.SH,2025-11-20,2025-11-21,12.17484370952315,11.700243277710575,500,-239.05525239794497,-0.03898205538698978
600005.SH,2025-11-20,2025-11-21,45.68355191097695,44.39283793025726,100,-130.40318320987717,-0.028253363119288416
600006.SH,2025-11-20,2025-11-21,11.804687703230089,11.92910919198198,500,60.42137799714783,0.01054000680745203
600007.SH,2025-11-20,2025-11-21,51.69231071683739,52.303084570266215,100,59.508292805774545,0.01181556492559504
600008.SH,2025-11-20,2025-11-21,27.58207848432542,27.778677521085573,200,37.653086700765925,0.007127781790334485
600009.SH,2025-11-20,2025-11-21,41.173860314137194,40.56426751466825,100,-62.17620797233394,-0.014805335103826443
600010.SH,2025-11-20,2025-11-21,18.524694959129967,18.520983579761726,300,-2.7803023326505354,-0.00020034766437067154
600011.SH,2025-11-20,2025-11-21,52.582383004104614,53.02152803900592,100,42.323857648961166,0.008351562059616593
600012.SH,2025-11-20,2025-11-21,43.545777161562164,44.401059775429566,100,84.19622959347726,0.01964100010648931
600013.SH,2025-11-20,2025-11-21,24.77011716176911,25.13371782547567,200,71.21210967178286,0.014679004597836592
600014.SH,2025-11-20,2025-11-21,10.288958638886678,9.788306286642497,600,-302.15330647810424,-0.04865918600858078
600015.SH,2025-11-20,2025-11-21,29.405820114157894,28.78996377978629,200,-124.89866470110792,-0.02094334835691556
600016.SH,2025-11-20,2025-11-21,24.608267449053486,23.766969559020907,200,-169.68559618005747,-0.034187611613630174
600017.SH,2025-11-20,2025-11-21,15.062709895923373,14.578617140689392,400,-195.38653615047497,-0.03213849025698871
600018.SH,2025-11-20,2025-11-21,54.19493121305497,58.937690225220514,100,472.5077705097974,0.08751296303930105
600019.SH,2025-11-20,2025-11-21,41.23252746546618,42.078551228082524,100,83.34001972479291,0.020518358068758336
600020.SH,2025-11-20,2025-11-21,30.394399377373368,31.905679158219737,200,300.3416154197803,0.049722311077198565
600021.SH,2025-11-20,2025-11-21,20.069713916497875,19.47925467861686,300,-178.8909042853793,-0.029420411289253073
600022.SH,2025-11-20,2025-11-21,23.08648593233275,22.96345436908905,200,-25.984119910885056,-0.005329159388064054
600023.SH,2025-11-20,2025-11-21,18.712128959117294,19.77491862295298,300,317.0571564746415,0.05679683301444189
600024.SH,2025-11-20,2025-11-21,28.445318838919697,31.134091890382006,200,535.886564779039,0.09452427187363614
600025.SH,2025-11-20,2025-11-21,45.39314978166137,46.00704420892389,100,60.009231399984856,0.013523944256243833
600026.SH,2025-11-20,2025-11-21,24.313470940614074,24.266675091269924,200,-10.815170374306035,-0.001924688147506764
600027.SH,2025-11-20,2025-11-21,50.76360214129566,52.15253905178404,100,137.32911487728506,0.027360881653402155
600028.SH,2025-11-20,2025-11-21,52.7803378578021,51.973065158029186,100,-82.28646193203258,-0.01529495135002406
600029.SH,2025-11-20,2025-11-21,21.604716253394667,21.66624157653904,200,11.005090134282,0.002847772792882936
600030.SH,2025-11-20,2025-11-21,18.557583622884284,19.373552803527637,300,243.04713444068875,0.043969581235627095
600031.SH,2025-11-20,2025-11-21,24.623731609568967,25.744560982497227,200,222.62120092670193,0.04551825818685811
600032.SH,2025-11-20,2025-11-21,48.49722900055251,48.748509173096785,100,23.665561979234553,0.005181330515634497
600033.SH,2025-11-20,2025-11-21,39.62268039460968,40.18197100947511,100,54.72360235625911,0.014115415951050066
600034.SH,2025-11-20,2025-11-21,26.011133413809436,25.2063505761811,200,-162.46894856023755,-0.030939937327032086
600035.SH,2025-11-20,2025-11-21,52.80936616208504,51.64002409099695,100,-118.48340783153981,-0.02214270225283689
600036.SH,2025-11-20,2025-11-21,18.829049999356222,19.232476795612996,200,79.53141064361807,0.021425764776797945
600037.SH,2025-11-20,2025-11-21,56.6946259306123,57.31230732584527,100,60.04877030352145,0.01089488439325699
600038.SH,2025-11-20,2025-11-21,20.123229837312106,19.583761584701673,200,-109.06867621716901,-0.02680823391532117
600039.SH,2025-11-20,2025-11-21,39.907687323405774,43.33668970773971,100,341.6001377421612,0.08592335498035315
600040.SH,2025-11-20,2025-11-21,22.495606895780245,21.490364822700034,200,-202.33783650540408,-0.04468615039982655
600041.SH,2025-11-20,2025-11-21,56.0766356753846,57.34123658693364,100,124.7398540572949,0.02255129781446835
600042.SH,2025-11-20,2025-11-21,25.484626848879895,25.284732018487272,100,-20.748024999817062,-0.007843741702712374
600043.SH,2025-11-20,2025-11-21,10.428836012961929,10.296559881406873,400,-54.14603980779157,-0.012683690815604992
600044.SH,2025-11-20,2025-11-21,27.580593631844774,26.68512306661481,100,-90.3476102149948,-0.032467414486541224
600045.SH,2025-11-20,2025-11-21,40.13799998471705,40.63920783594901,100,48.90160888811761,0.012487115736279844
600046.SH,2025-11-20,2025-11-21,58.267721048742175,58.22307675709676,100,-6.211121467254998,-0.0007661925134855684
600047.SH,2025-11-20,2025-11-21,14.234271394497434,14.41611198930497,300,53.254728363222966,0.012774843879809003
600048.SH,2025-11-20,2025-11-21,40.17615433381625,38.689529675556784,100,-149.8231517162135,-0.0370026619747469
600049.SH,2025-11-20,2025-11-21,16.65919074247013,16.696843886231306,200,6.52881811906127,0.0022602024518024707
600050.SH,2025-11-20,2025-11-21,27.40222754347962,27.967296449208355,100,55.66787167939765,0.020621276311647705
000001.SZ,2025-11-21,2025-11-24,27.038002598201036,26.242061593969098,300,-241.14408681303757,-0.02943786255442168
000002.SZ,2025-11-21,2025-11-24,12.315232611554865,12.249175036857364,800,-55.78586176684803,-0.005363891757555753
000003.SZ,2025-11-21,2025-11-24,29.996056543330308,29.27383336693889,300,-219.30159792045015,-0.024077270802184983
000004.SZ,2025-11-21,2025-11-24,29.185869732949065,29.92642787153428,300,219.47406306712583,0.025373858835159864
000005.SZ,2025-11-21,2025-11-24,67.95794463820941,67.19870428177606,100,-77.93999677178817,-0.011172208937091201
000006.SZ,2025-11-21,2025-11-24,48.95043047183885,46.39981716276137,200,-512.9066508452615,-0.0521060445126186
000007.SZ,2025-11-21,2025-11-24,25.589586757569222,24.956456937381414,400,-256.2467029076106,-0.02474169771422871
000008.SZ,2025-11-21,2025-11-24,40.12227010214286,41.97535766012768,200,368.0989901373541,0.0461860097463888
000009.SZ,2025-11-21,2025-11-24,36.1569295294417,35.51718645782722,200,-130.07964551036457,-0.017693512141111107
000010.SZ,2025-11-21,2025-11-24,49.418198955876704,47.07087013353374,200,-472.2900166766067,-0.047499279049784696
000011.SZ,2025-11-21,2025-11-24,16.36126201523763,17.02250081190758,600,393.67922785582596,0.040414901738883055
000012.SZ,2025-11-21,2025-11-24,40.04754830193397,38.64025529261984,200,-283.77701718038315,-0.03514055339178329
000013.SZ,2025-11-21,2025-11-24,15.745341579024423,15.04201049561527,600,-424.7062119347029,-0.04466915372265502
000014.SZ,2025-11-21,2025-11-24,40.55858608093927,39.39132465855849,200,-235.81576395567026,-0.02877963793045891
000015.SZ,2025-11-21,2025-11-24,44.11796793854291,42.11514523144822,200,-403.09145013282796,-0.04539698450945566
000016.SZ,2025-11-21,2025-11-24,34.587135052292126,36.313991364349,200,343.19242292951367,0.04992770605157231
000017.SZ,2025-11-21,2025-11-24,45.095080865455316,43.574698225961264,200,-306.69100979236646,-0.03371504408718618
000018.SZ,2025-11-21,2025-11-24,59.959856650049794,58.10328514717297,100,-187.40024884209834,-0.030963574741556414
000019.SZ,2025-11-21,2025-11-24,15.585510958789378,14.66630430330753,500,-461.8032733864202,-0.058978281681773485
000020.SZ,2025-11-21,2025-11-24,17.030072633989914,16.56680252632472,500,-234.1200742115434,-0.02720306117429953
000021.SZ,2025-11-21,2025-11-24,52.220917788755436,52.97782837884564,100,74.10172415765555,0.014494394624622826
000022.SZ,2025-11-21,2025-11-24,18.518758863613037,18.51456372562473,400,-3.8998028423975484,-0.00022653451125987525
000023.SZ,2025-11-21,2025-11-24,20.25327079698679,20.275259163662547,400,6.362315570663668,0.0010856699096240849
000024.SZ,2025-11-21,2025-11-24,29.923432412514874,29.797830678987896,200,-26.90821654613501,-0.004197437372674101
000025.SZ,2025-11-21,2025-11-24,21.61718286966882,23.142986190687736,400,607.5441700646843,0.0705828937201516
000026.SZ,2025-11-21,2025-11-24,27.31182304540604,27.355982822246965,300,10.785894598273444,0.0016168740097469397
000027.SZ,2025-11-21,2025-11-24,31.772688857520713,32.45718651247561,200,134.95209980023083,0.021543586003199503
000028.SZ,2025-11-21,2025-11-24,12.053982675370143,12.13356906774476,700,53.162425158006954,0.006602497657246161
000029.SZ,2025-11-21,2025-11-24,23.760256913615486,23.958842849454935,300,57.4194848953839,0.008357903559773928
000030.SZ,2025-11-21,2025-11-24,46.34821029078495,46.78817377689821,100,42.592703398019694,0.009492566883445302
000031.SZ,2025-11-21,2025-11-24,46.357451006568986,46.52538918859245,100,15.398056526688379,0.003622679383291914
000032.SZ,2025-11-21,2025-11-24,30.853069996529733,29.478453610186598,200,-276.6919844852382,-0.044553633933276264
000033.SZ,2025-11-21,2025-11-24,19.71310918180757,19.260743958171346,400,-183.25737872947047,-0.02294743155248661
000034.SZ,2025-11-21,2025-11-24,31.81887820105842,31.306639949563394,200,-104.32604869597799,-0.016098564137248195
000035.SZ,2025-11-21,2025-11-24,33.30347089761145,34.17220979922051,200,171.697447733859,0.026085536377872556
000036.SZ,2025-11-21,2025-11-24,43.10428107053449,45.6384537997503,100,252.04811930758933,0.058791671413541746
000037.SZ,2025-11-21,2025-11-24,23.80224454144345,22.43317428643112,300,-412.7400621894776,-0.057518535809871284
000038.SZ,2025-11-21,2025-11-24,16.099139702902537,16.047923170301534,400,-22.412363820837527,-0.0031813210858571248
000039.SZ,2025-11-21,2025-11-24,16.790285079963002,16.804996716736817,400,3.868055103516781,0.0008761993440701413
000040.SZ,2025-11-21,2025-11-24,20.639057621760394,20.978875727009054,300,100.05733275916737,0.016464807234724706
000041.SZ,2025-11-21,2025-11-24,18.028168946824334,17.24706384127621,400,-314.51168988020254,-0.043326923985018286
000042.SZ,2025-11-21,2025-11-24,22.50019761059568,23.232704072023825,300,217.66099506196133,0.03255555680467429
000043.SZ,2025-11-21,2025-11-24,34.49366841090469,35.619626231517856,200,223.0543865487425,0.03264244925185199
000044.SZ,2025-11-21,2025-11-24,20.09585687630867,21.03267388423747,300,279.1521617290591,0.0466174203814733
000045.SZ,2025-11-21,2025-11-24,28.85139744613232,30.102050654746577,200,248.32451868356657,0.04334809816229241
000046.SZ,2025-11-21,2025-11-24,43.87508074220133,43.629390230394236,100,-25.877932887620773,-0.005599773439750569
000047.SZ,2025-11-21,2025-11-24,15.83190362896167,15.2341425693326,400,-240.9325209599483,-0.03775673940659754
000048.SZ,2025-11-21,2025-11-24,15.167859821627744,15.234471059765431,400,24.816358727903207,0.004391604281752844
000049.SZ,2025-11-21,2025-11-24,41.92967737281153,45.81613389645756,100,387.27116834770914,0.0926898742647164
000050.SZ,2025-11-21,2025-11-24,45.14896594284544,45.73954191282818,100,57.68541074088898,0.013080608994021114
600001.SH,2025-11-21,2025-11-24,12.069702553464147,11.927929032457826,500,-72.67594985802953,-0.01174623155610663
600002.SH,2025-11-21,2025-11-24,48.849533894916576,50.04595150766512,100,118.14038272962443,0.024491894136026753
600003.SH,2025-11-21,2025-11-24,39.41291230683006,39.29231386258804,100,-13.238613840079324,-0.0030598714274946174
600004.SH,2025-11-21,2025-11-24,11.744884355716144,11.400400782133099,500,-173.95184690884162,-0.02933052068881266
600005.SH,2025-11-21,2025-11-24,43.69180733779389,44.370404001563884,100,66.5285542569527,0.015531439533356194
600006.SH,2025-11-21,2025-11-24,11.7365038466857,12.085234694775387,500,172.55263884062697,0.02971335012923513
600007.SH,2025-11-21,2025-11-24,52.0489854700019,52.10094991333663,100,3.633415836072345,0.0009983757198240616
600008.SH,2025-11-21,2025-11-24,27.599160248748266,27.04000362427903,200,-113.45372511130427,-0.020259914411511676
600009.SH,2025-11-21,2025-11-24,41.162732941323746,38.250651804062365,100,-292.35563328026046,-0.07074557322062329
600010.SH,2025-11-21,2025-11-24,18.655414990864607,18.79492239456893,300,40.16067809578453,0.007478118485846449
600011.SH,2025-11-21,2025-11-24,53.102605453210536,52.43488201741803,100,-68.34539003977261,-0.01257421232148098
600012.SH,2025-11-21,2025-11-24,43.66575478612026,44.52552246891577,100,84.64100260548366,0.019689747423507164
600013.SH,2025-11-21,2025-11-24,24.667275913514878,25.217374092949242,200,108.5065934412969,0.02230072673460359
600014.SH,2025-11-21,2025-11-24,9.98847035772728,9.716062158152626,600,-165.19381093325956,-0.0272722639021413
600015.SH,2025-11-21,2025-11-24,29.772359630219547,28.100308622932722,200,-336.09621997474187,-0.056161185342852686
600016.SH,2025-11-21,2025-11-24,24.306213847028616,24.330246114576084,200,3.3466387426187794,0.000988729371785996
600017.SH,2025-11-21,2025-11-24,15.002935491761793,15.364628099997402,400,142.83328792224347,0.024108122602687774
600018.SH,2025-11-21,2025-11-24,53.83514058642672,59.01495481128787,100,516.2109738417766,0.09621622918482958
600019.SH,2025-11-21,2025-11-24,41.990249024698805,41.071550688164145,100,-93.1019801741113,-0.02187884944417165
600020.SH,2025-11-21,2025-11-24,30.035751908135236,32.67345695428248,200,525.5806018121921,0.08781884516208219
600021.SH,2025-11-21,2025-11-24,19.551332897787628,19.406151393816543,300,-45.301004816768,-0.007425657612710013
600022.SH,2025-11-21,2025-11-24,22.850153064201447,23.16183511277409,200,60.94669960776173,0.013640260863763918
600023.SH,2025-11-21,2025-11-24,19.077396975062218,19.35721871620014,300,82.20437265691908,0.014667710773314769
600024.SH,2025-11-21,2025-11-24,31.147624128617068,30.193877419706862,100,-96.2804872136121,-0.030620207338188127
600025.SH,2025-11-21,2025-11-24,46.24528239176783,45.6495280855806,100,-60.94491646129063,-0.012882488231778693
600026.SH,2025-11-21,2025-11-24,23.807940195856045,24.461794337543335,200,129.3031206772048,0.027463700610315656
600027.SH,2025-11-21,2025-11-24,53.0161295051561,52.71705976257415,100,-31.48848605107196,-0.005641108571550153
600028.SH,2025-11-21,2025-11-24,52.19316393799868,50.85203559870351,100,-135.63839499747883,-0.02569547883489738
600029.SH,2025-11-21,2025-11-24,20.915982532676082,21.73824757067068,200,163.14871274467896,0.03931276174619148
600030.SH,2025-11-21,2025-11-24,18.9766273093117,19.49803284343796,200,103.11122485464648,0.027476196145266172
600031.SH,2025-11-21,2025-11-24,25.412794832099767,25.059066718508447,200,-72.24916672137442,-0.013919292070328042
600032.SH,2025-11-21,2025-11-24,47.45083320245426,49.23278396633307,100,176.7180928688913,0.037553624322589234
600033.SH,2025-11-21,2025-11-24,40.430470062784956,39.55042950531568,100,-89.19056863208743,-0.021766765414862936
600034.SH,2025-11-21,2025-11-24,25.59555157381561,25.890686990402,200,57.47364209785428,0.011530730866855613
600035.SH,2025-11-21,2025-11-24,52.05763495909368,52.743808201927514,100,67.03501003732526,0.013181029898362052
600036.SH,2025-11-21,2025-11-24,18.798608432172763,18.71748518115384,200,-17.34769931465371,-0.004315385966552978
600037.SH,2025-11-21,2025-11-24,56.077590896812964,57.09899673749381,100,100.42761416596022,0.018214153360480722
600038.SH,2025-11-21,2025-11-24,19.575435530837073,18.634786496782173,200,-189.2478940007868,-0.048052521363987064
600039.SH,2025-11-21,2025-11-24,39.58480174657692,44.040578962977946,100,444.2565042712131,0.11256282764600017
600040.SH,2025-11-21,2025-11-24,22.68412901309453,21.546951620353518,200,-228.7282956454237,-0.05013097007535846
600041.SH,2025-11-21,2025-11-24,56.65233676827846,56.218890617925744,100,-45.031181753808596,-0.007650984497349387
600042.SH,2025-11-21,2025-11-24,26.1355215056273,24.709529463251286,100,-143.34049012149853,-0.05456145354011701
600043.SH,2025-11-21,2025-11-24,10.386837625235506,10.60292899745338,400,85.1641974074555,0.02080434681031949
600044.SH,2025-11-21,2025-11-24,27.388502983132174,26.95768119456162,100,-43.8909092928925,-0.015730023245004877
600045.SH,2025-11-21,2025-11-24,39.935123672784314,41.49709128623266,100,154.9518486062475,0.039112627426588456
600046.SH,2025-11-21,2025-11-24,58.72299588921747,63.754269049020955,100,501.21468790887775,0.08567807353179181
600047.SH,2025-11-21,2025-11-24,14.207462571502194,14.393274745747645,300,54.44825754651811,0.013078491202092531
600048.SH,2025-11-21,2025-11-24,38.91842149186524,38.42384049635202,100,-50.610814766212116,-0.012708146336731447
600049.SH,2025-11-21,2025-11-24,16.944888131696697,17.079723979888534,200,25.94238619957423,0.00795731710613166
600050.SH,2025-11-21,2025-11-24,28.13891167907283,27.707226632481323,100,-43.999721458124895,-0.015341213317519867
000001.SZ,2025-11-24,2025-11-25,26.99188202972867,27.143512339797695,300,43.04617691012572,0.005617626436793816
000002.SZ,2025-11-24,2025-11-25,12.182980682700753,12.151228906056003,800,-28.31771625325382,-0.002606240416176326
000003.SZ,2025-11-24,2025-11-25,29.572890241756784,29.441525556260743,300,-42.05914294887589,-0.00444206448616089
000004.SZ,2025-11-24,2025-11-25,29.78653169088196,29.02914525156983,300,-229.82855486627886,-0.025427144293673425
000005.SZ,2025-11-24,2025-11-25,68.73382039033756,67.79539410786374,100,-95.87649007061827,-0.013653049941710134
000006.SZ,2025-11-24,2025-11-25,47.835068375696984,50.8077997932237,200,591.4978155177505,0.062145440959315915
000007.SZ,2025-11-24,2025-11-25,25.236124574991386,25.15996863632708,400,-33.481571702081055,-0.003017735089950242
000008.SZ,2025-11-24,2025-11-25,40.719128264860885,43.526961277261606,200,558.9549848035094,0.0689561179732764
000009.SZ,2025-11-24,2025-11-25,35.799327935569195,35.612128337751216,200,-39.57664726386156,-0.005229137210477727
000010.SZ,2025-11-24,2025-11-25,47.797026762282464,47.52807963743375,200,-56.64110974799041,-0.005626858887819911
000011.SZ,2025-11-24,2025-11-25,17.142181568104654,16.401013431100687,500,-373.04422051664733,-0.04323651187915375
000012.SZ,2025-11-24,2025-11-25,38.82720210807979,39.68413407048454,200,169.00534443672132,0.022070402086129887
000013.SZ,2025-11-24,2025-11-25,15.304292130655693,15.136051312965266,600,-103.66897985058858,-0.01099304797988186
000014.SZ,2025-11-24,2025-11-25,38.93502546808483,38.74748899054613,200,-39.83214484717337,-0.004816652237518738
000015.SZ,2025-11-24,2025-11-25,43.500220963825335,41.99889441045779,200,-302.7852443381362,-0.03451307878679621
000016.SZ,2025-11-24,2025-11-25,35.59667218019215,36.08579793432003,200,95.66000294951573,0.013740771936542183
000017.SZ,2025-11-24,2025-11-25,44.741869344562076,43.54662791937672,200,-241.66108271223493,-0.026714159303015975
000018.SZ,2025-11-24,2025-11-25,59.08779413836955,57.56441870210588,100,-154.06447618743005,-0.02578155875469454
000019.SZ,2025-11-24,2025-11-25,14.765079198297322,14.812954328035708,600,26.05874606398538,0.0032424566841407427
000020.SZ,2025-11-24,2025-11-25,16.956188527861006,16.57392332913437,500,-193.6186878626886,-0.022544288069133514
000021.SZ,2025-11-24,2025-11-25,53.052598596246966,53.84362773844923,100,77.48760538807346,0.014910280799293801
000022.SZ,2025-11-24,2025-11-25,18.299269810321412,18.050224891965108,400,-101.78399432955666,-0.01360955496791651
000023.SZ,2025-11-24,2025-11-25,20.547386137033477,19.669971183749496,400,-353.326377855642,-0.04270202289636135
000024.SZ,2025-11-24,2025-11-25,29.673047203458452,30.24363873663355,200,112.30368831082069,0.019229286741693104
000025.SZ,2025-11-24,2025-11-25,21.139374658293963,23.1469829192502,400,800.2656664321839,0.09497008749823908
000026.SZ,2025-11-24,2025-11-25,27.44754278801527,27.362774429963263,300,-27.893157114298447,-0.0030883769343833427
000027.SZ,2025-11-24,2025-11-25,32.08578181356387,32.17903174425636,200,16.7192442338428,0.002906269550616766
000028.SZ,2025-11-24,2025-11-25,12.017518470710012,12.132809124913384,700,78.15556802612991,0.009593549157787208
000029.SZ,2025-11-24,2025-11-25,23.753627933824184,23.473588588364105,300,-86.12442661097612,-0.011789329454862524
000030.SZ,2025-11-24,2025-11-25,47.456834170627374,48.29037285667097,100,81.90515741866056,0.01756414435583023
000031.SZ,2025-11-24,2025-11-25,46.18123364866505,46.14010139054677,100,-5.497428853544079,-0.0008906704058883577
000032.SZ,2025-11-24,2025-11-25,29.984774880082384,29.66380825599112,200,-65.97315331361187,-0.010704319954873734
000033.SZ,2025-11-24,2025-11-25,19.672718378559544,19.225700411705795,400,-181.1142707909039,-0.02272273502074505
000034.SZ,2025-11-24,2025-11-25,31.105856854346804,30.52315612788852,200,-118.37153465932988,-0.018732829935750723
000035.SZ,2025-11-24,2025-11-25,33.10449202788723,33.71341613337089,200,119.76201612872956,0.01839400239008958
000036.SZ,2025-11-24,2025-11-25,44.429843238453344,45.844567940476956,100,140.09713316414673,0.031841766679905584
000037.SZ,2025-11-24,2025-11-25,23.19334131540516,22.825906952056815,300,-112.28464063018873,-0.015842234991139133
000038.SZ,2025-11-24,2025-11-25,15.852272756836918,16.203534105650213,500,173.20014429080038,0.0221584219626678
000039.SZ,2025-11-24,2025-11-25,16.223542401023256,17.207006198996616,400,391.3206784454651,0.06061954742457057
000040.SZ,2025-11-24,2025-11-25,20.917730760310185,22.971868921074915,300,614.1739800265223,0.09820081271254823
000041.SZ,2025-11-24,2025-11-25,17.808688870037944,17.045686201808962,400,-307.24654963580997,-0.042844404425116785
000042.SZ,2025-11-24,2025-11-25,23.267113347918237,23.924708887295125,300,195.12543801321044,0.028262875997710532
000043.SZ,2025-11-24,2025-11-25,34.885885210195276,36.000964948819416,200,220.85588982789886,0.03196363606385603
000044.SZ,2025-11-24,2025-11-25,20.895650443071684,21.265552220206047,300,109.05663344049026,0.01770233370538652
000045.SZ,2025-11-24,2025-11-25,30.125066968401406,31.63395732772526,200,299.8800344251076,0.050087535437068044
000046.SZ,2025-11-24,2025-11-25,42.58622792106382,45.18687909299871,100,258.7095108206986,0.06106789210717021
000047.SZ,2025-11-24,2025-11-25,15.043197567838543,15.253866483288311,400,82.43710220191315,0.014004264352690891
000048.SZ,2025-11-24,2025-11-25,15.047791838614263,15.614143248623336,400,224.6668668137945,0.03763684506558324
000049.SZ,2025-11-24,2025-11-25,43.38380956183518,47.0522579255701,100,365.43326863572565,0.08455800449027569
000050.SZ,2025-11-24,2025-11-25,45.32313845428675,43.9611131508714,100,-137.52136373606118,-0.030051433988603844
600001.SH,2025-11-24,2025-11-25,11.881791842396282,12.049228037579942,600,98.29285606343092,0.014091830374120729
600002.SH,2025-11-24,2025-11-25,48.96503319692798,49.40438300097696,100,42.45284891486881,0.008972725542368009
600003.SH,2025-11-24,2025-11-25,38.772347020001796,41.130712442891586,100,234.6026209156921,0.0608259650021486
600004.SH,2025-11-24,2025-11-25,11.702583560394386,11.417926313646715,500,-144.04131232088184,-0.024324307985379368
600005.SH,2025-11-24,2025-11-25,44.40171738578886,43.143928509359256,100,-127.07320549823999,-0.028327482594899957
600006.SH,2025-11-24,2025-11-25,11.93149525242642,12.373647862614522,500,219.22025791465876,0.0370576026586597
600007.SH,2025-11-24,2025-11-25,52.31354623334658,51.44645910481449,100,-88.25210662635345,-0.016574810751013056
600008.SH,2025-11-24,2025-11-25,27.784233812218904,26.78264818428267,200,-201.92408447830348,-0.03604870426535777
600009.SH,2025-11-24,2025-11-25,40.572381179537665,38.72147258094228,100,-186.25250403696646,-0.04561991543964079
600010.SH,2025-11-24,2025-11-25,18.524688146934395,18.673464698089102,300,42.95235352358395,0.008031258068942344
600011.SH,2025-11-24,2025-11-25,53.03213340515034,53.142306168039404,100,9.42300710386462,0.0020774718234956887
600012.SH,2025-11-24,2025-11-25,44.40994087549466,43.6483742082548,100,-77.46611795023364,-0.017148562961949203
600013.SH,2025-11-24,2025-11-25,25.138745071765392,24.043790241247063,200,-220.4335935181407,-0.04355646343492814
600014.SH,2025-11-24,2025-11-25,9.790264143685528,10.064482478582358,600,162.71939409195238,0.02800928870480921
600015.SH,2025-11-24,2025-11-25,28.79572234839911,27.71158801238675,200,-218.4895624832152,-0.03764914534511178
600016.SH,2025-11-24,2025-11-25,23.77172342831964,23.669164460111656,200,-21.931943509202938,-0.004314326158018611
600017.SH,2025-11-24,2025-11-25,14.581533155719033,15.575529453569247,400,395.7294556056577,0.06816816086725139
600018.SH,2025-11-24,2025-11-25,58.949478942137254,58.28563293970199,100,-68.13316923171806,-0.011261270062910512
600019.SH,2025-11-24,2025-11-25,42.08696777998333,40.53028103209269,100,-156.88458322002725,-0.0369873818429611
600020.SH,2025-11-24,2025-11-25,31.91206093222878,33.19360173043877,100,127.15827176908624,0.04015850937774226
600021.SH,2025-11-24,2025-11-25,19.483150919176637,19.231371244026516,300,-77.26472595699852,-0.012922944353025718
600022.SH,2025-11-24,2025-11-25,22.96804751927789,23.036587516160903,200,12.325804125633113,0.002984145553751867
600023.SH,2025-11-24,2025-11-25,19.778874002215495,19.082005562333553,300,-210.77791246519246,-0.03523296825713558
600024.SH,2025-11-24,2025-11-25,31.14031933150419,30.556425641541683,100,-59.30606176549736,-0.018750407911578216
600025.SH,2025-11-24,2025-11-25,46.01624653799858,47.42551781648498,100,139.5043623141446,0.030625515649623167
600026.SH,2025-11-24,2025-11-25,24.271528911670217,25.34056185474965,200,212.28615490460288,0.044044730225685266
600027.SH,2025-11-24,2025-11-25,52.16297060274949,52.594041495533894,100,41.529268033574226,0.008263925305697278
600028.SH,2025-11-24,2025-11-25,51.983460810626056,53.185493409034585,100,118.60769503858228,0.02312336615654529
600029.SH,2025-11-24,2025-11-25,21.670575258222517,21.52306969595338,200,-30.79249663558403,-0.006806721118912921
600030.SH,2025-11-24,2025-11-25,19.377427901598146,19.163613349385678,200,-43.91272724345663,-0.011034207083533235
600031.SH,2025-11-24,2025-11-25,25.749710409636442,25.152443781403424,200,-120.96247227348795,-0.023195081371070517
600032.SH,2025-11-24,2025-11-25,48.7582598499991,46.3079151809384,100,-246.4237043614985,-0.050254965550431616
600033.SH,2025-11-24,2025-11-25,40.190008207396794,41.016966154922144,100,81.46528576788751,0.02057620748067309
600034.SH,2025-11-24,2025-11-25,25.211392350473766,25.288382903553394,200,13.880807641711726,0.0030538001237437355
600035.SH,2025-11-24,2025-11-25,51.650353128718926,54.092319335697525,100,242.57385111778876,0.047278790154501434
600036.SH,2025-11-24,2025-11-25,19.236323675660124,18.468298740473426,200,-154.7130849617679,-0.039925764825764834
600037.SH,2025-11-24,2025-11-25,57.32377093367121,55.94449028167876,100,-139.60639990769505,-0.024061233752196886
600038.SH,2025-11-24,2025-11-25,19.587678728733014,18.119347934487642,200,-294.75331972514414,-0.07496196024960776
600039.SH,2025-11-24,2025-11-25,43.345357912501726,43.91459388731987,100,55.606159665195264,0.013132570642679177
600040.SH,2025-11-24,2025-11-25,21.494663325514853,23.5939120242871,200,418.4341050329922,0.09766371619695811
600041.SH,2025-11-24,2025-11-25,57.35270598119045,56.58397237757865,100,-78.5708795325072,-0.013403615234195154
600042.SH,2025-11-24,2025-11-25,25.289789470636183,25.345856699023837,200,9.692694275589929,0.002216990712902277
600043.SH,2025-11-24,2025-11-25,10.298619399334948,10.359717700354711,400,23.196154283862597,0.005932669093850458
600044.SH,2025-11-24,2025-11-25,26.690460624983967,26.703372330456073,100,0.4900693772970044,0.00048375731140511786
600045.SH,2025-11-24,2025-11-25,40.64733649038165,45.43931495842476,100,477.83466735555794,0.1178915737609778
600046.SH,2025-11-24,2025-11-25,58.23472253702617,64.17456670210001,100,592.059179506321,0.10199832516240168
600047.SH,2025-11-24,2025-11-25,14.418995500053907,14.602002096971205,300,53.587798886461314,0.012692048965312064
600048.SH,2025-11-24,2025-11-25,38.69726835535988,37.89098940586476,100,-81.76462463168855,-0.020835552062512627
600049.SH,2025-11-24,2025-11-25,16.700183588978824,16.22810160227594,200,-95.39008343671276,-0.02826807167643532
600050.SH,2025-11-24,2025-11-25,27.972890467900065,27.86708315322213,100,-11.416743962390228,-0.0037824948694291545
000001.SZ,2025-11-25,2025-11-26,26.24731053118161,26.99162698404848,400,294.48758590866237,0.028357817917482493
000002.SZ,2025-11-25,2025-11-26,12.251625116872736,11.908806312556237,800,-277.11315696821293,-0.027981496417514
000003.SZ,2025-11-25,2025-11-26,29.279688719147497,29.130267103482407,300,-47.44820873883873,-0.005103251509889728
000004.SZ,2025-11-25,2025-11-26,29.932413755697,28.290914394956086,300,-494.9959905178184,-0.05484019344843139
000005.SZ,2025-11-25,2025-11-26,67.21214536674091,67.89131292000948,100,65.88001593925674,0.010104833725552341
000006.SZ,2025-11-25,2025-11-26,46.40909805428307,52.19808128649641,200,1154.6647615654783,0.12473811116609447
000007.SZ,2025-11-25,2025-11-26,24.96144872794795,25.013311587547364,400,17.743546449259156,0.002077718331362144
000008.SZ,2025-11-25,2025-11-26,41.98375357125081,43.33911496629843,200,268.47193211154627,0.03228299710618856
000009.SZ,2025-11-25,2025-11-26,35.52429060553355,36.369462525782104,200,166.8522162981635,0.023791380653690034
000010.SZ,2025-11-25,2025-11-26,47.080285249072,47.58523569680448,200,98.13497540468961,0.010725305614889753
000011.SZ,2025-11-25,2025-11-26,17.025905652554027,16.250944572458184,500,-389.9181817337894,-0.045516584897766756
000012.SZ,2025-11-25,2025-11-26,38.647984116560764,39.57508488605681,200,183.04564880604448,0.023988334467845582
000013.SZ,2025-11-25,2025-11-26,15.04501919858469,14.581730455603271,600,-280.5979572708602,-0.030793496297100195
000014.SZ,2025-11-25,2025-11-26,39.39920371139549,39.257791048743414,200,-30.63799999333878,-0.0035892264140143437
000015.SZ,2025-11-25,2025-11-26,42.12356910288165,41.38527874039982,200,-150.1411892207925,-0.017526776059233022
000016.SZ,2025-11-25,2025-11-26,36.32125488897433,35.92822055428455,200,-80.76256017121341,-0.010821056042562269
000017.SZ,2025-11-25,2025-11-26,43.58341403718757,43.12551278618175,200,-94.16778096833514,-0.010506319000505962
000018.SZ,2025-11-25,2025-11-26,58.114906966384325,57.36482892681066,100,-76.72874882517044,-0.01290680960751665
000019.SZ,2025-11-25,2025-11-26,14.669237857523612,14.90790866902979,600,140.51906334328123,0.016270157579029797
000020.SZ,2025-11-25,2025-11-26,16.570116218199175,16.54657287626551,500,-14.253656898270492,-0.0014208314307298422
000021.SZ,2025-11-25,2025-11-26,52.98842500418395,53.067007665547045,100,6.266255906342849,0.0014830156087275333
000022.SZ,2025-11-25,2025-11-26,18.518267008698164,17.99288085501732,400,-212.31360717494044,-0.028371237623589042
000023.SZ,2025-11-25,2025-11-26,20.279314621041017,19.07918143729212,400,-482.3427752720336,-0.059180164920548416
000024.SZ,2025-11-25,2025-11-26,29.80379084113991,30.60907423860325,200,159.22013503835115,0.02701949566602643
000025.SZ,2025-11-25,2025-11-26,23.14761525083189,23.49954055159238,300,103.46263157850353,0.015203522995650295
000026.SZ,2025-11-25,2025-11-26,27.361454565985788,27.7762481047894,300,121.93819931165308,0.015159776604832219
000027.SZ,2025-11-25,2025-11-26,32.46367859898675,33.38722960035379,200,182.70696649738602,0.028448747684307822
000028.SZ,2025-11-25,2025-11-26,12.135996024253961,12.109569221429174,700,-21.041771513851927,-0.0021775553297786673
000029.SZ,2025-11-25,2025-11-26,23.963635097249604,23.934301874545746,300,-10.95405397986724,-0.001224072332299242
000030.SZ,2025-11-25,2025-11-26,46.797532347510646,48.220950308138136,100,140.8951675535045,0.030416517479114617
000031.SZ,2025-11-25,2025-11-26,46.534695197031006,46.96209027324737,100,41.330644913438846,0.009184439146033821
000032.SZ,2025-11-25,2025-11-26,29.48434989053667,28.9427989703551,200,-110.04675197453525,-0.018367402442045627
000033.SZ,2025-11-25,2025-11-26,19.264596492216384,19.199472278231667,400,-28.35362226727375,-0.0033805127458044412
000034.SZ,2025-11-25,2025-11-26,31.312901903748728,30.886109677884672,200,-87.21161175348425,-0.013629916102185356
000035.SZ,2025-11-25,2025-11-26,34.1790449246929,34.24368779596416,200,10.87395298649426,0.0018913012757872248
000036.SZ,2025-11-25,2025-11-26,45.64758240337061,50.199801894822265,100,453.7159550883207,0.09972531406428911
000037.SZ,2025-11-25,2025-11-26,22.437661369996764,22.43524777515807,300,-2.7432507513722157,-0.00010756891277092544
000038.SZ,2025-11-25,2025-11-26,16.051133075926156,16.075090311693632,400,7.653883469586617,0.0014925572951237681
000039.SZ,2025-11-25,2025-11-26,16.808358052213713,17.60486382504416,400,316.48972547317317,0.04738748248675868
000040.SZ,2025-11-25,2025-11-26,20.983071921773934,23.827564429449417,300,851.2032715039941,0.13556129999839442
000041.SZ,2025-11-25,2025-11-26,17.250513599020238,16.730274309846994,400,-210.10334858647911,-0.03015790145533935
000042.SZ,2025-11-25,2025-11-26,23.23735107753878,24.16532839493897,300,276.2183156645133,0.039934728975936265
000043.SZ,2025-11-25,2025-11-26,35.62675086922793,35.98945490920264,200,70.38144070038925,0.010180665683100193
000044.SZ,2025-11-25,2025-11-26,21.036880839709863,21.572641965327684,300,158.7867999084674,0.02546770738970493
000045.SZ,2025-11-25,2025-11-26,30.108071666978752,31.679846147408735,200,312.4541053171515,0.05220442205051074
000046.SZ,2025-11-25,2025-11-26,43.63811698111539,45.551600093485334,100,189.9817632341892,0.04384889277413173
000047.SZ,2025-11-25,2025-11-26,15.237189702559787,15.634619634621334,400,157.09581846846322,0.02608288928730606
000048.SZ,2025-11-25,2025-11-26,15.237518258697277,15.726934843292886,400,193.87940165704913,0.03211917953346899
000049.SZ,2025-11-25,2025-11-26,45.82529803965117,45.674786635776364,100,-16.421383986554247,-0.0032844609923666237
000050.SZ,2025-11-25,2025-11-26,45.748690736093074,43.703079178086234,100,-205.87224817602691,-0.04471410055879415
600001.SH,2025-11-25,2025-11-26,11.930314856846756,12.115761202081144,600,109.08697012425819,0.015544128336894702
600002.SH,2025-11-25,2025-11-26,50.05596169898578,48.90610758064012,100,-116.45259506198545,-0.02297137202678024
600003.SH,2025-11-25,2025-11-26,39.300173111285424,41.48659164828466,100,217.39725595047412,0.05563381440605876
600004.SH,2025-11-25,2025-11-26,11.402681090320344,11.462566912741131,600,33.86823140817887,0.005251907156433906
600005.SH,2025-11-25,2025-11-26,44.37927896986102,43.508070985161496,100,-88.42604059950736,-0.01963096302874098
600006.SH,2025-11-25,2025-11-26,12.087651983443209,11.945276889040988,500,-72.97933873446709,-0.011778556712026102
600007.SH,2025-11-25,2025-11-26,52.11137114544251,50.320267311503294,100,-180.6199914132667,-0.03437069097530092
600008.SH,2025-11-25,2025-11-26,27.045412165858046,26.400057464479755,200,-130.65494372352714,-0.023861891895771634
600009.SH,2025-11-25,2025-11-26,38.25830269951272,38.865083480477786,100,59.512125592092616,0.015860107170222053
600010.SH,2025-11-25,2025-11-26,18.798681754983882,19.005925818761416,300,60.46268580957167,0.011024393437725462
600011.SH,2025-11-25,2025-11-26,52.445370042624035,54.26243647807017,100,180.0787704502709,0.034646841732060396
600012.SH,2025-11-25,2025-11-26,44.53442846400905,43.778768594629454,100,-76.8793499957983,-0.016967992976272127
600013.SH,2025-11-25,2025-11-26,25.222418072165752,24.582805048385932,200,-129.39757305886724,-0.02535890975836555
600014.SH,2025-11-25,2025-11-26,9.718005564924935,10.11220766587797,600,234.70106319196293,0.04056409500070905
600015.SH,2025-11-25,2025-11-26,28.10592924671969,28.193549095154747,200,15.832356741302647,0.0031174862665422727
600016.SH,2025-11-25,2025-11-26,24.335112650452587,23.553617876102514,200,-157.71217194258134,-0.03211387535268049
600017.SH,2025-11-25,2025-11-26,15.367701332940696,15.535759116764087,400,65.35882243534434,0.01093577888992149
600018.SH,2025-11-25,2025-11-26,59.02675898266727,56.71598455691821,100,-232.7789221116136,-0.03914791300717696
600019.SH,2025-11-25,2025-11-26,41.079765819814945,44.38065773014149,100,328.7577713007504,0.08035323095085302
600020.SH,2025-11-25,2025-11-26,32.67999229920783,34.13387346904391,100,144.36410077953633,0.04448841837307662
600021.SH,2025-11-25,2025-11-26,19.410033012257152,19.51207425114743,300,28.856284984480226,0.005257138863485638
600022.SH,2025-11-25,2025-11-26,23.16646794307967,22.855045984732726,200,-63.655694428473,-0.013442789773223619
600023.SH,2025-11-25,2025-11-26,19.36109054712647,18.852697724865124,300,-154.21458947364135,-0.026258480689601463
600024.SH,2025-11-25,2025-11-26,30.199916799128747,31.12172444265713,100,91.24711261955827,0.030523515997069754
600025.SH,2025-11-25,2025-11-26,45.65865890427959,47.14615863854921,100,147.3355886678055,0.032578699636975
600026.SH,2025-11-25,2025-11-26,24.46668718569566,25.521336200444267,200,209.39852277769478,0.043105509411392844
600027.SH,2025-11-25,2025-11-26,52.727604228973306,50.382551210807634,100,-236.01677835289138,-0.04447486382999909
600028.SH,2025-11-25,2025-11-26,50.86220702296568,52.88159788548331,100,200.35263831519842,0.03970317020662949
600029.SH,2025-11-25,2025-11-26,21.742595654993245,22.204355163277327,200,91.01964034701996,0.021237552112506764
600030.SH,2025-11-25,2025-11-26,19.501932840006305,19.168389194994614,200,-67.85883235403799,-0.01710310704831568
600031.SH,2025-11-25,2025-11-26,25.06407903308361,24.98394727489904,200,-17.525388473407475,-0.003197075706583773
600032.SH,2025-11-25,2025-11-26,49.24263150788049,46.29407408149688,100,-296.24456486080544,-0.05987814493447084
600033.SH,2025-11-25,2025-11-26,39.558340382304436,40.727548612850576,100,115.69899659622888,0.029556554174076516
600034.SH,2025-11-25,2025-11-26,25.895865645665605,25.540001055770535,200,-72.70531804235998,-0.01374213918022215
600035.SH,2025-11-25,2025-11-26,52.75435801854956,54.358451695266645,100,158.77861412085167,0.030406846694126223
600036.SH,2025-11-25,2025-11-26,18.721229052577215,19.143624395873186,200,83.33045119544158,0.022562372486854596
600037.SH,2025-11-25,2025-11-26,57.110417678935455,54.423015833204836,100,-270.3728750480577,-0.0470562456895117
600038.SH,2025-11-25,2025-11-26,18.638513826814535,17.42716195028468,200,-243.31600502298807,-0.0649918704777377
600039.SH,2025-11-25,2025-11-26,44.04938795967021,43.08208497063911,100,-98.02276145223004,-0.02195951030958084
600040.SH,2025-11-25,2025-11-26,21.55126144165972,23.148186555736906,200,317.99613162209334,0.07409891613073968
600041.SH,2025-11-25,2025-11-26,56.230135520539584,61.95944975344861,100,571.072639798299,0.10189045748993862
600042.SH,2025-11-25,2025-11-26,24.71447186338395,27.7537130854311,200,606.1830216243043,0.12297415210195047
600043.SH,2025-11-25,2025-11-26,10.60504979533266,10.515342736740111,400,-37.144664565427775,-0.008458900271456427
600044.SH,2025-11-25,2025-11-26,26.963073270008078,26.582055433460667,100,-38.89924531774477,-0.014131098214654546
600045.SH,2025-11-25,2025-11-26,41.50539153451473,45.73571234036971,100,421.66000921528666,0.10192219973005587
600046.SH,2025-11-25,2025-11-26,63.767021178043656,62.78354995527533,100,-100.23062877549091,-0.015422881680835873
600047.SH,2025-11-25,2025-11-26,14.39615368859108,14.678865107674694,300,83.49232786539415,0.01963798283896226
600048.SH,2025-11-25,2025-11-26,38.43152603300495,36.882227040154824,100,-156.03636609621663,-0.040313231161302046
600049.SH,2025-11-25,2025-11-26,17.08314026631315,16.04585780668015,200,-208.41924339500065,-0.06071965946907638
600050.SH,2025-11-25,2025-11-26,27.712768632007773,27.55076184853727,100,-17.02720120250615,-0.005845925595589447
000001.SZ,2025-11-26,2025-11-27,27.148941585190194,29.555831547533085,300,719.4069638635883,0.08865502011525396
000002.SZ,2025-11-26,2025-11-27,12.153659394886096,11.669685804508632,800,-389.9795968950548,-0.039821223769123136
000003.SZ,2025-11-26,2025-11-27,29.44741445026139,29.90414544426214,300,134.32792511024127,0.015510054194136431
000004.SZ,2025-11-26,2025-11-27,29.03495166126111,27.693588369376005,300,-404.9014105187762,-0.04619822714135163
000005.SZ,2025-11-26,2025-11-27,67.80895454272881,68.02275370198787,100,19.339233314845842,0.003152963509035247
000006.SZ,2025-11-26,2025-11-27,50.81796236943996,52.85446341163219,200,404.1289406337455,0.040074433275917885
000007.SZ,2025-11-26,2025-11-27,25.165001133304038,25.061671658554957,400,-44.33919049866017,-0.0041060786845080795
000008.SZ,2025-11-26,2025-11-27,43.53566754014335,42.92088585483561,200,-125.53159021283682,-0.014121333610903347
000009.SZ,2025-11-26,2025-11-27,35.61925147573257,37.199876634778974,200,313.8930392111952,0.04437558605416757
000010.SZ,2025-11-26,2025-11-27,47.5375862040179,46.56056664273771,200,-198.19754625460155,-0.02055256985676755
000011.SZ,2025-11-26,2025-11-27,16.404293961839983,16.591220950194188,600,109.16977324148866,0.011395003575834402
000012.SZ,2025-11-26,2025-11-27,39.6920716910607,39.69436654070567,200,-1.9226920634473572,5.7816323190118714e-05
000013.SZ,2025-11-26,2025-11-27,15.13907882597916,14.75291543526334,600,-234.35355920783877,-0.02550772046005542
000014.SZ,2025-11-26,2025-11-27,38.75523926337152,39.05296960660973,200,57.202890471244245,0.0076823249939163485
000015.SZ,2025-11-26,2025-11-27,42.00729502940177,40.962040891139814,200,-211.50855010585929,-0.024882681389752855
000016.SZ,2025-11-26,2025-11-27,36.093015815695026,36.356832521563014,200,50.581931222303865,0.007309356115186911
000017.SZ,2025-11-26,2025-11-27,43.55533811598025,43.46444109562483,200,-20.78727053682269,-0.002086931804165487
000018.SZ,2025-11-26,2025-11-27,57.575932737249815,58.58053741011938,100,98.70305116465352,0.017448343867117605
000019.SZ,2025-11-26,2025-11-27,14.81591721519003,15.139749286680741,600,191.57408802282407,0.021857038399128094
000020.SZ,2025-11-26,2025-11-27,16.577238445311817,16.662722001597434,500,40.24236984256822,0.005156682554071129
000021.SZ,2025-11-26,2025-11-27,53.854397540977175,54.98239004481292,100,111.14977868223014,0.02094522555892424
000022.SZ,2025-11-26,2025-11-27,18.0538352979841,17.756515344506074,500,-151.32345404068838,-0.016468520321065848
000023.SZ,2025-11-26,2025-11-27,19.67390557142501,20.891703673834872,400,484.6122365230849,0.0618991535762289
000024.SZ,2025-11-26,2025-11-27,30.249688069314146,29.751106095771124,200,-101.50146107435103,-0.016482218672819734
000025.SZ,2025-11-26,2025-11-27,23.151612778820002,23.341943706861876,300,54.99850347894426,0.008221065627704176
000026.SZ,2025-11-26,2025-11-27,27.368247532159476,28.500696142141294,300,337.169520341753,0.04137819232492388
000027.SZ,2025-11-26,2025-11-27,32.18546819425022,33.20407902809074,200,201.72992202641763,0.03164815958844709
000028.SZ,2025-11-26,2025-11-27,12.135235929418817,12.241089226636388,700,71.52667931470569,0.00872280504748627
000029.SZ,2025-11-26,2025-11-27,23.4782837756005,26.20806055262759,300,816.5743076583913,0.1162681566982326
000030.SZ,2025-11-26,2025-11-27,48.300031897146354,52.80194058741126,100,448.60681080886843,0.0932071577064711
000031.SZ,2025-11-26,2025-11-27,46.1493303337192,46.87762749390806,100,71.42338719406871,0.015781315891743843
000032.SZ,2025-11-26,2025-11-27,29.669741610977816,27.765631353091845,200,-382.48798945838007,-0.06417683992170158
000033.SZ,2025-11-26,2025-11-27,19.2295459363406,21.023422144663677,400,715.0276726718712,0.093287496972716
000034.SZ,2025-11-26,2025-11-27,30.52926136963827,30.46038499966469,200,-15.602897094696345,-0.0022560771824659525
000035.SZ,2025-11-26,2025-11-27,33.72015949093332,34.665244208828945,200,186.9370289265953,0.028027290859930235
000036.SZ,2025-11-26,2025-11-27,45.85373777104811,50.54445194013072,100,467.55508335005743,0.10229731308936632
000037.SZ,2025-11-26,2025-11-27,22.830472590011023,22.519654011698567,300,-95.27234235478954,-0.013614198176889634
000038.SZ,2025-11-26,2025-11-27,16.206775136574436,17.602223891304526,400,556.0672350250788,0.08610280225218456
000039.SZ,2025-11-26,2025-11-27,17.21044794441096,17.933696542347366,400,287.1473955894817,0.04202381020368971
000040.SZ,2025-11-26,2025-11-27,22.976463754342454,24.302325657616954,300,395.5713616731646,0.05770522032677539
000041.SZ,2025-11-26,2025-11-27,17.049095679997144,17.16008280088328,400,42.335638418348935,0.0065098538344383885
000042.SZ,2025-11-26,2025-11-27,23.92949430761462,24.436838099052846,300,150.00382200255353,0.02120160939952606
000043.SZ,2025-11-26,2025-11-27,36.00816586190048,36.20592280256995,200,37.3790327657407,0.005492002603740334
000044.SZ,2025-11-26,2025-11-27,21.26980575600367,21.53708651529844,300,78.24589000205378,0.012566205933466376
000045.SZ,2025-11-26,2025-11-27,31.640284751933226,32.038100371828264,200,77.6408379566974,0.012573073315047565
000046.SZ,2025-11-26,2025-11-27,45.19591737264527,45.37699790684413,100,16.746743482681268,0.004006568396561881
000047.SZ,2025-11-26,2025-11-27,15.256917561692807,15.45269646650297,400,76.45723834808359,0.01283214017631746
000048.SZ,2025-11-26,2025-11-27,15.617266389587158,15.825351979599658,400,81.33519376744789,0.013324072524705174
000049.SZ,2025-11-26,2025-11-27,47.06166931829449,47.65691166087087,100,58.09452690781109,0.01264813490891165
000050.SZ,2025-11-26,2025-11-27,43.96990625281177,44.48899187103703,100,50.573892066395274,0.011805474754499105
600001.SH,2025-11-26,2025-11-27,12.051638124196119,12.220727132597078,500,82.71139513059006,0.014030375510651859
600002.SH,2025-11-26,2025-11-27,49.414264865763634,50.141146515809,100,71.18393060906146,0.01470995575913099
600003.SH,2025-11-26,2025-11-27,41.13893940807669,41.84793469813154,100,69.64409096454165,0.017234165495176965
600004.SH,2025-11-26,2025-11-27,11.42021012729081,11.495616431111591,600,43.17457133486823,0.006602882344571143
600005.SH,2025-11-26,2025-11-27,43.152558158026,43.476103960475676,100,31.050297126153964,0.00749772009494419
600006.SH,2025-11-26,2025-11-27,12.37612283968475,11.473701116779765,500,-452.93191662001027,-0.07291635147732364
600007.SH,2025-11-26,2025-11-27,51.45674942566753,50.006647048670885,100,-146.5104371111247,-0.02818099458636441
600008.SH,2025-11-26,2025-11-27,26.78800524962606,26.482600712744414,200,-62.66986341909433,-0.011400794274740157
600009.SH,2025-11-26,2025-11-27,38.72921764996537,39.543292642026486,100,80.22120042685083,0.02101966012891674
600010.SH,2025-11-26,2025-11-27,18.677199764535363,18.600918925335897,300,-24.558334463119536,-0.004084168941872626
600011.SH,2025-11-26,2025-11-27,53.152935692225434,54.13268634082276,100,96.35108426950683,0.018432672360195346
600012.SH,2025-11-26,2025-11-27,43.657104756151234,44.10877946642354,100,43.844207643237496,0.010345961162453562
600013.SH,2025-11-26,2025-11-27,24.048599480219206,24.829226899267393,200,154.6357301956814,0.03246041083141993
600014.SH,2025-11-26,2025-11-27,10.066495576387853,10.374863959079304,600,183.15355410223674,0.030633141429552292
600015.SH,2025-11-26,2025-11-27,27.717130884276415,28.48387802112208,200,151.6403946878654,0.027663293868581185
600016.SH,2025-11-26,2025-11-27,23.67389876643431,23.77196703028267,200,18.187334747855857,0.0041424635973947
600017.SH,2025-11-26,2025-11-27,15.578644871001705,15.248479939630705,400,-133.89579014115498,-0.02119343075761186
600018.SH,2025-11-26,2025-11-27,58.29729123211917,57.08604903091433,100,-122.83680159141113,-0.020776989386729863
600019.SH,2025-11-26,2025-11-27,40.53838789898579,46.33257293629672,100,578.0285265430043,0.14293082033131105
600020.SH,2025-11-26,2025-11-27,33.20024111472328,33.66191880615918,100,45.157911579404754,0.01390585357017649
600021.SH,2025-11-26,2025-11-27,19.235217902941212,19.48650838505605,300,73.63335887979702,0.01306408294321508
600022.SH,2025-11-26,2025-11-27,23.041195294441966,21.970740737023476,200,-215.40915592792044,-0.04645829106256074
600023.SH,2025-11-26,2025-11-27,19.085822345124296,18.734036729244128,300,-107.22174806968178,-0.018431776714616422
600024.SH,2025-11-26,2025-11-27,30.562537537859622,31.451774173782074,100,87.98011036703201,0.02909564151278018
600025.SH,2025-11-26,2025-11-27,47.43500386865349,47.78929722965334,100,33.99565718309623,0.007469027766517843
600026.SH,2025-11-26,2025-11-27,25.345630473982524,25.74508053495907,200,78.34530736321176,0.015760115392930665
600027.SH,2025-11-26,2025-11-27,52.60456135581902,48.526297040459504,100,-409.28222044716586,-0.07752681916258178
600028.SH,2025-11-26,2025-11-27,53.19613157153264,52.09074859325052,100,-112.10102028600977,-0.02077938650098491
600029.SH,2025-11-26,2025-11-27,21.527374740397015,21.59846118067986,200,12.921380385728298,0.0033021416285120685
600030.SH,2025-11-26,2025-11-27,19.167446455366154,19.122492975709378,200,-10.138045509897438,-0.0023453035208135845
600031.SH,2025-11-26,2025-11-27,25.157474773258887,24.002822632131323,200,-232.37059758344003,-0.04589698097819022
600032.SH,2025-11-26,2025-11-27,46.31717769022551,45.16086889727468,100,-116.98570536200168,-0.024965009756949236
600033.SH,2025-11-26,2025-11-27,41.02517036857449,40.809263924249095,100,-22.814922350266897,-0.005262779956443123
600034.SH,2025-11-26,2025-11-27,25.29344108595234,25.31835065804127,200,3.4628133783025987,0.0009848233778977976
600035.SH,2025-11-26,2025-11-27,54.10313888151924,54.70534870563144,100,58.579821950051155,0.011130774231620394
600036.SH,2025-11-26,2025-11-27,18.471992769624432,18.7262530405413,200,49.728479000941206,0.01376463677134924
600037.SH,2025-11-26,2025-11-27,55.9556802987368,57.25719347880842,100,128.43360220279828,0.023259715065978705
600038.SH,2025-11-26,2025-11-27,18.12297216649774,17.957070104252185,200,-34.257836655365736,-0.009154241408163798
600039.SH,2025-11-26,2025-11-27,43.923377684477046,42.995437084945564,100,-94.08392306569658,-0.021126348847698595
600040.SH,2025-11-26,2025-11-27,23.59863127861739,23.56947005765778,200,-7.246412395381412,-0.0012357166233632798
600041.SH,2025-11-26,2025-11-27,56.59529030384678,62.03255725002101,100,541.8657178999229,0.09607278126824371
600042.SH,2025-11-26,2025-11-27,25.350926377331472,28.475138274977795,200,623.1338712327661,0.12323856931871174
600043.SH,2025-11-26,2025-11-27,10.361789851109858,10.605049127014649,400,96.03110446667415,0.0234765691449277
600044.SH,2025-11-26,2025-11-27,26.70871353904302,26.362686958753393,100,-35.393538637725214,-0.01295556896755074
600045.SH,2025-11-26,2025-11-27,45.448403730293634,45.65606556365017,100,19.396501368744794,0.004569177711694244
600046.SH,2025-11-26,2025-11-27,64.18740289906012,59.981421595827456,100,-422.3975729711401,-0.06552658486349584
600047.SH,2025-11-26,2025-11-27,14.604922789459849,16.07335729290379,300,439.0837488768211,0.10054380462070556
600048.SH,2025-11-26,2025-11-27,37.89856836164151,38.189952062788265,100,27.992671552791762,0.00768851473138168
600049.SH,2025-11-26,2025-11-27,16.231347547190886,15.641762125825023,300,-178.28338500108384,-0.03632387388981148
600050.SH,2025-11-26,2025-11-27,27.872657127250175,26.869081966957328,100,-101.1635884882935,-0.03600572258723352
000001.SZ,2025-11-27,2025-11-28,26.99702584933182,30.41238377690828,400,1362.493684977353,0.12650867346045042
000002.SZ,2025-11-27,2025-11-28,11.911188312018695,11.664077225255266,900,-225.5492789379041,-0.020746132148216256
000003.SZ,2025-11-27,2025-11-28,29.136093739566714,29.582002539958363,300,131.11025988889924,0.015304343965166015
000004.SZ,2025-11-27,2025-11-28,28.296573143709953,28.745276907060504,300,132.02405408353115,0.015857176806241404
000005.SZ,2025-11-27,2025-11-28,67.90489254055555,74.48491530367671,100,655.7677288530067,0.09690056956045263
000006.SZ,2025-11-27,2025-11-28,52.20852194681974,52.28992847473182,200,13.143909873933808,0.0015592574713187346
000007.SZ,2025-11-27,2025-11-28,25.018314750181133,25.04642820363646,400,8.239809997694465,0.0011237149158946633
000008.SZ,2025-11-27,2025-11-28,43.34778365616068,42.636490170479966,200,-144.8168865463722,-0.016408993163820555
000009.SZ,2025-11-27,2025-11-28,36.37673714574925,37.04499952377179,200,131.4297756330816,0.01837059699293642
000010.SZ,2025-11-27,2025-11-28,47.59475369574374,46.59244065280757,200,-203.25815502640398,-0.021059317784132305
000011.SZ,2025-11-27,2025-11-28,16.254195086424073,16.390262976808057,600,78.69048689456395,0.008371247524747103
000012.SZ,2025-11-27,2025-11-28,39.583000694614874,40.08347706464877,200,97.69026538290018,0.012643719810306906
000013.SZ,2025-11-27,2025-11-28,14.584647093358168,14.950786674279671,600,216.99260695153134,0.02510445255053466
000014.SZ,2025-11-27,2025-11-28,39.2656433921875,38.650259594567736,200,-125.39577509962601,-0.015672321766723007
000015.SZ,2025-11-27,2025-11-28,41.393556623936256,41.91243227927054,200,101.26038513010099,0.012535179328713177
000016.SZ,2025-11-27,2025-11-28,35.935406917031685,34.82254257530694,200,-224.66222089946768,-0.03096846361846259
000017.SZ,2025-11-27,2025-11-28,43.134138751335506,42.603157694905285,200,-108.75240074773865,-0.012309995558072457
000018.SZ,2025-11-27,2025-11-28,57.37630304000734,57.090603376771526,100,-30.282684424884792,-0.004979401740760552
000019.SZ,2025-11-27,2025-11-28,14.910890548951588,15.004787826976695,600,53.63750500620699,0.006297228037242158
000020.SZ,2025-11-27,2025-11-28,16.54988252180532,16.94348049426116,500,194.25746415377944,0.023782523648566964
000021.SZ,2025-11-27,2025-11-28,53.07762212852645,55.52282530814136,100,242.854633202247,0.046068438666937536
000022.SZ,2025-11-27,2025-11-28,17.99647979108193,17.75807588043247,500,-121.86566670679531,-0.013247252430311381
000023.SZ,2025-11-27,2025-11-28,19.082997655201368,20.319044601004187,400,491.9804929690072,0.06477215834410142
000024.SZ,2025-11-27,2025-11-28,30.61519666569368,30.01786312090015,200,-121.26778074596041,-0.019511014458479147
000025.SZ,2025-11-27,2025-11-28,23.504240929740508,24.073345476419757,300,168.56476291089712,0.02421284517889478
000026.SZ,2025-11-27,2025-11-28,27.781803909990874,31.208262275644714,300,1025.128766091344,0.12333462494930429
000027.SZ,2025-11-27,2025-11-28,33.39390771408523,33.16748775935641,200,-47.27404021132497,-0.006780277308885202
000028.SZ,2025-11-27,2025-11-28,12.111991377489067,12.704304754895324,700,411.95146018585183,0.04890305474516021
000029.SZ,2025-11-27,2025-11-28,23.93908921365456,26.587578410232364,300,792.1538769164199,0.11063450129368903
000030.SZ,2025-11-27,2025-11-28,48.23059546271522,52.7101081727468,100,446.36996775797616,0.09287699368120961
000031.SZ,2025-11-27,2025-11-28,46.97148363063776,48.07287911727195,100,108.69736228990041,0.023448173263911756
000032.SZ,2025-11-27,2025-11-28,28.94858810906304,28.153198412306818,200,-160.76713125598235,-0.027475940925326348
000033.SZ,2025-11-27,2025-11-28,19.20331255671516,20.217628223678908,400,403.30015139865736,0.05281982803581732
000034.SZ,2025-11-27,2025-11-28,30.89228751760422,29.613504178424286,200,-257.5334780866924,-0.041394906040907765
000035.SZ,2025-11-27,2025-11-28,34.25053721846561,35.89796057438783,200,327.3307935499806,0.0480991975516822
000036.SZ,2025-11-27,2025-11-28,50.20984285929767,50.92159448453256,100,69.64751468895338,0.014175539788670932
000037.SZ,2025-11-27,2025-11-28,22.439735273462933,22.38624228631766,300,-18.062657949350978,-0.002383851079051406
000038.SZ,2025-11-27,2025-11-28,16.078305651289927,18.038703894481024,500,977.493316011376,0.12192816119488428
000039.SZ,2025-11-27,2025-11-28,17.608385149941657,18.24713405727869,400,253.3099068479396,0.03627526896406785
000040.SZ,2025-11-27,2025-11-28,23.832330418934255,23.951216929611025,300,33.51034367936609,0.0049884551190309675
000041.SZ,2025-11-27,2025-11-28,16.733620699347913,17.14163976392497,400,161.15062905915147,0.024383190697812206
000042.SZ,2025-11-27,2025-11-28,24.17016194397286,24.518200325891456,300,102.20487654624867,0.014399505585662121
000043.SZ,2025-11-27,2025-11-28,35.99665352004556,35.03168751928905,200,-195.09510140245857,-0.02680710306082059
000044.SZ,2025-11-27,2025-11-28,21.576956925216734,21.57112638081033,300,-3.690564696193178,-0.00027022088548500883
000045.SZ,2025-11-27,2025-11-28,31.686182750298503,31.705052601800567,200,1.8716671443044106,0.0005955230281529014
000046.SZ,2025-11-27,2025-11-28,45.56071132462715,49.687812707994325,100,411.2195039554781,0.0905846564589595
000047.SZ,2025-11-27,2025-11-28,15.637746871271922,15.11129544923953,400,-212.39392426686663,-0.033665426762952394
000048.SZ,2025-11-27,2025-11-28,15.730080544831699,15.892037884659025,400,62.87589138477142,0.010296027370345498
000049.SZ,2025-11-27,2025-11-28,45.683922506690614,47.440909173392015,100,174.27543939493808,0.0384596280331244
000050.SZ,2025-11-27,2025-11-28,43.71182066807085,45.28376939396428,100,155.8363595075234,0.03596163925154581
600001.SH,2025-11-27,2025-11-28,12.118184596661019,11.828114570412245,500,-146.80923030994836,-0.023936755867599035
600002.SH,2025-11-27,2025-11-28,48.91588978037621,50.38554767348541,100,145.45422288071586,0.03004459082125885
600003.SH,2025-11-27,2025-11-28,41.494889796429135,41.02806066456516,100,-47.91375500633421,-0.011250280074346596
600004.SH,2025-11-27,2025-11-28,11.464859655397944,11.598689439590759,600,78.21010641656176,0.011673041643366631
600005.SH,2025-11-27,2025-11-28,43.516773469606974,44.967972307268354,100,143.77084459691923,0.0333480339178852
600006.SH,2025-11-27,2025-11-28,11.947666183348227,11.329155900601592,500,-310.95451475840764,-0.05176829292474453
600007.SH,2025-11-27,2025-11-28,50.33033237147159,49.49887907212447,100,-84.63029630687652,-0.016519924669093022
600008.SH,2025-11-27,2025-11-28,26.405338004026607,25.91637380230423,200,-99.34782277261365,-0.01851762706645964
600009.SH,2025-11-27,2025-11-28,38.87285727455329,40.455249721428544,100,157.0255871958825,0.040706872553747414
600010.SH,2025-11-27,2025-11-28,19.009727384081696,18.66016371874412,300,-106.54851433596014,-0.018388673244745916
600011.SH,2025-11-27,2025-11-28,54.27329005072305,54.29578953848602,100,0.6210750901436768,0.0004145591273708203
600012.SH,2025-11-27,2025-11-28,43.78752522401132,43.81040964256881,100,0.974129566472584,0.000522624159287716
600013.SH,2025-11-27,2025-11-28,24.587722101100884,25.593337914924902,200,199.5875624899072,0.04089910442655415
600014.SH,2025-11-27,2025-11-28,10.114230309675525,10.651137344646958,600,320.2270162608238,0.053084319669665266
600015.SH,2025-11-27,2025-11-28,28.19918836890115,28.407423576488537,200,39.942596102888274,0.007384439752777893
600016.SH,2025-11-27,2025-11-28,23.558329070797207,23.650679987709555,200,17.051142583206456,0.003920096227318014
600017.SH,2025-11-27,2025-11-28,15.538866579333696,16.69708553389562,400,461.2839315607016,0.07453690065801366
600018.SH,2025-11-27,2025-11-28,56.727328888262726,58.40599170760721,100,166.11410218321998,0.02959178322411384
600019.SH,2025-11-27,2025-11-28,44.38953474938944,46.521297373278564,100,211.78062346771458,0.04802399114846422
600020.SH,2025-11-27,2025-11-28,34.14070092648347,33.783183696882006,100,-36.765218471052776,-0.010471877257919189
600021.SH,2025-11-27,2025-11-28,19.51597705627817,20.383004906026475,300,258.27388448294914,0.0444265663588381
600022.SH,2025-11-27,2025-11-28,22.859617451076303,21.538534444983398,200,-265.50891328527996,-0.05779112484801029
600023.SH,2025-11-27,2025-11-28,18.856468641501763,19.0824420827893,300,66.07461259880984,0.011983868537833451
600024.SH,2025-11-27,2025-11-28,31.1279494100424,31.207608459348783,100,7.029676676857889,0.002559084386094611
600025.SH,2025-11-27,2025-11-28,47.155588813294386,47.08813397976845,100,-8.158127371986666,-0.0014304737831397555
600026.SH,2025-11-27,2025-11-28,25.526440978162128,25.45186064696865,200,-16.443177877513335,-0.0029216893674006753
600027.SH,2025-11-27,2025-11-28,50.3926287288016,48.83376402683592,100,-157.35148311737248,-0.030934379517191475
600028.SH,2025-11-27,2025-11-28,52.89217526279814,52.43872123176955,100,-46.9185647398117,-0.00857317795639103
600029.SH,2025-11-27,2025-11-28,22.2087964784415,23.650314992844443,200,286.8846839810176,0.06490754759278618
600030.SH,2025-11-27,2025-11-28,19.172223256239736,18.99183602192017,200,-37.21695702522811,-0.009408780187287667
600031.SH,2025-11-27,2025-11-28,24.98894456408294,23.787483225837036,200,-241.71951664273092,-0.04807971521825634
600032.SH,2025-11-27,2025-11-28,46.303333822287264,44.44983216584161,100,-186.6836606095403,-0.040029550864726336
600033.SH,2025-11-27,2025-11-28,40.73569493720559,39.946041663466666,100,-80.16370862379563,-0.019384799374508717
600034.SH,2025-11-27,2025-11-28,25.545109566832796,25.36810800225959,200,-36.92239939477804,-0.006928980441838524
600035.SH,2025-11-27,2025-11-28,54.369324472883456,55.84227431734504,100,145.61971621663815,0.027091560521341606
600036.SH,2025-11-27,2025-11-28,19.14745350366314,18.018819667893286,200,-226.80789633404447,-0.05894433092911977
600037.SH,2025-11-27,2025-11-28,54.433901524940644,57.319951649853905,100,286.88541394182994,0.05301935088358354
600038.SH,2025-11-27,2025-11-28,17.430647731252837,17.795116864986213,300,107.73917960216386,0.02090967239730796
600039.SH,2025-11-27,2025-11-28,43.09070224936111,42.44272090602727,100,-66.07141596056499,-0.015037613905293146
600040.SH,2025-11-27,2025-11-28,23.152816656058086,24.209288315872705,200,209.8417746639716,0.04563037299127864
600041.SH,2025-11-27,2025-11-28,61.971842882712224,61.169885192866786,100,-82.03086554032961,-0.012940678420088635
600042.SH,2025-11-27,2025-11-28,27.759264383177964,28.01730732002855,100,24.96377446545739,0.009295741172700505
600043.SH,2025-11-27,2025-11-28,10.517446015615347,10.732637113521653,400,84.78852270890002,0.02046039481322841
600044.SH,2025-11-27,2025-11-28,26.58737237624164,27.058716640559112,100,46.3226649325311,0.01772812512825315
600045.SH,2025-11-27,2025-11-28,45.744860397643514,44.85737083096293,100,-90.09467779298757,-0.019400858565660928
600046.SH,2025-11-27,2025-11-28,62.79610792106297,58.328494913678846,100,-448.51115558582296,-0.07114474376342048
600047.SH,2025-11-27,2025-11-28,14.681801174302892,15.849915439345509,300,349.00778712324427,0.07956205449009425
600048.SH,2025-11-27,2025-11-28,36.88960422328116,37.53140973369958,100,63.054608749831004,0.01739800477483508
600049.SH,2025-11-27,2025-11-28,16.049067299190735,15.568872189942123,300,-145.4597312716778,-0.029920437137977835
600050.SH,2025-11-27,2025-11-28,27.556272551977322,27.769768628517504,100,20.51651459516279,0.0077476398935117175
000001.SZ,2025-11-28,2025-12-01,29.561743305018343,30.161175941638962,300,177.11528515143982,0.02027731011786646
000002.SZ,2025-11-28,2025-12-01,11.672019975086592,12.772164561654517,900,986.6816434794873,0.09425485810649184
000003.SZ,2025-11-28,2025-12-01,29.910126871493716,29.34070198653877,300,-173.46812866527216,-0.019037862574151878
000004.SZ,2025-11-28,2025-12-01,27.699127640977043,28.64605236541988,300,281.49927261996345,0.034186084728603246
000005.SZ,2025-11-28,2025-12-01,68.03635961331939,73.95532111527444,100,589.6774905620468,0.08699703416812891
000006.SZ,2025-11-28,2025-12-01,52.865035361509506,52.60919879283382,100,-27.161932831353624,-0.004839428687149899
000007.SZ,2025-11-28,2025-12-01,25.066684494170232,24.704283705697268,400,-147.92482943386858,-0.014457467981345838
000008.SZ,2025-11-28,2025-12-01,42.92947089051014,40.703599148146694,200,-447.6165644215771,-0.05184950329437882
000009.SZ,2025-11-28,2025-12-01,37.207317354177874,35.95974084106819,200,-251.67288707240186,-0.033530407506511595
000010.SZ,2025-11-28,2025-12-01,46.569879687370715,46.52860111133011,200,-11.047431274801056,-0.0008863792717033397
000011.SZ,2025-11-28,2025-12-01,16.594539526241828,16.572156326581556,600,-16.412907934947725,-0.001348829211252061
000012.SZ,2025-11-28,2025-12-01,39.70230620798054,40.62786077701207,200,182.67324215968438,0.023312362868368602
000013.SZ,2025-11-28,2025-12-01,14.755866313438208,14.644884953779673,600,-69.22489508679973,-0.007521168686481234
000014.SZ,2025-11-28,2025-12-01,39.06078098166855,37.55001789702425,200,-304.4056180026828,-0.03867723703100849
000015.SZ,2025-11-28,2025-12-01,40.970234118640796,42.918663571466276,200,387.110770750809,0.04755719596776664
000016.SZ,2025-11-28,2025-12-01,36.364104615276695,34.885341650779374,200,-297.8457133985112,-0.04066545787782403
000017.SZ,2025-11-28,2025-12-01,43.47313485321971,43.15593138840542,200,-66.03004884616166,-0.007296539940937764
000018.SZ,2025-11-28,2025-12-01,58.59225468932933,58.50909408900125,100,-10.071332855477522,-0.0014193104663579922
000019.SZ,2025-11-28,2025-12-01,15.142777539363346,15.503046881452528,600,213.371056814849,0.02379149671535949
000020.SZ,2025-11-28,2025-12-01,16.66605487928552,17.136307171945468,500,232.55570025418092,0.02821617329752284
000021.SZ,2025-11-28,2025-12-01,54.99338762257966,55.44286175085283,100,43.284126974791434,0.008173239505773195
000022.SZ,2025-11-28,2025-12-01,17.7600670027408,17.66329596181056,500,-51.035014859389776,-0.005448799315639128
000023.SZ,2025-11-28,2025-12-01,20.8958824324455,20.70606438632465,400,-78.41194617470137,-0.009083992826554057
000024.SZ,2025-11-28,2025-12-01,29.757056912071906,29.840624820638745,300,22.384716336193378,0.0028083391719070224
000025.SZ,2025-11-28,2025-12-01,23.346612562488808,23.242933104981994,300,-33.19570123149242,-0.0044408779744517166
000026.SZ,2025-11-28,2025-12-01,28.50639685144065,30.519984360069532,300,601.329453996259,0.07063633889342708
000027.SZ,2025-11-28,2025-12-01,33.21072050804435,34.170502119038865,200,189.9060920717593,0.028899752739842896
000028.SZ,2025-11-28,2025-12-01,12.243537689327985,12.762174622868788,700,360.3657968077605,0.04236005529618044
000029.SZ,2025-11-28,2025-12-01,26.213302688951746,27.48671306566972,300,379.54930883948145,0.048578784284770166
000030.SZ,2025-11-28,2025-12-01,52.81250203167317,52.739641380551355,100,-8.868254353597877,-0.0013796099089968886
000031.SZ,2025-11-28,2025-12-01,46.887003957053146,48.48406352533947,100,158.25143492287225,0.03406188140639519
000032.SZ,2025-11-28,2025-12-01,27.771185034730625,27.959339920366627,300,53.9301250979679,0.00677518389657108
000033.SZ,2025-11-28,2025-12-01,21.0276272496031,20.36122962626547,400,-269.0023968902051,-0.03169152731439106
000034.SZ,2025-11-28,2025-12-01,30.46647768593325,30.142102211385417,200,-66.6836210422498,-0.01064696345575912
000035.SZ,2025-11-28,2025-12-01,34.67217795104494,39.30826682895468,200,924.8592795722116,0.13371207555682327
000036.SZ,2025-11-28,2025-12-01,50.55456184150888,50.6605589072458,100,9.079889806475876,0.0020966864685570455
000037.SZ,2025-11-28,2025-12-01,22.524158392939032,22.133047333641038,300,-119.32529204942603,-0.017364069834484987
000038.SZ,2025-11-28,2025-12-01,17.605744688162474,17.692207553250842,400,32.462081128956925,0.00491105980575209
000039.SZ,2025-11-28,2025-12-01,17.93728364036564,18.899489327318662,400,382.61433606193077,0.053642775921081964
000040.SZ,2025-11-28,2025-12-01,24.3071866088436,23.682520110987465,300,-189.53137616682943,-0.025698839931926388
000041.SZ,2025-11-28,2025-12-01,17.163515160679438,17.416155572255942,400,98.96622596193083,0.014719619449242407
000042.SZ,2025-11-28,2025-12-01,24.4417259554583,25.332065395299473,300,264.8219460667751,0.03642702816747458
000043.SZ,2025-11-28,2025-12-01,36.21316471132133,33.9380165035378,200,-457.06592254691896,-0.06282655012121187
000044.SZ,2025-11-28,2025-12-01,21.54139436338631,22.579576670129345,300,309.4225301225988,0.048194758854961744
000045.SZ,2025-11-28,2025-12-01,32.04450863272872,31.958278261053817,200,-19.16357103064456,-0.002690956277820191
000046.SZ,2025-11-28,2025-12-01,45.386074214056215,50.209330703681054,100,480.81936904137365,0.10627172702527025
000047.SZ,2025-11-28,2025-12-01,15.455787314881109,15.359354857191548,400,-40.41610565868723,-0.006239245903488468
000048.SZ,2025-11-28,2025-12-01,15.82851736653427,15.347836583611166,400,-194.1140535592749,-0.030368023219874765
000049.SZ,2025-11-28,2025-12-01,47.66644399643659,46.436584578641444,100,-124.3790393168747,-0.025801367055765436
000050.SZ,2025-11-28,2025-12-01,44.497890559280066,45.890365741212364,100,137.8708072209929,0.03129306051209873
600001.SH,2025-11-28,2025-12-01,12.223171522462584,11.55586489516765,500,-335.3866933817426,-0.05459357467647585
600002.SH,2025-11-28,2025-12-01,50.151175748035385,49.45047154637285,100,-71.55393431264383,-0.01397183996608457
600003.SH,2025-11-28,2025-12-01,41.85630512211357,40.81481409186811,100,-105.37354744730237,-0.024882536267999883
600004.SH,2025-11-28,2025-12-01,11.497915784333136,11.38137525246702,600,-71.97296666511374,-0.010135796265346827
600005.SH,2025-11-28,2025-12-01,43.48480005087681,43.59719365851122,100,9.931444953685968,0.002584664239065537
600006.SH,2025-11-28,2025-12-01,11.475996086500093,12.405425711158744,600,555.4247981671824,0.08098901547657332
600007.SH,2025-11-28,2025-12-01,50.01664937831359,51.25606443478528,100,122.40382371412579,0.02478004968099848
600008.SH,2025-11-28,2025-12-01,26.48789776259195,26.541818529003205,200,9.191644170510699,0.0020356755713323025
600009.SH,2025-11-28,2025-12-01,39.55120209149983,44.29849844496425,100,473.4006803930929,0.12002912939237032
600010.SH,2025-11-28,2025-12-01,18.604639481176548,20.432879272024806,300,546.6329781199947,0.09826795045923895
600011.SH,2025-11-28,2025-12-01,54.14351396085293,53.546921457943476,100,-61.265657934683986,-0.011018725222393265
600012.SH,2025-11-28,2025-12-01,44.11760210458064,44.022443313350315,100,-10.83655242243276,-0.0021569347990571136
600013.SH,2025-11-28,2025-12-01,24.83419324128145,25.591633153028273,200,149.952484360183,0.03049987991910051
600014.SH,2025-11-28,2025-12-01,10.37693913938915,10.714473114772092,600,200.5917800691068,0.032527315699647855
600015.SH,2025-11-28,2025-12-01,28.48957536646084,29.483897647294302,200,197.0954223078552,0.03490126714924719
600016.SH,2025-11-28,2025-12-01,23.776721899175616,23.90870696634434,200,24.96249101576359,0.005551020352107509
600017.SH,2025-11-28,2025-12-01,15.251529940618731,16.730827762985996,400,589.7114296153477,0.09699340512898419
600018.SH,2025-11-28,2025-12-01,57.09746738255567,60.546607049079626,100,343.0975684409241,0.06040792743773659
600019.SH,2025-11-28,2025-12-01,46.34184037762811,45.60421469781292,100,-75.13069442245342,-0.015917056245597083
600020.SH,2025-11-28,2025-12-01,33.66865186322612,33.35825756203343,100,-32.04017784612961,-0.009219089093724866
600021.SH,2025-11-28,2025-12-01,19.490406076502207,20.39706125113319,300,270.1608168766934,0.04651802384579637
600022.SH,2025-11-28,2025-12-01,21.97513532462964,21.34100169930116,200,-128.10718516765428,-0.028856870092524366
600023.SH,2025-11-28,2025-12-01,18.73778391130818,19.174684994427782,300,129.34460328638215,0.0233165824297895
600024.SH,2025-11-28,2025-12-01,31.45806515771522,30.599188290394398,100,-86.80566238079427,-0.02730227885964501
600025.SH,2025-11-28,2025-12-01,47.79885604498081,46.94404793986529,100,-86.88913194974793,-0.017883442739949778
600026.SH,2025-11-28,2025-12-01,25.750230066019167,25.536721154417144,200,-44.23398558966892,-0.008291534135991136
600027.SH,2025-11-28,2025-12-01,48.5360032704906,48.07336376912455,100,-47.70615104967965,-0.009531882936214809
600028.SH,2025-11-28,2025-12-01,52.101167784888325,55.03755102172411,100,291.98719715292737,0.056359259526759985
600029.SH,2025-11-28,2025-12-01,21.602781304928417,24.38791638043443,200,555.5637401183767,0.1289248377879295
600030.SH,2025-11-28,2025-12-01,19.126317856792625,18.434628876589045,300,-209.16581065996706,-0.036164252073115556
600031.SH,2025-11-28,2025-12-01,24.00762367676221,23.160769150642686,200,-170.76055137294316,-0.03527440022892496
600032.SH,2025-11-28,2025-12-01,45.16990197436185,43.1550658863565,100,-202.77826077712507,-0.04460572195062443
600033.SH,2025-11-28,2025-12-01,40.81742659330085,39.403583365325346,100,-142.5664302985101,-0.03463822553202195
600034.SH,2025-11-28,2025-12-01,25.32341483459053,25.448489485339845,200,23.488020780742772,0.004939091017790763
600035.SH,2025-11-28,2025-12-01,54.71629086958896,56.04608299134302,100,131.29782968566633,0.024303403988466483
600036.SH,2025-11-28,2025-12-01,18.729998665711925,17.622402634953485,200,-222.5765503097855,-0.059134869709631166
600037.SH,2025-11-28,2025-12-01,57.26864606276257,57.87241272196355,100,58.64049353843802,0.010542708806827578
600038.SH,2025-11-28,2025-12-01,17.960661877450352,17.93391721602136,300,-9.637450978139896,-0.001489068811131639
600039.SH,2025-11-28,2025-12-01,43.00403703235729,42.43800534677221,100,-57.87630871891179,-0.013162291836907888
600040.SH,2025-11-28,2025-12-01,23.574184423105855,23.752981796807628,200,34.33429583254656,0.007584456390632441
600041.SH,2025-11-28,2025-12-01,62.04496500224624,58.61958597628514,100,-344.2964901753985,-0.05520800964005845
600042.SH,2025-11-28,2025-12-01,28.480833872192513,28.806962189924842,100,31.748622907535264,0.011450799481357458
600043.SH,2025-11-28,2025-12-01,10.607170348962246,10.65095020532773,400,16.233828521553733,0.004127383168666401
600044.SH,2025-11-28,2025-12-01,26.367960023451616,25.980923352062888,100,-39.48309483943467,-0.014678294075252623
600045.SH,2025-11-28,2025-12-01,45.66519768997553,49.118821059904406,100,343.88877236109056,0.075629221915906
600046.SH,2025-11-28,2025-12-01,59.99341907989502,54.90383842634664,100,-510.6051805076286,-0.08483564916962702
600047.SH,2025-11-28,2025-12-01,16.07657228586167,15.684716294707576,300,-118.96842181275224,-0.024374349468680345
600048.SH,2025-11-28,2025-12-01,38.19759081707625,37.00066614845205,100,-120.80248684687376,-0.03133508273744618
600049.SH,2025-11-28,2025-12-01,15.644890791116717,15.672214091734608,300,6.786490917111223,0.0017464679672551588
600050.SH,2025-11-28,2025-12-01,26.8744563207861,28.351026285556156,100,146.80646568843895,0.0549432497217814
000001.SZ,2025-12-01,2025-12-02,30.418466861972163,30.730462011867207,300,90.83280338744589,0.010256767749366296
000002.SZ,2025-12-01,2025-12-02,11.666410274005191,12.485421786591672,900,733.7392974454542,0.07020252959999039
000003.SZ,2025-12-01,2025-12-02,29.587919532165575,29.46824954488,300,-38.553138644711,-0.004044555655745938
000004.SZ,2025-12-01,2025-12-02,28.75102653740495,29.74010460461786,300,294.046810749458,0.03440148705390127
000005.SZ,2025-12-01,2025-12-02,74.49981377658473,72.963609314679,100,-155.8093544700132,-0.02062024566279593
000006.SZ,2025-12-01,2025-12-02,52.300387506329926,52.46183005845697,200,29.1408006219026,0.003086832809938598
000007.SZ,2025-12-01,2025-12-02,25.05143799025585,23.90941614268823,400,-459.67786896417056,-0.04558707759657656
000008.SZ,2025-12-01,2025-12-02,42.64501832132914,39.05279477301341,200,-720.7878773495277,-0.08423547907163306
000009.SZ,2025-12-01,2025-12-02,37.052409264650635,35.79104129119379,200,-254.42105716883998,-0.034042805811827025
000010.SZ,2025-12-01,2025-12-02,46.60176007288014,45.21049928578795,200,-280.96478737558573,-0.029854254107922338
000011.SZ,2025-12-01,2025-12-02,16.393541357241464,16.445808062618564,600,28.39977777499007,0.003188249825838431
000012.SZ,2025-12-01,2025-12-02,40.09149456181141,44.48750755082821,200,876.5333473503115,0.10964951636410591
000013.SZ,2025-12-01,2025-12-02,14.953777130660166,14.828569340229423,600,-77.79381673968601,-0.008372987596158935
000014.SZ,2025-12-01,2025-12-02,38.65799041956915,37.295546236015596,200,-274.7265694848711,-0.03524353358171123
000015.SZ,2025-12-01,2025-12-02,41.920815604058866,43.135657802645554,200,240.38030024918044,0.028979450449171697
000016.SZ,2025-12-01,2025-12-02,34.82950778034251,35.09180925159691,200,50.354785695782994,0.007531012867268745
000017.SZ,2025-12-01,2025-12-02,42.61167917859263,42.75492691525792,200,26.084251718142696,0.003361701285342746
000018.SZ,2025-12-01,2025-12-02,57.10202263937313,58.21154421815026,100,109.20581155116724,0.019430512747057867
000019.SZ,2025-12-01,2025-12-02,15.00778908466786,15.812964934132781,600,480.25917599081004,0.05365053072923974
000020.SZ,2025-12-01,2025-12-02,16.94686952926351,16.939907659693134,500,-6.021920934141235,-0.00041080563925707
000021.SZ,2025-12-01,2025-12-02,55.53393098377055,53.65726056626902,100,-189.2767595671421,-0.033793221265931664
000022.SZ,2025-12-01,2025-12-02,17.761627850805596,17.66577930878347,500,-50.574137907380646,-0.005396382743025314
000023.SZ,2025-12-01,2025-12-02,20.323108816345922,20.088427287693925,400,-96.28322273532103,-0.011547521138264146
000024.SZ,2025-12-01,2025-12-02,30.02386729394163,32.675484178599426,300,792.5442718212635,0.08831696658853977
000025.SZ,2025-12-01,2025-12-02,24.078160627030105,23.78594845862174,300,-89.80438588378547,-0.01213598384588932
000026.SZ,2025-12-01,2025-12-02,31.21450455232751,30.955838375712876,200,-53.59058562547034,-0.008286730169976322
000027.SZ,2025-12-01,2025-12-02,33.174121920324374,34.64588478906019,200,292.27382065981965,0.044364787477136784
000028.SZ,2025-12-01,2025-12-02,12.706845869957808,12.781954041173572,600,42.764151002046674,0.005910843019929769
000029.SZ,2025-12-01,2025-12-02,26.59289645771916,27.29696790240269,300,208.76470629384312,0.026475921711008647
000030.SZ,2025-12-01,2025-12-02,52.72065124868894,53.5589297021963,100,82.2210774596706,0.01590038122922866
000031.SZ,2025-12-01,2025-12-02,48.08249465464914,50.779313351873164,100,268.15849032184633,0.05608732900806899
000032.SZ,2025-12-01,2025-12-02,28.158829615109557,27.64764827051484,300,-155.84269172276254,-0.018153501107177637
000033.SZ,2025-12-01,2025-12-02,20.221672153716646,20.6343903698992,400,162.6111596286346,0.020409697726540325
000034.SZ,2025-12-01,2025-12-02,29.619427471589283,30.332027714996798,200,140.70012701860287,0.0240585421204051
000035.SZ,2025-12-01,2025-12-02,35.90514088453373,38.2948254513497,200,475.63922383611316,0.06655549896046609
000036.SZ,2025-12-01,2025-12-02,50.931779821963204,48.79016446476452,100,-215.62524065381058,-0.04204870445692056
000037.SZ,2025-12-01,2025-12-02,22.390719982544546,22.548897483098195,300,45.42384939261592,0.007064422255155763
000038.SZ,2025-12-01,2025-12-02,18.042311996070076,17.39025695678543,400,-262.90884654867295,-0.03614032610824356
000039.SZ,2025-12-01,2025-12-02,18.250783849069325,18.124054814154622,400,-52.866500543580514,-0.006943758468826839
000040.SZ,2025-12-01,2025-12-02,23.956007652069193,23.513549870735247,300,-134.85355388854987,-0.018469595926002676
000041.SZ,2025-12-01,2025-12-02,17.145068434744836,16.924021034625675,400,-90.44984257181932,-0.012892768609264004
000042.SZ,2025-12-01,2025-12-02,24.52310445636968,25.938401501566428,300,422.25465742388315,0.05771280091045473
000043.SZ,2025-12-01,2025-12-02,35.038694557496726,33.10051944394721,200,-389.621053876539,-0.05531527752465392
000044.SZ,2025-12-01,2025-12-02,21.575441037552164,22.809554365947182,300,368.1811386255704,0.05719991198543928
000045.SZ,2025-12-01,2025-12-02,31.711394246485398,31.04321507130678,200,-135.49842794000142,-0.021070633791280668
000046.SZ,2025-12-01,2025-12-02,49.697751264391556,50.43161007133004,100,71.87293239170867,0.014766438888439112
000047.SZ,2025-12-01,2025-12-02,15.114318010585512,15.400713395876778,400,112.71006850900176,0.018948614491946337
000048.SZ,2025-12-01,2025-12-02,15.895216610108502,15.456952395721306,400,-177.16052004236553,-0.027572081912270625
000049.SZ,2025-12-01,2025-12-02,47.45039830413977,45.54601512116717,100,-191.8046987508951,-0.040134187510212076
000050.SZ,2025-12-01,2025-12-02,45.29282705360903,46.70122828869569,100,139.43908666000516,0.031095458744927973
600001.SH,2025-12-01,2025-12-02,11.830480429912276,11.789088338661315,600,-26.957290651535004,-0.003498766723480188
600002.SH,2025-12-01,2025-12-02,50.395625790831836,50.08160995769809,100,-32.90403161210543,-0.006231013668469448
600003.SH,2025-12-01,2025-12-02,41.03626709734135,41.71668360880086,100,66.79015063768657,0.01658085785058134
600004.SH,2025-12-01,2025-12-02,11.601009409475664,11.625899550930166,600,12.841422953532856,0.002145515150963694
600005.SH,2025-12-01,2025-12-02,44.9769668011792,43.88954280340214,100,-110.05908606180765,-0.02417735287895289
600006.SH,2025-12-01,2025-12-02,11.331421958387491,12.1209392137237,600,471.5285841432551,0.06967503798160216
600007.SH,2025-12-01,2025-12-02,49.508779838015485,51.51678704219228,100,199.25521680641305,0.04055860820538616
600008.SH,2025-12-01,2025-12-02,25.921557595444,26.96029764455362,200,206.130391963251,0.04007243952393471
600009.SH,2025-12-01,2025-12-02,40.46334158055875,45.43313424933237,100,495.61627284988253,0.12282210204708938
600010.SH,2025-12-01,2025-12-02,18.663896124728463,20.868037537442646,300,659.3643004358846,0.11809653236302772
600011.SH,2025-12-01,2025-12-02,54.306649782418106,55.50988704535487,100,118.65842968231573,0.022156352265470036
600012.SH,2025-12-01,2025-12-02,43.819172600793145,44.84207855142966,100,100.94533270710872,0.023343798842472854
600013.SH,2025-12-01,2025-12-02,25.59845709442584,25.712648413181153,200,21.295504846271797,0.004460867244228529
600014.SH,2025-12-01,2025-12-02,10.65326778515994,10.598714414703375,600,-34.639790868585806,-0.00512081096211234
600015.SH,2025-12-01,2025-12-02,28.413105629409127,30.413671447548978,200,398.28834334111707,0.0704099665919362
600016.SH,2025-12-01,2025-12-02,23.655410596768004,23.640895875346306,200,-4.321398036860046,-0.0006135899168742711
600017.SH,2025-12-01,2025-12-02,16.70042528497751,18.320256400469667,300,484.30051157160506,0.09699340512898436
600018.SH,2025-12-01,2025-12-02,58.41767407418538,60.19264721496175,100,175.6915346611886,0.030384180282876597
600019.SH,2025-12-01,2025-12-02,46.53060256327222,47.50429021725433,100,95.94363669169343,0.020925747794864523
600020.SH,2025-12-01,2025-12-02,33.78994100935263,33.47744788598415,100,-32.25363577342796,-0.009248110947633474
600021.SH,2025-12-01,2025-12-02,20.38708191470855,20.268689924109122,300,-37.34177927299788,-0.005807206303223401
600022.SH,2025-12-01,2025-12-02,21.542842582686163,21.785144032891292,200,47.15318139905321,0.011247422399115775
600023.SH,2025-12-01,2025-12-02,19.08625895289287,19.32271320376119,300,69.19723107215759,0.012388716481942163
600024.SH,2025-12-01,2025-12-02,31.213850605255246,31.241019777141663,100,1.7796865953273482,0.000870420385809196
600025.SH,2025-12-01,2025-12-02,47.09755254842127,47.27297094666825,100,16.123650696298682,0.0037245756680590546
600026.SH,2025-12-01,2025-12-02,25.456951528186163,26.605631872568466,200,228.1397309641061,0.04512246264484865
600027.SH,2025-12-01,2025-12-02,48.84353175641425,47.04090017115534,100,-181.6743855310251,-0.03690624982339001
600028.SH,2025-12-01,2025-12-02,52.44921002489521,53.403612933024796,100,93.83818242496818,0.018196707017638144
600029.SH,2025-12-01,2025-12-02,23.655045528896615,23.872244467338927,200,42.00745302042196,0.009181928573208004
600030.SH,2025-12-01,2025-12-02,18.99563476899926,18.919282296677082,300,-24.608477103354744,-0.004019474645131863
600031.SH,2025-12-01,2025-12-02,23.79224119827945,22.94421237893716,200,-170.9824166111939,-0.03564308264509419
600032.SH,2025-12-01,2025-12-02,44.45872302136033,43.32507063685669,100,-114.66499056946941,-0.025498986643385468
600033.SH,2025-12-01,2025-12-02,39.954031670800084,39.8348385985444,100,-13.114352383524874,-0.002983255187806094
600034.SH,2025-12-01,2025-12-02,25.37318213127294,25.636046842931812,200,51.03477952119738,0.010359942647275805
600035.SH,2025-12-01,2025-12-02,55.85344388916568,54.97141677370266,100,-89.85185404951335,-0.01579181253734863
600036.SH,2025-12-01,2025-12-02,18.022423792239298,17.351360121842486,300,-202.88072353000916,-0.03723492900470919
600037.SH,2025-12-01,2025-12-02,57.33141678669756,56.64056210903337,100,-70.78468462968976,-0.01205019370504181
600038.SH,2025-12-01,2025-12-02,17.79867624429714,18.410351276376478,300,181.84557800892708,0.03436632161199756
600039.SH,2025-12-01,2025-12-02,42.45121029914778,42.26890626107349,100,-19.498470995261414,-0.004294436761393166
600040.SH,2025-12-01,2025-12-02,24.21413065777007,24.027388399359282,200,-38.790094986118675,-0.007712119053543837
600041.SH,2025-12-01,2025-12-02,61.18212039342541,57.298833738845026,100,-390.04763047020424,-0.06347093937917321
600042.SH,2025-12-01,2025-12-02,28.02291134189474,27.564080049774308,100,-46.71005161353696,-0.016373434099064218
600043.SH,2025-12-01,2025-12-02,10.734783855618568,10.489009180054811,400,-99.56855132710916,-0.022895167603688527
600044.SH,2025-12-01,2025-12-02,27.064128925115682,25.816471717317448,100,-125.54021493134269,-0.046100031937122504
600045.SH,2025-12-01,2025-12-02,44.86634320236626,46.76713374493101,100,188.67604024412685,0.04236562213219332
600046.SH,2025-12-01,2025-12-02,58.34016177934814,60.11970307684957,100,176.15053865783648,0.030502851607301592
600047.SH,2025-12-01,2025-12-02,15.853085739463388,15.726204214685136,300,-39.479815812796915,-0.008003585350100225
600048.SH,2025-12-01,2025-12-02,37.538916766349594,37.312638080266325,100,-23.747247750734914,-0.0060278427183095605
600049.SH,2025-12-01,2025-12-02,15.571986275788696,15.639211865292605,300,18.760147783296816,0.004317085072726502
600050.SH,2025-12-01,2025-12-02,27.775323137694123,27.46954289154338,100,-31.402110901820834,-0.011009061699655473
000001.SZ,2025-12-02,2025-12-03,30.167208780111135,31.12092996080643,300,283.315470512116,0.03161449863150978
000002.SZ,2025-12-02,2025-12-03,12.774719250035684,12.539014730432433,800,-191.57297921790632,-0.018450857117865257
000003.SZ,2025-12-02,2025-12-03,29.346570713808806,28.796001024290383,300,-167.76254694771524,-0.018760954896149276
000004.SZ,2025-12-02,2025-12-03,28.65178214887131,29.857768632126064,300,359.1087457995345,0.04209115080481172
000005.SZ,2025-12-02,2025-12-03,73.97011365875184,68.66792865418871,100,-532.278538315938,-0.07168009811400088
000006.SZ,2025-12-02,2025-12-03,52.6197216848816,52.17761864556837,200,-91.55126498137906,-0.008401850582958266
000007.SZ,2025-12-02,2025-12-03,24.709225056573498,24.006976615493947,400,-283.7802136256796,-0.028420496372172893
000008.SZ,2025-12-02,2025-12-03,40.711740682129715,38.95498367359275,200,-353.6887007278083,-0.043151115110833076
000009.SZ,2025-12-02,2025-12-03,35.96693350850314,35.49868631872168,200,-95.77935913541478,-0.0130188243507264
000010.SZ,2025-12-02,2025-12-03,46.537907762217465,44.960199874368556,200,-318.23918956224406,-0.033901564632215726
000011.SZ,2025-12-02,2025-12-03,16.575471089323145,16.430619570363447,600,-89.86842289848391,-0.008738908123884429
000012.SZ,2025-12-02,2025-12-03,40.63598716180595,44.97733323309994,200,865.5705742648133,0.10683500942175837
000013.SZ,2025-12-02,2025-12-03,14.64781422369742,14.970662061787941,600,191.0139836831895,0.022040683555926966
000014.SZ,2025-12-02,2025-12-03,37.55752865167912,37.1477082391203,200,-84.1929450061125,-0.010911804564129655
000015.SZ,2025-12-02,2025-12-03,42.92724816263968,43.73137843782344,200,158.20217233048243,0.018732397477171796
000016.SZ,2025-12-02,2025-12-03,34.892319416886146,34.02871068127961,200,-174.76346976218338,-0.024750682959430594
000017.SZ,2025-12-02,2025-12-03,43.16456343788805,43.439181094493655,200,52.31718045545131,0.006362108978601613
000018.SZ,2025-12-02,2025-12-03,58.520797078117965,58.293956843486875,100,-24.432842168414027,-0.0038762328258838867
000019.SZ,2025-12-02,2025-12-03,15.506147800920766,15.902866334073053,600,235.16860395124058,0.025584596396580797
000020.SZ,2025-12-02,2025-12-03,17.139734776140273,16.619922658697845,500,-262.39904712001953,-0.030327897381821955
000021.SZ,2025-12-02,2025-12-03,55.453951432171124,52.866323087779094,100,-260.3488241318364,-0.04666265031730165
000022.SZ,2025-12-02,2025-12-03,17.666828974304174,17.88402725444138,500,105.9165359804374,0.012294129322988028
000023.SZ,2025-12-02,2025-12-03,20.71020601336462,20.74804743584871,400,12.64680330133524,0.0018271871588178665
000024.SZ,2025-12-02,2025-12-03,29.846593542475055,33.22953106592175,300,1011.8905992380733,0.11334417506079521
000025.SZ,2025-12-02,2025-12-03,23.247582156508145,23.63957213861304,300,115.46943313899283,0.016861537662967607
000026.SZ,2025-12-02,2025-12-03,30.526088967402277,33.896643021405595,200,672.077012219379,0.11041552219816342
000027.SZ,2025-12-02,2025-12-03,34.17733690294106,35.444210923293355,200,251.24815141506224,0.03706766340367728
000028.SZ,2025-12-02,2025-12-03,12.76472731306238,13.050134801045244,600,168.8954685255294,0.02235907442306279
000029.SZ,2025-12-02,2025-12-03,27.492210958072093,27.597537924062227,300,29.114311383875247,0.0038311566192608623
000030.SZ,2025-12-02,2025-12-03,52.750190363725785,54.37959732025092,100,161.30930773290584,0.030889119930941827
000031.SZ,2025-12-02,2025-12-03,48.49376130782279,50.62162582671216,100,211.26780311413586,0.043879139532658144
000032.SZ,2025-12-02,2025-12-03,27.96493234759342,27.998922394718544,300,7.677111122011411,0.0012154525068267415
000033.SZ,2025-12-02,2025-12-03,20.36530227945604,20.34930096611694,400,-8.842441451573904,-0.0007857145020254081
000034.SZ,2025-12-02,2025-12-03,30.148131234730027,29.712184504407126,200,-88.97207713484386,-0.014460157643890666
000035.SZ,2025-12-02,2025-12-03,39.31612926856443,39.24121173654348,200,-17.33797910838348,-0.0019055164741473042
000036.SZ,2025-12-02,2025-12-03,50.67069203233976,49.00223845621649,100,-168.31542476601317,-0.032927388776502316
000037.SZ,2025-12-02,2025-12-03,22.137474385812986,23.14349978242437,300,299.724704002997,0.04544445220255595
000038.SZ,2025-12-02,2025-12-03,17.695746348641034,16.793474921775292,400,-362.9237877369105,-0.05098804023798819
000039.SZ,2025-12-02,2025-12-03,18.90326960321171,18.60165480253015,400,-122.87811884892835,-0.015955694809024867
000040.SZ,2025-12-02,2025-12-03,23.687257088707437,23.17262950177317,300,-156.47381273544033,-0.021725925674172242
000041.SZ,2025-12-02,2025-12-03,17.419639151728337,17.077413127528683,400,-138.93969925516467,-0.019645988141246833
000042.SZ,2025-12-02,2025-12-03,25.337132315070512,25.953477565855096,300,182.5677622544481,0.02432576990640655
000043.SZ,2025-12-02,2025-12-03,33.944804785666726,33.449004380592996,200,-101.16702127758163,-0.014606076193523523
000044.SZ,2025-12-02,2025-12-03,22.584093037100065,22.655154459318403,300,19.279462764163327,0.003146525392965858
000045.SZ,2025-12-02,2025-12-03,31.964670555935516,30.16270192869907,200,-362.20348756301155,-0.05637375877480574
000046.SZ,2025-12-02,2025-12-03,50.219373574108836,50.786780159760625,100,55.217055160385826,0.011298559604979249
000047.SZ,2025-12-02,2025-12-03,15.362427035380804,15.451408338286964,400,33.73835216186944,0.005792138358166241
000048.SZ,2025-12-02,2025-12-03,15.350906457915318,15.769081518199197,400,165.37773433136772,0.027241066280373122
000049.SZ,2025-12-02,2025-12-03,46.44587282438175,46.09890662722528,100,-36.079586914464016,-0.007470334306524846
000050.SZ,2025-12-02,2025-12-03,45.89954473225971,46.23924356532172,100,32.582705999241625,0.0074009194436139465
600001.SH,2025-12-02,2025-12-03,11.558176299287096,11.79617258890759,600,140.67446270629353,0.020591162780167423
600002.SH,2025-12-02,2025-12-03,49.46036262979047,51.11578383490886,100,164.00864699679187,0.03346965361958987
600003.SH,2025-12-02,2025-12-03,40.8229778710644,39.84790861680573,100,-98.70236268437156,-0.023885304431693753
600004.SH,2025-12-02,2025-12-03,11.383651755167783,12.730360008268532,600,805.7334870589611,0.11830195459812709
600005.SH,2025-12-02,2025-12-03,43.605913969274006,43.58852240791519,100,-3.046811808118946,-0.00039883492342502415
600006.SH,2025-12-02,2025-12-03,12.407907044434301,11.993782224518831,500,-208.8614772914134,-0.033375880269930776
600007.SH,2025-12-02,2025-12-03,51.266316672896046,51.28420072582677,100,0.2498792712976865,0.0003488460668012113
600008.SH,2025-12-02,2025-12-03,26.547127423598464,27.008880057825444,200,90.72999404192706,0.017393694875495816
600009.SH,2025-12-02,2025-12-03,44.30735903071182,44.99685492134241,100,67.59968341541844,0.015561656251113094
600010.SH,2025-12-02,2025-12-03,20.43696625657767,22.850501103499695,300,722.0039089772918,0.11809653236302751
600011.SH,2025-12-02,2025-12-03,53.557631913280595,55.955880510568775,100,238.14618331350175,0.04477883938504553
600012.SH,2025-12-02,2025-12-03,44.03124868254991,44.68655343970137,100,64.18987911195563,0.014882720267053597
600013.SH,2025-12-02,2025-12-03,25.596751991542728,25.555374222153308,200,-9.80887633121256,-0.0016165242138179007
600014.SH,2025-12-02,2025-12-03,10.71661622370594,10.761360867248408,600,24.909741169376503,0.0041752585525541485
600015.SH,2025-12-02,2025-12-03,29.489795016560688,30.380124365551467,200,176.24306233622247,0.030191099954773964
600016.SH,2025-12-02,2025-12-03,23.91348918595957,23.20505640037647,200,-143.0788605006428,-0.029624818865790794
600017.SH,2025-12-02,2025-12-03,16.734174263188613,17.909049623161053,300,350.85079352564844,0.07020814660433522
600018.SH,2025-12-02,2025-12-03,60.55871758154268,60.93686041664807,100,35.98617769803968,0.006244234524884292
600019.SH,2025-12-02,2025-12-03,45.613336452927996,48.72108357283555,100,309.3130794835706,0.06813242269867031
600020.SH,2025-12-02,2025-12-03,33.36492988077771,33.65567372019381,100,28.064713730004314,0.00871405516076346
600021.SH,2025-12-02,2025-12-03,20.40114107136544,20.109147835384316,300,-89.4077940995212,-0.014312593347582845
600022.SH,2025-12-02,2025-12-03,21.345270326503737,22.07028988204778,200,143.67969371588606,0.033966285947843476
600023.SH,2025-12-02,2025-12-03,19.17852031495872,19.47284089313966,300,86.54361777389931,0.015346365274665031
600024.SH,2025-12-02,2025-12-03,30.605308740097446,31.1771701777493,200,112.50165731970628,0.018685040641417613
600025.SH,2025-12-02,2025-12-03,46.95343768842812,48.45886195394605,100,149.08866069317446,0.03206206701003597
600026.SH,2025-12-02,2025-12-03,25.541829009433528,26.528867546278462,200,195.81597531620992,0.038644003782203125
600027.SH,2025-12-02,2025-12-03,48.082979403441804,47.49535474704462,100,-60.187326282130016,-0.012221053347520295
600028.SH,2025-12-02,2025-12-03,55.04855963278956,54.83008659021738,100,-23.492206854924916,-0.003968733133610497
600029.SH,2025-12-02,2025-12-03,24.392794451517627,23.01459653152474,200,-277.0204597904685,-0.05650020635118906
600030.SH,2025-12-02,2025-12-03,18.43831617109381,20.716614114861404,300,681.6248878599408,0.12356323227276775
600031.SH,2025-12-02,2025-12-03,23.165401767734522,23.77936902115135,200,121.36668854209711,0.0265036306977408
600032.SH,2025-12-02,2025-12-03,43.163697762721405,41.546890569163494,100,-162.92712607286558,-0.03745756914631805
600033.SH,2025-12-02,2025-12-03,39.41146487014889,40.31508476378282,100,89.15253682047978,0.022927843372763136
600034.SH,2025-12-02,2025-12-03,25.453579692257602,28.071471293010333,200,521.8940318729647,0.10284964364163812
600035.SH,2025-12-02,2025-12-03,56.05729332897506,54.65368538455828,100,-142.00040500321484,-0.0250388104930367
600036.SH,2025-12-02,2025-12-03,17.625927467963773,17.53536767430512,300,-28.746121188283723,-0.005137873954335198
600037.SH,2025-12-02,2025-12-03,57.88398836207195,62.021415509391545,100,411.8820722666778,0.07147792100018129
600038.SH,2025-12-02,2025-12-03,17.93750435817878,18.885677154559094,300,282.7521279701832,0.0528597946206482
600039.SH,2025-12-02,2025-12-03,42.446493796686546,41.92279096330314,100,-53.6279670672393,-0.01233795271505522
600040.SH,2025-12-02,2025-12-03,23.757732868274136,24.786624616755436,200,204.2911522192544,0.043307657097840034
600041.SH,2025-12-02,2025-12-03,58.631311065989365,57.752172084250915,100,-89.64646333637302,-0.01499435993762755
600042.SH,2025-12-02,2025-12-03,28.812724158559693,28.747376697491273,100,-7.397167407767029,-0.002268007034281293
600043.SH,2025-12-02,2025-12-03,10.653080608409104,10.447753916293305,400,-83.38440731627543,-0.019273926450319202
600044.SH,2025-12-02,2025-12-03,25.986120056403735,25.769176949171417,100,-22.467386031707065,-0.008348422417869062
600045.SH,2025-12-02,2025-12-03,49.12864580659105,51.210011450699454,100,206.60026406731959,0.04236562213219335
600046.SH,2025-12-02,2025-12-03,54.914820292218494,58.39177893344585,100,345.9441107547327,0.0633154879270368
600047.SH,2025-12-02,2025-12-03,15.687853551692216,15.734989557708277,300,12.724652744625018,0.003004617926904101
600048.SH,2025-12-02,2025-12-03,37.00806702176907,37.891475983413095,100,87.20415188490006,0.0238707134075492
600049.SH,2025-12-02,2025-12-03,15.675348848028582,16.071095725825938,300,117.27766472388248,0.025246447886684634
600050.SH,2025-12-02,2025-12-03,28.356697057890496,27.679550826766892,100,-68.54500963716373,-0.023879587588822603
000001.SZ,2025-12-03,2025-12-04,30.736608718940285,31.022246869954124,300,82.89944308585655,0.009293092599308933
000002.SZ,2025-12-03,2025-12-04,12.487919120682399,12.624003517877357,800,105.83775691167466,0.010897283677116083
000003.SZ,2025-12-03,2025-12-04,29.47414378421291,28.45871767315016,300,-307.1891179094073,-0.03445142014970544
000004.SZ,2025-12-03,2025-12-04,29.74605322040036,29.104114815258423,300,-195.20089187595477,-0.021580624507915664
000005.SZ,2025-12-03,2025-12-04,72.97820349596007,68.00530839245879,100,-499.3296696019024,-0.0681421967831337
000006.SZ,2025-12-03,2025-12-04,52.47232347381019,51.045344490259794,200,-288.4585173794949,-0.027194888449386608
000007.SZ,2025-12-03,2025-12-04,23.914198504152914,24.532485040949165,400,244.37071651358565,0.025854370017413728
000008.SZ,2025-12-03,2025-12-04,39.06060611310202,40.082854159047514,200,202.0446379395571,0.026170818829219476
000009.SZ,2025-12-03,2025-12-04,35.79820021534445,34.91911114297229,200,-177.91296114300985,-0.024556795232273988
000010.SZ,2025-12-03,2025-12-04,45.21954228994552,45.743125780806615,200,101.97211062536917,0.011578699481385736
000011.SZ,2025-12-03,2025-12-04,16.44909755318014,16.743301172958958,600,173.50837765615688,0.017885699736879316
000012.SZ,2025-12-03,2025-12-04,44.49640594217752,45.38058915122186,200,174.11380645979625,0.01987089047581346
000013.SZ,2025-12-03,2025-12-04,14.831535350698514,15.461143123240065,600,374.981657762748,0.04245061334879928
000014.SZ,2025-12-03,2025-12-04,37.30300609124832,40.67674052183672,200,672.3062816863694,0.09044135537859276
000015.SZ,2025-12-03,2025-12-04,43.14428579700552,43.63787914595973,200,96.1003970420843,0.01144052659201662
000016.SZ,2025-12-03,2025-12-04,35.09882831535361,37.26143819600118,200,430.28628983775434,0.06161487389884072
000017.SZ,2025-12-03,2025-12-04,42.76347875582503,44.14479428248409,200,273.61441767486394,0.03230128995225651
000018.SZ,2025-12-03,2025-12-04,58.2231876913412,57.34468236594359,100,-89.57087301073898,-0.015088581718590111
000019.SZ,2025-12-03,2025-12-04,15.816127843410536,16.054661253185845,600,140.23020683961295,0.015081656656859229
000020.SZ,2025-12-03,2025-12-04,16.94329598005711,16.768095578211167,500,-90.11541525970279,-0.010340396700391651
000021.SZ,2025-12-03,2025-12-04,53.66799309163481,55.536189013442744,100,185.1535065103899,0.034810243763319065
000022.SZ,2025-12-03,2025-12-04,17.66931281799615,18.01403803447828,500,169.6605025358931,0.01950982587908155
000023.SZ,2025-12-03,2025-12-04,20.092445374960192,20.759094218620202,400,264.1684461577697,0.03317907956046045
000024.SZ,2025-12-03,2025-12-04,32.68201992901019,33.12653572017825,200,86.91556609040254,0.013601233709960837
000025.SZ,2025-12-03,2025-12-04,23.79070612408001,23.17608709375395,300,-186.4715569362561,-0.025834417319121436
000026.SZ,2025-12-03,2025-12-04,30.962030162566702,34.376762281065346,200,680.8838179628656,0.11028773309016016
000027.SZ,2025-12-03,2025-12-04,34.652814659005,35.69394671894771,200,206.0847751854044,0.030044660735001855
000028.SZ,2025-12-03,2025-12-04,12.784510687646454,12.835180237361863,700,32.773296950939766,0.003963354636980347
000029.SZ,2025-12-03,2025-12-04,27.302427841977128,27.348457254472677,300,11.347462595762408,0.0016859091346001095
000030.SZ,2025-12-03,2025-12-04,53.56964255942247,55.0980785848601,100,151.19066018621652,0.0285317570253003
000031.SZ,2025-12-03,2025-12-04,50.789470230231366,51.431985907513386,100,62.70860815097694,0.012650568599543615
000032.SZ,2025-12-03,2025-12-04,27.653178353177207,27.701937630356642,300,12.134608767097234,0.00176324314538814
000033.SZ,2025-12-03,2025-12-04,20.638517660702263,20.75200154021409,400,42.90331161990434,0.005498644882229594
000034.SZ,2025-12-03,2025-12-04,30.33809472724102,28.123577437909866,200,-444.5908725125055,-0.07299460659085845
000035.SZ,2025-12-03,2025-12-04,38.30248518241307,39.93144421782253,200,323.39592042882305,0.04252880792595175
000036.SZ,2025-12-03,2025-12-04,48.79992347355836,48.06452303161006,100,-74.98197988577795,-0.015069704819245633
000037.SZ,2025-12-03,2025-12-04,22.553407713617865,22.798376208004825,300,71.438694457368,0.010861706465717224
000038.SZ,2025-12-03,2025-12-04,17.393735356016705,16.723559533839143,400,-270.07715601508517,-0.03852972397592217
000039.SZ,2025-12-03,2025-12-04,18.127679987634803,19.11565592850285,400,392.89649763579837,0.054500958839849456
000040.SZ,2025-12-03,2025-12-04,23.518253051027422,23.212301675443186,300,-93.87451982606035,-0.013009102968677777
000041.SZ,2025-12-03,2025-12-04,16.927406177346874,16.603726712460308,400,-131.4642331601226,-0.019121622149040847
000042.SZ,2025-12-03,2025-12-04,25.943589700686655,26.91312103162097,300,288.4372183874484,0.03737074715256754
000043.SZ,2025-12-03,2025-12-04,33.10714020991259,33.346423154576854,200,45.85580354357717,0.007227532887078456
000044.SZ,2025-12-03,2025-12-04,22.81411673305708,22.440851408965475,300,-113.99927385428873,-0.01636115605346899
000045.SZ,2025-12-03,2025-12-04,31.049424335247434,30.027953625421283,200,-206.0958191827549,-0.03289821733237653
000046.SZ,2025-12-03,2025-12-04,50.44169740207738,49.59044823531662,100,-86.6126301231352,-0.016875902489468988
000047.SZ,2025-12-03,2025-12-04,15.403793846601026,15.472297385776523,400,25.544739983905856,0.004447186183981083
000048.SZ,2025-12-03,2025-12-04,15.460044095370414,16.01965105303314,400,221.92042493872668,0.0361969832822342
000049.SZ,2025-12-03,2025-12-04,45.55512523520281,46.267816423048835,100,69.88108429191107,0.015644588488482363
000050.SZ,2025-12-03,2025-12-04,46.710569468471405,45.09795765093817,100,-162.61412048285183,-0.03452348870680569
600001.SH,2025-12-03,2025-12-04,11.791446392134393,11.872596665763098,600,46.55309677738569,0.006882130565664682
600002.SH,2025-12-03,2025-12-04,50.09162728142201,51.506613276972885,100,139.95340115677845,0.02824795424595178
600003.SH,2025-12-03,2025-12-04,41.72502777993973,40.61458451466097,100,-112.2627640633159,-0.02661336191638516
600004.SH,2025-12-03,2025-12-04,11.628224963381596,12.450649886654036,600,491.2138369838658,0.0707266092513978
600005.SH,2025-12-03,2025-12-04,43.898321589841466,47.72943203666714,100,381.6791617214676,0.0872723673269603
600006.SH,2025-12-03,2025-12-04,12.123363644009475,13.13319153584812,500,502.94396718894586,0.08329601598130995
600007.SH,2025-12-03,2025-12-04,51.527091430039505,52.088991710149905,100,54.62735825973505,0.01090494853320638
600008.SH,2025-12-03,2025-12-04,26.965690243342408,27.322700025611745,200,69.76259445233063,0.013239408264636562
600009.SH,2025-12-03,2025-12-04,45.442221784935796,45.71106541586876,100,25.51303113082031,0.0059161638752021906
600010.SH,2025-12-03,2025-12-04,20.872211562352625,22.413512420808033,300,460.3730414187494,0.07384463567030264
600011.SH,2025-12-03,2025-12-04,55.520990133072715,56.542592283590366,100,100.46393728325711,0.0184002869557815
600012.SH,2025-12-03,2025-12-04,44.85104786407121,44.83272971051928,100,-3.1767972465095227,-0.00040842197505501564
600013.SH,2025-12-03,2025-12-04,25.717791457168186,24.62621192793049,200,-219.7934785632151,-0.04244452837467288
600014.SH,2025-12-03,2025-12-04,10.600834369581802,10.615767729097609,600,7.049177518246324,0.0014086966171886013
600015.SH,2025-12-03,2025-12-04,30.419754790172753,29.64966600397321,200,-155.79673720014762,-0.02531541728430779
600016.SH,2025-12-03,2025-12-04,23.645624527386577,23.485388083632458,200,-33.45641203584182,-0.006776579048209606
600017.SH,2025-12-03,2025-12-04,18.32392081819153,17.897974276600564,300,-129.39478016218345,-0.02324538213285108
600018.SH,2025-12-03,2025-12-04,60.20468694837808,60.1876047884819,100,-3.5138441332737784,-0.00028373471837550785
600019.SH,2025-12-03,2025-12-04,47.5137920254786,48.66185175927752,100,113.34611782711363,0.0241626627734382
600020.SH,2025-12-03,2025-12-04,33.48414404517726,34.27267705569827,100,77.82512074043007,0.023549445058446406
600021.SH,2025-12-03,2025-12-04,20.27274406750828,20.303853015876093,300,7.505337738914932,0.001534520845536231
600022.SH,2025-12-03,2025-12-04,21.789501497444324,22.578100775604288,200,156.365169585456,0.0361917081146835
600023.SH,2025-12-03,2025-12-04,19.326578132894852,18.905453757055533,300,-128.03880358993138,-0.021789908846954323
600024.SH,2025-12-03,2025-12-04,31.247268605979972,31.16562968619405,100,-9.098860869178225,-0.002612673792879933
600025.SH,2025-12-03,2025-12-04,47.282426486411566,49.49769461475528,100,220.04188199592863,0.04685182832104353
600026.SH,2025-12-03,2025-12-04,26.610953531108834,26.551851099744425,200,-13.413597338866566,-0.0022209813449682015
600027.SH,2025-12-03,2025-12-04,47.05030929210167,46.37304790514036,100,-69.11733013328558,-0.014394408817945946
600028.SH,2025-12-03,2025-12-04,53.41429472379047,55.13283502636248,100,170.20004520641032,0.03217379002116787
600029.SH,2025-12-03,2025-12-04,23.877019393725032,22.58163025363954,200,-260.4327258323174,-0.054252547971960295
600030.SH,2025-12-03,2025-12-04,18.923066531559904,20.33782857193437,300,422.5982075408656,0.07476388871829652
600031.SH,2025-12-03,2025-12-04,22.948801680343088,23.380597186964156,200,84.95626549299504,0.018815601469549696
600032.SH,2025-12-03,2025-12-04,43.33373651757213,40.47719297033983,100,-286.8686705123396,-0.06591962237260456
600033.SH,2025-12-03,2025-12-04,39.84280636304056,44.14501781634219,100,428.89679479567303,0.10797962909792663
600034.SH,2025-12-03,2025-12-04,25.64117456507261,29.287862667167147,200,727.5803486588775,0.14222000996248862
600035.SH,2025-12-03,2025-12-04,54.982412156595686,53.80976478306088,100,-118.8790302969719,-0.021327681481034064
600036.SH,2025-12-03,2025-12-04,17.354830740928765,18.12940222150335,300,230.739797972441,0.04463146268248388
600037.SH,2025-12-03,2025-12-04,56.651891354379714,60.39867434284729,100,372.8663386164726,0.06613694439661313
600038.SH,2025-12-03,2025-12-04,18.414033714875604,18.964360761738437,200,108.92754772686249,0.029886284308160923
600039.SH,2025-12-03,2025-12-04,42.27736088778837,41.59082041500813,100,-69.90177189047427,-0.016238962375216315
600040.SH,2025-12-03,2025-12-04,24.032194357634978,24.0581093933809,200,3.7395205855809763,0.001078346627872044
600041.SH,2025-12-03,2025-12-04,57.31029465168408,57.30913875708094,100,-1.8348636230266493,-2.0169057063298158e-05
600042.SH,2025-12-03,2025-12-04,27.569593417120995,28.685691619614893,100,110.7492495008014,0.04048294023084105
600043.SH,2025-12-03,2025-12-04,10.491107191691984,10.612576408941718,500,59.14272216352583,0.01157830294079225
600044.SH,2025-12-03,2025-12-04,25.82163552804198,26.328687668769955,200,99.83070688546832,0.019636716666429688
600045.SH,2025-12-03,2025-12-04,46.776488107116215,51.79802144896727,100,500.59939354163635,0.10735165347069132
600046.SH,2025-12-03,2025-12-04,60.131728219979244,58.16016487716424,100,-198.90113922781438,-0.03278740527134783
600047.SH,2025-12-03,2025-12-04,15.729349770083612,15.89385808751001,300,47.922048000044015,0.010458685186038891
600048.SH,2025-12-03,2025-12-04,37.32010135420977,38.76637227896895,100,143.4641013075493,0.038753134966929594
600049.SH,2025-12-03,2025-12-04,15.642340020481182,16.51092363140699,300,259.0891001509153,0.05552772857440341
600050.SH,2025-12-03,2025-12-04,27.47503734956749,28.63233158722661,100,114.87045381829466,0.042121662035787454
000001.SZ,2025-12-04,2025-12-05,31.127154769279436,30.16102850442502,300,-292.5523720217225,-0.031038052530516638
000002.SZ,2025-12-04,2025-12-05,12.541522784183895,12.185299574158172,800,-287.9030399183757,-0.028403505392100854
000003.SZ,2025-12-04,2025-12-05,28.801760800472856,29.630825907504825,300,246.05275777791394,0.02878522298603208
000004.SZ,2025-12-04,2025-12-05,29.86374078306758,28.41637324794995,300,-436.76773412760485,-0.04846571451418014
000005.SZ,2025-12-04,2025-12-05,68.68166361341547,67.59603977513152,100,-110.59026502164943,-0.015806603701310137
000006.SZ,2025-12-04,2025-12-05,52.188055212954225,51.583058385860106,200,-124.09434892197532,-0.011592630241257692
000007.SZ,2025-12-04,2025-12-05,24.0117784910046,24.923166203730116,400,361.56430514575914,0.0379558604152102
000008.SZ,2025-12-04,2025-12-05,38.96277544950506,40.88849337083474,200,382.69027466368607,0.04942455713467764
000009.SZ,2025-12-04,2025-12-05,35.505786766030155,35.548658821580766,200,6.44149158082746,0.0012074667105145748
000010.SZ,2025-12-04,2025-12-05,44.96919281363735,47.37549584380087,200,478.4180762820779,0.053510033861087804
000011.SZ,2025-12-04,2025-12-05,16.433906022922777,16.880388957962055,600,264.85129101113307,0.027168400161014822
000012.SZ,2025-12-04,2025-12-05,44.98632959938318,45.55641692240682,200,111.2840795893826,0.012672456901917421
000013.SZ,2025-12-04,2025-12-05,14.973656493643485,15.216677729429414,600,143.0737394802618,0.016229919251125734
000014.SZ,2025-12-04,2025-12-05,37.15513852379659,40.136943109257444,200,593.9527005056161,0.08025281842378582
000015.SZ,2025-12-04,2025-12-05,43.740125588226036,44.39974253774524,200,129.2594053515768,0.0150803624966445
000016.SZ,2025-12-04,2025-12-05,34.03551710405815,38.92085921775825,200,974.7331711869547,0.1435365914601487
000017.SZ,2025-12-04,2025-12-05,43.44786979958307,45.01414263729372,200,310.5537189838942,0.03604947365510855
000018.SZ,2025-12-04,2025-12-05,58.305616800851304,57.57030548951331,100,-75.25824029848445,-0.0126113289196395
000019.SZ,2025-12-04,2025-12-05,15.906047225429003,15.922475312967437,600,6.9908069667271775,0.0010328202416104374
000020.SZ,2025-12-04,2025-12-05,16.62324697566128,16.526612493970347,500,-50.796232719561885,-0.0058132133771711565
000021.SZ,2025-12-04,2025-12-05,52.87689740982886,57.174525680305216,100,428.0475912772272,0.08127610508549822
000022.SZ,2025-12-04,2025-12-05,17.88760441760859,17.989929396213984,500,48.4639998932671,0.0057204406032518446
000023.SZ,2025-12-04,2025-12-05,20.75219746033833,21.537137129026988,400,311.3914110199803,0.03782441209846992
000024.SZ,2025-12-04,2025-12-05,33.23617763679202,32.56435153521043,200,-136.31908140843188,-0.020213699328586184
000025.SZ,2025-12-04,2025-12-05,23.644300525879487,22.9649692473388,300,-205.866230794466,-0.02873129098478239
000026.SZ,2025-12-04,2025-12-05,33.903423028010536,33.56554807871973,200,-69.58892274288519,-0.009965806373346417
000027.SZ,2025-12-04,2025-12-05,35.451300474433125,35.8869824503805,200,84.98317624245283,0.012289590794041013
000028.SZ,2025-12-04,2025-12-05,13.052745089034252,12.846757629721282,600,-125.90489196113231,-0.015781160047783547
000029.SZ,2025-12-04,2025-12-05,27.603057983653,27.63058693968717,300,5.771933985679425,0.000997315444197316
000030.SZ,2025-12-04,2025-12-05,54.39047432741569,55.87948057221961,100,147.2242400632258,0.027376232018873684
000031.SZ,2025-12-04,2025-12-05,50.63175116441127,52.68585154988833,100,203.82946300120966,0.04056941224108554
000032.SZ,2025-12-04,2025-12-05,28.00452273923194,27.541198649958126,300,-141.47593466064063,-0.016544616510273093
000033.SZ,2025-12-04,2025-12-05,20.353371233336883,19.97555219074914,400,-153.5246832979874,-0.018562971129269745
000034.SZ,2025-12-04,2025-12-05,29.718127535611124,28.551652902500766,200,-235.00802579622086,-0.03925128296567728
000035.SZ,2025-12-04,2025-12-05,39.24906076379351,40.8336936195017,200,314.4765495244683,0.04037377773814109
000036.SZ,2025-12-04,2025-12-05,49.01203988405051,47.49403886176511,100,-153.22492339439304,-0.030972002509517753
000037.SZ,2025-12-04,2025-12-05,23.148128945297145,23.427749676049196,300,81.77772175477003,0.012079625589300994
000038.SZ,2025-12-04,2025-12-05,16.796833952662737,16.84225527801641,400,16.147459508107204,0.0027041599316680563
000039.SZ,2025-12-04,2025-12-05,18.605375505560957,20.93164324171062,400,927.9952972708606,0.12503202289329585
000040.SZ,2025-12-04,2025-12-05,23.177264491172462,22.34659718872161,300,-251.21138448223974,-0.03583974729922199
000041.SZ,2025-12-04,2025-12-05,17.08082895173661,16.333660561557227,400,-300.827395339139,-0.043743098902902934
000042.SZ,2025-12-04,2025-12-05,25.95866878048973,29.469867529624963,300,1050.7073366629038,0.1352611252459222
000043.SZ,2025-12-04,2025-12-05,33.45569485051611,33.36922709033309,200,-19.295705662023465,-0.0025845453388239994
000044.SZ,2025-12-04,2025-12-05,22.659685943358667,23.107832230210825,300,132.3641811549287,0.01977725057498005
000045.SZ,2025-12-04,2025-12-05,30.16873507239918,29.977333552879735,200,-40.07894391706213,-0.00634436674458237
000046.SZ,2025-12-04,2025-12-05,50.79693853162976,48.81042141486235,100,-200.116024319188,-0.039107024442633885
000047.SZ,2025-12-04,2025-12-05,15.454498929013692,15.19595639686224,500,-131.55065953525445,-0.016729273031691378
000048.SZ,2025-12-04,2025-12-05,15.77223564991601,16.510073897272715,400,293.15409007500966,0.04678082826898639
000049.SZ,2025-12-04,2025-12-05,46.108127330621066,46.88109529976699,100,75.8903640556,0.016764245565717973
000050.SZ,2025-12-04,2025-12-05,46.24849233891215,44.309350070505076,100,-195.24350734282234,-0.04192876719519646
600001.SH,2025-12-04,2025-12-05,11.798532059372418,11.971218009097544,600,101.4567505934383,0.014636223290841483
600002.SH,2025-12-04,2025-12-05,51.12600801409376,49.73573104749798,100,-140.5197685910034,-0.027193145340284167
600003.SH,2025-12-04,2025-12-05,39.855878995566975,40.23875768747576,100,37.08070646025453,0.009606580046857638
600004.SH,2025-12-04,2025-12-05,12.732906334902848,13.633461625886168,500,448.23262624777635,0.07072660925139768
600005.SH,2025-12-04,2025-12-05,43.59724098425441,48.193150994964924,100,458.14520654120224,0.105417450897188
600006.SH,2025-12-04,2025-12-05,11.99618122086337,13.167750040860756,600,700.571096991077,0.09766181407461831
600007.SH,2025-12-04,2025-12-05,51.294458591758534,52.37134840188853,100,106.11784056094348,0.020994271890083304
600008.SH,2025-12-04,2025-12-05,27.014282374068635,26.982855375213173,200,-7.904371093605732,-0.0011633475366952283
600009.SH,2025-12-04,2025-12-05,45.005855192353785,46.789842023129,100,176.99498781682723,0.03963899415199427
600010.SH,2025-12-04,2025-12-05,22.855071660776126,21.51022463603477,300,-405.3900276396498,-0.058842389326189765
600011.SH,2025-12-04,2025-12-05,55.967072805900415,58.15112661219426,100,216.66084683101872,0.03902390632199705
600012.SH,2025-12-04,2025-12-05,44.69549164420977,45.23453795745049,100,52.547595185348655,0.012060418028997282
600013.SH,2025-12-04,2025-12-05,25.56048580815634,24.25712018436516,200,-262.1285519692983,-0.05099142612443135
600014.SH,2025-12-04,2025-12-05,10.763513354670598,11.624265663361882,600,514.3590173953653,0.07996945609936727
600015.SH,2025-12-04,2025-12-05,30.38620099808783,28.723303833757246,200,-334.30283109614265,-0.05472540527311157
600016.SH,2025-12-04,2025-12-05,23.20969787580409,23.53890072878894,200,64.42823655324264,0.014183849128343914
600017.SH,2025-12-04,2025-12-05,17.912631791302502,19.598281832877618,300,503.9311671075757,0.09410398545642996
600018.SH,2025-12-04,2025-12-05,60.949049007590496,62.850266301744846,100,188.23622142638214,0.03119355141894954
600019.SH,2025-12-04,2025-12-05,48.730828764069244,49.00922055185853,100,26.36890216237316,0.0057128473873720755
600020.SH,2025-12-04,2025-12-05,33.66240552811865,34.564367395823766,100,89.15925574863695,0.02679433788389537
600021.SH,2025-12-04,2025-12-05,20.113170067174575,19.960987151075702,300,-47.45136367325904,-0.007566331691653176
600022.SH,2025-12-04,2025-12-05,22.074704381474135,22.974895931198557,200,178.65981618901242,0.04077932524794734
600023.SH,2025-12-04,2025-12-05,19.47673585081406,19.04552577939927,300,-131.07711874458255,-0.022139750454990424
600024.SH,2025-12-04,2025-12-05,31.18340623539061,32.18663178495319,200,198.71391200541893,0.032171775654963694
600025.SH,2025-12-04,2025-12-05,48.468554695611,49.612466542859316,100,112.90281072854577,0.023601113225517823
600026.SH,2025-12-04,2025-12-05,26.534173850418135,26.621201881184028,200,15.808334040308182,0.0032798470099916687
600027.SH,2025-12-04,2025-12-05,47.50485476799613,48.08307980069212,100,56.38001087557859,0.012171914544732765
600028.SH,2025-12-04,2025-12-05,54.84105370424682,56.08155849603951,100,122.36803242438873,0.022620002862866802
600029.SH,2025-12-04,2025-12-05,23.019199911169007,22.182076151549627,200,-168.75567649296863,-0.036366327363671964
600030.SH,2025-12-04,2025-12-05,20.720757852058096,19.98182942231983,200,-148.98459571299236,-0.035661264660977236
600031.SH,2025-12-04,2025-12-05,23.784125370590527,23.021021677575202,200,-154.00199990371948,-0.03208458083385799
600032.SH,2025-12-04,2025-12-05,41.55520077829824,40.06551453001029,100,-150.17059026469497,-0.035848370850994064
600033.SH,2025-12-04,2025-12-05,40.32314858711791,45.23966505240732,100,490.2944565773687,0.12192789098964585
600034.SH,2025-12-04,2025-12-05,28.07708614875451,32.07020962054803,200,796.7004817814704,0.1422200099624886
600035.SH,2025-12-04,2025-12-05,54.664617214818215,55.03305201819284,100,35.192488776916434,0.006739913716522881
600036.SH,2025-12-04,2025-12-05,17.53887509858241,18.057246976812287,300,153.88641124105015,0.029555594376276507
600037.SH,2025-12-04,2025-12-05,62.03382103304578,61.55892458754303,100,-49.33641228790111,-0.007655444039949922
600038.SH,2025-12-04,2025-12-05,18.889454667741322,18.79453726153613,200,-20.111153476730124,-0.005024888641559738
600039.SH,2025-12-04,2025-12-05,41.93117636003548,41.466625406161015,100,-47.69909414963149,-0.011078891512264544
600040.SH,2025-12-04,2025-12-05,24.791582437460857,23.366308902001023,200,-286.45668562608626,-0.05749022028163078
600041.SH,2025-12-04,2025-12-05,57.76372367382672,58.456103670989805,100,67.48431660617916,0.011986415575850607
600042.SH,2025-12-04,2025-12-05,28.753126747835804,27.91651414262072,100,-84.4987559457868,-0.029096404455492976
600043.SH,2025-12-04,2025-12-05,10.449843676052538,10.35003299551616,500,-51.45784521751557,-0.009551404176993489
600044.SH,2025-12-04,2025-12-05,25.774331299996334,26.06392781140605,200,56.35546661325952,0.01123584965363416
600045.SH,2025-12-04,2025-12-05,51.22025447729226,50.735245492786596,100,-50.02295581534963,-0.009469085803169587
600046.SH,2025-12-04,2025-12-05,58.40345845718491,58.406616433202224,100,-1.4364008912652935,5.407172966697054e-05
600047.SH,2025-12-04,2025-12-05,15.738136870351083,15.639884446922895,300,-30.883316628679495,-0.006242951388565183
600048.SH,2025-12-04,2025-12-05,37.89905503651509,39.60029772455188,100,168.93625987194264,0.044888789084521354
600049.SH,2025-12-04,2025-12-05,16.07431026642516,16.781732224225053,300,210.7162314397874,0.04400947512363887
600050.SH,2025-12-04,2025-12-05,27.68508729057863,28.899990090540975,100,120.62328029351784,0.043882931890764997
000001.SZ,2025-12-05,2025-12-08,31.0284519398351,29.129415040606172,300,-572.3327171223336,-0.06120308234878123
000002.SZ,2025-12-05,2025-12-08,12.626528571086252,12.27085553687782,800,-287.483432695597,-0.028168710996535968
000003.SZ,2025-12-05,2025-12-08,28.46440998591607,30.410461028934307,300,581.0783714128684,0.06836786864653527
000004.SZ,2025-12-05,2025-12-08,29.109936220361984,28.427624861672765,300,-207.25189384431724,-0.023439122419373494
000005.SZ,2025-12-05,2025-12-08,68.01891081437948,68.84414702283603,100,80.45829643496927,0.012132452557327431
000006.SZ,2025-12-05,2025-12-08,51.05555458016684,52.12914545421992,200,211.59042608336313,0.02102789564977385
000007.SZ,2025-12-05,2025-12-08,24.537392028656125,24.87165388408346,400,130.7201437048443,0.013622550230153484
000008.SZ,2025-12-05,2025-12-08,40.090871531616585,41.99929909396365,200,379.1655545237736,0.04760254615173518
000009.SZ,2025-12-05,2025-12-08,34.92609566365295,36.57445839886114,300,491.21711930655874,0.047195734418250875
000010.SZ,2025-12-05,2025-12-08,45.75227532091679,47.52652939078374,200,351.9992222099445,0.03877958106830616
000011.SZ,2025-12-05,2025-12-08,16.746650168093062,16.79888337175323,600,28.31612318918451,0.0031190239920152766
000012.SZ,2025-12-05,2025-12-08,45.38966617675465,45.9142576235336,200,102.16343389837857,0.011557508370652158
000013.SZ,2025-12-05,2025-12-08,15.464235661118499,15.492196655116858,600,13.988001001094744,0.0018081070808214144
000014.SZ,2025-12-05,2025-12-08,40.68487668355726,40.40860061610857,200,-57.67972952670516,-0.006790633030487907
000015.SZ,2025-12-05,2025-12-08,43.64660759463379,48.61771807883104,200,991.3050337547211,0.11389454434503242
000016.SZ,2025-12-05,2025-12-08,37.26889122894367,39.32700527307695,200,409.263188510271,0.05522337736022876
000017.SZ,2025-12-05,2025-12-08,44.15362412432477,49.29048618783663,200,1024.4149835311018,0.11634066660185875
000018.SZ,2025-12-05,2025-12-08,57.35615244942513,59.72932505749579,100,235.5253810553404,0.04137607748642572
000019.SZ,2025-12-05,2025-12-08,16.057872506561818,16.07805704151905,600,9.216670706862715,0.001256986873509104
000020.SZ,2025-12-05,2025-12-08,16.771449532722258,16.314906164930544,500,-230.71891982059606,-0.027221461502237226
000021.SZ,2025-12-05,2025-12-08,55.54729736208029,58.29049302652711,100,272.57085165388617,0.049384862895588424
000022.SZ,2025-12-05,2025-12-08,18.017641202401965,17.79337126678924,500,-114.80397349638224,-0.012447241738992275
000023.SZ,2025-12-05,2025-12-08,20.76324645268733,21.07026188606529,400,120.27774192485595,0.014786485055578722
000024.SZ,2025-12-05,2025-12-08,33.13316168991926,31.868379842191906,200,-254.86847233600201,-0.03817268812327575
000025.SZ,2025-12-05,2025-12-08,23.1807227747408,23.283153336287477,300,28.633684663736858,0.0044187820432540935
000026.SZ,2025-12-05,2025-12-08,34.38363832112557,34.72856685951999,200,66.90199366731304,0.010031763805009936
000027.SZ,2025-12-05,2025-12-08,35.70108622224182,36.61148563704994,200,179.8831938234007,0.025500608276757097
000028.SZ,2025-12-05,2025-12-08,12.837747530138612,12.645841046073848,700,-136.99016546500934,-0.014948610230434449
000029.SZ,2025-12-05,2025-12-08,27.35392749294742,27.226528669152252,300,-40.67003471877524,-0.004657423466082349
000030.SZ,2025-12-05,2025-12-08,55.10909930264885,56.42192481270092,100,129.589893260827,0.02382230024922527
000031.SZ,2025-12-05,2025-12-08,51.44227333343748,52.97946142060412,100,152.12942487404598,0.029881807073395186
000032.SZ,2025-12-05,2025-12-08,27.707478571976875,27.49394457060624,300,-66.53465542254526,-0.007706728016262107
000033.SZ,2025-12-05,2025-12-08,20.756152355603668,19.745306066124172,400,-406.7079525197332,-0.04870104401631022
000034.SZ,2025-12-05,2025-12-08,28.129202715925246,28.872424584290844,300,220.36804229709378,0.026421718236074494
000035.SZ,2025-12-05,2025-12-08,39.93943130537485,40.221433641607256,200,53.987181227983456,0.007060749915947144
000036.SZ,2025-12-05,2025-12-08,48.074136897602976,46.726233287324185,100,-136.19214802649913,-0.02803801996798822
000037.SZ,2025-12-05,2025-12-08,22.802936339259553,24.112697806537632,300,390.75829738083576,0.05743828109641643
000038.SZ,2025-12-05,2025-12-08,16.726904580250554,16.21782770836028,400,-205.5768880811138,-0.030434613257215717
000039.SZ,2025-12-05,2025-12-08,19.119479442039907,21.2731723586197,400,858.9243859488824,0.11264390974182348
000040.SZ,2025-12-05,2025-12-08,23.21694460007074,22.064884764921022,300,-347.60379017375817,-0.049621509418866755
000041.SZ,2025-12-05,2025-12-08,16.607047789910546,16.77547653894576,400,65.35844242941221,0.01014200423614979
000042.SZ,2025-12-05,2025-12-08,26.918504194143548,29.23710988900595,200,461.96691237914,0.08613426950249499
000043.SZ,2025-12-05,2025-12-08,33.353093106202934,33.57968059556684,200,43.30271703704784,0.006793597482620516
000044.SZ,2025-12-05,2025-12-08,22.445340028109182,23.35562843579058,300,270.98451574519913,0.04055578603582789
000045.SZ,2025-12-05,2025-12-08,30.033959816765503,28.98837019817783,200,-210.8572259294242,-0.03481357852799703
000046.SZ,2025-12-05,2025-12-08,49.600367316871846,49.839344762539135,100,22.402564223853005,0.004818057982123021
000047.SZ,2025-12-05,2025-12-08,15.475392154730573,15.484947413180173,500,2.4548871128226892,0.0006174485501925883
000048.SZ,2025-12-05,2025-12-08,16.02285530366881,18.07853091751362,400,820.100821827823,0.12829645995580558
000049.SZ,2025-12-05,2025-12-08,46.27707091178231,46.129204616256125,100,-16.170505691105973,-0.003195238864794661
000050.SZ,2025-12-05,2025-12-08,45.10697814451771,44.36415463428198,100,-75.61327566260115,-0.016468039775482345
600001.SH,2025-12-05,2025-12-08,11.874971422571932,13.10848371996181,600,737.7478513643346,0.1038749697574194
600002.SH,2025-12-05,2025-12-08,51.51691562986356,54.460625497010284,100,292.7371679497619,0.05714064654601137
600003.SH,2025-12-05,2025-12-08,40.622708243936835,39.939939626173576,100,-69.47505996511109,-0.01680756028532799
600004.SH,2025-12-05,2025-12-08,12.453140265669267,13.460654743465621,500,501.73814068665706,0.08090445111052537
600005.SH,2025-12-05,2025-12-08,47.738978877758576,48.73655913646136,100,98.29592909618441,0.02089655627652212
600006.SH,2025-12-05,2025-12-08,13.13581843684539,13.366325896978141,500,113.24878118182824,0.017548008998524794
600007.SH,2025-12-05,2025-12-08,52.09941055037596,52.14396582285828,100,2.891208273545999,0.0008551972471788099
600008.SH,2025-12-05,2025-12-08,27.328165112125518,26.102599843597783,200,-246.67920969616262,-0.04484623330909073
600009.SH,2025-12-05,2025-12-08,45.720208543264675,46.820577042693195,100,108.63223263157124,0.02406744270178141
600010.SH,2025-12-05,2025-12-08,22.41799557160727,21.500132690996438,300,-277.29387612543997,-0.04094312882162046
600011.SH,2025-12-05,2025-12-08,56.55390193301203,59.81968674229001,100,324.7838903255297,0.05774641002041374
600012.SH,2025-12-05,2025-12-08,44.84169715320565,44.434757311942384,100,-42.027026845685214,-0.009075032104001781
600013.SH,2025-12-05,2025-12-08,24.63113766288957,24.460659888518293,200,-35.56319446756697,-0.0069212302210517876
600014.SH,2025-12-05,2025-12-08,10.617891094980017,11.238372670803775,600,370.2660384135106,0.058437364847065805
600015.SH,2025-12-05,2025-12-08,29.65559653022663,28.76616156871386,200,-179.61296199667686,-0.029992145347884386
600016.SH,2025-12-05,2025-12-08,23.49008563100392,23.52615304341339,200,5.801913299289481,0.001535431286885771
600017.SH,2025-12-05,2025-12-08,17.901554229451172,19.562130017741985,300,496.4121447856469,0.09276154276922377
600018.SH,2025-12-05,2025-12-08,60.199643513312076,62.64256267479055,100,242.41263926760257,0.0405802928208082
600019.SH,2025-12-05,2025-12-08,48.67158510296374,50.028187289733104,100,134.15937305824446,0.027872570492608797
600020.SH,2025-12-05,2025-12-08,34.2795322766315,34.526512819473474,100,23.662258899613335,0.007204898271332085
600021.SH,2025-12-05,2025-12-08,20.30791419259694,20.11937974556902,300,-58.37107828547687,-0.009283791788752377
600022.SH,2025-12-05,2025-12-08,22.582616847366584,23.582201523188225,200,198.50200307293653,0.044263456382301634
600023.SH,2025-12-05,2025-12-08,18.909235225953836,19.149210272801064,300,70.26908512961654,0.012690891195739656
600024.SH,2025-12-05,2025-12-08,31.171863435506214,32.91882181014444,200,347.4165456190376,0.056042795717126156
600025.SH,2025-12-05,2025-12-08,49.50759514373113,49.874429002843286,100,35.18715304113084,0.007409648116559859
600026.SH,2025-12-05,2025-12-08,26.557162001054508,26.268259819339992,200,-59.35653193206326,-0.010878503572898497
600027.SH,2025-12-05,2025-12-08,46.3823234422751,48.81130394633499,100,241.43371128759918,0.05236866814321759
600028.SH,2025-12-05,2025-12-08,55.143862696134725,56.35262233627837,100,119.18538534427626,0.021920111886329183
600029.SH,2025-12-05,2025-12-08,22.586147031368036,21.972167878912998,200,-124.1141605637431,-0.02718388185476401
600030.SH,2025-12-05,2025-12-08,20.341896544446005,20.082528476132378,200,-53.078565371293735,-0.012750436899869245
600031.SH,2025-12-05,2025-12-08,23.385273774060256,23.059267489666723,200,-66.58481292808665,-0.013940665717377643
600032.SH,2025-12-05,2025-12-08,40.48528921855872,40.26742416263699,100,-22.99452831705139,-0.005381338756050104
600033.SH,2025-12-05,2025-12-08,44.15384770289411,44.046600719104056,100,-12.04609640057879,-0.002428938572051694
600034.SH,2025-12-05,2025-12-08,29.293720825516417,31.568101683292394,100,226.49104272709883,0.07764055892124391
600035.SH,2025-12-05,2025-12-08,53.820527812320414,55.8047878746244,100,196.75186259415932,0.03686808998275484
600036.SH,2025-12-05,2025-12-08,18.13302846457196,17.908513409934695,300,-68.96628259807494,-0.01238155309114083
600037.SH,2025-12-05,2025-12-08,60.41075528581016,63.04788074149416,100,261.8211091461553,0.04365324424777441
600038.SH,2025-12-05,2025-12-08,18.968154013215933,19.06650269545376,200,18.525746285838068,0.005184936930040899
600039.SH,2025-12-05,2025-12-08,41.59913941099074,40.91733058824231,100,-69.40840219249048,-0.016389974225483415
600040.SH,2025-12-05,2025-12-08,24.062921496469887,23.35274736333869,200,-143.435991468039,-0.02951321323287291
600041.SH,2025-12-05,2025-12-08,57.32060173112976,59.70846929318553,100,236.9955021267806,0.04165810354288309
600042.SH,2025-12-05,2025-12-08,28.691429331710026,27.260216469538044,100,-143.93909271128405,-0.04988294049854786
600043.SH,2025-12-05,2025-12-08,10.614699136496261,10.356426748713387,500,-130.68965790374386,-0.024331578734517537
600044.SH,2025-12-05,2025-12-08,26.333953932930125,25.85518581456686,200,-97.30493482152815,-0.01818063932148737
600045.SH,2025-12-05,2025-12-08,51.80838208932109,50.51114942543703,100,-131.23860087116918,-0.025039049890566833
600046.SH,2025-12-05,2025-12-08,58.17179807345931,55.48650003640401,100,-270.19439870662154,-0.04616150997540603
600047.SH,2025-12-05,2025-12-08,15.897037177036465,15.571339274751585,300,-99.11079122019146,-0.020487962546590483
600048.SH,2025-12-05,2025-12-08,38.77412632882973,39.62320386025032,100,83.71905702625145,0.02189804418079888
600049.SH,2025-12-05,2025-12-08,16.514226146384765,16.613361765338926,300,28.24548312736715,0.006003043562284246
600050.SH,2025-12-05,2025-12-08,28.638058626247954,27.76375920313018,100,-88.26285508787123,-0.030529283933948
000001.SZ,2025-12-08,2025-12-09,30.167061313406805,28.724776624919723,300,-435.2706364423684,-0.0478099167003086
000002.SZ,2025-12-08,2025-12-09,12.187736877803367,12.454050689214823,900,236.31983658422178,0.02185096495613336
000003.SZ,2025-12-08,2025-12-09,29.636752665362113,33.29945482668307,300,1095.8136974618847,0.12358648744947448
000004.SZ,2025-12-08,2025-12-09,28.42205709098384,28.35306382322367,300,-23.24975607214219,-0.0024274551113352264
000005.SZ,2025-12-08,2025-12-09,67.60956033514253,68.12905045930921,100,49.90514090288889,0.007683678485580329
000006.SZ,2025-12-08,2025-12-09,51.593376029301616,51.01868500475321,200,-117.99932600996726,-0.011138852867895696
000007.SZ,2025-12-08,2025-12-09,24.928151335484035,24.512564884271402,400,-169.176088271166,-0.016671370677257775
000008.SZ,2025-12-08,2025-12-09,40.896671887360554,41.51293636915214,200,120.76212017616854,0.015068817420863297
000009.SZ,2025-12-08,2025-12-09,35.55576926438936,37.91108450481371,300,703.1825745218703,0.06624284298028946
000010.SZ,2025-12-08,2025-12-09,47.38497189057431,46.30909121070339,200,-217.95468144682673,-0.022705103262600675
000011.SZ,2025-12-08,2025-12-09,16.883765373395192,16.582017167842164,600,-184.03368642202986,-0.017872091851531668
000012.SZ,2025-12-08,2025-12-09,45.56552911701076,46.0446368950402,200,93.05887739218451,0.010514698003376729
000013.SZ,2025-12-08,2025-12-09,15.21972136933929,15.331786335590397,600,64.47925821026001,0.0073631417771462555
000014.SZ,2025-12-08,2025-12-09,40.144971300698444,41.0068299737116,200,169.91132480420856,0.021468658342225916
000015.SZ,2025-12-08,2025-12-09,44.40862337433644,47.99591886186319,200,714.5793423736395,0.08077925445443616
000016.SZ,2025-12-08,2025-12-09,38.92864416809684,39.0154713103864,200,15.024500179289134,0.002230417836147552
000017.SZ,2025-12-08,2025-12-09,45.02314636619408,49.20164897287158,200,832.7484223971278,0.09280787647961806
000018.SZ,2025-12-08,2025-12-09,57.58182070213247,60.6639936566456,100,306.3973756416135,0.053526840883636545
000019.SZ,2025-12-08,2025-12-09,15.925660126511383,16.503185448657764,600,343.5446199070684,0.03626382313565616
000020.SZ,2025-12-08,2025-12-09,16.52991814703445,16.41492858804554,500,-59.95701878266118,-0.0069564505986098625
000021.SZ,2025-12-08,2025-12-09,57.18596172904615,59.897431593570715,100,269.3500635046503,0.04741495609310256
000022.SZ,2025-12-08,2025-12-09,17.993527741927796,17.704340773607466,500,-147.2491352762063,-0.0160717215916742
000023.SZ,2025-12-08,2025-12-09,21.541444987238613,21.31303300172363,400,-93.92235816620087,-0.010603373434340101
000024.SZ,2025-12-08,2025-12-09,32.57086505686963,31.228541043975394,200,-270.33851504148606,-0.04121241516154084
000025.SZ,2025-12-08,2025-12-09,22.969562700533587,23.485349066391983,400,203.4963044553897,0.022455210514147686
000026.SZ,2025-12-08,2025-12-09,33.57226185971358,34.47237379854231,200,177.95404533783403,0.02681117949663248
000027.SZ,2025-12-08,2025-12-09,35.89416056468201,36.24928893240233,200,68.8507162081196,0.009893764393246365
000028.SZ,2025-12-08,2025-12-09,12.849327238208073,12.718861113721065,700,-93.99724797478484,-0.010153537385137213
000029.SZ,2025-12-08,2025-12-09,27.63611360974211,27.776945674684853,300,39.74969437210166,0.005095943189823084
000030.SZ,2025-12-08,2025-12-09,55.89065758603544,54.41097351338376,100,-149.60073647056925,-0.026474622710851513
000031.SZ,2025-12-08,2025-12-09,52.69638977402072,52.96126874751907,100,24.899059287408818,0.005026510822358711
000032.SZ,2025-12-08,2025-12-09,27.546707440567175,28.49785569671401,300,282.779669831345,0.034528564192252864
000033.SZ,2025-12-08,2025-12-09,19.979547700738287,21.62111014240597,400,654.0304434499858,0.08216214231951932
000034.SZ,2025-12-08,2025-12-09,28.557363804171434,29.014401919911876,300,134.50013854933968,0.016004212394201505
000035.SZ,2025-12-08,2025-12-09,40.84186117498115,41.20046616429597,200,69.24896989310582,0.008780329274868937
000036.SZ,2025-12-08,2025-12-09,47.50353861951324,47.422637700664346,100,-9.512771015910403,-0.0017030503663502897
000037.SZ,2025-12-08,2025-12-09,23.43243569458626,23.165590916195825,300,-82.13833669958785,-0.011387837861519718
000038.SZ,2025-12-08,2025-12-09,16.84562406595081,15.93476492606422,400,-366.2558277457629,-0.054070964442787285
000039.SZ,2025-12-08,2025-12-09,20.935829989033696,20.993822050599135,300,15.508174485077689,0.002769991043861935
000040.SZ,2025-12-08,2025-12-09,22.351066955135998,22.866833808940704,300,152.67204109860631,0.02307571512536628
000041.SZ,2025-12-08,2025-12-09,16.336927620375423,17.321240261856715,400,391.64650776109374,0.06025078058457314
000042.SZ,2025-12-08,2025-12-09,29.475762092587182,28.048408876341018,200,-287.15354778181336,-0.04842464163480025
000043.SZ,2025-12-08,2025-12-09,33.37590160320244,32.7981775565259,200,-117.51269998870066,-0.017309616187899786
000044.SZ,2025-12-08,2025-12-09,23.112454258859728,23.54374455897462,300,127.2681530241598,0.018660515031611785
000045.SZ,2025-12-08,2025-12-09,29.983329619196944,29.550058219181157,200,-88.42728349630852,-0.01445040979499433
000046.SZ,2025-12-08,2025-12-09,48.820184475451384,50.376912895195076,100,154.1615345875125,0.03188698355956589
000047.SZ,2025-12-08,2025-12-09,15.198995892091133,15.446003496442291,500,121.18690165111184,0.016251573860855444
000048.SZ,2025-12-08,2025-12-09,16.51337624228667,18.509979861694504,400,796.420250179729,0.12090826189104951
000049.SZ,2025-12-08,2025-12-09,46.89047245654262,45.88238491571771,100,-102.18522562996259,-0.021498771243117464
000050.SZ,2025-12-08,2025-12-09,44.318212826794806,43.81771709910225,100,-51.364104282228254,-0.011293229030886202
600001.SH,2025-12-08,2025-12-09,11.97361249214767,13.071880034124316,600,656.6075867798463,0.09172399246233279
600002.SH,2025-12-08,2025-12-09,49.74567918852158,55.687099999286,100,592.4714680764637,0.11943591700192036
600003.SH,2025-12-08,2025-12-09,40.246806243868896,40.004156743794496,100,-25.465074709753935,-0.0060290373999890845
600004.SH,2025-12-08,2025-12-09,13.636188590907848,13.724016611151951,500,41.85540763037807,0.006440804163024268
600005.SH,2025-12-08,2025-12-09,48.20279058912334,47.79763265891055,100,-41.94972200104621,-0.008405279554586805
600006.SH,2025-12-08,2025-12-09,13.170383854250268,14.636126857191064,500,730.6760824418197,0.11129083397730886
600007.SH,2025-12-08,2025-12-09,52.38182371910063,52.50526234825646,100,10.768705045134993,0.002356516447723776
600008.SH,2025-12-08,2025-12-09,26.988252485999293,25.590595582608703,200,-281.06681641307387,-0.051787602925222866
600009.SH,2025-12-08,2025-12-09,46.79920092742405,47.441630259338666,100,62.819684283680544,0.013727356860449156
600010.SH,2025-12-08,2025-12-09,21.514527111209496,21.475786516075896,300,-13.55499932652674,-0.0018006714687870287
600011.SH,2025-12-08,2025-12-09,58.16275800065554,59.9495899550079,100,176.88470773658628,0.030721238396779933
600012.SH,2025-12-08,2025-12-09,45.24358576982322,44.253073556322555,100,-100.37881355675654,-0.021892876009870145
600013.SH,2025-12-08,2025-12-09,24.261972093592956,25.21747668456597,200,189.58786959352892,0.03938280809519773
600014.SH,2025-12-08,2025-12-09,11.626590749003118,11.1778545616693,500,-226.04477185115957,-0.03859568097142263
600015.SH,2025-12-08,2025-12-09,28.729049069047523,29.17301558340169,200,87.04292193582933,0.015453574996065304
600016.SH,2025-12-08,2025-12-09,23.543608979759796,23.404552130505248,200,-29.215642978740107,-0.00590635230877702
600017.SH,2025-12-08,2025-12-09,19.60220188124903,19.621814016016987,300,4.117677168946102,0.0010005067230083816
600018.SH,2025-12-08,2025-12-09,62.86283761213624,62.488309702005566,100,-39.32744030412778,-0.00595785879793577
600019.SH,2025-12-08,2025-12-09,49.01902337625134,48.79969978241968,100,-23.39635037663811,-0.004474254661261122
600020.SH,2025-12-08,2025-12-09,34.57128096065941,34.977452235169096,100,39.56780388391371,0.011748806038511948
600021.SH,2025-12-08,2025-12-09,19.964979747765586,20.233117016397127,300,78.62020005798695,0.01343038019668166
600022.SH,2025-12-08,2025-12-09,22.97949136992867,23.042687124525877,200,11.256589691970476,0.0027500937065954977
600023.SH,2025-12-08,2025-12-09,19.049335265503757,18.98741839403646,300,-20.28392909565173,-0.0032503428914614804
600024.SH,2025-12-08,2025-12-09,32.1930697551072,32.67847047246534,100,47.55971762163972,0.01507780155948421
600025.SH,2025-12-08,2025-12-09,49.622390028516456,49.80207085641804,100,16.47402066446557,0.0036209627911579405
600026.SH,2025-12-08,2025-12-09,26.626526654037548,25.568924019894375,200,-213.05466226982844,-0.039719887159326575
600027.SH,2025-12-08,2025-12-09,48.09269737841002,50.20025423683628,100,209.24967821552127,0.043822804153471964
600028.SH,2025-12-08,2025-12-09,56.092775929482066,56.69909149647407,100,58.9305839543058,0.010809156026691236
600029.SH,2025-12-08,2025-12-09,22.186513010465827,21.68493618061068,200,-101.61646214186658,-0.022607285318722345
600030.SH,2025-12-08,2025-12-09,19.98582618788085,20.156684832437808,300,49.443491732167786,0.008548990817330559
600031.SH,2025-12-08,2025-12-09,23.025626342377198,23.475234861270266,200,88.51318968693704,0.019526440332508683
600032.SH,2025-12-08,2025-12-09,40.07352843430672,40.832641718718996,100,74.68634918966563,0.018943010862063243
600033.SH,2025-12-08,2025-12-09,45.24871389030159,44.521417639072105,100,-74.06526765212038,-0.01607330217147604
600034.SH,2025-12-08,2025-12-09,32.07662430394048,31.469623647856285,100,-61.64415431785483,-0.018923458102467008
600035.SH,2025-12-08,2025-12-09,55.044059729367596,54.546692939017625,100,-51.373079823168155,-0.009035794103766153
600036.SH,2025-12-08,2025-12-09,18.06085878738871,18.022378837848155,300,-13.16599895757281,-0.0021305714193072854
600037.SH,2025-12-08,2025-12-09,61.57123760376216,63.40583838888756,100,181.55790336087375,0.029796392869863384
600038.SH,2025-12-08,2025-12-09,18.798296544916777,19.04204686449765,200,47.6075411043048,0.012966617427193666
600039.SH,2025-12-08,2025-12-09,41.474919560657696,40.99483276888048,100,-49.238524160788984,-0.011575351968436825
600040.SH,2025-12-08,2025-12-09,23.37098263115434,22.893897183923308,200,-96.79072327724225,-0.02041358101028502
600041.SH,2025-12-08,2025-12-09,58.467796060962996,59.39809762495446,100,91.2482134703987,0.015911349951030475
600042.SH,2025-12-08,2025-12-09,27.922098003835366,26.89457531894403,100,-103.55910574870222,-0.03679962317839419
600043.SH,2025-12-08,2025-12-09,10.352103209136624,10.377937765545012,500,11.360587539362314,0.002495585282185583
600044.SH,2025-12-08,2025-12-09,26.06914111829902,26.586167842491005,200,101.81017476784837,0.019832902121545665
600045.SH,2025-12-08,2025-12-09,50.745393556691546,49.918457324055936,100,-84.19117698328228,-0.016295789128362492
600046.SH,2025-12-08,2025-12-09,58.41829892473802,60.757717539862384,100,232.1191299862412,0.04004599000971094
600047.SH,2025-12-08,2025-12-09,15.64301273664125,15.572134414255068,300,-22.664988813137825,-0.004530989239698123
600048.SH,2025-12-08,2025-12-09,39.608218576181955,39.453656593206155,100,-16.63980799537603,-0.0039022705017272364
600049.SH,2025-12-08,2025-12-09,16.78508890633811,16.882286411468215,300,27.639845761998913,0.005790705409573509
600050.SH,2025-12-08,2025-12-09,28.90577066661669,27.610160131481997,100,-130.38935831741355,-0.04482186446704894
000001.SZ,2025-12-09,2025-12-10,29.135241506260858,29.615596463132803,300,141.44108337990292,0.016487076545039867
000002.SZ,2025-12-09,2025-12-10,12.273309953426851,12.261301715929859,900,-14.117965210592956,-0.000978402528947759
000003.SZ,2025-12-09,2025-12-10,30.416543729410144,33.60948556788894,300,954.8576978425281,0.10497385458662416
000004.SZ,2025-12-09,2025-12-10,28.43331095525446,28.50638169152185,300,19.355646527979843,0.0025698989604967643
000005.SZ,2025-12-09,2025-12-10,68.85791722926125,68.8757060735262,100,-0.28738675571094063,0.00025834130599286693
000006.SZ,2025-12-09,2025-12-10,52.139572325997946,51.917948950095465,200,-47.439752117501484,-0.004250579090231152
000007.SZ,2025-12-09,2025-12-10,24.876628712343102,23.878049424696442,400,-402.29708098962874,-0.04014126267644908
000008.SZ,2025-12-09,2025-12-10,42.00769979385243,41.37181149853495,200,-129.65996775340864,-0.015137422387753228
000009.SZ,2025-12-09,2025-12-10,36.58177402210323,38.36636775415666,200,354.6167643454364,0.0487836847654013
000010.SZ,2025-12-09,2025-12-10,47.536035647287555,45.98818747864869,200,-312.328924976493,-0.03256157455206693
000011.SZ,2025-12-09,2025-12-10,16.80224348443885,16.780507939451507,600,-16.06181842150727,-0.0012936096901270246
000012.SZ,2025-12-09,2025-12-10,45.9234413934353,46.876786425099276,200,187.85639914728927,0.020759442296505642
000013.SZ,2025-12-09,2025-12-10,15.495295404322802,15.453094605548104,600,-28.102036293817946,-0.002723458809499322
000014.SZ,2025-12-09,2025-12-10,40.41668314448464,41.09529157294392,200,133.2559681974808,0.01679030478659873
000015.SZ,2025-12-09,2025-12-10,48.627442594898405,47.51845915567833,200,-224.6477953933554,-0.02280571175537044
000016.SZ,2025-12-09,2025-12-10,39.334871460750335,39.51686468547339,200,34.02763306348152,0.004626765461904461
000017.SZ,2025-12-09,2025-12-10,49.30034527098251,49.34354224023176,200,5.678781315436936,0.0008762001363644945
000018.SZ,2025-12-09,2025-12-10,59.74127211721326,58.874060486497946,100,-88.48738488612707,-0.014516122606392368
000019.SZ,2025-12-09,2025-12-10,16.081272974520655,16.179409012457434,600,55.96932913982346,0.006102504328622933
000020.SZ,2025-12-09,2025-12-10,16.318169472494287,16.59221319976924,500,134.53303165751277,0.01679377872235478
000021.SZ,2025-12-09,2025-12-10,58.30215229105887,59.482344269732536,100,116.23472753927581,0.02024268285640394
000022.SZ,2025-12-09,2025-12-10,17.796930296945614,17.877372843473303,500,37.53966733732341,0.00452002368866357
000023.SZ,2025-12-09,2025-12-10,21.074476359889886,21.325254587021696,400,97.75226030228077,0.011899618422268641
000024.SZ,2025-12-09,2025-12-10,31.87475415559168,31.575005890800465,200,-61.844153311691116,-0.009403939661088552
000025.SZ,2025-12-09,2025-12-10,23.287810432664372,22.60018637772634,400,-277.76164434054044,-0.02952720939249586
000026.SZ,2025-12-09,2025-12-10,34.735513267532696,33.80833855211471,200,-187.46344339672396,-0.026692414425458173
000027.SZ,2025-12-09,2025-12-10,36.61880866648029,37.20612549931288,200,115.2309990365602,0.01603866576277243
000028.SZ,2025-12-09,2025-12-10,12.648370467225178,12.729565457414655,700,54.16328438657729,0.006419403226674288
000029.SZ,2025-12-09,2025-12-10,27.231974519471116,27.61613106764058,300,112.76151265475073,0.01410681946308333
000030.SZ,2025-12-09,2025-12-10,56.43321032621482,53.69603429250035,100,-275.3284844002219,-0.04850292970915698
000031.SZ,2025-12-09,2025-12-10,52.99005837258344,52.98579389603214,100,-2.0160214720108343,-8.047691741183876e-05
000032.SZ,2025-12-09,2025-12-10,27.499443909454243,28.2529183804937,300,223.4995786575928,0.0273996257349922
000033.SZ,2025-12-09,2025-12-10,19.749255522283015,21.703736165768035,400,779.1878090541159,0.09896477572431966
000034.SZ,2025-12-09,2025-12-10,28.87819964671394,28.622440947400722,300,-79.30362947923095,-0.008856462744980084
000035.SZ,2025-12-09,2025-12-10,40.229478732844704,40.35628178695561,200,22.93923391496446,0.003151993466109272
000036.SZ,2025-12-09,2025-12-10,46.735579468599774,47.62704535062562,100,87.71777684206609,0.019074672704653146
000037.SZ,2025-12-09,2025-12-10,24.117520828401126,22.734453017870653,300,-416.96644393075076,-0.0573470142462468
000038.SZ,2025-12-09,2025-12-10,16.221071598290944,15.566728054632916,500,-329.5067810372084,-0.04033910704931292
000039.SZ,2025-12-09,2025-12-10,21.277427418597423,22.218323486580967,300,280.26917128127025,0.04422038667894406
000040.SZ,2025-12-09,2025-12-10,22.06929818321583,21.483008443267767,300,-177.82039274431372,-0.026565853389662848
000041.SZ,2025-12-09,2025-12-10,16.778831969796634,16.942586825438074,400,63.468831837523794,0.009759609961897973
000042.SZ,2025-12-09,2025-12-10,29.24295789578443,27.826118709489077,200,-285.03740438164004,-0.048450611300835576
000043.SZ,2025-12-09,2025-12-10,33.586397203346735,35.914004424395856,200,463.3666039443615,0.0693020810465847
000044.SZ,2025-12-09,2025-12-10,23.360300028637024,23.214255449184055,300,-45.90265682631798,-0.006251828070441529
000045.SZ,2025-12-09,2025-12-10,28.994168452042853,30.525469903398207,200,304.4287620768664,0.052814118600716844
000046.SZ,2025-12-09,2025-12-10,49.84931362837822,51.332019755514,100,146.73065212091205,0.029743762134604453
000047.SZ,2025-12-09,2025-12-10,15.488044712392728,15.691599729001275,500,99.42376834492279,0.013142718812380041
000048.SZ,2025-12-09,2025-12-10,18.082146985303904,18.521164119071152,400,173.38431381261034,0.02427903799941759
000049.SZ,2025-12-09,2025-12-10,46.13843137985574,45.580330669824306,100,-57.177480923237454,-0.012096222028803125
000050.SZ,2025-12-09,2025-12-10,44.37302835258067,42.59963600013088,100,-178.617224324983,-0.03996554705166189
600001.SH,2025-12-09,2025-12-10,13.111105678901698,13.419954850404372,500,152.41159252377656,0.023556302501601505
600002.SH,2025-12-09,2025-12-10,54.47151871143113,54.698281243447965,100,21.03530476438027,0.004162955933322411
600003.SH,2025-12-09,2025-12-10,39.9479284129775,39.29038249395299,100,-66.93330337726957,-0.016460075531999213
600004.SH,2025-12-09,2025-12-10,13.463347143654332,14.05908463335189,500,295.75988215377674,0.04424883970835938
600005.SH,2025-12-09,2025-12-10,48.74630742311732,48.97019075214388,100,20.919227180091184,0.004592826428538507
600006.SH,2025-12-09,2025-12-10,13.368999429510788,14.043987204742109,500,335.38728953494865,0.05048902715496791
600007.SH,2025-12-09,2025-12-10,52.15439565900647,53.39980117279106,100,122.93855734327553,0.023879205157073324
600008.SH,2025-12-09,2025-12-10,26.10782088567071,24.61172090968818,200,-300.6966984510873,-0.05730466677146782
600009.SH,2025-12-09,2025-12-10,46.82994209460693,48.960582467942444,100,211.59521985951233,0.04549739500064186
600010.SH,2025-12-09,2025-12-10,21.504433147580293,22.56514254812097,300,316.1819573328721,0.04932515045903591
600011.SH,2025-12-09,2025-12-10,59.83165187615186,60.4758815486576,100,62.608690804113394,0.010767372323920733
600012.SH,2025-12-09,2025-12-10,44.4436451521888,44.334072394712784,100,-12.287297919442608,-0.0024654313817150933
600013.SH,2025-12-09,2025-12-10,24.46555250975812,25.466298164818657,200,198.62115312221886,0.04090427365829522
600014.SH,2025-12-09,2025-12-10,11.240620570127868,10.99324263708757,600,-150.40554349885406,-0.02200749785093792
600015.SH,2025-12-09,2025-12-10,28.77191537640837,29.670583301048115,200,177.95334992988592,0.03123420574831148
600016.SH,2025-12-09,2025-12-10,23.53085874459219,22.75225612980488,200,-157.08565832524982,-0.033088576292025336
600017.SH,2025-12-09,2025-12-10,19.56604283502726,19.515487803959438,300,-16.922903222704008,-0.0025838148006769746
600018.SH,2025-12-09,2025-12-10,62.65509244030205,64.29920400177448,100,162.48218002719022,0.026240669312537518
600019.SH,2025-12-09,2025-12-10,50.038193927854856,49.63590085738776,100,-41.718384072431036,-0.008039720039598597
600020.SH,2025-12-09,2025-12-10,34.53341881263669,33.7759892530583,100,-76.75623563543104,-0.021933234114116365
600021.SH,2025-12-09,2025-12-10,20.123404023945973,20.765405390827805,300,190.73152357937488,0.03190321906362753
600022.SH,2025-12-09,2025-12-10,23.58691843518406,25.23174240135583,200,327.45088869027313,0.06973458490101975
600023.SH,2025-12-09,2025-12-10,19.15304049787813,19.127647039764376,300,-9.339525667704947,-0.0013258186404695106
600024.SH,2025-12-09,2025-12-10,32.92540623294875,32.4359092307332,100,-49.922777498477444,-0.014866847769541152
600025.SH,2025-12-09,2025-12-10,49.88440488623219,50.658460447221195,100,75.8858022854838,0.01551698497264503
600026.SH,2025-12-09,2025-12-10,26.2735139967216,26.838318005605515,200,111.35050269644671,0.02149708672217925
600027.SH,2025-12-09,2025-12-10,48.821067183447965,51.35950450617989,100,252.30294713800686,0.051994711897501114
600028.SH,2025-12-09,2025-12-10,56.363893987910785,55.74707157169677,100,-63.35465376855245,-0.010943573493100258
600029.SH,2025-12-09,2025-12-10,21.97656275197609,22.6711682424101,200,137.56082799225715,0.03160664833137081
600030.SH,2025-12-09,2025-12-10,20.086545383518345,21.059705376829058,300,290.0526245092997,0.048448350611311274
600031.SH,2025-12-09,2025-12-10,23.06387980439613,23.815756393291178,200,148.94637239541225,0.03259974450403331
600032.SH,2025-12-09,2025-12-10,40.27547845289855,39.961271273927636,100,-32.61955603530896,-0.007801451181725137
600033.SH,2025-12-09,2025-12-10,44.055410920267995,44.09593830147447,100,2.7298599716032186,0.0009199183564493454
600034.SH,2025-12-09,2025-12-10,31.57441593505423,34.45923789440263,100,287.4484187980074,0.09136580595131892
600035.SH,2025-12-09,2025-12-10,55.815949948406704,55.76237373629237,100,-7.030492423522446,-0.000959872799152561
600036.SH,2025-12-09,2025-12-10,17.912095470822774,17.74488900702568,300,-51.75897914976031,-0.009334835450685152
600037.SH,2025-12-09,2025-12-10,63.06049157872618,62.96767932559025,100,-11.170255693361469,-0.0014717971714518455
600038.SH,2025-12-09,2025-12-10,19.070316377361042,19.343936961830448,200,53.563480676171366,0.014347983486746393
600039.SH,2025-12-09,2025-12-10,40.92551487278841,41.09038878644765,100,15.254679702330122,0.00402863382835193
600040.SH,2025-12-09,2025-12-10,23.357418379913018,22.92773909511653,200,-87.31152130500504,-0.01839583800776569
600041.SH,2025-12-09,2025-12-10,59.720412181332975,58.45745547849941,100,-128.049393947711,-0.021147822941991176
600042.SH,2025-12-09,2025-12-10,27.265669058090808,26.295283516390768,200,-195.6548253509909,-0.03559001393410105
600043.SH,2025-12-09,2025-12-10,10.358498241212379,10.172814467101263,500,-94.3678092256232,-0.01792574268848675
600044.SH,2025-12-09,2025-12-10,25.860357368885204,27.005318692770686,200,227.3719456555309,0.044274768037934495
600045.SH,2025-12-09,2025-12-10,50.52125266564614,48.937100569695836,100,-159.88332261212054,-0.031356152358975584
600046.SH,2025-12-09,2025-12-10,55.49759844625227,60.766294260678116,100,525.0465926147644,0.0949355640952359
600047.SH,2025-12-09,2025-12-10,15.574453854064467,15.444932943870906,300,-40.24631702301758,-0.008316240903674431
600048.SH,2025-12-09,2025-12-10,39.6311292935657,40.178695690068075,100,53.55127877953555,0.013816573139925023
600049.SH,2025-12-09,2025-12-10,16.616684769992457,16.5747054352562,300,-14.085523910050142,-0.002526336349117422
600050.SH,2025-12-09,2025-12-10,27.76931251030152,27.409835821019794,100,-36.76996400280359,-0.012945105830343237
000001.SZ,2025-12-10,2025-12-11,28.730522154797693,29.322088168219874,400,233.10775478868527,0.020590158794708702
000002.SZ,2025-12-10,2025-12-11,12.456541748458589,12.701338528629105,900,216.88774075073343,0.019652065967731988
000003.SZ,2025-12-10,2025-12-11,33.3061153837041,33.97713103111305,300,198.2467524298845,0.02014692015800985
000004.SZ,2025-12-10,2025-12-11,28.358735003106304,27.546070628942225,300,-246.27845860582966,-0.028656580558867068
000005.SZ,2025-12-10,2025-12-11,68.14267763211836,68.10465770789368,100,-5.84513215370589,-0.0005579458504689619
000006.SZ,2025-12-10,2025-12-11,51.02888976222991,51.543479938802285,200,99.82542651814583,0.0100842910549322
000007.SZ,2025-12-10,2025-12-11,24.51746788754858,23.90809689781694,400,-246.61736752039542,-0.02485456461191555
000008.SZ,2025-12-10,2025-12-11,41.52123978676774,41.955326657096975,200,84.30005446642099,0.010454573913459499
000009.SZ,2025-12-10,2025-12-11,37.918667480012196,37.333604235059724,200,-119.25266524459767,-0.015429425236550644
000010.SZ,2025-12-10,2025-12-11,46.31835395521998,45.59565290431551,200,-147.275949355153,-0.015602908764917996
000011.SZ,2025-12-10,2025-12-11,16.58533390294924,16.94478632845091,600,212.62139376187952,0.02167290858327248
000012.SZ,2025-12-10,2025-12-11,46.05384674340404,46.78151752691084,200,142.7272656497462,0.015800434381977473
000013.SZ,2025-12-10,2025-12-11,15.334852999523907,15.677326131190517,600,202.66196029635285,0.022332990846227394
000014.SZ,2025-12-10,2025-12-11,41.01503215992497,41.97746891418653,200,189.96870271746047,0.023465463845276202
000015.SZ,2025-12-10,2025-12-11,48.005519005649944,47.983305170223396,200,-7.32176539552529,-0.0004627350331101258
000016.SZ,2025-12-10,2025-12-11,39.02327518503594,38.66534639897656,200,-73.9056779958155,-0.00917218722319431
000017.SZ,2025-12-10,2025-12-11,49.21149028679754,48.64935492048845,200,-115.34603455704746,-0.011422847855918367
000018.SZ,2025-12-10,2025-12-11,60.676127668778136,57.576497835168716,100,-311.6902782959969,-0.05108483274558709
000019.SZ,2025-12-10,2025-12-11,16.50648641584421,16.485227914634994,500,-13.102034791803817,-0.0012878877232656927
000020.SZ,2025-12-10,2025-12-11,16.418211902094555,17.00709127645338,500,291.88862348794464,0.035867448773986094
000021.SZ,2025-12-10,2025-12-11,59.90941227795787,57.72932593237827,100,-219.74051433593195,-0.03638971344710893
000022.SZ,2025-12-10,2025-12-11,17.707881995884417,19.575723263603265,500,930.9842753698831,0.10548078353769035
000023.SZ,2025-12-10,2025-12-11,21.317296034627265,21.79790177445497,400,189.62654771814778,0.02254534247903777
000024.SZ,2025-12-10,2025-12-11,31.234787376817476,31.756540830043463,300,153.66794729309186,0.01670424219417717
000025.SZ,2025-12-10,2025-12-11,23.490046605959215,22.21859398477921,300,-383.43545981263105,-0.05412729240211245
000026.SZ,2025-12-10,2025-12-11,34.47926896281844,37.02013071456561,200,505.95114250656115,0.07369244848222196
000027.SZ,2025-12-10,2025-12-11,36.25653951524709,36.95237349708108,200,136.94965395697363,0.019191957951237203
000028.SZ,2025-12-10,2025-12-11,12.721405140346473,12.704487475574453,700,-14.510307710284906,-0.001329858186684493
000029.SZ,2025-12-10,2025-12-11,27.782501619414262,30.239663519066436,300,734.4270001789355,0.08844278795740708
000030.SZ,2025-12-10,2025-12-11,54.42185679641474,51.72117990162416,100,-271.6193248761065,-0.04962485761728905
000031.SZ,2025-12-10,2025-12-11,52.971862060599875,52.55455127719441,100,-43.3077148788625,-0.0078779708164319
000032.SZ,2025-12-10,2025-12-11,28.503555837867463,28.185451927615247,300,-97.96786374914882,-0.011160148300851963
000033.SZ,2025-12-10,2025-12-11,21.6254347968999,21.451694281283565,400,-72.07040956028686,-0.008034081961729646
000034.SZ,2025-12-10,2025-12-11,29.020205380641933,28.87534148176437,300,-46.05795039662735,-0.004991828864663915
000035.SZ,2025-12-10,2025-12-11,41.20870708162055,44.190128556716395,200,593.6328873057664,0.07234930882909411
000036.SZ,2025-12-10,2025-12-11,47.43212317675209,47.83043236945618,100,38.39600629932556,0.008397456534252584
000037.SZ,2025-12-10,2025-12-11,23.170224497737216,22.305977872017113,300,-261.2815257245129,-0.037299881397545566
000038.SZ,2025-12-10,2025-12-11,15.937952197776605,15.839433691919368,500,-51.63516798240653,-0.00618137792325547
000039.SZ,2025-12-10,2025-12-11,20.998021234927684,22.737449740446294,300,519.7821811789436,0.08283773437781271
000040.SZ,2025-12-10,2025-12-11,22.871407633084907,21.107532895976018,300,-531.0620990933039,-0.07712138952730373
000041.SZ,2025-12-10,2025-12-11,17.32470485636854,17.00270376889697,400,-130.84075944089545,-0.01858623798449314
000042.SZ,2025-12-10,2025-12-11,28.054019119140566,28.498923763932144,200,87.27099353247922,0.015858855834600546
000043.SZ,2025-12-10,2025-12-11,32.80473784806635,35.121385499648596,200,461.22224718646976,0.070619300855617
000044.SZ,2025-12-10,2025-12-11,23.548453778808398,23.33979160856723,300,-64.69923231712164,-0.008860971178878303
000045.SZ,2025-12-10,2025-12-11,29.555968821885262,29.746962649192273,200,36.41394770245097,0.006462106806852028
000046.SZ,2025-12-10,2025-12-11,50.38698928541314,51.209765061685026,100,80.74128467533865,0.01632913154646611
000047.SZ,2025-12-10,2025-12-11,15.449093006092543,15.851337312014552,500,198.74445236420252,0.026036758647473936
000048.SZ,2025-12-10,2025-12-11,18.513682227903466,18.732472016605538,400,85.26801883883581,0.01181773490593438
000049.SZ,2025-12-10,2025-12-11,45.89156231044032,49.91046208345762,100,400.39266343922554,0.08757382775140338
000050.SZ,2025-12-10,2025-12-11,43.82648151896406,42.226673000526695,100,-161.24765203375136,-0.03650323874950158
600001.SH,2025-12-10,2025-12-11,13.074494671594888,13.664489030950682,500,292.94750632325395,0.045125595610023196
600002.SH,2025-12-10,2025-12-11,55.69823853313924,54.37560436296537,100,-133.89468514827604,-0.023746427266042387
600003.SH,2025-12-10,2025-12-11,40.0121583753064,39.28464690024424,100,-73.92968691322312,-0.018182260207965782
600004.SH,2025-12-10,2025-12-11,13.726761688981965,14.957465696772712,500,613.1083840408583,0.0896572720992595
600005.SH,2025-12-10,2025-12-11,47.80719314149059,48.831733285431746,100,100.98906239555163,0.021430669249058697
600006.SH,2025-12-10,2025-12-11,14.639054375314315,14.424733904311552,500,-109.32394558702799,-0.014640322080104384
600007.SH,2025-12-10,2025-12-11,52.51576445093638,52.072222949759244,100,-45.91631680620594,-0.008445873459416591
600008.SH,2025-12-10,2025-12-11,25.59571421358832,25.309662871101274,200,-58.72884826967584,-0.01117575153793465
600009.SH,2025-12-10,2025-12-11,47.451119534318025,51.59766240255603,100,413.1063569517246,0.08738556453318468
600010.SH,2025-12-10,2025-12-11,21.480082102937796,22.779348246589976,300,387.7297017534602,0.060487019436228355
600011.SH,2025-12-10,2025-12-11,59.96158107211061,59.20101787118323,100,-77.83235062887343,-0.012684175222343044
600012.SH,2025-12-10,2025-12-11,44.261925056183806,48.545809272210505,100,426.9320473245034,0.09678485991264404
600013.SH,2025-12-10,2025-12-11,25.222520684302854,25.837395607789556,200,121.42474096087335,0.02437801245889622
600014.SH,2025-12-10,2025-12-11,11.180090356161081,11.10782839728159,600,-45.35658443920511,-0.00646345034587925
600015.SH,2025-12-10,2025-12-11,29.178850770037034,29.597394761875123,200,81.93295468190536,0.014344087611150198
600016.SH,2025-12-10,2025-12-11,23.409233509069207,22.55900153533815,200,-171.39993483833132,-0.03632036791814046
600017.SH,2025-12-10,2025-12-11,19.62573877129572,19.96670208597258,300,100.49199121532092,0.017373272856130644
600018.SH,2025-12-10,2025-12-11,62.50080861383715,64.09799932697628,100,157.79613133410294,0.025554720787812707
600019.SH,2025-12-10,2025-12-11,48.809460698467774,51.74206152685746,100,291.7078209931633,0.06008263124451503
600020.SH,2025-12-10,2025-12-11,34.98444842523513,33.72446581892798,100,-127.00999460528237,-0.036015505832537056
600021.SH,2025-12-10,2025-12-11,20.237164044503213,22.738118902956447,300,748.2400268347046,0.1235822792637064
600022.SH,2025-12-10,2025-12-11,23.04729612285061,25.161281818830897,200,421.2874622869276,0.09172380502736463
600023.SH,2025-12-10,2025-12-11,18.991216257501613,19.164100434999984,300,50.14048421036205,0.009103375747726603
600024.SH,2025-12-10,2025-12-11,32.68500682019461,32.36341813100049,100,-33.12977146334151,-0.009839027752486807
600025.SH,2025-12-10,2025-12-11,49.812032266730355,50.813161306860074,100,98.58850917376549,0.020098136827040817
600026.SH,2025-12-10,2025-12-11,25.574038316127975,26.36966757465592,200,157.54367165111034,0.03111081827175457
600027.SH,2025-12-10,2025-12-11,50.210295291789144,52.405706082060014,100,217.9689078446254,0.04372431545189267
600028.SH,2025-12-10,2025-12-11,56.7104324488686,56.36297361107971,100,-36.43677298722196,-0.006126894519842866
600029.SH,2025-12-10,2025-12-11,21.689273601588898,24.82492922543906,200,625.6416290165062,0.14457172155458692
600030.SH,2025-12-10,2025-12-11,20.160716572578306,21.01738397942793,300,255.1086574967385,0.04249191261459547
600031.SH,2025-12-10,2025-12-11,23.47993037779417,24.065484370604388,200,115.66686949980794,0.024938489313579858
600032.SH,2025-12-10,2025-12-11,40.840809063797245,40.286141621339034,100,-56.67532849446161,-0.013581206033204857
600033.SH,2025-12-10,2025-12-11,44.53032281311733,44.736109335985375,100,19.236569006725404,0.004621267259428599
600034.SH,2025-12-10,2025-12-11,31.475918202041274,34.46442956200433,100,297.817203109445,0.09494596283990983
600035.SH,2025-12-10,2025-12-11,54.557603368648394,55.04993559356176,100,47.58172442352952,0.009024080870757026
600036.SH,2025-12-10,2025-12-11,18.025983674099347,17.78997944503113,300,-72.40236687051856,-0.013092446622334457
600037.SH,2025-12-10,2025-12-11,63.41852082480892,63.992811367076555,100,55.509269885751564,0.00905556507465835
600038.SH,2025-12-10,2025-12-11,19.045855654749573,18.704629941764185,200,-69.36742039358342,-0.01791600856222463
600039.SH,2025-12-10,2025-12-11,41.00303255541291,44.99397572116017,100,397.7444973030906,0.09733287800978532
600040.SH,2025-12-10,2025-12-11,22.898476421283824,22.723158614264953,200,-36.42695092063059,-0.007656308821311599
600041.SH,2025-12-10,2025-12-11,59.40997843256021,59.464613331888074,100,3.6795515328303736,0.0009196249648513995
600042.SH,2025-12-10,2025-12-11,26.899954771953123,26.1559224301655,200,-150.37582370333348,-0.0276592413665832
600043.SH,2025-12-10,2025-12-11,10.380013560677634,10.15851106678166,500,-112.27502360800463,-0.021339326061681343
600044.SH,2025-12-10,2025-12-11,26.591485607836038,26.409274773120472,200,-38.026723429500635,-0.006852224708418369
600045.SH,2025-12-10,2025-12-11,49.92844201398974,50.10371111593417,100,16.023798860965144,0.0035104059905438317
600046.SH,2025-12-10,2025-12-11,60.76987029864624,59.618450291131914,100,-116.9305542601669,-0.018947218446506625
600047.SH,2025-12-10,2025-12-11,15.575249152611754,15.527156903785148,300,-15.825118769322216,-0.0030877354420068203
600048.SH,2025-12-10,2025-12-11,39.46154811367685,39.215483331540334,100,-25.78294271359755,-0.006235558256043976
600049.SH,2025-12-10,2025-12-11,16.885663206430003,16.489718753894895,300,-120.26741044838309,-0.023448557968652
600050.SH,2025-12-10,2025-12-11,27.615682715766724,28.592642350922244,100,96.83818424502397,0.035376986519248386
000001.SZ,2025-12-11,2025-12-12,29.621520174796593,28.670868112615167,300,-287.7759967845632,-0.032093290842996176
000002.SZ,2025-12-11,2025-12-12,12.263754221523604,12.872157267086864,900,544.0872585448215,0.04960985311459341
000003.SZ,2025-12-11,2025-12-12,33.61620813725945,35.050416467852756,300,427.107961695885,0.0426641911763886
000004.SZ,2025-12-11,2025-12-12,28.512083538044802,27.44788414102303,300,-321.73012867922444,-0.03732450473504565
000005.SZ,2025-12-11,2025-12-12,68.8894825923928,69.29621826491159,100,38.59468070393177,0.005904176620477424
000006.SZ,2025-12-11,2025-12-12,51.9283335783483,52.28801452108321,200,68.79890767571669,0.0069264872941133945
000007.SZ,2025-12-11,2025-12-12,23.88282551219013,23.04234603094536,400,-338.95687402162184,-0.035191794237904465
000008.SZ,2025-12-11,2025-12-12,41.38008668835364,42.68788031769549,200,258.9974530493091,0.03160441975849995
000009.SZ,2025-12-11,2025-12-12,38.37404179511159,38.33737333666734,200,-9.633934089049035,-0.000955553721446091
000010.SZ,2025-12-11,2025-12-12,45.99738603600016,46.07060640363783,200,11.879837143314944,0.001591837579213039
000011.SZ,2025-12-11,2025-12-12,16.783864376683123,18.554541029653745,600,1059.066174397034,0.10549874648835478
000012.SZ,2025-12-11,2025-12-12,46.88616272001379,51.22576169196737,200,864.8462486891985,0.09255607028171618
000013.SZ,2025-12-11,2025-12-12,15.456185533562016,15.137334511881537,600,-194.03533322042495,-0.020629347453685505
000014.SZ,2025-12-11,2025-12-12,41.10351145324654,41.04196941199774,200,-14.770926414479618,-0.0014972453465149967
000015.SZ,2025-12-11,2025-12-12,47.5279637979737,48.56990596728224,200,205.47423950367192,0.021922718459757858
000016.SZ,2025-12-11,2025-12-12,39.52476884882682,38.6158660242696,200,-184.09751687289918,-0.022995778369598104
000017.SZ,2025-12-11,2025-12-12,49.353411935649355,48.10022810399716,200,-253.52278001667946,-0.025392040438585853
000018.SZ,2025-12-11,2025-12-12,58.88583647619421,57.89587972486815,100,-100.73255152435104,-0.016811457738674818
000019.SZ,2025-12-11,2025-12-12,16.18264521788047,16.1437836029468,600,-26.222850008731257,-0.002401437738419322
000020.SZ,2025-12-11,2025-12-12,16.595531974286644,17.17355503939682,500,286.43549929917754,0.03483004136328827
000021.SZ,2025-12-11,2025-12-12,59.49424192835234,58.4113664456346,100,-110.03988926514376,-0.018201349367924096
000022.SZ,2025-12-11,2025-12-12,17.880948675625213,19.652233424852344,500,882.6945395998391,0.0990598866625961
000023.SZ,2025-12-11,2025-12-12,21.32952006448685,21.284480866425543,400,-20.56981692849513,-0.0021115898494263904
000024.SZ,2025-12-11,2025-12-12,31.5813215235419,34.77341220889759,300,954.4975985079054,0.10107527270434795
000025.SZ,2025-12-11,2025-12-12,22.60470686705082,22.674371610276797,400,25.144972697158664,0.0030818689061402117
000026.SZ,2025-12-11,2025-12-12,33.815100896059526,36.028145965598014,200,440.44732514976204,0.06544546699242214
000027.SZ,2025-12-11,2025-12-12,37.213567468609675,37.08201979962504,200,-28.534454984905096,-0.003534938409105782
000028.SZ,2025-12-11,2025-12-12,12.732111625122908,13.213023882464881,700,333.86384512406585,0.037771602347016896
000029.SZ,2025-12-11,2025-12-12,27.62165484623197,29.828994152547825,300,659.5171824210283,0.07991336212851749
000030.SZ,2025-12-11,2025-12-12,53.706774573386944,51.716509160022085,100,-200.57803661128673,-0.03705799555408576
000031.SZ,2025-12-11,2025-12-12,52.9963921146332,50.68722155377454,100,-232.43767273247886,-0.04357222197057938
000032.SZ,2025-12-11,2025-12-12,28.258569529284674,27.930661065987852,300,-100.88629848498567,-0.011603859245493897
000033.SZ,2025-12-11,2025-12-12,21.70807734711932,21.308485038861708,400,-162.3939415077075,-0.01840754028410718
000034.SZ,2025-12-11,2025-12-12,28.62816600809627,29.15723442812967,300,156.09637491148897,0.018480695545910135
000035.SZ,2025-12-11,2025-12-12,40.36435385051936,43.87052907700326,200,698.602813552161,0.08686315751438174
000036.SZ,2025-12-11,2025-12-12,47.636571712331914,49.407235552337426,100,175.58416693398067,0.037170261762290734
000037.SZ,2025-12-11,2025-12-12,22.739000363208763,23.183279237029453,300,131.19716701487414,0.019538188430636705
000038.SZ,2025-12-11,2025-12-12,15.56984171160954,16.144808433726194,500,285.0616397932681,0.03692823169088062
000039.SZ,2025-12-11,2025-12-12,22.222767595689195,23.1159128171906,300,265.8631342968747,0.04019054861891549
000040.SZ,2025-12-11,2025-12-12,21.48730547465956,21.228460988483505,300,-79.56390734177967,-0.012046391134584862
000041.SZ,2025-12-11,2025-12-12,16.94597568168879,17.211880397018955,400,104.29646048442464,0.015691319303467
000042.SZ,2025-12-11,2025-12-12,27.831684489809003,28.540098244089595,200,139.97034496147262,0.02545349903416692
000043.SZ,2025-12-11,2025-12-12,35.92118794363266,34.37507555696061,200,-311.2849818678269,-0.0430417944166602
000044.SZ,2025-12-11,2025-12-12,23.21889876460543,22.574179392156807,300,-195.447487879881,-0.027767009063815924
000045.SZ,2025-12-11,2025-12-12,30.53157560794934,29.19464797038845,200,-269.13720639040093,-0.04378836044127385
000046.SZ,2025-12-11,2025-12-12,51.34228718620817,52.83393405137132,100,147.57966849477452,0.029052988226902533
000047.SZ,2025-12-11,2025-12-12,15.694738362810455,15.610744391623973,500,-44.33859725198363,-0.00535172802787909
000048.SZ,2025-12-11,2025-12-12,18.524868722355293,19.151511493113844,400,248.3589269242466,0.033827109932624555
000049.SZ,2025-12-11,2025-12-12,45.58944764765606,48.18220093397842,100,257.82986260421694,0.056871785470198985
000050.SZ,2025-12-11,2025-12-12,42.60815677940884,43.30850829672678,100,68.7358964828918,0.016437029204145213
600001.SH,2025-12-11,2025-12-12,13.422639109800391,13.613823020573285,500,93.54988193336067,0.014243392019182224
600002.SH,2025-12-11,2025-12-12,54.70922199377169,54.483386410131764,100,-24.21805995629711,-0.004127925337078226
600003.SH,2025-12-11,2025-12-12,39.298241356338025,40.25031400662775,100,93.99975560877328,0.024226851315222314
600004.SH,2025-12-11,2025-12-12,14.061896731488375,15.188393948885103,500,560.970349606032,0.08010990543503267
600005.SH,2025-12-11,2025-12-12,48.97998576979607,47.68184408071984,100,-131.2446242300457,-0.02650351298951871
600006.SH,2025-12-11,2025-12-12,14.046796283090892,14.410813704562484,500,179.8470886801124,0.02591462239042973
600007.SH,2025-12-11,2025-12-12,53.410482201128445,54.469076118267886,100,104.22531943039576,0.019819965548206083
600008.SH,2025-12-11,2025-12-12,24.616643746153763,25.0583851825938,200,86.84478417705122,0.017944827938173195
600009.SH,2025-12-11,2025-12-12,48.970375563745606,50.470853924543555,100,148.53371046205848,0.030640532026240022
600010.SH,2025-12-11,2025-12-12,22.569656027978578,22.35559052958669,300,-66.23165266522938,-0.009484659319863892
600011.SH,2025-12-11,2025-12-12,60.48797793460592,59.31780497090141,100,-118.79683051957818,-0.01934554606817231
600012.SH,2025-12-11,2025-12-12,44.34294009596186,48.65781909985224,100,430.02816581604293,0.09730701199678282
600013.SH,2025-12-11,2025-12-12,25.471391933828517,25.635299020596353,200,31.243299412330998,0.006434948164342399
600014.SH,2025-12-11,2025-12-12,10.995441505501828,10.914662759657949,600,-50.431886803065936,-0.007346566829850353
600015.SH,2025-12-11,2025-12-12,29.676518011179336,29.16544249062903,200,-103.96503065949946,-0.017221546016880463
600016.SH,2025-12-11,2025-12-12,22.756807036121476,22.75438633968897,300,-2.774103700323394,-0.00010637241106201677
600017.SH,2025-12-11,2025-12-12,19.51939129186902,20.227174450281687,300,210.51450182327517,0.03626051385667444
600018.SH,2025-12-11,2025-12-12,64.31206512868752,63.09102932647607,100,-123.99631110094015,-0.018986107813023546
600019.SH,2025-12-11,2025-12-12,49.64582903037654,51.7529480968461,100,209.15931820405058,0.042443023062023716
600020.SH,2025-12-11,2025-12-12,33.78274512649625,34.049340560304856,100,25.63806316405089,0.007891467458028137
600021.SH,2025-12-11,2025-12-12,20.769558887255616,22.909972654846534,300,640.0622327383389,0.1030553310838149
600022.SH,2025-12-11,2025-12-12,25.23678925452142,25.40370883199363,200,31.859692964522765,0.0066141368376448776
600023.SH,2025-12-11,2025-12-12,19.131472951763527,19.722011893600936,300,175.38670148079837,0.030867405940271472
600024.SH,2025-12-11,2025-12-12,32.44239706136241,32.24350674536111,100,-20.856336802491114,-0.006130567837669867
600025.SH,2025-12-11,2025-12-12,50.668593152581174,50.401630709335286,100,-28.208293245868845,-0.005268795256303417
600026.SH,2025-12-11,2025-12-12,26.843686206026675,26.945754327351615,200,18.796879005347364,0.0038023139050859956
600027.SH,2025-12-11,2025-12-12,51.369777434373944,51.90832303998271,100,52.29731086967786,0.01048370525445184
600028.SH,2025-12-11,2025-12-12,55.75822210106404,57.53340708734434,100,175.79249641540991,0.0318371877615233
600029.SH,2025-12-11,2025-12-12,22.675702929527294,24.9813628519439,200,459.6331027122051,0.1016797551803467
600030.SH,2025-12-11,2025-12-12,21.063917739140656,21.321615211413175,200,50.26019754181834,0.012234071337720271
600031.SH,2025-12-11,2025-12-12,23.8205200209326,24.746933222686017,200,183.7978243573225,0.038891392838582776
600032.SH,2025-12-11,2025-12-12,39.96926432748778,40.25643681248187,100,27.509555395035477,0.007184832891622665
600033.SH,2025-12-11,2025-12-12,44.104758371141735,45.99003683900044,100,187.1481456807005,0.042745466418704255
600034.SH,2025-12-11,2025-12-12,34.46613043123519,34.94879179141525,100,47.217672264263456,0.014003932386405777
600035.SH,2025-12-11,2025-12-12,55.77352732639863,53.91886752258734,100,-187.0835464068059,-0.033253406996430784
600036.SH,2025-12-11,2025-12-12,17.74843833976036,18.039878639959742,300,85.8085009822189,0.016420616542160427
600037.SH,2025-12-11,2025-12-12,62.9802741209349,62.847297856379726,100,-15.183045391208907,-0.002111395455342635
600038.SH,2025-12-11,2025-12-12,19.347806136140246,19.4704659234571,200,23.363729507962944,0.006339725881774935
600039.SH,2025-12-11,2025-12-12,41.098607686094894,45.5427850287302,100,443.05145071266907,0.1081344987786272
600040.SH,2025-12-11,2025-12-12,22.932325101536193,22.29903584245796,200,-127.99579396619447,-0.02761557130706338
600041.SH,2025-12-11,2025-12-12,58.469148138861144,59.42304596581799,100,93.60709131670956,0.01631454976377269
600042.SH,2025-12-11,2025-12-12,26.300543099052312,25.64072941128587,200,-133.50118131796535,-0.025087454859067757
600043.SH,2025-12-11,2025-12-12,10.174849233471319,10.044944941132501,500,-66.4588879105795,-0.012767195794064738
600044.SH,2025-12-11,2025-12-12,27.010720296669632,26.43016782570023,200,-117.69630426342246,-0.021493409453467338
600045.SH,2025-12-11,2025-12-12,48.94688896864967,48.081899659447785,100,-87.94138790997204,-0.017671997698483034
600046.SH,2025-12-11,2025-12-12,60.77844873497768,65.28220306878944,100,448.4169672891121,0.07410117282608228
600047.SH,2025-12-11,2025-12-12,15.448022239389232,15.02462399426489,300,-128.37168969678623,-0.02740792565955567
600048.SH,2025-12-11,2025-12-12,40.18673223286037,39.411435406048156,100,-78.71202574340305,-0.019292358042942888
600049.SH,2025-12-11,2025-12-12,16.578020707870515,16.67678320508901,300,28.12783867708913,0.005957435990631048
600050.SH,2025-12-11,2025-12-12,27.415318336435536,27.17112309424986,100,-25.23465791139506,-0.008907255396014674
000001.SZ,2025-12-12,2025-12-15,29.327953172353933,28.77721125074746,300,-167.812525494508,-0.018778737076190898
000002.SZ,2025-12-12,2025-12-15,12.703879050387005,12.596436190594824,900,-100.09961158442457,-0.008457484471163016
000003.SZ,2025-12-12,2025-12-15,33.98392713692986,35.69461868465263,300,509.9949486352143,0.05033825375242727
000004.SZ,2025-12-12,2025-12-15,27.55158039404452,27.13850378611648,400,-168.48726362555135,-0.014992846218626723
000005.SZ,2025-12-12,2025-12-15,68.11828000166464,69.6514160933288,100,151.2240666836169,0.022506970105920104
000006.SZ,2025-12-12,2025-12-15,51.55378966576274,53.40180436865596,200,366.3988323165231,0.035846340586684296
000007.SZ,2025-12-12,2025-12-15,23.91287899540626,22.327405226882686,400,-636.8687960366551,-0.06630208637061846
000008.SZ,2025-12-12,2025-12-15,41.96371856161885,42.60528055284617,200,125.75608141229532,0.015288492374317609
000009.SZ,2025-12-12,2025-12-15,37.341071702653494,41.97942380365074,200,925.1516547712299,0.12421582695677263
000010.SZ,2025-12-12,2025-12-15,45.60477294690063,46.02430132268493,200,81.14421707749716,0.00919922079806797
000011.SZ,2025-12-12,2025-12-15,16.94817562464622,17.401483895999306,600,268.8526957105714,0.026746729641736876
000012.SZ,2025-12-12,2025-12-15,46.79087476614014,50.805060103349184,200,799.7887638356078,0.08578991859570612
000013.SZ,2025-12-12,2025-12-15,15.680461909994635,16.575381290510286,600,533.9680596770995,0.05707225881816877
000014.SZ,2025-12-12,2025-12-15,41.9858652476027,42.1317992120633,200,26.65888493939383,0.0034757879491105316
000015.SZ,2025-12-12,2025-12-15,47.992902791019524,48.231037301787396,200,44.73303991546709,0.004961869295649921
000016.SZ,2025-12-12,2025-12-15,38.673080241640626,38.86101868174415,200,35.25602689979951,0.004859670833800373
000017.SZ,2025-12-12,2025-12-15,48.65908576455695,49.37091362407943,200,139.40331708705162,0.01462887862231418
000018.SZ,2025-12-12,2025-12-15,57.588014286380876,57.51798381156769,100,-8.728586995665864,-0.0012160598985915842
000019.SZ,2025-12-12,2025-12-15,16.48852528995545,16.78282596386322,600,173.5594956711666,0.017848817206657867
000020.SZ,2025-12-12,2025-12-15,17.01049303488451,17.425501302484825,500,204.89030860478488,0.024397192177159684
000021.SZ,2025-12-12,2025-12-15,57.74087295226674,59.48910014520269,100,173.038046289239,0.030277117465494077
000022.SZ,2025-12-12,2025-12-15,19.579638799809608,19.491893344529586,500,-46.796511641688994,-0.004481464452800573
000023.SZ,2025-12-12,2025-12-15,21.8022617908115,20.810592760605093,400,-399.1648832138344,-0.04548468593402278
000024.SZ,2025-12-12,2025-12-15,31.762892773403806,34.88299679311485,300,932.891736201931,0.09823110388495901
000025.SZ,2025-12-12,2025-12-15,22.22303814799249,23.103716784447823,400,349.49900856800014,0.03962908359291496
000026.SZ,2025-12-12,2025-12-15,37.02753548118518,36.64989085945439,200,-77.72791779772524,-0.010199021264126197
000027.SZ,2025-12-12,2025-12-15,36.95976471090188,37.34214333637307,200,74.23519649405534,0.010345807893046509
000028.SZ,2025-12-12,2025-12-15,12.70702862718473,13.142697360853987,700,302.2081471226993,0.03428564981251482
000029.SZ,2025-12-12,2025-12-15,30.245712056624004,30.03013232659355,300,-67.37663091852846,-0.0071276129861602075
000030.SZ,2025-12-12,2025-12-15,51.73152517213153,51.946253025604555,100,19.914397756534527,0.004150812348148179
000031.SZ,2025-12-12,2025-12-15,52.565063238646,51.68623630478823,100,-89.43328047492014,-0.016718840988888036
000032.SZ,2025-12-12,2025-12-15,28.191089581766185,28.006626269397078,300,-57.85959007497877,-0.006543319719306528
000033.SZ,2025-12-12,2025-12-15,21.455985049216615,21.19385483746212,400,-107.3953472822941,-0.012217113833422735
000034.SZ,2025-12-12,2025-12-15,28.881117127625306,28.832784361153493,300,-17.09478053404746,-0.0016735075121308708
000035.SZ,2025-12-12,2025-12-15,44.1989674663187,44.02612349646753,100,-18.605180690011366,-0.0039105884087198605
000036.SZ,2025-12-12,2025-12-15,47.83999941263439,47.3313456254425,100,-52.2853190879523,-0.010632395347763224
000037.SZ,2025-12-12,2025-12-15,22.310439513755693,22.99656237954182,300,203.76716912167922,0.030753444608883358
000038.SZ,2025-12-12,2025-12-15,15.842601895478108,16.099493531946305,500,126.0308942043057,0.016215242809422634
000039.SZ,2025-12-12,2025-12-15,22.741997685188856,22.602523726615946,300,-43.87641470726885,-0.006132880695161865
000040.SZ,2025-12-12,2025-12-15,21.111754824748086,21.771646110161292,400,261.34391663206225,0.03125705517570968
000041.SZ,2025-12-12,2025-12-15,17.006104649738838,17.00022773226594,400,-4.390794317030668,-0.00034557693216281536
000042.SZ,2025-12-12,2025-12-15,28.50462411872041,31.251407577278105,200,547.481607256902,0.09636273213487996
000043.SZ,2025-12-12,2025-12-15,35.12841047924648,34.84709231440826,200,-58.35445850651013,-0.008008280505729841
000044.SZ,2025-12-12,2025-12-15,23.344460033731455,23.94477711577461,300,177.94009467252727,0.02571561223415448
000045.SZ,2025-12-12,2025-12-15,29.75291263672086,28.466554313388194,200,-258.97965792533705,-0.04323470239834777
000046.SZ,2025-12-12,2025-12-15,51.2200080389951,51.11487052699324,100,-12.047197315994708,-0.002052664886772558
000047.SZ,2025-12-12,2025-12-15,15.854507896535408,15.643343399980168,500,-107.92874978761756,-0.013318893145928816
000048.SZ,2025-12-12,2025-12-15,18.736218885695767,19.04890678666932,400,122.7892915750208,0.016688954312562853
000049.SZ,2025-12-12,2025-12-15,49.920445174183385,47.68604596730371,100,-224.87050206698586,-0.04475920034533673
000050.SZ,2025-12-12,2025-12-15,42.23511917974472,44.38518510139978,100,213.67503661246337,0.050907064154472485
600001.SH,2025-12-12,2025-12-15,13.667222202073985,13.757948955481101,500,43.299684360235915,0.006638273093514837
600002.SH,2025-12-12,2025-12-15,54.38648057145881,55.69344229936872,100,129.025369522009,0.024031003921878725
600003.SH,2025-12-12,2025-12-15,39.2925046153958,39.08309766751751,100,-22.113187717855,-0.0053294375079424635
600004.SH,2025-12-12,2025-12-15,14.960457489091297,15.393485287846927,500,214.20487658463753,0.0289448233164915
600005.SH,2025-12-12,2025-12-15,48.84150060882117,47.69295433633291,100,-116.28541587891596,-0.023515785923269198
600006.SH,2025-12-12,2025-12-15,14.427619139615945,14.151990384061941,500,-139.93717633461165,-0.01910424394259007
600007.SH,2025-12-12,2025-12-15,52.08263843589781,55.38011308914169,100,328.0860619317127,0.06331235805771121
600008.SH,2025-12-12,2025-12-15,25.314725309919375,25.075422998517187,200,-49.36498766034856,-0.009453087421352315
600009.SH,2025-12-12,2025-12-15,51.607982967093,51.85365278234113,100,23.011371941342986,0.004760306470508166
600010.SH,2025-12-12,2025-12-15,22.783904571871822,22.935028200067844,300,43.27293592080059,0.006632911743432829
600011.SH,2025-12-12,2025-12-15,59.21285925889624,58.99586491769771,100,-23.469310067383958,-0.003664648927858134
600012.SH,2025-12-12,2025-12-15,48.55551940507823,49.61369193063482,100,104.3288417977401,0.021793043067435968
600013.SH,2025-12-12,2025-12-15,25.842563603710705,25.76946715856152,200,-16.165457059350956,-0.0028285291765206533
600014.SH,2025-12-12,2025-12-15,11.110050185139833,11.24596595099223,600,79.52518564026013,0.012233587030433979
600015.SH,2025-12-12,2025-12-15,29.60331483283459,29.468492250244736,200,-28.732626052985324,-0.004554306953500911
600016.SH,2025-12-12,2025-12-15,22.56351378687037,22.71559921163438,300,43.58122350015583,0.006740325385512791
600017.SH,2025-12-12,2025-12-15,19.97069582576375,20.214059737852864,300,71.18990825032688,0.0121860507121216
600018.SH,2025-12-12,2025-12-15,64.11082020892987,63.86183590810414,100,-26.81428515981588,-0.00388365489654186
600019.SH,2025-12-12,2025-12-15,51.752410974107555,52.689796203561244,100,92.15782905926244,0.01811288038199178
600020.SH,2025-12-12,2025-12-15,33.73121138664854,33.63026529099155,100,-11.103517524428298,-0.0029926614404646957
600021.SH,2025-12-12,2025-12-15,22.742666981544897,22.646042100726717,200,-20.683738689679558,-0.0042486169672443525
600022.SH,2025-12-12,2025-12-15,25.16631457847063,25.87270235102795,200,139.7251923704025,0.028068781003064463
600023.SH,2025-12-12,2025-12-15,19.167933638407323,19.709961353557603,300,160.83441802326342,0.02827783763108421
600024.SH,2025-12-12,2025-12-15,32.36989146195979,33.450525169967094,100,107.0598550456316,0.033383915089033774
600025.SH,2025-12-12,2025-12-15,50.82332495548631,48.34001908980848,100,-249.7807871404775,-0.048861538827946326
600026.SH,2025-12-12,2025-12-15,26.374942035616947,27.40440990670147,200,204.24930962250346,0.039032042978305766
600027.SH,2025-12-12,2025-12-15,52.416188271495365,51.246664942053044,100,-118.48973289249352,-0.022312254439118058
600028.SH,2025-12-12,2025-12-15,56.37424733317414,57.62698380419023,100,123.54483758748393,0.022221786192769332
600029.SH,2025-12-12,2025-12-15,24.829894707832384,25.176504424621196,200,67.81135309228557,0.01395937118812981
600030.SH,2025-12-12,2025-12-15,21.021587876613534,21.112099311877415,200,16.83556109406345,0.0043056421710452675
600031.SH,2025-12-12,2025-12-15,24.070297948836334,24.695293472715946,200,123.51738716755972,0.025965425322449196
600032.SH,2025-12-12,2025-12-15,40.29419965546672,39.516617158556755,100,-78.94374820575285,-0.01929762853111961
600033.SH,2025-12-12,2025-12-15,44.74505745266424,45.605287536109095,100,84.65484971840215,0.01922514200266456
600034.SH,2025-12-12,2025-12-15,34.471323137274254,35.157006487913435,100,67.5136248692811,0.019891413738561816
600035.SH,2025-12-12,2025-12-15,55.0609466817893,52.68978387205313,100,-238.69697448977877,-0.04306433057607419
600036.SH,2025-12-12,2025-12-15,17.79353779675531,18.4333640854664,300,190.2888838456356,0.03595835162290016
600037.SH,2025-12-12,2025-12-15,64.00561120933419,62.04969149970234,100,-197.4534617081763,-0.030558566236246025
600038.SH,2025-12-12,2025-12-15,18.70837124188255,19.289518918672368,300,172.60824633426546,0.031063509980430552
600039.SH,2025-12-12,2025-12-15,45.00297541627391,49.869349606459565,100,485.1413385303713,0.108134498778627
600040.SH,2025-12-12,2025-12-15,22.727703700496427,24.417444247491467,200,336.4830627441588,0.07434717423556221
600041.SH,2025-12-12,2025-12-15,59.47650744396566,59.35613847644607,100,-13.81758090625226,-0.0020238069229769687
600042.SH,2025-12-12,2025-12-15,26.161154137822297,25.634739320121238,200,-106.82104789941877,-0.02012200283396516
600043.SH,2025-12-12,2025-12-15,10.160542972185556,10.405575738136047,500,120.95554661452479,0.02411610940687588
600044.SH,2025-12-12,2025-12-15,26.414557156313414,25.971029957884003,200,-90.26370148335536,-0.016791013977813463
600045.SH,2025-12-12,2025-12-15,50.11373286033179,47.208131309134,100,-291.9763990590527,-0.057980146066863025
600046.SH,2025-12-12,2025-12-15,59.630375173678395,67.33744358879031,100,768.6867182035276,0.12924735745271498
600047.SH,2025-12-12,2025-12-15,15.530262645740098,15.135997572535478,300,-119.64176174291333,-0.02538689024121338
600048.SH,2025-12-12,2025-12-15,39.22332721259475,39.8249145325284,100,58.96398455739018,0.015337488241958347
600049.SH,2025-12-12,2025-12-15,16.493017027473034,16.515770045291692,300,5.339486041521013,0.001379554618827944
600050.SH,2025-12-12,2025-12-15,28.598361451302463,26.504889815311262,100,-210.14231029357916,-0.07320250286213012
000001.SZ,2025-12-15,2025-12-16,28.676602859712396,28.62104697884136,400,-25.656877985877145,-0.0019373243456632283
000002.SZ,2025-12-15,2025-12-16,12.874731956009173,12.391969149046423,900,-437.832357936717,-0.03749692099317257
000003.SZ,2025-12-15,2025-12-16,35.05742725222477,35.0197017452289,300,-14.469425255832903,-0.0010761059767577556
000004.SZ,2025-12-15,2025-12-16,27.45337426686382,26.31650814951503,400,-457.9044279174577,-0.04141079731393833
000005.SZ,2025-12-15,2025-12-16,69.31007889462755,67.58211955534793,100,-174.82339751462314,-0.024930852292155754
000006.SZ,2025-12-15,2025-12-16,52.2984731698523,55.456986020358336,200,628.3751509399845,0.06039397823810227
000007.SZ,2025-12-15,2025-12-16,23.046954961044555,22.831991628683664,400,-88.72517193979911,-0.009327190196025313
000008.SZ,2025-12-15,2025-12-16,42.69641874760201,43.33415914074222,200,124.9480290795982,0.014936624940611223
000009.SZ,2025-12-15,2025-12-16,38.34504157815883,42.26331570941735,200,781.1190273091397,0.10218463639612671
000010.SZ,2025-12-15,2025-12-16,46.079821446422834,45.865976653437635,200,-45.520917196245136,-0.004640746996683511
000011.SZ,2025-12-15,2025-12-16,18.55825230898761,17.558496655084976,500,-502.51160144957976,-0.05387121789579607
000012.SZ,2025-12-15,2025-12-16,51.23600786892346,52.85415116010968,200,320.4574091676368,0.03158215010283199
000013.SZ,2025-12-15,2025-12-16,15.140362281560883,16.281103306983976,700,795.0996861016993,0.07534436786974225
000014.SZ,2025-12-15,2025-12-16,41.050178626801625,42.22784757168338,200,233.00011812204866,0.028688521811031854
000015.SZ,2025-12-15,2025-12-16,48.579620919970964,48.347732025141624,200,-49.27864288737692,-0.004773378022264686
000016.SZ,2025-12-15,2025-12-16,38.62358996986901,38.847225671933415,200,42.39630687256522,0.0057901324615052315
000017.SZ,2025-12-15,2025-12-16,48.10984911171874,49.255543089681005,200,226.18346300707162,0.02381412536343199
000018.SZ,2025-12-15,2025-12-16,57.907460058846524,57.6386958391653,100,-28.60558284329727,-0.004641271079893692
000019.SZ,2025-12-15,2025-12-16,16.147012682575355,17.036995994206816,600,530.9233276999203,0.05511752106269566
000020.SZ,2025-12-15,2025-12-16,17.176990093910153,17.090436810405627,500,-45.84020727382449,-0.005038908623182548
000021.SZ,2025-12-15,2025-12-16,58.423049887267894,59.41147927987984,100,97.06059488279789,0.016918483278760773
000022.SZ,2025-12-15,2025-12-16,19.656164264621292,21.343623212259896,500,840.5279303374627,0.08584884237439064
000023.SZ,2025-12-15,2025-12-16,21.28873818833102,21.17742553948023,400,-47.06635060505505,-0.005228710497825809
000024.SZ,2025-12-15,2025-12-16,34.78036758687717,34.74707801384189,200,-8.742739287886252,-0.0009571368948911388
000025.SZ,2025-12-15,2025-12-16,22.678906938131636,22.644935267584533,400,-16.306060450951918,-0.0014979412649727144
000026.SZ,2025-12-15,2025-12-16,36.03535231542611,36.43998013552676,200,78.73916521199953,0.011228635051458508
000027.SZ,2025-12-15,2025-12-16,37.08943694529953,37.3703944739178,200,53.949282055218646,0.007575135989058822
000028.SZ,2025-12-15,2025-12-16,13.215666751528282,13.346766702470486,700,88.96714465202422,0.009920040615963877
000029.SZ,2025-12-15,2025-12-16,29.83496054801788,29.765432646613053,300,-23.53725935964212,-0.0023304170720428357
000030.SZ,2025-12-15,2025-12-16,51.72685349628772,50.86242704041791,100,-87.96851839819192,-0.016711367451179713
000031.SZ,2025-12-15,2025-12-16,50.69736001193112,52.98160661498516,100,226.8352121069547,0.04505651975796114
000032.SZ,2025-12-15,2025-12-16,27.936247756870134,27.507018935062533,300,-131.2442782464368,-0.015364583874799182
000033.SZ,2025-12-15,2025-12-16,21.312747162081802,20.69069225074653,400,-251.30484760419859,-0.029186988735173027
000034.SZ,2025-12-15,2025-12-16,29.163066458218303,29.348511170341546,300,52.99204763164198,0.0063588893297255875
000035.SZ,2025-12-15,2025-12-16,43.87930406031699,48.20860522863194,200,862.9677173492728,0.09866385215143436
000036.SZ,2025-12-15,2025-12-16,49.41711798769143,46.812255622388555,100,-261.8906041989585,-0.05271174182904955
000037.SZ,2025-12-15,2025-12-16,23.187916356588815,22.71294451980705,300,-144.5357160413123,-0.020483592810908304
000038.SZ,2025-12-15,2025-12-16,16.148037718341403,16.12403023191046,500,-14.422347750258268,-0.001486712308311886
000039.SZ,2025-12-15,2025-12-16,23.120536462118533,22.88593940401569,300,-72.43885197721465,-0.010146696141208238
000040.SZ,2025-12-15,2025-12-16,21.23270710529288,22.14429149337573,300,271.48233019045074,0.042933027030529126
000041.SZ,2025-12-15,2025-12-16,17.215323117370392,17.462377486884158,400,96.72626250708072,0.014350841272591971
000042.SZ,2025-12-15,2025-12-16,28.54580683459746,31.034272883838256,200,495.8311534751292,0.08717448638462653
000043.SZ,2025-12-15,2025-12-16,34.381951259642264,35.288798842595725,200,179.2521886601362,0.026375686944153272
000044.SZ,2025-12-15,2025-12-16,22.57869467956398,24.369840191034005,300,535.1503678238141,0.07932901068418242
000045.SZ,2025-12-15,2025-12-16,29.20048748393388,28.752701917165428,200,-91.2822754687204,-0.015334866139300725
000046.SZ,2025-12-15,2025-12-16,52.84450189496595,50.19256170963448,100,-266.6997953844357,-0.05018384297769485
000047.SZ,2025-12-15,2025-12-16,15.61386685274841,15.668653601341424,500,25.04307625630645,0.0035088520422069305
000048.SZ,2025-12-15,2025-12-16,19.155342178481,19.210300016526933,400,19.67789921638996,0.002869060627257932
000049.SZ,2025-12-15,2025-12-16,48.19183833790561,46.993106559442296,100,-121.28297104311514,-0.024874165829869198
000050.SZ,2025-12-15,2025-12-16,43.31717086464291,44.90414718448174,100,157.3505075683479,0.036636195027551416
600001.SH,2025-12-15,2025-12-16,13.616546057481091,13.28903080570317,500,-165.75098050981615,-0.024052740716723857
600002.SH,2025-12-15,2025-12-16,54.4942841771905,55.06670461841165,100,55.59004298356285,0.010504229018953587
600003.SH,2025-12-15,2025-12-16,40.25836487451586,38.403973714690544,100,-186.5912351939728,-0.04606225726269315
600004.SH,2025-12-15,2025-12-16,15.19143193147314,15.710626791231244,500,257.24083586036704,0.034176821651845185
600005.SH,2025-12-15,2025-12-16,47.69138140326824,46.9203631982819,100,-78.50943139458377,-0.016166824744847996
600006.SH,2025-12-15,2025-12-16,14.413696155548495,14.361969060909693,500,-28.017842678536,-0.0035887460149414334
600007.SH,2025-12-15,2025-12-16,54.479971022982006,54.98431891634576,100,48.785259768884316,0.009257491953345468
600008.SH,2025-12-15,2025-12-16,25.063397360848146,24.997682529410056,200,-14.642827239382314,-0.0026219442836087235
600009.SH,2025-12-15,2025-12-16,50.480949104846495,52.44570156594341,100,194.90187506271286,0.03892067197501018
600010.SH,2025-12-15,2025-12-16,22.36006209484913,22.383154029958696,300,4.913096670173218,0.0010327312603879224
600011.SH,2025-12-15,2025-12-16,59.32966971837033,58.34813360936687,100,-99.90405490862759,-0.016543764926767318
600012.SH,2025-12-15,2025-12-16,48.667551636925914,48.26385337447539,100,-41.81774184628739,-0.008295018937098626
600013.SH,2025-12-15,2025-12-16,25.64042659315773,26.290793836228215,200,128.49600098392239,0.025364915076882436
600014.SH,2025-12-15,2025-12-16,10.916845910524968,11.17132884121944,600,150.6789192252636,0.02331103074827906
600015.SH,2025-12-15,2025-12-16,29.17127616249434,29.182545865388644,200,0.5029878269369874,0.0003863287581772886
600016.SH,2025-12-15,2025-12-16,22.75893767209015,22.29574244910076,300,-140.96518371723596,-0.02035223390753495
600017.SH,2025-12-15,2025-12-16,20.23122028975569,20.018858438881583,300,-65.51025252173167,-0.010496739585285353
600018.SH,2025-12-15,2025-12-16,63.10364879428814,64.71148955195815,100,158.84273108044272,0.025479362737191612
600019.SH,2025-12-15,2025-12-16,51.763299721627945,53.86622420668547,100,208.67646177955248,0.04062578113000157
600020.SH,2025-12-15,2025-12-16,34.05615110947183,33.446115938246216,100,-62.00690060070838,-0.017912628155327452
600021.SH,2025-12-15,2025-12-16,22.914555107622782,22.287426570684854,200,-126.76295298182686,-0.027368130604870724
600022.SH,2025-12-15,2025-12-16,25.40879008188502,25.863952055486354,200,89.48055759693852,0.01791356346108896
600023.SH,2025-12-15,2025-12-16,19.72595669045934,19.11593046192207,300,-184.72830230275486,-0.03092505160129027
600024.SH,2025-12-15,2025-12-16,32.24995609164481,31.78688054883297,200,-94.5223213952986,-0.014358951109760274
600025.SH,2025-12-15,2025-12-16,50.411712043610585,48.307845902339864,100,-211.83584950414206,-0.04173367767098827
600026.SH,2025-12-15,2025-12-16,26.951144017186067,27.53988802552719,200,116.09640838669293,0.021844861500710182
600027.SH,2025-12-15,2025-12-16,51.918705742861,51.65573453178894,100,-27.84679314315963,-0.0050650571371036665
600028.SH,2025-12-15,2025-12-16,57.54491491954503,56.49312750531915,100,-106.87353524774699,-0.018277677805178923
600029.SH,2025-12-15,2025-12-16,24.986359624191515,27.56827234496021,200,514.7284478130414,0.10333288880821663
600030.SH,2025-12-15,2025-12-16,21.325879960930408,23.117748746505768,200,356.98669219028216,0.08402320508500061
600031.SH,2025-12-15,2025-12-16,24.751883104318715,24.654828298533605,200,-20.890250854933583,-0.003921107956758877
600032.SH,2025-12-15,2025-12-16,40.26448890505363,38.76329032695378,100,-151.28275651979402,-0.03728343805976974
600033.SH,2025-12-15,2025-12-16,45.999235766260966,45.36933523258576,100,-64.35113342449768,-0.013693717366870198
600034.SH,2025-12-15,2025-12-16,34.95578224881928,34.92781469689479,100,-3.844589633355554,-0.0008000837093392491
600035.SH,2025-12-15,2025-12-16,53.92965237457705,51.8307219693136,100,-211.44796218542524,-0.03891978369682405
600036.SH,2025-12-15,2025-12-16,18.04348697652139,17.96022310121324,300,-26.59558267155353,-0.004614622185639239
600037.SH,2025-12-15,2025-12-16,62.859868573022666,62.35461884767421,100,-52.395611100276255,-0.008037715267595901
600038.SH,2025-12-15,2025-12-16,19.47436040609005,19.535727947605448,200,11.101364626223585,0.0031511967651686023
600039.SH,2025-12-15,2025-12-16,45.55189449668274,49.863968111482045,100,429.71144243658546,0.09466288202597861
600040.SH,2025-12-15,2025-12-16,22.303496095651774,24.450947302991803,200,428.0231846298266,0.09628316556876887
600041.SH,2025-12-15,2025-12-16,59.434931763590924,58.480507309986535,100,-97.19686057973831,-0.016058308225215416
600042.SH,2025-12-15,2025-12-16,25.645858070034006,26.689529719228105,200,207.13295805566577,0.040695524647451006
600043.SH,2025-12-15,2025-12-16,10.046954131039717,10.65794304734001,500,303.8957666930446,0.06081334783968648
600044.SH,2025-12-15,2025-12-16,26.435454387921595,25.936171058737795,200,-101.41283610028404,-0.01888688281491858
600045.SH,2025-12-15,2025-12-16,48.09151700111384,46.01089210367633,100,-209.44281650686116,-0.043263864963738206
600046.SH,2025-12-15,2025-12-16,65.29526081517784,68.67222904850618,100,335.63665646137815,0.051718427818016575
600047.SH,2025-12-15,2025-12-16,15.027629219586274,15.0584840489581,300,7.901185247141257,0.0020532067248246566
600048.SH,2025-12-15,2025-12-16,39.4193184814369,39.49753758723972,100,6.636984452664819,0.00198428356491375
600049.SH,2025-12-15,2025-12-16,16.680118895299046,16.35652708964001,300,-98.54962913577856,-0.01939985006643045
600050.SH,2025-12-15,2025-12-16,27.176557862345522,26.76517976965714,100,-41.94076466192746,-0.015137240513389867
000001.SZ,2025-12-16,2025-12-17,28.782967268599396,27.847745098764882,400,-377.4305973456576,-0.03249220836431235
000002.SZ,2025-12-16,2025-12-17,12.59895572978686,12.237963666329343,900,-328.1971073016757,-0.028652538448408763
000003.SZ,2025-12-16,2025-12-17,35.701758322353335,33.449084342367826,300,-678.812611586467,-0.06309700378468701
000004.SZ,2025-12-16,2025-12-17,27.143932029698064,26.336781905319228,400,-326.0204635801729,-0.029735932270082924
000005.SZ,2025-12-16,2025-12-17,69.66534776971511,66.62667469071275,100,-305.8661081409582,-0.043618142681882015
000006.SZ,2025-12-16,2025-12-17,53.41248579767259,55.72881388934377,200,459.9218895008744,0.04336679068720883
000007.SZ,2025-12-16,2025-12-17,22.331871154520822,23.873994967242403,500,767.4808071157058,0.06905484104091278
000008.SZ,2025-12-16,2025-12-17,42.61380246114757,47.45090425911273,200,964.5733053374861,0.11351021309058981
000009.SZ,2025-12-16,2025-12-17,41.98782052808391,42.242761472262075,200,48.45362314729573,0.006071783221223565
000010.SZ,2025-12-16,2025-12-17,46.03350710352755,46.40471277576533,200,71.45685168101045,0.00806381472093704
000011.SZ,2025-12-16,2025-12-17,17.40496454084299,18.027142365926714,600,370.0618094243673,0.03574714694900437
000012.SZ,2025-12-16,2025-12-17,50.815222131572675,57.8752955203201,200,1408.5421600182672,0.13893619062546297
000013.SZ,2025-12-16,2025-12-17,16.578696698309166,16.28753463455262,600,-177.62899448814642,-0.01756242176661812
000014.SZ,2025-12-16,2025-12-17,42.14022641462597,41.616596844773355,200,-107.22290978120873,-0.012425884111312598
000015.SZ,2025-12-16,2025-12-17,48.240684473964976,48.2598976709402,200,0.9470455347891402,0.0003982778682502251
000016.SZ,2025-12-16,2025-12-17,38.8687916627786,38.416571842794376,200,-92.74895830741298,-0.01163452221277245
000017.SZ,2025-12-16,2025-12-17,49.38078879432127,47.433671739951514,200,-392.2694311783489,-0.039430659207972625
000018.SZ,2025-12-16,2025-12-17,57.52948855880473,57.4883583384876,100,-5.837672781868605,-0.0007149415255984229
000019.SZ,2025-12-16,2025-12-17,16.786182864746085,17.326658919796596,600,321.1668344247446,0.03219767468312321
000020.SZ,2025-12-16,2025-12-17,17.428986751290203,18.714028307394162,500,639.7136738058707,0.07373013557479652
000021.SZ,2025-12-16,2025-12-17,59.500999155132725,58.29133648503312,100,-122.71500710451164,-0.020330123649616984
000022.SZ,2025-12-16,2025-12-17,19.495792113075346,21.270242133773,500,884.0344740287619,0.09101707744962942
000023.SZ,2025-12-16,2025-12-17,20.814755295410695,21.45552269946065,400,253.73229889604772,0.030784287153797815
000024.SZ,2025-12-16,2025-12-17,34.889974090203175,35.581956322121655,200,136.26152900436864,0.01983326872440365
000025.SZ,2025-12-16,2025-12-17,23.108337989925257,23.18756798630822,400,28.909490394828026,0.003428632401754988
000026.SZ,2025-12-16,2025-12-17,36.6572215706974,36.611657761149694,200,-11.309461375210049,-0.001242969532206191
000027.SZ,2025-12-16,2025-12-17,37.3496125119579,37.27943334346299,200,-16.27259969958959,-0.001878979828035468
000028.SZ,2025-12-16,2025-12-17,13.145326163206391,12.712301781695377,700,-305.7866504318663,-0.03294131892467183
000029.SZ,2025-12-16,2025-12-17,30.03613895372158,28.69770399440829,300,-404.1132811534844,-0.04456081926427008
000030.SZ,2025-12-16,2025-12-17,51.956643315238644,50.32299065770748,100,-164.87495547284743,-0.031442613557986
000031.SZ,2025-12-16,2025-12-17,51.69657458587729,53.460120506790894,100,174.75078847615532,0.034113399873023184
000032.SZ,2025-12-16,2025-12-17,28.0122281548395,27.052007932426033,300,-290.50074743795903,-0.03427860922400695
000033.SZ,2025-12-16,2025-12-17,21.198094032349097,20.677836608575895,400,-210.58430990230954,-0.024542651003400102
000034.SZ,2025-12-16,2025-12-17,28.83855149473908,28.45090833102355,300,-118.85353086444957,-0.013441838914351975
000035.SZ,2025-12-16,2025-12-17,44.03492960177736,47.70146221273932,200,730.4444344596286,0.08326418695611984
000036.SZ,2025-12-16,2025-12-17,47.34081284128917,48.06201440120657,100,70.67829555970366,0.015234245392770004
000037.SZ,2025-12-16,2025-12-17,23.001162151994976,22.947962959498852,300,-18.02507441519265,-0.002312891502810831
000038.SZ,2025-12-16,2025-12-17,16.102713752674763,16.778363697176633,500,335.30821769635713,0.04195876265822838
000039.SZ,2025-12-16,2025-12-17,22.60704468345695,23.500466683742292,300,265.9115580840653,0.03951962818647923
000040.SZ,2025-12-16,2025-12-17,21.776000874859797,22.2261370654069,300,133.04050482824368,0.020671205568639578
000041.SZ,2025-12-16,2025-12-17,17.00362811785095,17.98305021401975,400,389.6108724418382,0.05760077139893291
000042.SZ,2025-12-16,2025-12-17,31.257658483884217,29.611184008815776,200,-331.0715660542164,-0.05267427423961805
000043.SZ,2025-12-16,2025-12-17,34.85406242988269,35.070799544862304,200,41.24317502323083,0.006218417592372024
000044.SZ,2025-12-16,2025-12-17,23.949566550141203,23.481754655998326,300,-142.45692616190263,-0.01953320921960979
000045.SZ,2025-12-16,2025-12-17,28.472248193638897,31.484208599296142,200,600.5030286154915,0.10578582994827081
000046.SZ,2025-12-16,2025-12-17,51.12509452349829,50.743829249931494,100,-39.64884223417721,-0.00745749767546265
000047.SZ,2025-12-16,2025-12-17,15.646472381558322,15.515700000865628,500,-67.71354534647617,-0.008357946603147957
000048.SZ,2025-12-16,2025-12-17,19.05271694904289,18.410291515517645,400,-259.17940839195944,-0.03371831089725582
000049.SZ,2025-12-16,2025-12-17,47.69558413031348,48.369387215743544,100,65.9292269265352,0.0141271586817997
000050.SZ,2025-12-16,2025-12-17,44.39406302621254,43.72572944781307,100,-68.14512972338161,-0.015054571103457025
600001.SH,2025-12-16,2025-12-17,13.760700820458695,13.019974610568172,500,-372.31610113684656,-0.053829105040148095
600002.SH,2025-12-16,2025-12-17,55.70458210180883,55.92218623225429,100,20.08274745757808,0.003906395528607557
600003.SH,2025-12-16,2025-12-17,39.09091506879113,39.49819674519146,100,39.54322173767696,0.010418831989059357
600004.SH,2025-12-16,2025-12-17,15.39656429280499,15.791979150295434,400,156.27090549814238,0.025682019051174038
600005.SH,2025-12-16,2025-12-17,47.70249388115466,45.51014327077819,100,-220.60036533577022,-0.04595882588106325
600006.SH,2025-12-16,2025-12-17,14.154821065206866,13.790774986640272,500,-184.09165553129333,-0.02571887534922173
600007.SH,2025-12-16,2025-12-17,55.39119021947255,56.306387535112414,100,89.83053993793328,0.01652243456068816
600008.SH,2025-12-16,2025-12-17,25.08043858467551,25.06262605627845,200,-5.066263242788409,-0.0007102159851360179
600009.SH,2025-12-16,2025-12-17,51.864024550074376,52.92319400046934,100,104.32924921948234,0.020422045137903633
600010.SH,2025-12-16,2025-12-17,22.939615664454298,22.377765955582753,300,-170.56891159746556,-0.024492551099805478
600011.SH,2025-12-16,2025-12-17,59.00766527071655,57.950823848527335,100,-107.42266693437796,-0.0179102395822749
600012.SH,2025-12-16,2025-12-17,49.62361566139402,48.269084693826706,100,-136.9011692975464,-0.027296095810711078
600013.SH,2025-12-16,2025-12-17,25.774621567434117,26.163031618429496,200,76.11222830196948,0.015069476383161712
600014.SH,2025-12-16,2025-12-17,11.24821536912424,11.21579968603681,600,-21.468253795945202,-0.0028818512113850366
600015.SH,2025-12-16,2025-12-17,29.474386538123575,31.954887722600564,200,494.1829436320413,0.08415785622097988
600016.SH,2025-12-16,2025-12-17,22.720142785834124,21.794661806095277,300,-279.6058134842024,-0.04073394205585181
600017.SH,2025-12-16,2025-12-17,20.21810295412206,19.90872578141923,300,-94.6049371311774,-0.015301988193692299
600018.SH,2025-12-16,2025-12-17,63.87460955265021,63.78124432705168,100,-11.249959889664751,-0.0014616954413094868
600019.SH,2025-12-16,2025-12-17,52.700335216703266,52.84552013928001,100,12.933126653496402,0.0027549145936121107
600020.SH,2025-12-16,2025-12-17,33.636992016722324,33.68493646187065,100,3.7838964209763617,0.001425348768537017
600021.SH,2025-12-16,2025-12-17,22.650571762113003,22.0936408869739,200,-112.71179348103942,-0.02458793892658662
600022.SH,2025-12-16,2025-12-17,25.877877409003954,26.56124526720904,200,135.0798969249845,0.026407415392087498
600023.SH,2025-12-16,2025-12-17,19.713903740066968,18.957283139717127,300,-228.69233558752603,-0.03838004944764281
600024.SH,2025-12-16,2025-12-17,33.4572159440785,31.901233849821555,100,-156.55524644118896,-0.046506621975291186
600025.SH,2025-12-16,2025-12-17,48.349688060523505,48.00516143294719,100,-35.89281760062022,-0.007125725964251118
600026.SH,2025-12-16,2025-12-17,27.409891336825826,27.063410274673185,200,-70.92001704700942,-0.012640730964414138
600027.SH,2025-12-16,2025-12-17,51.25691530007725,52.46514135484348,100,119.24865123597738,0.023571961903926898
600028.SH,2025-12-16,2025-12-17,57.63851035360601,55.92629770846,100,-172.8990534458544,-0.02970605303020102
600029.SH,2025-12-16,2025-12-17,25.18154022908657,27.766097364914355,200,515.2454613236623,0.10263697582892206
600030.SH,2025-12-16,2025-12-17,21.116322154024004,23.07737578435963,200,390.82608352006355,0.09286909036675789
600031.SH,2025-12-16,2025-12-17,24.700233025365755,23.389834331065572,200,-263.483128919901,-0.0530520782113463
600032.SH,2025-12-16,2025-12-17,39.52452127239985,39.725295779188805,100,18.8856918055194,0.005079745442208677
600033.SH,2025-12-16,2025-12-17,45.61440950581329,43.99506783410858,100,-163.25401920549393,-0.03550066063002162
600034.SH,2025-12-16,2025-12-17,35.16403859242146,35.55641221686708,100,38.17067007805554,0.01115837771063595
600035.SH,2025-12-16,2025-12-17,52.7003228827286,50.622440312904864,100,-209.30693019176033,-0.03942827019195962
600036.SH,2025-12-16,2025-12-17,18.437051126987647,17.83201378956223,300,-183.11608246868673,-0.032816383339078645
600037.SH,2025-12-16,2025-12-17,62.06210267912022,63.255670644338956,100,117.4591264025421,0.019231832530551524
600038.SH,2025-12-16,2025-12-17,19.29337720828506,18.689824719621555,300,-182.74783082381782,-0.031282884388137394
600039.SH,2025-12-16,2025-12-17,49.8793244738676,49.88412424500622,100,-1.0165466134876624,9.622766926477287e-05
600040.SH,2025-12-16,2025-12-17,24.422328224738692,25.083953665773198,200,130.8200509869539,0.027091006023099374
600041.SH,2025-12-16,2025-12-17,59.368010891382845,57.57295728951327,100,-181.23254890564294,-0.03023604083946367
600042.SH,2025-12-16,2025-12-17,25.63986678073132,26.456229593541977,200,161.68518878651776,0.03183958870738606
600043.SH,2025-12-16,2025-12-17,10.407657061416003,10.479929900628019,500,34.56443012091313,0.006944198755351987
600044.SH,2025-12-16,2025-12-17,25.976224683348125,25.83160198446816,200,-30.474435895060196,-0.005567502616062336
600045.SH,2025-12-16,2025-12-17,47.21757387965287,46.81233253153539,100,-41.92850478769287,-0.008582426304882766
600046.SH,2025-12-16,2025-12-17,67.35091242439162,66.98745835966575,100,-38.35503022337707,-0.005396423769817322
600047.SH,2025-12-16,2025-12-17,15.13902507480021,14.741783241417643,300,-120.49931050649775,-0.0262395914809468
600048.SH,2025-12-16,2025-12-17,39.832880312012854,40.01119872938387,100,16.631505775220376,0.004476663901134946
600049.SH,2025-12-16,2025-12-17,16.519073529649187,16.70360984764376,300,53.85757051208384,0.011171105792547025
600050.SH,2025-12-16,2025-12-17,26.510191323425136,29.307871847774567,100,278.8888162795097,0.10553226456262213
000001.SZ,2025-12-17,2025-12-18,28.626771760715318,27.54392519573358,400,-436.44389701618456,-0.0378263596759358
000002.SZ,2025-12-17,2025-12-18,12.394447790740402,12.188215828831115,900,-188.89958399214265,-0.01663906011717264
000003.SZ,2025-12-17,2025-12-18,35.02670638604202,33.472310079734974,300,-469.33139979929183,-0.04437746127698913
000004.SZ,2025-12-17,2025-12-18,26.32177197752773,26.756688880627728,400,170.755958574322,0.01652308603962177
000005.SZ,2025-12-17,2025-12-18,67.59563733103656,65.07251145031134,100,-254.2647634160312,-0.03732675628707659
000006.SZ,2025-12-17,2025-12-18,55.46807852681305,61.023051208831426,200,1107.3331533311466,0.10014719870516375
000007.SZ,2025-12-17,2025-12-18,22.836558483694898,22.95162320430498,400,43.27169345951552,0.005038619137478062
000008.SZ,2025-12-17,2025-12-18,43.342826839340226,47.524980243358485,200,833.579181989051,0.09649009326319058
000009.SZ,2025-12-17,2025-12-18,42.271769217910084,42.6655872956998,200,76.20368032020087,0.009316337713701866
000010.SZ,2025-12-17,2025-12-18,45.875150766179594,45.68854836915089,200,-40.061792307891665,-0.004067613815152315
000011.SZ,2025-12-17,2025-12-18,17.56200870562105,18.341010019048365,600,464.09940625296076,0.044357187522517355
000012.SZ,2025-12-17,2025-12-18,52.86472304753045,61.162122734602434,200,1655.810210050322,0.15695532311049526
000013.SZ,2025-12-17,2025-12-18,16.284359853300007,15.714840226680062,600,-344.54044721277023,-0.034973412019296074
000014.SZ,2025-12-17,2025-12-18,42.23629398583913,41.63577253958747,200,-122.60243560270646,-0.014218137757375283
000015.SZ,2025-12-17,2025-12-18,48.357402538597995,47.23408185984281,200,-227.49818066262924,-0.02322954955776566
000016.SZ,2025-12-17,2025-12-18,38.854995894090024,39.27622086330506,200,81.88842059120907,0.010840947464341623
000017.SZ,2025-12-17,2025-12-18,49.265395183508325,46.93327394252156,200,-469.2402446339056,-0.04733791807210443
000018.SZ,2025-12-17,2025-12-18,57.650224731222345,58.11742738834503,100,44.97674289061888,0.008104090821863787
000019.SZ,2025-12-17,2025-12-18,17.04040373417965,17.56477629771404,500,259.5515653225375,0.03077230866793383
000020.SZ,2025-12-17,2025-12-18,17.093855239610626,18.605699277414505,500,753.1311640103268,0.08844371363930638
000021.SZ,2025-12-17,2025-12-18,59.42336276408423,56.364354509820686,100,-307.591756061649,-0.051478208434754306
000022.SZ,2025-12-17,2025-12-18,21.347892363817504,23.290915136481434,400,774.414199249195,0.09101707744962942
000023.SZ,2025-12-17,2025-12-18,21.181661448178996,21.835373800344748,400,258.86469601025783,0.03086218490296716
000024.SZ,2025-12-17,2025-12-18,34.75402812445572,36.09792659917,200,266.6138193469051,0.038668855014495566
000025.SZ,2025-12-17,2025-12-18,22.64946470758205,22.421031379391895,400,-94.0638550415897,-0.010085595008066005
000026.SZ,2025-12-17,2025-12-18,36.447268860426355,35.099466786611856,200,-271.6663827700968,-0.03697950809362051
000027.SZ,2025-12-17,2025-12-18,37.37786930029522,35.60916073428456,200,-355.8782628461877,-0.04731967335539614
000028.SZ,2025-12-17,2025-12-18,13.349436322773009,12.386543424713262,700,-676.6262027610137,-0.07212985438322468
000029.SZ,2025-12-17,2025-12-18,29.771386328510562,28.257008144548642,300,-456.85658592158507,-0.05086690177110349
000030.SZ,2025-12-17,2025-12-18,50.872600543176276,51.04731806000858,100,15.94033214142928,0.0034344129249696477
000031.SZ,2025-12-17,2025-12-18,52.992203996046264,50.198965448620875,100,-280.829823705998,-0.05271036750299708
000032.SZ,2025-12-17,2025-12-18,27.512520889044943,27.644593107401302,300,37.133652127240566,0.004800440457237371
000033.SZ,2025-12-17,2025-12-18,20.694830803051907,20.19768211218249,400,-201.28319820122852,-0.02402284394594328
000034.SZ,2025-12-17,2025-12-18,29.35438145960454,30.04867537277401,300,205.58379316729224,0.023652139089522625
000035.SZ,2025-12-17,2025-12-18,48.2182479139462,46.19430360732914,100,-203.78025976992558,-0.04197465470394402
000036.SZ,2025-12-17,2025-12-18,46.82161900985178,48.4818406583863,100,164.56770963370036,0.03545844171226091
000037.SZ,2025-12-17,2025-12-18,22.71748756301533,22.356161866972588,300,-110.40976338084965,-0.01590517855640817
000038.SZ,2025-12-17,2025-12-18,16.127255360469697,15.900798648166308,500,-115.61347594891959,-0.014041863121884187
000039.SZ,2025-12-17,2025-12-18,22.89051704966106,22.944656059675967,300,14.176683959101865,0.00236512831481493
000040.SZ,2025-12-17,2025-12-18,22.148720794604525,22.090361676520438,300,-19.495867976113914,-0.0026348753332203307
000041.SZ,2025-12-17,2025-12-18,17.465870311664013,17.74522101943357,400,109.61085658549018,0.01599409034790557
000042.SZ,2025-12-17,2025-12-18,31.040480359162558,29.881245313892826,200,-233.63988377277929,-0.03734591191426417
000043.SZ,2025-12-17,2025-12-18,35.2958573082108,35.850665528510945,200,108.81060412831903,0.01571879145632997
000044.SZ,2025-12-17,2025-12-18,24.374714646517756,23.71913073885907,300,-198.80989406410208,-0.026896064924901302
000045.SZ,2025-12-17,2025-12-18,28.75845303266041,30.605693551393596,200,367.6117621335543,0.06423295845000121
000046.SZ,2025-12-17,2025-12-18,50.20260122592804,49.41728351920775,100,-80.01428917760495,-0.015642968442732816
000047.SZ,2025-12-17,2025-12-18,15.671787645466106,16.989691500947863,500,656.4034740157367,0.08409403479015562
000048.SZ,2025-12-17,2025-12-18,19.214142460774664,18.225371846887636,400,-397.6952901764371,-0.05146056431639273
000049.SZ,2025-12-17,2025-12-18,47.00250612071031,47.06893244934456,100,5.230564889944617,0.001413250784195558
000050.SZ,2025-12-17,2025-12-18,44.91312891209139,42.7653145018977,100,-216.0644004544256,-0.047821527072798985
600001.SH,2025-12-17,2025-12-18,13.291688877671508,13.231829441761596,500,-31.91449237122015,-0.004503523702730429
600002.SH,2025-12-17,2025-12-18,55.07771906077957,55.18056520710633,100,8.629197676463264,0.0018672913127224576
600003.SH,2025-12-17,2025-12-18,38.411655277589766,40.12213132690502,200,339.68788198343645,0.044530131205076824
600004.SH,2025-12-17,2025-12-18,15.713769230833451,15.74249971951404,400,9.60309550589318,0.0018283639182007354
600005.SH,2025-12-17,2025-12-18,46.92974820942266,46.70205893641647,100,-24.169989068711402,-0.004851704551879009
600006.SH,2025-12-17,2025-12-18,14.364841741989984,14.041790380497817,500,-163.63194930315876,-0.02248903032101309
600007.SH,2025-12-17,2025-12-18,54.99531687992538,56.593587673145095,100,158.129271691776,0.029061943523469705
600008.SH,2025-12-17,2025-12-18,25.002682565919592,24.61787010689054,200,-78.43956401222295,-0.015390846882709277
600009.SH,2025-12-17,2025-12-18,52.456191755275526,52.88586282061045,100,41.3805306488739,0.008191045727060623
600010.SH,2025-12-17,2025-12-18,22.38763110847254,22.572613572628107,300,53.463204025133564,0.008262708245427582
600011.SH,2025-12-17,2025-12-18,58.35980440316813,57.20987730689934,100,-116.70900594608611,-0.019704094419589334
600012.SH,2025-12-17,2025-12-18,48.273507110523894,52.85464773974024,100,456.5284234894425,0.09489968521921682
600013.SH,2025-12-17,2025-12-18,26.29605252086392,25.373096437038303,200,-186.11360255134514,-0.035098655324532914
600014.SH,2025-12-17,2025-12-18,11.173563330436606,11.310004202152916,600,79.82872227339885,0.012211043843520125
600015.SH,2025-12-17,2025-12-18,29.18838295827101,31.472234009617626,200,454.8818762287465,0.07824520647860862
600016.SH,2025-12-17,2025-12-18,22.300202043550026,22.263964881648988,300,-12.874905409659732,-0.0016249701159779053
600017.SH,2025-12-17,2025-12-18,20.022862610986568,20.42599270720468,300,119.10068952178517,0.0201334896038749
600018.SH,2025-12-17,2025-12-18,64.72443314422776,62.02964336191474,100,-271.3398675321605,-0.04163481472766439
600019.SH,2025-12-17,2025-12-18,53.876998528959035,51.742159775009696,100,-215.03614018818462,-0.03962430744544645
600020.SH,2025-12-17,2025-12-18,33.45280583042308,33.961545579078184,200,99.71025699627626,0.015207685454965274
600021.SH,2025-12-17,2025-12-18,22.2918845017921,22.626160030883295,300,98.24630432457889,0.014995391218015713
600022.SH,2025-12-17,2025-12-18,25.869125363228225,25.607648990056028,200,-53.83173357384294,-0.010107661913605856
600023.SH,2025-12-17,2025-12-18,19.119754030371297,19.69341866934582,300,170.32698401211564,0.030003766683570857
600024.SH,2025-12-17,2025-12-18,31.793238560743923,32.7562745882679,200,190.6418290294996,0.030290592312073122
600025.SH,2025-12-17,2025-12-18,48.31750843777387,48.10884945143386,100,-22.309164117543332,-0.004318496401955998
600026.SH,2025-12-17,2025-12-18,27.545396553985142,27.136749333366115,200,-83.3576490838077,-0.014835408879234525
600027.SH,2025-12-17,2025-12-18,51.6660667119133,52.71724784114634,100,103.536595488069,0.020345677465527914
600028.SH,2025-12-17,2025-12-18,56.504427260795765,55.85138222297864,100,-66.98004524840144,-0.011557413630669998
600029.SH,2025-12-17,2025-12-18,27.573786550849793,27.571357947067565,200,-2.1400022332700246,-8.807654247084249e-05
600030.SH,2025-12-17,2025-12-18,23.122372758656283,22.57638543287299,200,-110.5520482826314,-0.02361294541361001
600031.SH,2025-12-17,2025-12-18,24.65975975733919,22.823914610969965,200,-368.5384641505043,-0.07444700047504908
600032.SH,2025-12-17,2025-12-18,38.77104376036252,39.99774326994824,100,121.47001866047367,0.03163957919646813
600033.SH,2025-12-17,2025-12-18,45.37841000710973,43.357828456393506,100,-203.35888992531454,-0.04452737657400612
600034.SH,2025-12-17,2025-12-18,34.93480095846032,35.726937852071785,100,78.14188122558426,0.022674721821182374
600035.SH,2025-12-17,2025-12-18,51.841089150425574,51.30696264563487,100,-54.95185935843983,-0.010303149751365148
600036.SH,2025-12-17,2025-12-18,17.96381550507387,18.442417153102905,300,141.920676864931,0.026642538601771626
600037.SH,2025-12-17,2025-12-18,62.36709101866084,63.798002586142665,100,141.17721667059868,0.02294337516966578
600038.SH,2025-12-17,2025-12-18,19.539635483948604,18.237645553172896,200,-261.49224488833215,-0.06663327633953381
600039.SH,2025-12-17,2025-12-18,49.873941902483445,49.84884729574199,100,-4.0049260930181845,-0.0005031606844015074
600040.SH,2025-12-17,2025-12-18,24.45583798152025,24.847993131378665,200,76.94015038380076,0.01603523666433927
600041.SH,2025-12-17,2025-12-18,58.492204581175656,59.66881702161131,100,115.87117953291727,0.020115713689723362
600042.SH,2025-12-17,2025-12-18,26.694868159015925,26.815356391303652,200,22.488725074067588,0.00451353539451863
600043.SH,2025-12-17,2025-12-18,10.660074849129659,10.502705472265127,500,-80.26009425310531,-0.014762502054793741
600044.SH,2025-12-17,2025-12-18,25.941358811724843,25.812871045184885,200,-27.246325570703448,-0.004953008339790018
600045.SH,2025-12-17,2025-12-18,46.02009520240694,46.207934817067894,100,17.39772342158267,0.004081686789972729
600046.SH,2025-12-17,2025-12-18,68.68596486789781,68.01773482862828,100,-68.86353597181187,-0.009728771235211197
600047.SH,2025-12-17,2025-12-18,15.061496046967694,14.836104837066602,300,-68.95261240566288,-0.014964729214032482
600048.SH,2025-12-17,2025-12-18,39.505437884786915,40.006837496913015,100,48.939756087702335,0.012691913796484796
600049.SH,2025-12-17,2025-12-18,16.3597987222212,17.072581710583965,300,212.29836415487625,0.043569178353924695
600050.SH,2025-12-17,2025-12-18,26.770533340968203,28.260970155006515,100,148.19585229918084,0.05567452822306778
000001.SZ,2025-12-18,2025-12-19,27.853315204795237,28.258344028804462,400,158.62052832023437,0.014541494290040386
000002.SZ,2025-12-18,2025-12-19,12.24041150384636,11.870807845879476,900,-335.84841028858136,-0.030195362129021724
000003.SZ,2025-12-18,2025-12-19,33.45577482828489,33.318182309060674,300,-44.27639217508113,-0.004112668737472706
000004.SZ,2025-12-18,2025-12-19,26.34204978848861,27.01953060923986,400,267.7499846273913,0.02571860679753592
000005.SZ,2025-12-18,2025-12-19,66.64000135831765,66.11215324874193,100,-54.76817555503385,-0.007920889838184723
000006.SZ,2025-12-18,2025-12-19,55.73996076680939,60.351676811996846,200,918.7221084287721,0.08273626284885231
000007.SZ,2025-12-18,2025-12-19,23.878770243763505,23.316329041670514,400,-227.77444032219682,-0.02355402712750191
000008.SZ,2025-12-18,2025-12-19,47.46039538907755,47.4470965560643,200,-5.50659239601373,-0.00028020906493133495
000009.SZ,2025-12-18,2025-12-19,42.25121086949625,42.679525130894405,200,83.10208077177958,0.010137325122376155
000010.SZ,2025-12-18,2025-12-19,46.41399464650756,46.574558771563005,200,29.31835148479513,0.003459390347206968
000011.SZ,2025-12-18,2025-12-19,18.030748154978802,17.885566700052493,600,-90.3282749617938,-0.008051881911856238
000012.SZ,2025-12-18,2025-12-19,57.88687173704583,61.590813226175015,100,368.5464245161329,0.06398586377157389
000013.SZ,2025-12-18,2025-12-19,16.290792467262804,15.454137045417148,600,-504.7749977755684,-0.0513575643129061
000014.SZ,2025-12-18,2025-12-19,41.62492099655749,42.03889702069429,200,80.2728710061183,0.009945388825387511
000015.SZ,2025-12-18,2025-12-19,48.26955061576887,47.80274589819861,200,-96.22910826794396,-0.009670790625048104
000016.SZ,2025-12-18,2025-12-19,38.42425592557121,40.42143505198974,200,397.0105391805864,0.05197704102031587
000017.SZ,2025-12-18,2025-12-19,47.44315942306782,46.69695003893008,200,-152.0436938298826,-0.015728492647032973
000018.SZ,2025-12-18,2025-12-19,57.49985716003745,58.85700349371558,100,133.94892326300123,0.023602603566489393
000019.SZ,2025-12-18,2025-12-19,17.33012459814839,17.637489565970426,500,151.03686047612246,0.01773587755132906
000020.SZ,2025-12-18,2025-12-19,18.717771487373636,18.401122290826073,500,-161.08476661740497,-0.016917035062702996
000021.SZ,2025-12-18,2025-12-19,58.302995918273446,54.92774193762151,100,-339.17323032332206,-0.0578916044963318
000022.SZ,2025-12-18,2025-12-19,21.27449660764714,22.890395111251976,400,643.612554028583,0.07595472331993976
000023.SZ,2025-12-18,2025-12-19,21.459814233153914,21.870416401871253,400,161.61641751870957,0.01913353788883167
000024.SZ,2025-12-18,2025-12-19,35.58907342509637,37.1791143679879,200,315.77744171622635,0.04467778421481118
000025.SZ,2025-12-18,2025-12-19,23.19220596370322,21.662956450555185,400,-614.2993600332793,-0.06593807917803828
000026.SZ,2025-12-18,2025-12-19,36.618980825008315,35.226009575937006,200,-280.70781038881796,-0.038039596342889
000027.SZ,2025-12-18,2025-12-19,37.286889975794914,35.743033324404514,200,-310.9159122775445,-0.041404811513982696
000028.SZ,2025-12-18,2025-12-19,12.714844496323177,12.070622767593044,700,-453.49004089228765,-0.05066689796453485
000029.SZ,2025-12-18,2025-12-19,28.703444109218655,27.762406793081514,300,-284.8098114525201,-0.03278482235638437
000030.SZ,2025-12-18,2025-12-19,50.333056262399495,51.87477630130428,100,152.61576060143943,0.03063036806005564
000031.SZ,2025-12-18,2025-12-19,53.47081360020159,50.353638076298544,100,-313.2281615325928,-0.05829676629216824
000032.SZ,2025-12-18,2025-12-19,27.057418875106787,27.911404359648596,300,253.6836189701744,0.03156197154221122
000033.SZ,2025-12-18,2025-12-19,20.6819725894957,20.030814817916312,400,-262.8668064099047,-0.031484316535169816
000034.SZ,2025-12-18,2025-12-19,28.456599081764832,30.44602847385831,300,594.0886750653954,0.0699110032923195
000035.SZ,2025-12-18,2025-12-19,47.71100345930653,45.49658838845907,100,-222.8064047363996,-0.04641308944038821
000036.SZ,2025-12-18,2025-12-19,48.07162776542323,48.55459429835712,100,46.84001546443778,0.010046810465637547
000037.SZ,2025-12-18,2025-12-19,22.952553011095908,21.826192857222637,300,-339.8724035191317,-0.04907341476692189
000038.SZ,2025-12-18,2025-12-19,16.781719705516903,15.978884642895359,500,-403.81436400720577,-0.04783985650514802
000039.SZ,2025-12-18,2025-12-19,23.50516724713538,22.696316168519445,300,-244.69799203994626,-0.034411628307580336
000040.SZ,2025-12-18,2025-12-19,22.230582737387177,23.105718298600692,300,260.4611537171804,0.039366289743800575
000041.SZ,2025-12-18,2025-12-19,17.986647183759526,17.649679233757993,400,-136.9051415086642,-0.018734339232816418
000042.SZ,2025-12-18,2025-12-19,29.617106837900444,30.57215002559214,200,189.17430853680435,0.032246336312281056
000043.SZ,2025-12-18,2025-12-19,35.07781440625741,35.78679912176399,200,139.64973515401016,0.020211769960790597
000044.SZ,2025-12-18,2025-12-19,23.486451476611588,24.333958946388048,300,252.0621846277627,0.03608495181234293
000045.SZ,2025-12-18,2025-12-19,31.49050607076315,30.52875458986485,200,-194.18202145505256,-0.030540997935603928
000046.SZ,2025-12-18,2025-12-19,50.75397903075957,50.410102599691044,100,-35.89994618484252,-0.006775359048403197
000047.SZ,2025-12-18,2025-12-19,15.518803451210836,17.05037321480638,500,763.2273258155528,0.09869122760724483
000048.SZ,2025-12-18,2025-12-19,18.413973942063404,18.651459840997312,400,92.75618439264326,0.012897047627042331
000049.SZ,2025-12-18,2025-12-19,48.37906206067119,47.35980927374225,100,-103.34607297110597,-0.021068055962943512
000050.SZ,2025-12-18,2025-12-19,43.73447546830469,42.49647983203926,100,-125.07445802150323,-0.028307087783929777
600001.SH,2025-12-18,2025-12-19,13.02257886591582,13.3177660151799,600,174.71509167571548,0.022667334350854117
600002.SH,2025-12-18,2025-12-19,55.93337178805632,56.611508487307226,100,66.11532467047164,0.012124008933709797
600003.SH,2025-12-18,2025-12-19,39.50609717458344,38.45106054245153,100,-106.65719502946467,-0.026705665899355788
600004.SH,2025-12-18,2025-12-19,15.795137861996663,15.54919231128515,400,-100.24412336195928,-0.015570965752901806
600005.SH,2025-12-18,2025-12-19,45.519246209726234,47.22283263230001,100,168.94195727840906,0.03742562903446692
600006.SH,2025-12-18,2025-12-19,13.793533417480685,13.746802989841788,500,-25.427234267925087,-0.003387850395147842
600007.SH,2025-12-18,2025-12-19,56.31764993885981,56.82405668865515,100,48.93595327887397,0.008991972327416178
600008.SH,2025-12-18,2025-12-19,25.067639082792358,24.354019845649706,300,-216.27763292890359,-0.028467748190634936
600009.SH,2025-12-18,2025-12-19,52.93377969783917,52.86281262601772,100,-8.682591560926085,-0.0013406764494534413
600010.SH,2025-12-18,2025-12-19,22.382241956373946,21.897258625618228,300,-147.46575250302158,-0.02166821946170614
600011.SH,2025-12-18,2025-12-19,57.96241517242943,57.39390551068643,100,-58.5727833396204,-0.0098082466034545
600012.SH,2025-12-18,2025-12-19,48.27873947624371,51.99429933181571,100,369.99615657724553,0.07696058132172862
600013.SH,2025-12-18,2025-12-19,26.168264748066147,25.524192991383963,200,-130.3458029159201,-0.024612704085767906
600014.SH,2025-12-18,2025-12-19,11.218043070312444,11.572994661592983,600,210.88781572923654,0.031641132865667713
600015.SH,2025-12-18,2025-12-19,31.961279339306753,31.422442780477397,200,-109.65265833270041,-0.016859042252626032
600016.SH,2025-12-18,2025-12-19,21.799021174393324,21.777937558185275,300,-8.285099242651086,-0.0009671817848782726
600017.SH,2025-12-18,2025-12-19,19.91270792478985,20.40110090036685,300,144.68179359206624,0.024526698097599605
600018.SH,2025-12-18,2025-12-19,63.79400185166955,62.568949521509225,100,-124.38230150167783,-0.01920325257237743
600019.SH,2025-12-18,2025-12-19,52.85609030032397,51.54376593435874,100,-132.77874957455424,-0.02482825268590076
600020.SH,2025-12-18,2025-12-19,33.69167412292913,35.54281741148137,200,368.09608866575945,0.05494364221255583
600021.SH,2025-12-18,2025-12-19,22.098060057068302,23.135835980204842,300,309.250551702743,0.04696230892922185
600022.SH,2025-12-18,2025-12-19,26.56655804754051,25.277685485382094,200,-259.2911735608068,-0.048514849377627185
600023.SH,2025-12-18,2025-12-19,18.961074975528653,19.46656016658607,300,149.89356690223212,0.026659099851131924
600024.SH,2025-12-18,2025-12-19,31.907614734680006,32.61855439810326,200,140.2308194207635,0.022281191161887086
600025.SH,2025-12-18,2025-12-19,48.01476342543303,47.48761243628886,100,-54.13972728750559,-0.010978935467688685
600026.SH,2025-12-18,2025-12-19,27.06882349805046,26.222025321301114,200,-170.93295686914735,-0.0312831540983055
600027.SH,2025-12-18,2025-12-19,52.47563543252221,52.481198822128256,100,-1.0180970040601096,0.0001060185276498372
600028.SH,2025-12-18,2025-12-19,55.9374840866395,55.41224288320367,100,-54.18648763007877,-0.009389789548316228
600029.SH,2025-12-18,2025-12-19,27.771651139764824,30.190636952038986,200,481.9857242377102,0.08710270052364795
600030.SH,2025-12-18,2025-12-19,23.081991721110178,22.45538093457156,200,-126.66948016379774,-0.027147171444721348
600031.SH,2025-12-18,2025-12-19,23.394512765775254,23.17019243496919,200,-46.25427770731039,-0.009588587420133372
600032.SH,2025-12-18,2025-12-19,39.73324163293001,39.752865285340455,100,0.7697792824837961,0.0004938850092256582
600033.SH,2025-12-18,2025-12-19,44.003867727664755,42.44452630345842,100,-157.20747820973793,-0.03543646285496846
600034.SH,2025-12-18,2025-12-19,35.56352421050982,36.55611251361628,100,98.16214693523716,0.027910290814573618
600035.SH,2025-12-18,2025-12-19,50.63256581351751,52.361104652769775,100,171.28305078564335,0.034138875079303084
600036.SH,2025-12-18,2025-12-19,17.83558054899608,17.97009320005785,300,38.73648693052655,0.00754181512018908
600037.SH,2025-12-18,2025-12-19,63.26832304370776,67.29934945451177,100,401.0836605967652,0.06371318563350019
600038.SH,2025-12-18,2025-12-19,18.693563058399356,18.405988833152062,300,-87.92880656917168,-0.015383596179545966
600039.SH,2025-12-18,2025-12-19,49.894102067637476,54.58448778883748,100,467.40103748633464,0.09400681697491255
600040.SH,2025-12-18,2025-12-19,25.088970958235596,24.49533171649475,200,-120.19756825115837,-0.02366136270511247
600041.SH,2025-12-18,2025-12-19,57.584473032545475,58.01557566822997,100,41.369796298402434,0.007486438843346653
600042.SH,2025-12-18,2025-12-19,26.461521368638195,27.121526727765293,200,130.3737802217538,0.024942079101669734
600043.SH,2025-12-18,2025-12-19,10.482026096227703,10.320131794319497,500,-82.49517072325034,-0.015444943603648176
600044.SH,2025-12-18,2025-12-19,25.836768821548763,24.80014750453242,200,-208.81227225354087,-0.04012194110556758
600045.SH,2025-12-18,2025-12-19,46.82169593438198,43.93658009317306,100,-289.8296815236872,-0.06161920843816177
600046.SH,2025-12-18,2025-12-19,67.00085719122085,67.80171267807184,100,78.0514973047566,0.011952914043552391
600047.SH,2025-12-18,2025-12-19,14.744731892931078,15.11068911357379,300,108.42720417259261,0.02481952356272808
600048.SH,2025-12-18,2025-12-19,40.01920176943376,39.93777166353802,100,-9.341143739479321,-0.0020347758649681396
600049.SH,2025-12-18,2025-12-19,16.706950903718898,16.80586030555328,300,28.160293122815347,0.0059202545338399625
600050.SH,2025-12-18,2025-12-19,29.313734008360182,28.076327245974614,100,-124.5829660559366,-0.042212526116006364
000001.SZ,2025-12-19,2025-12-22,27.549434531706325,27.907531953734463,400,139.89006497680566,0.012998358337119677
000002.SZ,2025-12-19,2025-12-22,12.190653715785576,11.756318378353578,900,-394.0760096509548,-0.03562855180354935
000003.SZ,2025-12-19,2025-12-22,33.479005211264074,36.483409628421434,300,898.0378182806508,0.08973995488212783
000004.SZ,2025-12-19,2025-12-22,26.76204075359115,27.520075065264084,400,299.9113156613421,0.028324981590621554
000005.SZ,2025-12-19,2025-12-22,65.08552725418178,67.39512915073341,100,228.93833578064095,0.03548564471993631
000006.SZ,2025-12-19,2025-12-22,61.03525703965628,61.36298466261466,100,30.931872755958466,0.005369480507724314
000007.SZ,2025-12-19,2025-12-22,22.95621398802421,23.482325798282513,400,207.62684500752766,0.022918056545942863
000008.SZ,2025-12-19,2025-12-22,47.534486190001815,46.64122556859612,200,-181.4505978152556,-0.018791843417328848
000009.SZ,2025-12-19,2025-12-22,42.67412126655602,43.01872848620253,200,66.34032022012798,0.008075320813145277
000010.SZ,2025-12-19,2025-12-22,45.697686992687075,44.369432725741355,200,-268.31301935268857,-0.029066115909942628
000011.SZ,2025-12-19,2025-12-22,18.344678587909062,17.977629501103753,500,-186.22118782781945,-0.020008477392851713
000012.SZ,2025-12-19,2025-12-22,61.17435638251415,62.54978410306555,100,135.66627853204773,0.022483730142595294
000013.SZ,2025-12-19,2025-12-22,15.717983509053633,15.458455171896707,600,-158.49952422509705,-0.016511554233877162
000014.SZ,2025-12-19,2025-12-22,41.644100526894114,40.81007858142158,200,-169.25299380939396,-0.020027373263445017
000015.SZ,2025-12-19,2025-12-22,47.24352962099089,47.312075286420594,200,10.87040856875501,0.0014509005990790123
000016.SZ,2025-12-19,2025-12-22,39.2840768930807,40.709546411265116,200,282.65133085220714,0.03628619101994195
000017.SZ,2025-12-19,2025-12-22,46.942661536069416,45.23478321248274,200,-344.2897517100846,-0.03638222179358942
000018.SZ,2025-12-19,2025-12-22,58.1290520362875,58.58664970748091,100,44.002167628117604,0.007872099323205081
000019.SZ,2025-12-19,2025-12-22,17.56828960430424,17.3345365469268,500,-119.47670917075993,-0.013305396406954263
000020.SZ,2025-12-19,2025-12-22,18.60942078942119,17.765012098975085,500,-424.86909703789934,-0.04537533435356152
000021.SZ,2025-12-19,2025-12-22,56.375628508122475,52.549414227898545,100,-384.1979104492302,-0.06787000662303316
000022.SZ,2025-12-19,2025-12-22,23.295573785373616,22.71829779008214,400,-233.6365938514009,-0.0247805012492942
000023.SZ,2025-12-19,2025-12-22,21.839741311855967,21.89468693858106,400,19.35088825740786,0.002515855199038703
000024.SZ,2025-12-19,2025-12-22,36.10514690652057,36.0776281422116,200,-7.668410550325461,-0.0007621839728339477
000025.SZ,2025-12-19,2025-12-22,22.42551603413325,20.857822599532355,400,-629.5803125522998,-0.06990668273651995
000026.SZ,2025-12-19,2025-12-22,35.10648738202872,35.06207236738143,200,-10.986727271500058,-0.0012651512002314826
000027.SZ,2025-12-19,2025-12-22,35.616283278685856,34.491118687334136,200,-227.102385391584,-0.03159129723187767
000028.SZ,2025-12-19,2025-12-22,12.389020981153847,12.033738308799151,700,-251.2249556931365,-0.028677219361816452
000029.SZ,2025-12-19,2025-12-22,28.26266011137423,30.399835438424258,300,638.41661292555,0.07561833594672593
000030.SZ,2025-12-19,2025-12-22,51.05752854466904,53.10382281391668,100,203.03631224034598,0.04007820839697291
000031.SZ,2025-12-19,2025-12-22,50.20900624579031,49.254035278124306,100,-96.9747178249454,-0.019019913738007415
000032.SZ,2025-12-19,2025-12-22,27.65012257896994,27.861796807185762,300,60.99470675210068,0.007655453519646171
000033.SZ,2025-12-19,2025-12-22,20.201722052598967,20.282455555660864,400,29.859506558079374,0.00399636738153766
000034.SZ,2025-12-19,2025-12-22,30.05468570888217,30.141356407027267,300,23.288487366897243,0.0028837665775184335
000035.SZ,2025-12-19,2025-12-22,46.20354339202907,47.51663412853072,100,129.88357462630938,0.02841969771366456
000036.SZ,2025-12-19,2025-12-22,48.49153799625176,47.63836930889177,100,-86.74601981526484,-0.017594176687609635
000037.SZ,2025-12-19,2025-12-22,22.360633546513935,21.95636391896073,400,-164.342614691559,-0.018079524746571037
000038.SZ,2025-12-19,2025-12-22,15.903979125943717,15.612981904744489,500,-147.84055788532532,-0.018297132993876548
000039.SZ,2025-12-19,2025-12-22,22.949245449826915,22.59497965600892,300,-108.31328631443921,-0.015436925566573091
000040.SZ,2025-12-19,2025-12-22,22.094780190707162,23.71022041824938,300,482.4981484250238,0.07311411173131548
000041.SZ,2025-12-19,2025-12-22,17.74877041857737,17.904738598532706,400,60.23870335031097,0.008787548448544237
000042.SZ,2025-12-19,2025-12-22,29.887222160640277,31.169433694410454,200,254.57214073237083,0.04290166302102088
000043.SZ,2025-12-19,2025-12-22,35.85783637870166,35.64156351112732,200,-45.39306732553541,-0.006031397580440694
000044.SZ,2025-12-19,2025-12-22,23.723875039436898,24.141618683126055,300,123.15034742526586,0.01760857545382992
000045.SZ,2025-12-19,2025-12-22,30.61181530227896,30.89072514733656,200,53.928525502679804,0.009111182799957547
000046.SZ,2025-12-19,2025-12-22,49.42716796435611,50.30174500503913,100,85.94865171815036,0.017694257565266817
000047.SZ,2025-12-19,2025-12-22,16.993089779075866,18.670158670212984,400,668.5871374144208,0.0986912276072446
000048.SZ,2025-12-19,2025-12-22,18.229017285800904,18.105776653673285,400,-51.468946049487386,-0.0067606843635841145
000049.SZ,2025-12-19,2025-12-22,47.07834717730722,48.357186596222896,100,126.43322629368049,0.027164067890898716
000050.SZ,2025-12-19,2025-12-22,42.773868420189906,42.44684857632525,100,-33.97538984375569,-0.0076453184138542
600001.SH,2025-12-19,2025-12-22,13.234476072313003,13.622577125484334,600,230.40856802021153,0.02932500320003241
600002.SH,2025-12-19,2025-12-22,55.19160242386943,57.02045293765373,100,181.17443779029963,0.033136390926626715
600003.SH,2025-12-19,2025-12-22,40.130156555693276,38.795071616479106,100,-134.67234606991087,-0.0332688694438886
600004.SH,2025-12-19,2025-12-22,15.745648534339423,15.754911308397931,500,2.268150332994992,0.0005882751693781674
600005.SH,2025-12-19,2025-12-22,46.71140028233834,48.28099336034726,100,155.5108780000819,0.03360192733512181
600006.SH,2025-12-19,2025-12-22,14.04459901943781,13.862806283901712,500,-92.97578871063433,-0.012943960542020124
600007.SH,2025-12-19,2025-12-22,56.604907522664675,62.22234207407738,100,559.8767848790485,0.09923935568949528
600008.SH,2025-12-19,2025-12-22,24.622794173318557,24.41602096544964,300,-64.22940424756507,-0.00839763377029638
600009.SH,2025-12-19,2025-12-22,52.8964410509976,53.626162064471465,100,71.36331648545183,0.013795276184466502
600010.SH,2025-12-19,2025-12-22,22.57712854684005,22.174219869215392,300,-122.868283075627,-0.01784587782227296
600011.SH,2025-12-19,2025-12-22,57.2213204266727,55.66827501610148,100,-156.97458930760513,-0.027141027137977242
600012.SH,2025-12-19,2025-12-22,52.86521972648686,52.788462848805715,100,-9.259341653579213,-0.001451935281424575
600013.SH,2025-12-19,2025-12-22,25.37817156383839,24.84287885752276,200,-108.54911399457797,-0.02109264274493179
600014.SH,2025-12-19,2025-12-22,11.312266429216054,11.507506129216548,600,115.07246889703674,0.017259114362463277
600015.SH,2025-12-19,2025-12-22,31.478529085927182,31.296086751864262,200,-38.36623201769544,-0.00579577062082238
600016.SH,2025-12-19,2025-12-22,22.268418119949146,21.390835009047834,300,-265.2001084212088,-0.03940931529910202
600017.SH,2025-12-19,2025-12-22,20.43007831430683,20.74097747174504,300,91.40305925900611,0.015217717360412351
600018.SH,2025-12-19,2025-12-22,62.04205053130406,62.53239127310314,100,47.15810244171553,0.007903361310594874
600019.SH,2025-12-19,2025-12-22,51.75250924191138,54.96133017154467,100,319.2332530581825,0.062003195142365075
600020.SH,2025-12-19,2025-12-22,33.96833856749284,36.199554627456585,200,444.0712387151016,0.06568516901497738
600021.SH,2025-12-19,2025-12-22,22.630685715457926,22.77442427981306,300,41.07187112135853,0.0063514895731575215
600022.SH,2025-12-19,2025-12-22,25.61277103205824,26.063299010896966,200,88.54179782709161,0.0175899740904575
600023.SH,2025-12-19,2025-12-22,19.697357746987453,19.25303299062401,300,-135.0301998781888,-0.022557581685360754
600024.SH,2025-12-19,2025-12-22,32.76282649837657,32.683986096371775,200,-17.729119566741247,-0.0024063980563062866
600025.SH,2025-12-19,2025-12-22,48.11847218359737,45.73461038808248,100,-239.758217863131,-0.04954151051220409
600026.SH,2025-12-19,2025-12-22,27.142177226022053,25.850397815583502,200,-259.90690595664546,-0.04759306520186161
600027.SH,2025-12-19,2025-12-22,52.727792345164964,51.47523718005644,100,-126.79977362625414,-0.023755122477138606
600028.SH,2025-12-19,2025-12-22,55.86255361656259,55.88965529281872,100,1.0334779668291958,0.00048514925476115216
600029.SH,2025-12-19,2025-12-22,27.576872770139286,31.104965971722994,200,703.7523423584389,0.12793666747463797
600030.SH,2025-12-19,2025-12-22,22.58090116153243,22.61971138562583,200,6.4048621355423165,0.0017187190101834629
600031.SH,2025-12-19,2025-12-22,22.8284798504161,23.317018391778863,200,96.30868716904479,0.02140039742303981
600032.SH,2025-12-19,2025-12-22,40.00574361863709,39.38849495169073,100,-62.9065215431865,-0.015429001216185562
600033.SH,2025-12-19,2025-12-22,43.36650088932808,41.949527144262746,100,-142.95586032086158,-0.03267438497474055
600034.SH,2025-12-19,2025-12-22,35.73408395425241,35.853853517704735,100,10.901340739701027,0.003351689765033701
600035.SH,2025-12-19,2025-12-22,51.317225064405875,53.53530912785532,100,220.2023470711083,0.043222993072318916
600036.SH,2025-12-19,2025-12-22,18.44610600541876,17.847955830914135,300,-181.0513683761701,-0.03242690757219496
600037.SH,2025-12-19,2025-12-22,63.81076346274755,68.42451863406963,100,459.32278157318524,0.07230371368328113
600038.SH,2025-12-19,2025-12-22,18.24129344707292,18.12872999518768,300,-35.4006212651384,-0.006170804291474327
600039.SH,2025-12-19,2025-12-22,49.85881806227779,55.71129666610299,100,583.5765214825369,0.11738101365569811
600040.SH,2025-12-19,2025-12-22,24.852963227014506,26.82238822956175,200,392.2756572156741,0.0792430658894844
600041.SH,2025-12-19,2025-12-22,59.68075197851132,56.38603961985465,100,-331.16281705426263,-0.05520561067734139
600042.SH,2025-12-19,2025-12-22,26.82071999894268,27.261075132237536,200,86.43536215103813,0.016418468009517184
600043.SH,2025-12-19,2025-12-22,10.504806223434699,10.329342998506565,500,-89.2810139138428,-0.016703137706310146
600044.SH,2025-12-19,2025-12-22,25.818034135702973,24.44177917693904,200,-276.7174985034035,-0.05330595472645814
600045.SH,2025-12-19,2025-12-22,46.21717732828243,48.1105552020245,100,187.89447071814539,0.040966973389424684
600046.SH,2025-12-19,2025-12-22,68.03133973608476,69.47871524554087,100,142.65318948824552,0.021275128713780136
600047.SH,2025-12-19,2025-12-22,14.839072354785786,14.804706418742438,300,-11.642204390691404,-0.002315908651275318
600048.SH,2025-12-19,2025-12-22,40.01483966462917,41.4961005874066,100,146.88120926012107,0.03701778977979462
600049.SH,2025-12-19,2025-12-22,17.075996568411863,16.73257063126952,300,-104.5337124995167,-0.020111619006625406
600050.SH,2025-12-19,2025-12-22,28.266622914313448,27.938910682805176,100,-33.609390471311144,-0.011593611040897551
000001.SZ,2025-12-22,2025-12-23,28.263996262833626,27.662292224586064,400,-244.00109036597496,-0.021288710649837776
000002.SZ,2025-12-22,2025-12-23,11.873182244888554,11.894771448385386,900,16.218694856084767,0.0018183165263993637
000003.SZ,2025-12-22,2025-12-23,33.32484661195278,37.00381988846948,300,1100.3616391650467,0.11039730563072256
000004.SZ,2025-12-22,2025-12-23,27.024935055806363,30.134482196464173,400,1240.2027183995488,0.1150621503525026
000005.SZ,2025-12-22,2025-12-23,66.12537700176698,66.95238406274576,100,80.69213457599744,0.012506651734578203
000006.SZ,2025-12-22,2025-12-23,60.3637483545135,61.651302381857185,100,126.90586366291245,0.02132992172358057
000007.SZ,2025-12-22,2025-12-23,23.32099277385207,23.107251074458418,400,-88.26954988639409,-0.00916520584978279
000008.SZ,2025-12-22,2025-12-23,47.45658692441234,46.05247087161907,200,-283.5863588109514,-0.0295873796198136
000009.SZ,2025-12-22,2025-12-23,42.688061889596455,41.82720729558349,200,-174.680551240328,-0.02016616721179283
000010.SZ,2025-12-22,2025-12-23,46.583874614901646,44.33928557620652,200,-451.5781648735974,-0.04818382020067319
000011.SZ,2025-12-22,2025-12-23,17.889144171139613,18.286897907449838,600,235.3606001627959,0.022234363617680348
000012.SZ,2025-12-22,2025-12-23,61.60313262075971,63.871658082709374,100,224.9363964524855,0.03682483934567301
000013.SZ,2025-12-22,2025-12-23,15.457228181939882,15.391672093893945,700,-49.12151277187331,-0.004241128310607
000014.SZ,2025-12-22,2025-12-23,42.04730564096046,41.25058382311929,200,-161.8193985976195,-0.01894822523574588
000015.SZ,2025-12-22,2025-12-23,47.81230740352878,47.269249692177695,200,-111.44769725174774,-0.011358115532215496
000016.SZ,2025-12-22,2025-12-23,40.429520147509685,41.082495856718154,200,128.1301920902897,0.01615096362326453
000017.SZ,2025-12-22,2025-12-23,46.70629036297028,45.85875939777255,200,-172.25771860341047,-0.018145970459466573
000018.SZ,2025-12-22,2025-12-23,58.868776071672116,58.86922458301795,100,-1.7212256029079072,7.618832524922459e-06
000019.SZ,2025-12-22,2025-12-23,17.64101741666869,17.538736965816717,500,-53.771035970858065,-0.005797877097231832
000020.SZ,2025-12-22,2025-12-23,18.404802883343493,17.209795296430226,500,-600.0852627510958,-0.06492911630119978
000021.SZ,2025-12-22,2025-12-23,54.93872858467375,52.80802277779569,100,-214.6548213711385,-0.038783311186281394
000022.SZ,2025-12-22,2025-12-23,22.894973648127916,23.321026225877358,400,167.6225079526721,0.018609000573550742
000023.SZ,2025-12-22,2025-12-23,21.8747909226037,22.243290808454827,400,144.7307594434351,0.01684587007733851
000024.SZ,2025-12-22,2025-12-23,37.186550934518145,35.831356900842636,200,-273.18868814915277,-0.0364431225703581
000025.SZ,2025-12-22,2025-12-23,21.667289475147754,20.83131673457059,400,-336.8888542390159,-0.03858224821041973
000026.SZ,2025-12-22,2025-12-23,35.23305548244284,34.758200569467085,200,-97.05647462931938,-0.013477539954273482
000027.SZ,2025-12-22,2025-12-23,35.750182646001555,33.64460168000137,200,-423.1348693008358,-0.058897068774435464
000028.SZ,2025-12-22,2025-12-23,12.07303713358316,12.255751244846802,700,125.3261701231313,0.015134063553519013
000029.SZ,2025-12-22,2025-12-23,27.7679598297438,29.29688925595692,300,456.0421078308991,0.05506092041286377
000030.SZ,2025-12-22,2025-12-23,51.88515229416383,53.07936112699073,100,117.82850244888141,0.023016388697412186
000031.SZ,2025-12-22,2025-12-23,50.36370981108728,47.79005123051922,100,-258.7995595937218,-0.05110144963946815
000032.SZ,2025-12-22,2025-12-23,27.91698719880444,27.28631860376863,300,-191.65634718508045,-0.022590854469525853
000033.SZ,2025-12-22,2025-12-23,20.034821381536258,21.01571203600016,400,389.8343763412413,0.04895929121523759
000034.SZ,2025-12-22,2025-12-23,30.452118288534546,30.931357236500187,300,140.98786223840762,0.015737458505344037
000035.SZ,2025-12-22,2025-12-23,45.505688616159524,46.94408223637292,100,142.43103955424885,0.031609094685858874
000036.SZ,2025-12-22,2025-12-23,48.564306188405794,48.884934887642345,100,30.59632187702664,0.006602147222955637
000037.SZ,2025-12-22,2025-12-23,21.830558532361593,21.9595558527408,400,48.96378144935443,0.005909025194567532
000038.SZ,2025-12-22,2025-12-23,15.982080739433592,16.133356021599372,500,73.21763767965058,0.00946530584046729
000039.SZ,2025-12-22,2025-12-23,22.70085588572487,23.185059673773047,300,143.174481043814,0.021329759128274187
000040.SZ,2025-12-22,2025-12-23,23.110339904420997,22.934039029756594,300,-54.95432591199915,-0.007628657795322012
000041.SZ,2025-12-22,2025-12-23,17.65320952263363,17.777337593156943,400,47.5179476981466,0.007031473249335457
000042.SZ,2025-12-22,2025-12-23,30.57826506710141,30.674458363646185,200,17.398191807135845,0.0031458062232663556
000043.SZ,2025-12-22,2025-12-23,35.79395719739591,34.548475468192514,200,-251.16925436877136,-0.03479586574724992
000044.SZ,2025-12-22,2025-12-23,24.33882622490518,24.531339140121794,300,55.546054042373726,0.007909704167229794
000045.SZ,2025-12-22,2025-12-23,30.534860951418974,31.53739174290297,200,198.61391479222493,0.032832335247212144
000046.SZ,2025-12-22,2025-12-23,50.42018562851386,50.98657123795157,100,55.108963806632346,0.011233310674631956
000047.SZ,2025-12-22,2025-12-23,17.05378363049091,18.729769011185386,400,668.146579996448,0.09827645389483769
000048.SZ,2025-12-22,2025-12-23,18.655190506032014,18.169614326538166,400,-196.41082551672298,-0.026029012104531443
000049.SZ,2025-12-22,2025-12-23,47.36928218288791,50.36135113709979,100,297.69605488707475,0.06316475184613969
000050.SZ,2025-12-22,2025-12-23,42.504979978020266,41.71196320226797,100,-80.55303647129767,-0.01865703209747131
600001.SH,2025-12-22,2025-12-23,13.320429834764896,14.12541556834419,600,480.4488653452745,0.06043241423624086
600002.SH,2025-12-22,2025-12-23,56.62283192134809,56.67571130660862,100,3.58766718685456,0.000933888035377388
600003.SH,2025-12-22,2025-12-23,38.45875152365814,38.898898782248615,200,85.69551779116046,0.011444658007676592
600004.SH,2025-12-22,2025-12-23,15.552302460762355,15.800913000299838,500,121.93513281869582,0.015985449110491122
600005.SH,2025-12-22,2025-12-23,47.232278143377584,47.84077960619065,100,59.414922893121,0.01288316987306665
600006.SH,2025-12-22,2025-12-23,13.749552625403313,13.943021852620902,500,94.64316033090108,0.014070947069226122
600007.SH,2025-12-22,2025-12-23,56.835422636587666,62.61979007314433,100,576.5581499534728,0.10177398474790247
600008.SH,2025-12-22,2025-12-23,24.358891136747946,25.30285129523256,300,280.9107909288132,0.0387521810079668
600009.SH,2025-12-22,2025-12-23,52.87338624590492,54.30372448088516,100,141.40471176359733,0.027052139772701267
600010.SH,2025-12-22,2025-12-23,21.901638515332323,21.940155389361376,300,9.580448223674466,0.0017586297939347893
600011.SH,2025-12-22,2025-12-23,57.405385439781476,55.864094834158536,100,-155.804983407319,-0.02684923363574941
600012.SH,2025-12-22,2025-12-23,52.00469923167206,51.98217343614225,100,-3.812044756065916,-0.0004331492319466665
600013.SH,2025-12-22,2025-12-23,25.52929834051715,25.032493498983932,200,-100.86291791658368,-0.0194601839387316
600014.SH,2025-12-22,2025-12-23,11.575309492008344,11.705404836532681,600,75.95023384402612,0.011239038110743858
600015.SH,2025-12-22,2025-12-23,31.4287278975452,34.26921499329137,200,566.0412662496365,0.09037868490910289
600016.SH,2025-12-22,2025-12-23,21.782293581299225,20.96407010715351,300,-247.35380855335734,-0.03756369691244014
600017.SH,2025-12-22,2025-12-23,20.405181528609745,20.8633764350954,300,135.58076806653753,0.022454831183110438
600018.SH,2025-12-22,2025-12-23,62.58146456291766,68.47296844404794,100,587.0961990597061,0.09414135514849006
600019.SH,2025-12-22,2025-12-23,51.554075718524025,54.15475663605812,100,258.4434490543272,0.05044568991467021
600020.SH,2025-12-22,2025-12-23,35.549926685891116,36.09723502697447,100,53.64791705752623,0.015395484382266367
600021.SH,2025-12-22,2025-12-23,23.14046361016388,22.759311178100862,200,-77.59604508328994,-0.016471253060617443
600022.SH,2025-12-22,2025-12-23,25.28274152808344,26.56145856916048,200,254.14972070125714,0.05057667657032645
600023.SH,2025-12-22,2025-12-23,19.470453867989526,18.83886715560488,300,-191.17151175939762,-0.03243821210675569
600024.SH,2025-12-22,2025-12-23,32.6250787614192,33.159008926687626,200,104.79649251808314,0.01636563605479543
600025.SH,2025-12-22,2025-12-23,47.49711090862335,44.30707219181972,100,-320.3330838461161,-0.06716279486852872
600026.SH,2025-12-22,2025-12-23,26.22727025085833,26.454911489387822,200,43.940953016535786,0.008679562773866768
600027.SH,2025-12-22,2025-12-23,52.49169611162163,55.22333071428439,100,271.50676034484695,0.052039366319084825
600028.SH,2025-12-22,2025-12-23,55.423326440136,54.49906317300957,100,-94.06129860783403,-0.01667643078270938
600029.SH,2025-12-22,2025-12-23,30.196675683302516,31.06141015289354,200,171.0832093090312,0.028636743946923462
600030.SH,2025-12-22,2025-12-23,22.459872459911008,22.1394771904938,200,-65.40742251487154,-0.014265231024311773
600031.SH,2025-12-22,2025-12-23,23.17482693690638,23.45807291238179,200,55.24171072033914,0.012222139835026548
600032.SH,2025-12-22,2025-12-23,39.76081665353434,39.38190173740063,100,-39.072948665493186,-0.009529857483448534
600033.SH,2025-12-22,2025-12-23,42.453016057694526,42.12887222283632,100,-33.678249652505656,-0.007635354680517561
600034.SH,2025-12-22,2025-12-23,36.56342446731437,35.832119869546254,100,-74.20542337289817,-0.020000987555798024
600035.SH,2025-12-22,2025-12-23,52.37157792102716,53.45131538709654,100,106.37020714532537,0.020616859543501894
600036.SH,2025-12-22,2025-12-23,17.97368757813567,17.55616393148358,300,-126.83714874946054,-0.023229715373488044
600037.SH,2025-12-22,2025-12-23,67.31281067052427,71.27315378108023,100,393.8961164421635,0.05883490930040982
600038.SH,2025-12-22,2025-12-23,18.409670399075285,17.539044320449154,300,-262.7663375766797,-0.04729177979578942
600039.SH,2025-12-22,2025-12-23,54.59540577819418,55.69190548816499,100,107.97921383243647,0.020084102212292093
600040.SH,2025-12-22,2025-12-23,24.50023127279368,26.084113521430556,200,315.21140291608845,0.06464764479165142
600041.SH,2025-12-22,2025-12-23,58.02717994379117,54.686365815272595,100,-335.7220038263158,-0.05757326362843584
600042.SH,2025-12-22,2025-12-23,27.126951575595626,28.025519477558102,200,178.03204922384157,0.03312454403357508
600043.SH,2025-12-22,2025-12-23,10.32219602710164,10.176331800328388,500,-74.45856315667515,-0.014131123492547085
600044.SH,2025-12-22,2025-12-23,24.805108030085883,24.996857164290706,200,36.85001541110614,0.007730227740683582
600045.SH,2025-12-22,2025-12-23,43.94536828801118,47.56828786193538,100,360.8649087565618,0.0824414429793862
600046.SH,2025-12-22,2025-12-23,67.81527437677731,71.1993631143262,100,336.2728928614606,0.04990157112315308
600047.SH,2025-12-22,2025-12-23,15.113711553640512,14.521738242850763,300,-178.8989496787808,-0.039167964049648514
600048.SH,2025-12-22,2025-12-23,39.94576001670604,43.9347186496611,100,397.5778217360162,0.09985937509479871
600049.SH,2025-12-22,2025-12-23,16.809221813765213,16.597718583888643,300,-64.94476363552167,-0.012582571175506055
600050.SH,2025-12-22,2025-12-23,28.08194307300651,27.942350558430274,100,-14.797521974376195,-0.004970899421501148
000001.SZ,2025-12-23,2025-12-24,27.91311401833167,27.327085955844865,400,-237.69047530942407,-0.020994721767766063
000002.SZ,2025-12-23,2025-12-24,11.758669877179132,11.862250377820606,1000,100.02182552812701,0.008808862033153932
000003.SZ,2025-12-23,2025-12-24,36.49070704008829,38.1469167984947,300,493.42970501005766,0.04538716546618069
000004.SZ,2025-12-23,2025-12-24,27.525579630733684,29.509528741667783,400,790.0385009246402,0.07207656069552555
000005.SZ,2025-12-23,2025-12-24,67.40860952460095,68.53248163732134,100,110.33123682291989,0.01667253071449622
000006.SZ,2025-12-23,2025-12-24,61.37525848692962,64.79477955634577,100,340.0082635549252,0.055714976257808704
000007.SZ,2025-12-23,2025-12-24,23.487022733135657,22.9706033118038,400,-209.32424093015834,-0.021987436517583354
000008.SZ,2025-12-23,2025-12-24,46.65055474662764,45.6482304036264,200,-203.20376242446582,-0.02148579686662138
000009.SZ,2025-12-23,2025-12-24,43.02733309236039,40.95640949721446,200,-416.6421035990188,-0.04813041958005121
000010.SZ,2025-12-23,2025-12-24,44.3783074997639,44.3552606397293,200,-7.270687645303042,-0.0005193271517783735
000011.SZ,2025-12-23,2025-12-24,17.981225386592524,17.442308629148794,600,-326.48967001948404,-0.02997108071653259
000012.SZ,2025-12-23,2025-12-24,62.56229531100695,62.76481791612208,100,18.369315974028723,0.0032371351483885995
000013.SZ,2025-12-23,2025-12-24,15.46154717213111,15.374550221540014,700,-64.12652096028978,-0.005626665276286547
000014.SZ,2025-12-23,2025-12-24,40.81824141342106,39.6601919155711,200,-233.98951108492747,-0.028370881687940587
000015.SZ,2025-12-23,2025-12-24,47.32153864781402,46.84486211979636,200,-98.14599733071918,-0.010073140934095186
000016.SZ,2025-12-23,2025-12-24,40.71768913481973,42.50270131121842,200,354.4522732010664,0.04383873973025256
000017.SZ,2025-12-23,2025-12-24,45.24383107391138,43.963258252965325,200,-258.7523596843894,-0.028303810498586685
000018.SZ,2025-12-23,2025-12-24,58.598368209272586,59.279787372694884,100,66.36352272104887,0.011628637183014089
000019.SZ,2025-12-23,2025-12-24,17.338003800961587,17.9305871314968,500,293.60207719788013,0.03417829049629966
000020.SZ,2025-12-23,2025-12-24,17.768565456730656,17.28747434810365,500,-243.13867546571782,-0.027075405147283294
000021.SZ,2025-12-23,2025-12-24,52.55992516183752,57.824784941686275,100,524.751234436625,0.10016870769198587
000022.SZ,2025-12-23,2025-12-24,22.722841904051556,23.762832589401317,400,413.14473422917763,0.045768513011760506
000023.SZ,2025-12-23,2025-12-24,21.89906631390631,22.634829213952635,400,291.5889805128554,0.03359791186983629
000024.SZ,2025-12-23,2025-12-24,36.08484438946477,36.12697294886762,200,6.25809350363761,0.0011674862429266089
000025.SZ,2025-12-23,2025-12-24,20.861994581250435,20.919312401700452,400,20.41681069180231,0.0027474755698350447
000026.SZ,2025-12-23,2025-12-24,35.06908548316649,34.698439346647994,200,-76.21113366449845,-0.010569027718056944
000027.SZ,2025-12-23,2025-12-24,34.49801760096297,34.53016220035002,200,4.357110145389015,0.0009317810593892019
000028.SZ,2025-12-23,2025-12-24,12.036145297159745,12.482381334055404,800,353.99305799635476,0.03707466351382118
000029.SZ,2025-12-23,2025-12-24,30.405916013569456,29.183206687257282,300,-369.43928649550617,-0.04021287586818654
000030.SZ,2025-12-23,2025-12-24,53.11444464066214,54.35957328600907,100,122.88207733611307,0.023442373421592996
000031.SZ,2025-12-23,2025-12-24,49.26388707035915,48.10956617247324,100,-116.87537677376531,-0.023431380805117915
000032.SZ,2025-12-23,2025-12-24,27.867369723838863,26.478657936312526,300,-418.99661547216874,-0.04983289780443027
000033.SZ,2025-12-23,2025-12-24,20.286512452461675,21.019440314698034,400,290.648812056781,0.03612882519624123
000034.SZ,2025-12-23,2025-12-24,30.147385281196087,31.53072676277252,300,412.1646790642808,0.04588595225335409
000035.SZ,2025-12-23,2025-12-24,47.526138405784145,48.33686473282269,100,79.62252676186927,0.017058535665499714
000036.SZ,2025-12-23,2025-12-24,47.647897935616214,48.941136151335265,100,127.85558748736548,0.02714155863636475
000037.SZ,2025-12-23,2025-12-24,21.960755630915717,22.86426886706931,400,358.66158219738827,0.04114217431032533
000038.SZ,2025-12-23,2025-12-24,15.616104813416305,17.66602484365131,500,1022.3101113909552,0.13126961266767706
000039.SZ,2025-12-23,2025-12-24,22.599499103884906,22.84979895618995,300,73.0334737854555,0.01107546017522208
000040.SZ,2025-12-23,2025-12-24,23.714962936584865,22.321382106224625,300,-420.08317349763183,-0.058763778551404536
000041.SZ,2025-12-23,2025-12-24,17.908319904382996,17.811353075779788,400,-40.92409381037578,-0.0054146245499822245
000042.SZ,2025-12-23,2025-12-24,31.175668204600353,31.760578600940367,200,115.07644455194622,0.01876175973202407
000043.SZ,2025-12-23,2025-12-24,35.648692536732106,34.201483185094574,200,-291.4939593186118,-0.04059642159796857
000044.SZ,2025-12-23,2025-12-24,24.146447489743338,24.513486616418,300,107.90552420692165,0.015200543551202256
000045.SZ,2025-12-23,2025-12-24,30.896903910242315,31.358681096888382,200,90.47391646339929,0.014945743042330793
000046.SZ,2025-12-23,2025-12-24,50.311806360175645,50.09809317696836,100,-22.874261116036905,-0.004247774005117959
000047.SZ,2025-12-23,2025-12-24,18.673893075387547,18.944152571337952,400,105.83050007160182,0.01447258452532382
000048.SZ,2025-12-23,2025-12-24,18.109398171155764,18.238482315333968,400,49.44503979344063,0.007128019548645549
000049.SZ,2025-12-23,2025-12-24,48.36685900078259,47.86091302314201,100,-52.030425154752265,-0.010460591985772582
000050.SZ,2025-12-23,2025-12-24,42.45533879506239,41.15891647404714,100,-130.87699959574638,-0.030536143576035374
600001.SH,2025-12-23,2025-12-24,13.62530191338822,13.941126025596901,500,155.8208872005007,0.023179237731117866
600002.SH,2025-12-23,2025-12-24,57.03185816876437,55.80596322628735,100,-124.2636731444909,-0.021494914979789777
600003.SH,2025-12-23,2025-12-24,38.802831406781436,38.8478561539636,200,6.674078067194387,0.0011603469527817084
600004.SH,2025-12-23,2025-12-24,15.75806260578935,15.822970364300787,400,24.06434696085853,0.004119018951453471
600005.SH,2025-12-23,2025-12-24,48.290650524735774,48.2877703019473,100,-1.7366553879064668,-5.964348703485458e-05
600006.SH,2025-12-23,2025-12-24,13.865579122442345,14.233519198023766,500,181.83500991100664,0.02653622126650924
600007.SH,2025-12-23,2025-12-24,62.23478778706349,62.76770776115356,100,51.408966176172726,0.008563056018017733
600008.SH,2025-12-23,2025-12-24,24.420904658011985,25.318670054456028,300,267.050938628312,0.03676216786463337
600009.SH,2025-12-23,2025-12-24,53.63688836951486,54.36380831501232,100,71.06108030029645,0.013552612159183665
600010.SH,2025-12-23,2025-12-24,22.178655156717987,21.941272983957695,300,-73.18936639664298,-0.010703181553746633
600011.SH,2025-12-23,2025-12-24,55.679409784581544,55.972072063771,100,27.58706575703218,0.005256202972009589
600012.SH,2025-12-23,2025-12-24,52.799021597250324,50.86793123520789,100,-194.6350741412998,-0.036574358835145544
600013.SH,2025-12-23,2025-12-24,24.847847930201528,24.765415299444268,200,-17.97245106941864,-0.00331749578429555
600014.SH,2025-12-23,2025-12-24,11.509807860615531,11.955465420453582,600,265.2425521271489,0.038719808813056686
600015.SH,2025-12-23,2025-12-24,31.302346595198966,35.38142582751207,200,813.6929609129693,0.13031225054989123
600016.SH,2025-12-23,2025-12-24,21.39511360390913,21.853304571466904,300,135.4904928558999,0.02141568285358653
600017.SH,2025-12-23,2025-12-24,20.745126082100427,21.00085274216346,300,74.82792127211542,0.012327071865023858
600018.SH,2025-12-23,2025-12-24,62.544899002130656,66.44884971457937,100,388.4016057534327,0.062418371037991756
600019.SH,2025-12-23,2025-12-24,54.97232353691552,55.08607190635658,100,9.722254786915983,0.0020691934072001993
600020.SH,2025-12-23,2025-12-24,36.206795262445574,37.4642278845192,100,124.61933537082632,0.034729188622166104
600021.SH,2025-12-23,2025-12-24,22.77897962020306,23.2338032302025,300,134.35604070911359,0.01996681227968832
600022.SH,2025-12-23,2025-12-24,26.068512192017256,26.418124496427946,200,68.33737341235246,0.01341128722021005
600023.SH,2025-12-23,2025-12-24,19.256883982321302,18.51925352616009,300,-222.95586966571864,-0.03830476710761676
600024.SH,2025-12-23,2025-12-24,32.69052354733615,33.227800317086974,200,105.46168593114089,0.016435245185744546
600025.SH,2025-12-23,2025-12-24,45.74375822494378,44.29578994927504,100,-146.1257012653532,-0.031653898408355405
600026.SH,2025-12-23,2025-12-24,25.855568412206278,27.193785852117895,200,266.0118608311968,0.05175741714809299
600027.SH,2025-12-23,2025-12-24,51.48553325710016,55.391143923024075,100,388.899332274701,0.07585840951516822
600028.SH,2025-12-23,2025-12-24,55.90083434178218,55.256332917970724,100,-66.1078323686852,-0.01152937038239755
600029.SH,2025-12-23,2025-12-24,31.11118758707887,31.518282491966744,200,79.52788402805618,0.01308516120602702
600030.SH,2025-12-23,2025-12-24,22.624235780342428,21.534887224732657,200,-219.1618043554381,-0.04814962883989547
600031.SH,2025-12-23,2025-12-24,23.321682261844227,24.257855308336765,200,185.77913798000827,0.0401417460362273
600032.SH,2025-12-23,2025-12-24,39.39637343852975,39.31994338438547,100,-8.822603715959758,-0.0019400276592345777
600033.SH,2025-12-23,2025-12-24,41.95791788876605,41.98466907494466,100,1.415578545612334,0.0006375718225469231
600034.SH,2025-12-23,2025-12-24,35.86102500555707,35.852104108460026,100,-1.9676528329578105,-0.00024876302603340003
600035.SH,2025-12-23,2025-12-24,53.54601726049416,54.06391567806895,100,50.167924287136884,0.009672024999642558
600036.SH,2025-12-23,2025-12-24,17.851525779075136,17.55770143378207,300,-89.72749671696056,-0.016459340726912748
600037.SH,2025-12-23,2025-12-24,68.43820490642368,68.57438580115652,100,11.56085789924964,0.0019898373272508713
600038.SH,2025-12-23,2025-12-24,18.13235610379758,18.033960337927432,300,-31.141786191457868,-0.0054265295313464575
600039.SH,2025-12-23,2025-12-24,55.72244003977358,60.98263650954066,100,524.190167881422,0.09439996644103267
600040.SH,2025-12-23,2025-12-24,26.82775324370908,25.989639979883705,200,-169.1820311638685,-0.031240531259243844
600041.SH,2025-12-23,2025-12-24,56.3973179556122,52.97489418434549,100,-343.8316239522019,-0.06068415831335013
600042.SH,2025-12-23,2025-12-24,27.26652789254001,28.01207030333383,200,147.42775794056342,0.027342770364164843
600043.SH,2025-12-23,2025-12-24,10.331409073713786,10.246392656417404,500,-44.04516754665383,-0.008228927602207644
600044.SH,2025-12-23,2025-12-24,24.446668021658898,24.742841029913908,200,57.75003118920722,0.012115066478287
600045.SH,2025-12-23,2025-12-24,48.12017827537224,52.08727520881924,100,395.1470750884364,0.08244144297938628
600046.SH,2025-12-23,2025-12-24,69.49261237830326,70.2744109340751,100,76.07162324916135,0.011250095931289717
600047.SH,2025-12-23,2025-12-24,14.807667656149928,14.752297836049468,300,-17.938652835382527,-0.0037392668032675018
600048.SH,2025-12-23,2025-12-24,41.50440063752909,42.02874913486715,100,51.17398725976,0.01263356389404005
600049.SH,2025-12-23,2025-12-24,16.735917480080655,16.249857166606915,300,-147.2805811871167,-0.029042943958839183
600050.SH,2025-12-23,2025-12-24,27.944499023775837,28.62242954314399,100,66.93437905052087,0.024259891679981615
000001.SZ,2025-12-24,2025-12-25,27.667825236332153,27.2560956853552,400,-167.96255187302268,-0.014881167835204092
000002.SZ,2025-12-24,2025-12-25,11.897150640594285,11.780886207198009,1000,-119.79869925843559,-0.009772460390605656
000003.SZ,2025-12-24,2025-12-25,37.01122139259759,38.59666326021497,300,472.1588605917932,0.04283678862688039
000004.SZ,2025-12-24,2025-12-25,30.140509695653382,29.90616679469346,300,-72.9944252994992,-0.007775014534466164
000005.SZ,2025-12-24,2025-12-25,66.9657758787399,67.87255008318556,100,88.6412439420701,0.013540860126635726
000006.SZ,2025-12-24,2025-12-25,61.66363387548292,64.62327888418459,100,294.025802503641,0.04799660387641216
000007.SZ,2025-12-24,2025-12-25,23.111872986864547,22.537305699402943,400,-232.53139166857,-0.02486026501565475
000008.SZ,2025-12-24,2025-12-25,46.06168228693493,46.5769713549064,200,100.26319531300032,0.011186935482762946
000009.SZ,2025-12-24,2025-12-25,41.835573573670416,44.84726839944983,200,599.648129051915,0.07198884988336461
000010.SZ,2025-12-24,2025-12-25,44.34815432019616,44.85200182176209,200,98.07838020388044,0.011361183104219434
000011.SZ,2025-12-24,2025-12-25,18.29055565280586,17.03652675275972,600,-755.483914843182,-0.0685615529593693
000012.SZ,2025-12-24,2025-12-25,63.88443369188683,63.330929527353376,100,-57.25034433916608,-0.008664147626368392
000013.SZ,2025-12-24,2025-12-25,15.394750736176952,15.551391053279216,700,106.38242985039687,0.01017491739792619
000014.SZ,2025-12-24,2025-12-25,41.2588347649781,40.70074520843282,200,-114.05995602156145,-0.013526546731731788
000015.SZ,2025-12-24,2025-12-25,47.278704487595675,45.13539422599069,200,-431.37017597455815,-0.045333523514108125
000016.SZ,2025-12-24,2025-12-25,41.09071317762158,42.20238843703866,200,219.80290857719228,0.027054172912786188
000017.SZ,2025-12-24,2025-12-25,45.86793206691902,43.74266860898457,200,-427.6772517034278,-0.04633440755152841
000018.SZ,2025-12-24,2025-12-25,58.8809996054368,59.19907258578003,100,30.03132585674939,0.005401962984233406
000019.SZ,2025-12-24,2025-12-25,17.542245064019703,17.730131763061138,500,91.28382975625937,0.010710527549680807
000020.SZ,2025-12-24,2025-12-25,17.213237599719843,17.717402274578443,600,299.30967250573485,0.029289357794422474
000021.SZ,2025-12-24,2025-12-25,52.818585438617326,58.627344368051645,100,579.1170726123901,0.10997566256644489
000022.SZ,2025-12-24,2025-12-25,23.325690897589705,23.907319354350044,400,229.78250438161194,0.024935100928583392
000023.SZ,2025-12-24,2025-12-25,22.247739911526825,22.17107821950438,400,-33.32520619531897,-0.0034458193204031915
000024.SZ,2025-12-24,2025-12-25,35.838523888921614,34.57307010415788,200,-255.16514115899645,-0.03530987461107214
000025.SZ,2025-12-24,2025-12-25,20.8354834145855,21.76416958058486,400,368.8627660500715,0.04457233592906461
000026.SZ,2025-12-24,2025-12-25,34.76515290481451,35.39338970335434,200,123.52375632576423,0.01807087689963327
000027.SZ,2025-12-24,2025-12-25,33.651331273296705,33.26012311464264,200,-80.2372391176923,-0.011625339736989882
000028.SZ,2025-12-24,2025-12-25,12.25820264023531,12.529691655656617,700,187.41107554722657,0.02214753854126973
000029.SZ,2025-12-24,2025-12-25,29.302749219804497,29.099671011829574,300,-63.54243278354079,-0.0069303465846020425
000030.SZ,2025-12-24,2025-12-25,53.089978060909516,52.44174192061891,100,-66.39686628667914,-0.012210141423431983
000031.SZ,2025-12-24,2025-12-25,47.79961019666194,48.98426037945384,100,116.99549046780703,0.02478367873541017
000032.SZ,2025-12-24,2025-12-25,27.291776413270338,26.349188424970887,300,-285.1478234480828,-0.03453743626014492
000033.SZ,2025-12-24,2025-12-25,21.01991559876364,21.039449359920233,400,5.288770539447796,0.0009292977921254647
000034.SZ,2025-12-24,2025-12-25,30.9375441266365,31.330321249457715,200,76.67560528927606,0.012695808083972743
000035.SZ,2025-12-24,2025-12-25,46.95347199179574,48.653674107515386,100,168.5606013487395,0.03621035982209638
000036.SZ,2025-12-24,2025-12-25,48.89471285241635,48.9303132002443,100,2.092125386787302,0.0007281021965587125
000037.SZ,2025-12-24,2025-12-25,21.963948203146387,23.316608796138627,400,538.2662441413577,0.061585493668140624
000038.SZ,2025-12-24,2025-12-25,16.13658301550308,17.557769017481366,500,707.9593356365203,0.0880723013424151
000039.SZ,2025-12-24,2025-12-25,23.18969714945537,23.620988731480995,300,127.26158562185446,0.018598413737186518
000040.SZ,2025-12-24,2025-12-25,22.938626296289197,22.02398665010337,300,-276.37405265425696,-0.03987334003230124
000041.SZ,2025-12-24,2025-12-25,17.780893416257882,17.672808151482354,400,-45.3548428883887,-0.006078730817693407
000042.SZ,2025-12-24,2025-12-25,30.680593868869433,31.3040487466765,200,122.81273263661296,0.020320821704812742
000043.SZ,2025-12-24,2025-12-25,34.55538585432476,33.819690451250054,200,-149.16826204201698,-0.02129032522386469
000044.SZ,2025-12-24,2025-12-25,24.536245898625666,24.766047582966078,300,66.71156101965698,0.009365804585178363
000045.SZ,2025-12-24,2025-12-25,31.543699852062467,31.29562188866512,200,-51.49332999278977,-0.007864580393575035
000046.SZ,2025-12-24,2025-12-25,50.99676957203257,50.20023875173932,100,-81.15908919187768,-0.015619240727947582
000047.SZ,2025-12-24,2025-12-25,18.733515339620464,18.916085702335245,400,70.75821480163177,0.009745654214116111
000048.SZ,2025-12-24,2025-12-25,18.173248612832104,18.465046202858584,400,114.50323046624908,0.01605643527159157
000049.SZ,2025-12-24,2025-12-25,50.37142441465497,48.40354002825591,100,-198.2405448407535,-0.0390674754440044
000050.SZ,2025-12-24,2025-12-25,41.720306429231115,41.230539541164724,100,-50.213604992874025,-0.011739292684658682
600001.SH,2025-12-24,2025-12-25,14.128240933994425,13.903104995317426,500,-114.65343508779642,-0.015935171245225026
600002.SH,2025-12-24,2025-12-25,56.68704758249753,61.10752973278465,100,440.21498913672895,0.07798046183043712
600003.SH,2025-12-24,2025-12-25,38.90667934006084,38.976240050486524,200,11.573567682106841,0.0017878860803743654
600004.SH,2025-12-24,2025-12-25,15.804073498949764,15.699855348258469,500,-54.46405364788643,-0.006594385346171734
600005.SH,2025-12-24,2025-12-25,47.850348719023174,49.50189279490844,100,163.6693508046792,0.034514776174007035
600006.SH,2025-12-24,2025-12-25,13.94581073587975,13.977191289554915,500,13.59369814414913,0.0022501777967220632
600007.SH,2025-12-24,2025-12-25,62.632315283680015,62.046987218192264,100,-60.39421616532127,-0.009345464283678951
600008.SH,2025-12-24,2025-12-25,25.30791237159924,25.555889239069167,300,72.09303020946118,0.00979839284366293
600009.SH,2025-12-24,2025-12-25,54.31458631196444,55.334209870991174,100,100.30232960654303,0.018772555003371726
600010.SH,2025-12-24,2025-12-25,21.944543859286238,21.173885655250132,300,-233.10311091980384,-0.035118442605950456
600011.SH,2025-12-24,2025-12-25,55.875268770519,55.66950157075015,100,-22.24680502400679,-0.003682616733602495
600012.SH,2025-12-24,2025-12-25,51.992570910576916,49.8255558514268,100,-218.19627259055414,-0.04167932112603569
600013.SH,2025-12-24,2025-12-25,25.03750049838367,25.404506436096845,200,71.87691715646906,0.014658249841547327
600014.SH,2025-12-24,2025-12-25,11.707746151631499,12.076372655347829,600,219.00215515183572,0.03148569322755269
600015.SH,2025-12-24,2025-12-25,34.27606952174287,34.442762137039374,200,31.27195733107783,0.004863236001746466
600016.SH,2025-12-24,2025-12-25,20.968263340498275,22.16629592697041,300,357.4148093082131,0.057135517950036636
600017.SH,2025-12-24,2025-12-25,20.867549527691676,20.442194305536468,300,-129.44636413405988,-0.020383573145028477
600018.SH,2025-12-24,2025-12-25,68.48666440733307,64.62314962690571,100,-388.29017253154234,-0.05641265805337825
600019.SH,2025-12-24,2025-12-25,54.16558867058878,55.57657861215777,100,139.43169679853327,0.026049563499623417
600020.SH,2025-12-24,2025-12-25,36.104455195996756,37.672205606674716,100,155.64487489959583,0.04342263031438266
600021.SH,2025-12-24,2025-12-25,22.763863495568227,23.62767669256062,300,257.01746819538766,0.037946686737098195
600022.SH,2025-12-24,2025-12-25,26.56677139215661,26.43015412430201,200,-28.90926281837801,-0.005142411391959129
600023.SH,2025-12-24,2025-12-25,18.842635305851026,18.372260856738357,300,-142.76583821090753,-0.024963304839138264
600024.SH,2025-12-24,2025-12-25,33.16564139171947,32.61027603694156,200,-113.02968751779736,-0.016745201704935642
600025.SH,2025-12-24,2025-12-25,44.31593449248815,43.62661725846183,100,-70.24052192038562,-0.015554613524919872
600026.SH,2025-12-24,2025-12-25,26.460203000836845,26.374676042949822,200,-18.687872139981664,-0.0032322865355310345
600027.SH,2025-12-24,2025-12-25,55.23437648500432,56.810584044350044,100,155.91643841324185,0.028536713178497687
600028.SH,2025-12-24,2025-12-25,54.50996407573444,54.322486108432756,100,-20.377471313420756,-0.0034393338994171
600029.SH,2025-12-24,2025-12-25,31.067623056214448,31.84054063320876,200,152.6730829608705,0.024878555259788594
600030.SH,2025-12-24,2025-12-25,22.14390552876573,22.060452057405392,200,-18.014321395511615,-0.003768688014493516
600031.SH,2025-12-24,2025-12-25,23.46276499617265,24.402287813357873,200,186.440426168243,0.040043141434459396
600032.SH,2025-12-24,2025-12-25,39.389778905464915,39.65063095855951,100,24.895686380702955,0.006622328440091975
600033.SH,2025-12-24,2025-12-25,42.1372988399426,41.41142138914077,100,-73.83008772185804,-0.01722648273110856
600034.SH,2025-12-24,2025-12-25,35.83928701023424,34.63521710959585,100,-121.44604657712671,-0.0335963687082992
600035.SH,2025-12-24,2025-12-25,53.46200671930718,55.299696896775224,100,182.11002683990046,0.034373759801357776
600036.SH,2025-12-24,2025-12-25,17.559675515428275,18.171572823741304,300,181.93375093977284,0.034846732092253314
600037.SH,2025-12-24,2025-12-25,71.28740983744208,70.30396274567565,100,-100.45382805901409,-0.013795522856125755
600038.SH,2025-12-24,2025-12-25,17.542552480129213,17.893470254910646,300,103.66492011148875,0.020003803618596782
600039.SH,2025-12-24,2025-12-25,55.70304498321212,61.16159084902733,100,544.0197388560491,0.0979936710364812
600040.SH,2025-12-24,2025-12-25,26.089330865869282,25.863746264901557,200,-46.6687449694391,-0.008646622718210085
600041.SH,2025-12-24,2025-12-25,54.69730418227235,55.19212380036655,100,47.82619809540938,0.009046508333304261
600042.SH,2025-12-24,2025-12-25,28.031125142020063,27.636122816772225,200,-80.65863241857369,-0.014091561549761308
600043.SH,2025-12-24,2025-12-25,10.178367270235444,10.359094332597678,500,88.80966703122704,0.017755997358312375
600044.SH,2025-12-24,2025-12-25,25.001857035710703,25.524960323903017,200,103.08916001902799,0.020922577368759188
600045.SH,2025-12-24,2025-12-25,47.57780247096867,53.49330811944744,100,589.9457656042932,0.12433330967920034
600046.SH,2025-12-24,2025-12-25,71.21360441107875,70.09602651122775,100,-113.86067078043743,-0.0156933202453819
600047.SH,2025-12-24,2025-12-25,14.524642880963142,14.438367004276229,300,-27.182216036459067,-0.005939965436258134
600048.SH,2025-12-24,2025-12-25,43.943506472173276,41.33503646551723,100,-262.0870517595704,-0.059359623663801896
600049.SH,2025-12-24,2025-12-25,16.601038459592992,16.16929384219002,300,-130.97862166668892,-0.02600708494554975
600050.SH,2025-12-24,2025-12-25,27.94793958744486,28.061020399661807,100,10.46625060970473,0.0040461233953627785
000001.SZ,2025-12-25,2025-12-26,27.332551919632415,27.859732698026406,400,207.52914343383236,0.019287653049890573
000002.SZ,2025-12-25,2025-12-26,11.864623065164905,11.83755106063909,1000,-30.623269844007154,-0.002281741642960366
000003.SZ,2025-12-25,2025-12-26,38.15454694486904,38.91934451278571,300,225.93652936885155,0.020044729374503086
000004.SZ,2025-12-25,2025-12-26,29.515431237665712,30.359220806077747,300,250.40454065106314,0.028588081997434768
000005.SZ,2025-12-25,2025-12-26,68.5461895044355,65.78973797801032,100,-277.61884478185857,-0.04021305263433813
000006.SZ,2025-12-25,2025-12-26,64.80773980828222,65.9819834755063,100,115.44490721814236,0.01811888010132412
000007.SZ,2025-12-25,2025-12-26,22.975197891924175,22.211012115635974,500,-385.4245399614447,-0.033261335979909615
000008.SZ,2025-12-25,2025-12-26,45.657360962763036,48.41776641825925,200,549.1760251141477,0.060459154828233004
000009.SZ,2025-12-25,2025-12-26,40.964601598324016,45.616634999690156,200,927.6696821732476,0.11356227620571972
000010.SZ,2025-12-25,2025-12-26,44.36413257905118,49.112941994829484,200,946.8151066359696,0.1070416379113586
000011.SZ,2025-12-25,2025-12-26,17.445797439755683,17.118190709073925,600,-199.64531273668763,-0.018778547201012668
000012.SZ,2025-12-25,2025-12-26,62.7773721351272,62.2337870473619,100,-56.22552238795015,-0.008658933454481713
000013.SZ,2025-12-25,2025-12-26,15.377625439106078,15.770720449760628,700,271.85465616373585,0.025562790055666813
000014.SZ,2025-12-25,2025-12-26,39.66812474723738,40.43734495877525,200,151.4178016100468,0.019391393377914637
000015.SZ,2025-12-25,2025-12-26,46.85423202921126,44.684071949953385,200,-436.71306016857307,-0.04631726922564626
000016.SZ,2025-12-25,2025-12-26,42.5112027016197,41.79679087063023,200,-145.39017365013206,-0.016805260392274195
000017.SZ,2025-12-25,2025-12-26,43.972051783969015,42.971422299239194,200,-202.7041822839201,-0.022756033528883963
000018.SZ,2025-12-25,2025-12-26,59.291644515883746,60.827255960597434,100,151.73632679255024,0.025899289136807627
000019.SZ,2025-12-25,2025-12-26,17.934173607570706,17.14401383134616,500,-397.6514901869741,-0.04405888966587165
000020.SZ,2025-12-25,2025-12-26,17.29093218875734,17.931107107074013,500,317.3977930922774,0.03702373656481746
000021.SZ,2025-12-25,2025-12-26,57.836351055285974,59.69866327566409,100,184.44026213954112,0.03219968387351969
000022.SZ,2025-12-25,2025-12-26,23.76758563122338,24.28261414353404,400,203.09749122704125,0.02166936601394084
000023.SZ,2025-12-25,2025-12-26,22.639356632537286,22.646172322057588,400,0.008735129473279812,0.00030105491206875774
000024.SZ,2025-12-25,2025-12-26,36.134199066069115,34.017858318373506,200,-425.30922103822377,-0.058568912620036585
000025.SZ,2025-12-25,2025-12-26,20.923496682608885,21.871808449347196,400,376.70008968140246,0.04532281487761674
000026.SZ,2025-12-25,2025-12-26,34.70537972855552,34.91343954828618,200,39.51715757323382,0.0059950307807600765
000027.SZ,2025-12-25,2025-12-26,34.5370689234624,33.16341111953329,200,-276.72136545299327,-0.03977343320515326
000028.SZ,2025-12-25,2025-12-26,12.48487805999481,12.426949931903605,700,-43.15934914954232,-0.004639863346108479
000029.SZ,2025-12-25,2025-12-26,29.18904391231724,31.864139757953385,300,799.6609811126273,0.09164725825457083
000030.SZ,2025-12-25,2025-12-26,54.370446287966466,57.4237074030777,100,303.6034002890301,0.05615663147107542
000031.SZ,2025-12-25,2025-12-26,48.11918904799528,50.917587516439134,100,278.3123192188923,0.05815556171681664
000032.SZ,2025-12-25,2025-12-26,26.483954197525907,26.66429837297647,300,51.70346578160206,0.006809563787397413
000033.SZ,2025-12-25,2025-12-26,21.023644623191824,20.19009566385496,400,-335.8423952144085,-0.03964816635158252
000034.SZ,2025-12-25,2025-12-26,31.537033538802678,34.306701768156195,200,551.8752437646135,0.08782272517628394
000035.SZ,2025-12-25,2025-12-26,48.346533072603236,46.31099660691499,100,-204.94297646703217,-0.0421030493051369
000036.SZ,2025-12-25,2025-12-26,48.95092535748615,48.13803999661901,100,-82.73267728661267,-0.016606128585530937
000037.SZ,2025-12-25,2025-12-26,22.868842178173832,23.346764172969344,300,141.27538966308657,0.020898390529435887
000038.SZ,2025-12-25,2025-12-26,17.669558401975873,18.071078471170168,500,198.04937282647188,0.02272383157857499
000039.SZ,2025-12-25,2025-12-26,22.85436937302287,23.853975908850337,300,297.7351029164438,0.04373809311962009
000040.SZ,2025-12-25,2025-12-26,22.325846829118156,21.930091519911993,300,-120.70030099864016,-0.017726329139282827
000041.SZ,2025-12-25,2025-12-26,17.814915702657633,18.17109060284822,400,140.28942920389363,0.019993072441956816
000042.SZ,2025-12-25,2025-12-26,31.76693135193565,31.77235611169982,200,-0.8213894138680189,0.00017076750990116272
000043.SZ,2025-12-25,2025-12-26,34.208324165829666,34.0213982096017,200,-39.426475138169735,-0.005464341232321604
000044.SZ,2025-12-25,2025-12-26,24.51838980406005,25.221123116914093,300,208.55009277569025,0.028661478933566686
000045.SZ,2025-12-25,2025-12-26,31.364953460344104,32.23128711284248,200,171.33285327290469,0.027621072468470727
000046.SZ,2025-12-25,2025-12-26,50.10811379766582,51.51667576180285,100,139.31069614084936,0.02811045671814219
000047.SZ,2025-12-25,2025-12-26,18.947941780773164,18.48318435761149,400,-188.12095138758377,-0.024528121763244665
000048.SZ,2025-12-25,2025-12-26,18.242130376603164,18.10156160432696,400,-58.39969630300038,-0.00770572128222992
000049.SZ,2025-12-25,2025-12-26,47.870486163060626,48.25579637123073,100,37.08334692587323,0.008049013892560576
000050.SZ,2025-12-25,2025-12-26,41.167149080602606,41.24821513882039,200,13.73831873522795,0.0019691929129963294
600001.SH,2025-12-25,2025-12-26,13.943914529652425,15.22389996987258,500,637.7091351145973,0.0917952729485112
600002.SH,2025-12-25,2025-12-26,55.81712553516349,61.37763145048219,100,554.2092625883552,0.09962006932470413
600003.SH,2025-12-25,2025-12-26,38.85562650222922,39.10500325929184,200,47.529051216966764,0.006418034645466679
600004.SH,2025-12-25,2025-12-26,15.826135274864704,15.628381288443771,500,-101.22125040373248,-0.01249540604742642
600005.SH,2025-12-25,2025-12-26,48.297428821859675,49.135955797375345,100,82.37861887764575,0.017361731172243027
600006.SH,2025-12-25,2025-12-26,14.236366186562224,13.867409106129605,500,-186.55865158222787,-0.025916520802961585
600007.SH,2025-12-25,2025-12-26,62.7802625581855,62.80271622502109,100,0.36128519680914906,0.0003576548730548063
600008.SH,2025-12-25,2025-12-26,25.32373429489096,25.867018920961975,300,160.65735611841774,0.021453574727350568
600009.SH,2025-12-25,2025-12-26,54.37468216406023,56.324413770531606,100,193.2834282340218,0.03585734258801937
600010.SH,2025-12-25,2025-12-26,21.945661677423836,21.665741460378896,300,-85.92598184491544,-0.012755150478461146
600011.SH,2025-12-25,2025-12-26,55.98326759773715,56.16580545194916,100,16.568811257642665,0.0032605787772808223
600012.SH,2025-12-25,2025-12-26,50.8781058389153,48.53809954582417,100,-235.456772295488,-0.04599240192824411
600013.SH,2025-12-25,2025-12-26,24.770368877861994,26.346100139152593,200,313.5654862497713,0.06361355654654285
600014.SH,2025-12-25,2025-12-26,11.957856752670892,11.691461558382926,600,-161.9415796532894,-0.02227783789335531
600015.SH,2025-12-25,2025-12-26,35.38850282037685,34.709636857583234,200,-137.85577077017751,-0.019183234912179492
600016.SH,2025-12-25,2025-12-26,21.857675669490998,21.623414358888972,300,-72.2245004729075,-0.010717576477219328
600017.SH,2025-12-25,2025-12-26,21.005053332770956,20.80157691375524,300,-62.915067626952805,-0.009687022250891493
600018.SH,2025-12-25,2025-12-26,66.46214081363219,67.27001443186697,100,78.76926139052193,0.012155395663527514
600019.SH,2025-12-25,2025-12-26,55.09709022256948,57.29379774255944,100,217.95193806671978,0.039869755573591514
600020.SH,2025-12-25,2025-12-26,37.47172147945559,36.75371678366383,100,-72.90308108268528,-0.019161241262572147
600021.SH,2025-12-25,2025-12-26,23.23845045557108,23.68891654649786,200,88.6718831925673,0.019384514978226037
600022.SH,2025-12-25,2025-12-26,26.423408649742566,26.91104405545649,200,95.912418499458,0.01845467449630783
600023.SH,2025-12-25,2025-12-26,18.522957747287432,20.1176256381285,300,476.58978094488975,0.08609142840994703
600024.SH,2025-12-25,2025-12-26,33.234446541772854,32.83637479841081,200,-81.58453116031433,-0.011977685347090207
600025.SH,2025-12-25,2025-12-26,44.30464999326929,44.43021065050335,100,11.223159403891259,0.0028340288717580682
600026.SH,2025-12-25,2025-12-26,27.199225153218425,25.851775532739552,200,-271.041030627739,-0.049540000234875516
600027.SH,2025-12-25,2025-12-26,55.40222325974236,56.85106327488683,100,143.17846961620126,0.02615129736494286
600028.SH,2025-12-25,2025-12-26,55.267385289791505,54.32052676254019,100,-96.31546852800784,-0.017132319943969024
600029.SH,2025-12-25,2025-12-26,31.524586778893827,31.482593889597272,200,-10.287533492686634,-0.0013320678742304703
600030.SH,2025-12-25,2025-12-26,21.539194632918424,21.698960745738525,200,30.651284919274985,0.007417459916348498
600031.SH,2025-12-25,2025-12-26,24.26270736460406,24.56380500315386,200,58.74569940977108,0.012409894494670375
600032.SH,2025-12-25,2025-12-26,39.327808159539856,39.66355913958979,100,32.38519123080596,0.00853724109637402
600033.SH,2025-12-25,2025-12-26,41.99306684853701,41.84998290324025,100,-15.563894016772792,-0.0034073230662776373
600034.SH,2025-12-25,2025-12-26,35.85927524639551,34.19690875239634,100,-167.26255666248926,-0.046358061689109845
600035.SH,2025-12-25,2025-12-26,54.074729542591015,55.49837814946486,100,140.69990934290126,0.026327429076691642
600036.SH,2025-12-25,2025-12-26,17.561213325257974,18.311691154998442,300,223.49529671819073,0.04273496459729635
600037.SH,2025-12-25,2025-12-26,68.58810204994163,70.25645444481579,100,164.72754585407165,0.024324224537651894
600038.SH,2025-12-25,2025-12-26,18.037567490710295,17.3653249556849,300,-203.2356397536305,-0.03726902396188465
600039.SH,2025-12-25,2025-12-26,60.994834256617274,59.033634240048855,100,-197.89101068404398,-0.032153542844583605
600040.SH,2025-12-25,2025-12-26,25.994838427724467,25.916577038912763,200,-17.20727238467498,-0.003010651096343626
600041.SH,2025-12-25,2025-12-26,52.9854902227862,55.574706329764105,100,257.25436950789845,0.04886651224875194
600042.SH,2025-12-25,2025-12-26,28.017673277691934,27.49056247067012,200,-107.07159515260264,-0.018813511093424964
600043.SH,2025-12-25,2025-12-26,10.248442139897035,10.26951100265983,500,8.994004730997403,0.002055811261379269
600044.SH,2025-12-25,2025-12-26,24.7477900930262,25.753272148776443,200,199.551214821121,0.0406291653505491
600045.SH,2025-12-25,2025-12-26,52.09769370571069,52.66241273908098,100,54.89203095485573,0.01083961675079652
600046.SH,2025-12-25,2025-12-26,70.28846722189071,70.42108571875457,100,11.149217114822932,0.001886774631821149
600047.SH,2025-12-25,2025-12-26,14.75524859069214,13.93433797963628,300,-247.52727373492507,-0.055635159652525544
600048.SH,2025-12-25,2025-12-26,42.037155725353166,42.26380188444946,100,21.396701853095692,0.005391567416622271
600049.SH,2025-12-25,2025-12-26,16.25310746306988,16.344502803846627,300,25.94759698067719,0.005623253336902697
600050.SH,2025-12-25,2025-12-26,28.62815460155846,28.413263453826925,100,-22.34151267676816,-0.007506287105206457
000001.SZ,2025-12-26,2025-12-29,27.261547449668697,26.94386311231901,400,-130.30699851335157,-0.011653202663429386
000002.SZ,2025-12-26,2025-12-29,11.783242620080735,11.623344929082254,1000,-163.38469447720672,-0.01356992265660274
000003.SZ,2025-12-26,2025-12-29,38.60438336487748,38.23600045062253,300,-113.95611431704128,-0.009542515179509601
000004.SZ,2025-12-26,2025-12-29,29.912148626235552,30.123434400637166,300,60.674623224427705,0.007063543881173994
000005.SZ,2025-12-26,2025-12-29,67.88612595078897,67.34665954652895,100,-55.96704021239657,-0.00794663705881631
000006.SZ,2025-12-26,2025-12-29,64.63620483255626,67.03904909482344,100,238.27325475387352,0.03717489707961481
000007.SZ,2025-12-26,2025-12-29,22.541813611334014,22.1362755583278,500,-206.08946783685678,-0.017990480269178967
000008.SZ,2025-12-26,2025-12-29,46.58628768080997,47.376762957889405,200,155.25244963841396,0.01696798170516286
000009.SZ,2025-12-26,2025-12-29,44.85623875016479,44.384070616535624,200,-97.09667096282465,-0.010526253354834246
000010.SZ,2025-12-26,2025-12-29,44.86097311925619,49.4071532815389,200,906.2716032596509,0.10133931223911208
000011.SZ,2025-12-26,2025-12-29,17.039934398874884,17.6521646441769,600,364.1607575452581,0.035929143327126885
000012.SZ,2025-12-26,2025-12-29,63.34359698000411,62.27195906415298,100,-109.0319503570372,-0.016917857004385382
000013.SZ,2025-12-26,2025-12-29,15.554501642548798,15.740413981601288,700,126.83315040060552,0.011952317298545428
000014.SZ,2025-12-26,2025-12-29,40.708886171570825,40.25192881343547,200,-93.80658735587713,-0.011225002723225398
000015.SZ,2025-12-26,2025-12-29,45.144422207634044,45.18278771616872,200,4.962134443963805,0.00084983939673032
000016.SZ,2025-12-26,2025-12-29,42.210829758858246,42.40472810076021,200,36.235384694347886,0.0045935685938813505
000017.SZ,2025-12-26,2025-12-29,43.75141801764724,42.770544424259334,200,-198.7409513430357,-0.022419241200188466
000018.SZ,2025-12-26,2025-12-29,59.21091358439705,61.407503009465,100,217.81671741651098,0.03709771209554161
000019.SZ,2025-12-26,2025-12-29,17.73367814405185,16.989096205110574,500,-374.83933390140373,-0.0419868869217648
000020.SZ,2025-12-26,2025-12-29,17.72094610941684,18.58674656152299,500,430.1122140688458,0.04885746205424479
000021.SZ,2025-12-26,2025-12-29,58.63907100958941,59.24576507203905,100,58.89203329280281,0.010346242735503547
000022.SZ,2025-12-26,2025-12-29,23.912101296415116,25.041153667646523,400,448.61601005244484,0.0472167776991089
000023.SZ,2025-12-26,2025-12-29,22.175512878614192,22.514741226384064,400,132.98957016078202,0.015297429630005075
000024.SZ,2025-12-26,2025-12-29,34.579985409709266,33.66802113753355,200,-184.4129357033953,-0.02637260430768306
000025.SZ,2025-12-26,2025-12-29,21.7685228498279,21.981005260142805,400,82.35524349474508,0.009760993512547183
000026.SZ,2025-12-26,2025-12-29,35.40046908923359,38.23021630537336,200,563.6556302496319,0.0799353028064927
000027.SZ,2025-12-26,2025-12-29,33.26677580453456,32.843100216438394,200,-86.70570363221941,-0.012735697339157704
000028.SZ,2025-12-26,2025-12-29,12.532197844606642,12.921429918741309,700,269.7489516113292,0.0310585644242902
000029.SZ,2025-12-26,2025-12-29,29.105491528083565,32.457297312183265,300,1002.6205784718131,0.11516059712874388
000030.SZ,2025-12-26,2025-12-29,52.45223131794276,62.87895960637008,100,1040.7864600545408,0.19878521897810217
000031.SZ,2025-12-26,2025-12-29,48.99405821131292,49.816841374547614,100,80.7838110822322,0.016793529527315467
000032.SZ,2025-12-26,2025-12-29,26.354458789692355,27.029937454030797,300,200.21090493066913,0.025630526877016818
000033.SZ,2025-12-26,2025-12-29,21.04365767062329,19.789165474589662,400,-504.17157827040046,-0.05961379032433532
000034.SZ,2025-12-26,2025-12-29,31.3365879403767,34.008268256070416,200,532.2955670433794,0.08525753731634894
000035.SZ,2025-12-26,2025-12-29,48.66340581550769,46.97403980858239,100,-170.34582188678633,-0.034715326200759726
000036.SZ,2025-12-26,2025-12-29,48.94010024158848,47.716197523572305,100,-123.82175772732535,-0.025008177588000214
000037.SZ,2025-12-26,2025-12-29,23.321272584276667,23.51109497955099,300,54.8307200341369,0.008139452707323627
000038.SZ,2025-12-26,2025-12-29,17.56128092247536,18.264237567809097,500,348.73868703169865,0.04002877970217296
000039.SZ,2025-12-26,2025-12-29,23.62571340169431,23.82826725253516,300,58.62161119952725,0.008573449080539686
000040.SZ,2025-12-26,2025-12-29,22.028391887957174,21.637546169508674,400,-158.93479291974108,-0.017742816653909862
000041.SZ,2025-12-26,2025-12-29,17.676343066604165,18.091956934001136,500,205.09314015838572,0.023512435000324704
000042.SZ,2025-12-26,2025-12-29,31.310310182569424,31.651761043163226,200,66.39106645617085,0.01090538096246295
000043.SZ,2025-12-26,2025-12-29,33.82645506580175,35.75667951986589,200,383.89949004163645,0.057062569823214435
000044.SZ,2025-12-26,2025-12-29,24.771001287853156,24.399820245240797,300,-113.5502966057802,-0.014984498942897969
000045.SZ,2025-12-26,2025-12-29,31.30188163901789,33.36257528378642,200,410.13697443667843,0.06583290003243351
000046.SZ,2025-12-26,2025-12-29,50.21027980359486,50.12711105744764,100,-9.820687946444195,-0.0016564087368670895
000047.SZ,2025-12-26,2025-12-29,18.919869297835263,17.85410845847618,400,-428.44682875864964,-0.05633024322641716
000048.SZ,2025-12-26,2025-12-29,18.46873958143701,18.40247505782364,400,-28.714106452286615,-0.00358792885249043
000049.SZ,2025-12-26,2025-12-29,48.41322170442918,48.901489542777774,100,47.3597391485755,0.010085423385569087
000050.SZ,2025-12-26,2025-12-29,41.23878647376622,40.54769198703697,200,-140.65175886507313,-0.01675836138313342
600001.SH,2025-12-26,2025-12-29,13.905885894406397,15.496052163502174,500,792.758726723363,0.11435202914583216
600002.SH,2025-12-26,2025-12-29,61.11975246100402,60.83678865467121,100,-30.121484292921195,-0.004629662178578803
600003.SH,2025-12-26,2025-12-29,38.98403607809938,37.831494176202845,200,-232.77827002987942,-0.02956445811787081
600004.SH,2025-12-26,2025-12-29,15.70299563335663,15.908676709501428,500,100.45423656597268,0.013098206287970005
600005.SH,2025-12-26,2025-12-29,49.51179416360429,48.996028856951966,100,-53.04641153094144,-0.010417019123727523
600006.SH,2025-12-26,2025-12-29,13.97998700738461,13.584506454658912,500,-199.77795233104735,-0.028289050091162008
600007.SH,2025-12-26,2025-12-29,62.05939785669975,62.94301651706914,100,86.47357554142673,0.014238273184824225
600008.SH,2025-12-26,2025-12-29,25.561000928085882,25.96292770570802,300,118.24136979312789,0.01572421904576156
600009.SH,2025-12-26,2025-12-29,55.34527781976024,57.96089098807181,100,259.82249010151463,0.047259915775103425
600010.SH,2025-12-26,2025-12-29,21.17812085590125,22.088939112692724,300,271.2574725172999,0.04300751058079254
600011.SH,2025-12-26,2025-12-29,55.68063658456568,56.70567591191517,100,100.8027624575916,0.018409260206511787
600012.SH,2025-12-26,2025-12-29,49.83552195920787,48.982784878224656,100,-86.7431916446676,-0.01711102939146912
600013.SH,2025-12-26,2025-12-29,25.40958784552501,26.088093807425825,200,134.1359067517169,0.02670275354428108
600014.SH,2025-12-26,2025-12-29,12.078788171430507,11.527179973766398,600,-333.03981099374323,-0.045667511494969885
600015.SH,2025-12-26,2025-12-29,34.44965137839092,33.88342796752895,200,-115.27768785044555,-0.016436259532575073
600016.SH,2025-12-26,2025-12-29,22.17072962952606,21.506327564917765,300,-201.25618886333177,-0.02996753267531048
600017.SH,2025-12-26,2025-12-29,20.44628315328235,20.994173680793686,300,162.47768262212958,0.026796583193331107
600018.SH,2025-12-26,2025-12-29,64.63607554942335,66.82954561899508,100,217.3421205886034,0.03393569382000173
600019.SH,2025-12-26,2025-12-29,55.587695039522934,58.57552644808796,100,297.025875063061,0.05374987047836174
600020.SH,2025-12-26,2025-12-29,37.67974080131551,36.488083571891636,100,-120.26036544954422,-0.031625940202387764
600021.SH,2025-12-26,2025-12-29,23.632402700499924,23.361747258802957,200,-55.53279317492161,-0.011452726374336924
600022.SH,2025-12-26,2025-12-29,26.43544068378282,26.67007240684178,200,45.32614026738156,0.008875650149569798
600023.SH,2025-12-26,2025-12-29,18.37593567639167,19.814858875099375,300,429.89362231355244,0.07830475813845768
600024.SH,2025-12-26,2025-12-29,32.616798744419704,32.32183653579209,200,-60.931751917671136,-0.009043260527769622
600025.SH,2025-12-26,2025-12-29,43.63534345453312,43.877523023098085,100,22.901631165803337,0.005550078202485306
600026.SH,2025-12-26,2025-12-29,26.37995150570469,25.754487624638294,200,-126.63804547075688,-0.023709819213698618
600027.SH,2025-12-26,2025-12-29,56.82194729748422,57.576696488249425,100,73.7476181818729,0.013282705480222418
600028.SH,2025-12-26,2025-12-29,54.333351692212815,54.99290490963501,100,64.30553459492967,0.012139012169880949
600029.SH,2025-12-26,2025-12-29,31.8469093782099,31.51521010474358,200,-68.23076729954846,-0.010415430569010677
600030.SH,2025-12-26,2025-12-29,22.06486458907004,21.889533044965383,200,-36.379680803629526,-0.007946187179028038
600031.SH,2025-12-26,2025-12-29,24.407168759015107,24.9032546003762,200,97.7229729961955,0.02032541530151291
600032.SH,2025-12-26,2025-12-29,39.65856187784315,40.26313170780974,100,59.249089045424626,0.015244370984222709
600033.SH,2025-12-26,2025-12-29,41.41970450172985,41.80734895737853,100,37.510225096145405,0.009358938223050008
600034.SH,2025-12-26,2025-12-29,34.642144845791385,34.18340709215302,100,-46.89927757660098,-0.013242186812636062
600035.SH,2025-12-26,2025-12-29,55.31075794225912,55.084270934737035,100,-24.301228880251074,-0.0040948093273016845
600036.SH,2025-12-26,2025-12-29,18.17520750177386,18.27387954064378,300,27.956962502319584,0.005428936030595029
600037.SH,2025-12-26,2025-12-29,70.31802494444466,69.84103859647804,100,-49.79386595455526,-0.006783272828602093
600038.SH,2025-12-26,2025-12-29,17.897049306866826,17.25709156784448,300,-193.54045994781063,-0.0357577234129206
600039.SH,2025-12-26,2025-12-29,61.17382439055128,59.331539763422654,100,-186.00840890576546,-0.03011557059710625
600040.SH,2025-12-26,2025-12-29,25.868919531481197,26.241022874440368,200,72.8462072193679,0.014384185721647166
600041.SH,2025-12-26,2025-12-29,55.203163329079494,55.34919040618238,100,12.942231998102216,0.0026452664720023927
600042.SH,2025-12-26,2025-12-29,27.64165059411331,27.173902122437852,200,-95.180128462438,-0.016921871944039175
600043.SH,2025-12-26,2025-12-29,10.361166358666804,10.31536149409441,500,-24.449736510310686,-0.004420821265366532
600044.SH,2025-12-26,2025-12-29,25.53006582651806,26.374697278078813,200,167.34380847546527,0.03308379450723676
600045.SH,2025-12-26,2025-12-29,53.504007851044484,51.33229117545751,100,-218.7116362939605,-0.040589794350229705
600046.SH,2025-12-26,2025-12-29,70.11004711859074,70.1494354339249,100,1.834348470398254,0.0005618070013209326
600047.SH,2025-12-26,2025-12-29,14.441254966473304,13.545189422908571,300,-270.03873011748146,-0.062049007904439825
600048.SH,2025-12-26,2025-12-29,41.34330429959373,43.20548749434847,100,184.9221548506439,0.04504195361987634
600049.SH,2025-12-26,2025-12-29,16.17252802437668,15.905734975942027,300,-81.46943067823031,-0.01649668178237301
600050.SH,2025-12-26,2025-12-29,28.066633165018274,27.808018853349736,100,-26.69567173245423,-0.0092142976376258
000001.SZ,2025-12-29,2025-12-30,27.86530520181639,26.67459163074031,400,-479.48637942612186,-0.04273104358456713
000002.SZ,2025-12-29,2025-12-30,11.839918807625917,11.423289582914261,1000,-420.0562115865305,-0.035188520418173067
000003.SZ,2025-12-29,2025-12-30,38.927129160153,36.66983624516522,300,-680.488159758399,-0.05798765446331484
000004.SZ,2025-12-29,2025-12-30,30.3652932574841,31.027759189221555,300,195.94728119420688,0.021816549773454836
000005.SZ,2025-12-29,2025-12-30,65.80289724153226,66.60939837203057,100,78.6518310986703,0.012256316428409051
000006.SZ,2025-12-29,2025-12-30,65.99518119197305,68.97765980124593,100,296.17853113325236,0.045192369433719286
000007.SZ,2025-12-29,2025-12-30,22.215454762323766,22.63609480730436,500,206.9246082692025,0.018934568276044353
000008.SZ,2025-12-29,2025-12-30,48.42745093999507,47.04993409023333,200,-278.32636599776197,-0.02844495886162949
000009.SZ,2025-12-29,2025-12-30,45.62575923911404,44.51601501411099,200,-224.61980590145686,-0.024322756344439898
000010.SZ,2025-12-29,2025-12-30,49.122765565585524,50.43541726126441,200,259.5042141001013,0.026721860639672666
000011.SZ,2025-12-29,2025-12-30,17.121614689613796,17.215323377465932,600,53.12645450333912,0.005473122106233389
000012.SZ,2025-12-29,2025-12-30,62.246235049571595,60.354250203271256,100,-191.009112136132,-0.030395169198484086
000013.SZ,2025-12-29,2025-12-30,15.773874909296534,15.387316638101673,700,-273.8221263304058,-0.02450623410022341
000014.SZ,2025-12-29,2025-12-30,40.44543323659479,39.23806831991443,200,-243.82726743526564,-0.02985169943952877
000015.SZ,2025-12-29,2025-12-30,44.693009658114185,45.77584407432333,200,213.82033259737,0.024228272485841702
000016.SZ,2025-12-29,2025-12-30,41.805151064823775,42.08311874508264,200,53.06854892706906,0.006649125124027104
000017.SZ,2025-12-29,2025-12-30,42.98001744321344,41.8252179574699,200,-233.46941022615465,-0.02686828797287707
000018.SZ,2025-12-29,2025-12-30,60.83942262845634,61.326860930330966,100,46.90402435955275,0.008011882440952635
000019.SZ,2025-12-29,2025-12-30,17.147442977027,17.61095449286693,600,274.9369376952418,0.027030940791633554
000020.SZ,2025-12-29,2025-12-30,17.934693687153434,18.623728881942103,500,341.7240380620442,0.03841912255698145
000021.SZ,2025-12-29,2025-12-30,59.7106042024119,59.388098303876326,100,-34.032232802674116,-0.005401149474929403
000022.SZ,2025-12-29,2025-12-30,24.287471152063603,24.48951489600875,400,77.87875579053798,0.008318846481799329
000023.SZ,2025-12-29,2025-12-30,22.650702009490743,22.306515509808424,400,-140.3513817341045,-0.015195400987488315
000024.SZ,2025-12-29,2025-12-30,34.02466257046239,33.60697588779214,200,-85.55375508731777,-0.012275997794401477
000025.SZ,2025-12-29,2025-12-30,21.876183248516984,22.491753211245012,400,243.5289747058614,0.028138819086266253
000026.SZ,2025-12-29,2025-12-30,34.92042293453446,37.91790082023314,200,597.2205030905234,0.08583738780363792
000027.SZ,2025-12-29,2025-12-30,33.17004446509175,33.679324887716675,200,99.83532503172228,0.015353624960041699
000028.SZ,2025-12-29,2025-12-30,12.429435570453842,12.892295320722813,700,321.2944431709275,0.03723899992444064
000029.SZ,2025-12-29,2025-12-30,31.870513223251503,35.54074055684067,300,1097.8695334266322,0.11516059712874366
000030.SZ,2025-12-29,2025-12-30,57.43519329314732,65.79393036437787,100,833.8998892121235,0.14553336712158055
000031.SZ,2025-12-29,2025-12-30,50.927772052396016,54.54944130512964,100,360.53044203420905,0.07111383645464685
000032.SZ,2025-12-29,2025-12-30,26.66963176599037,27.139058336319646,300,138.38545584851363,0.01760153925064303
000033.SZ,2025-12-29,2025-12-30,20.194134086830033,19.50008826236674,400,-279.95834037680106,-0.03436868456350034
000034.SZ,2025-12-29,2025-12-30,34.313563794712486,34.025008184903136,200,-59.752622452963806,-0.008409374541673661
000035.SZ,2025-12-29,2025-12-30,46.32025973254894,47.202186321821564,200,173.55318667521533,0.019039759154305856
000036.SZ,2025-12-29,2025-12-30,48.147668567475414,47.00115306602777,100,-116.06158473674532,-0.023812482214811463
000037.SZ,2025-12-29,2025-12-30,23.35143399278592,23.751675098988024,300,117.93468110172125,0.017139894120667326
000038.SZ,2025-12-29,2025-12-30,18.074693048322118,17.912224940292603,500,-83.92088775580123,-0.008988706341798524
000039.SZ,2025-12-29,2025-12-30,23.858747181159337,23.82508400294233,300,-12.24321102536669,-0.0014109365408587345
000040.SZ,2025-12-29,2025-12-30,21.93447797686167,22.07111568450263,400,52.006549174244356,0.0062293576252463465
000041.SZ,2025-12-29,2025-12-30,18.17472518442695,18.274376996729977,400,37.667799681603356,0.005482988672005516
000042.SZ,2025-12-29,2025-12-30,31.778711218432832,32.04045083431978,200,50.42549612733001,0.008236319405398878
000043.SZ,2025-12-29,2025-12-30,34.028203169739626,36.976373559907074,200,587.4154956198954,0.08663902632358729
000044.SZ,2025-12-29,2025-12-30,25.226167846010384,23.16593497715309,300,-620.154794805132,-0.08167046542438385
000045.SZ,2025-12-29,2025-12-30,32.237734014955265,33.11474435798889,200,173.4151839452452,0.027204466127388943
000046.SZ,2025-12-29,2025-12-30,51.526980127391774,48.72802947551328,100,-281.3569060721138,-0.05432009880956653
000047.SZ,2025-12-29,2025-12-30,18.48688136418367,17.59260262745861,400,-359.8226070053188,-0.0483736937078867
000048.SZ,2025-12-29,2025-12-30,18.10518227871526,18.61157803776702,400,200.32491425617263,0.027969658148489698
000049.SZ,2025-12-29,2025-12-30,48.26544849571742,48.83956500352983,100,55.94646383113468,0.011894979238892739
000050.SZ,2025-12-29,2025-12-30,41.256465606894956,41.79006549482611,100,52.10628682827155,0.012933727600795152
600001.SH,2025-12-29,2025-12-30,15.226945054375005,15.07772532329943,500,-76.87152433628125,-0.009799715605639494
600002.SH,2025-12-29,2025-12-30,61.389908204447686,60.03759107543765,100,-137.03284063326646,-0.02202832955062241
600003.SH,2025-12-29,2025-12-30,39.112825042121976,38.38099879515525,200,-148.66810932105454,-0.018710646601941862
600004.SH,2025-12-29,2025-12-30,15.631507277300345,16.385170561081097,500,374.37386630621404,0.04821437052811925
600005.SH,2025-12-29,2025-12-30,49.145783971352216,48.44958882805348,100,-71.07300199471501,-0.014165917949433055
600006.SH,2025-12-29,2025-12-30,13.870182865326749,13.662419816063753,500,-105.93088760390765,-0.014979113922309557
600007.SH,2025-12-29,2025-12-30,62.81527802444604,65.06036521547344,100,222.55690814627633,0.035741100917418105
600008.SH,2025-12-29,2025-12-30,25.872192842138283,26.197782324730493,200,63.54602957895804,0.012584533695262193
600009.SH,2025-12-29,2025-12-30,56.33567977988665,56.48963910613176,100,13.701243451327173,0.00273289195846506
600010.SH,2025-12-29,2025-12-30,21.67007504202914,21.88392078502842,300,62.184170029131565,0.009868251152085304
600011.SH,2025-12-29,2025-12-30,56.177039736468,56.88668801103494,100,69.25822681636328,0.012632354390618916
600012.SH,2025-12-29,2025-12-30,48.54780813659241,53.636149441656,100,507.2250460231089,0.10481093792632647
600013.SH,2025-12-29,2025-12-30,26.351369886155123,25.84325357010341,200,-103.1738584245486,-0.01928234920032275
600014.SH,2025-12-29,2025-12-30,11.69380008454722,11.319556591509004,600,-226.58361600940134,-0.03200358226858698
600015.SH,2025-12-29,2025-12-30,34.71657947921692,33.19960250898137,200,-305.3873701976481,-0.04369603782952422
600016.SH,2025-12-29,2025-12-30,21.62773947427229,23.549428683584953,300,574.3873142122775,0.08885298491775563
600017.SH,2025-12-29,2025-12-30,20.80573764521114,21.261745581809105,300,134.8888238770278,0.02191741260867654
600018.SH,2025-12-29,2025-12-30,67.28346978028819,66.25288386959771,100,-105.04617758513541,-0.01531707437288562
600019.SH,2025-12-29,2025-12-30,57.30525764809851,59.10318849771543,100,178.01998930676018,0.03137462291257278
600020.SH,2025-12-29,2025-12-30,36.76106826216842,36.74619029250276,100,-2.590182675341566,-0.00040472081930690304
600021.SH,2025-12-29,2025-12-30,23.69365480363287,24.260246411700102,200,111.86270682874328,0.023913221187824407
600022.SH,2025-12-29,2025-12-30,26.916426802542286,25.727903622439023,200,-239.24831023799925,-0.0441560534324343
600023.SH,2025-12-29,2025-12-30,20.12164956564888,19.606122481165045,300,-156.42267636845554,-0.025620517979993502
600024.SH,2025-12-29,2025-12-30,32.842942730163664,31.83426258812474,200,-203.64608416307237,-0.030712233989694516
600025.SH,2025-12-29,2025-12-30,44.43909758132653,43.90173952366137,100,-55.05285795222608,-0.012092011019840306
600026.SH,2025-12-29,2025-12-30,25.856946404933318,25.454438152943847,200,-82.0289166870707,-0.015566735750075833
600027.SH,2025-12-29,2025-12-30,56.86243462467679,58.07874301302113,100,119.88847654404344,0.02139036775988658
600028.SH,2025-12-29,2025-12-30,54.33139195441188,60.21723087605033,100,586.7773752375633,0.10833219451798905
600029.SH,2025-12-29,2025-12-30,31.488891038090042,31.412921778855345,200,-17.078627153670823,-0.002412573346670149
600030.SH,2025-12-29,2025-12-30,21.703300971910288,21.896992678687457,200,37.424521794711836,0.008924527519009984
600031.SH,2025-12-29,2025-12-30,24.568718255479723,24.539342905014017,200,-7.347430667442495,-0.001195640332566164
600032.SH,2025-12-29,2025-12-30,39.67149264476822,39.88909853454865,100,20.56391602200665,0.005485195420523884
600033.SH,2025-12-29,2025-12-30,41.85835373690427,42.55788594790916,100,68.6764845220514,0.01671189018568958
600034.SH,2025-12-29,2025-12-30,34.2037488181534,34.954079119900676,100,73.9844078011306,0.02193707788396117
600035.SH,2025-12-29,2025-12-30,55.50947893517333,54.58520896985985,100,-94.06455280044338,-0.016650669093703534
600036.SH,2025-12-29,2025-12-30,18.315353859499893,19.217983430089383,300,269.05925266813847,0.04928267165972933
600037.SH,2025-12-29,2025-12-30,70.27050714097437,69.88756646922452,100,-40.390694169062044,-0.0054495219592140855
600038.SH,2025-12-29,2025-12-30,17.36879836801727,17.324459754668897,300,-14.860785382432368,-0.0025527737963736987
600039.SH,2025-12-29,2025-12-30,59.04544214768762,58.31905779975167,100,-74.388006527588,-0.012302123949196343
600040.SH,2025-12-29,2025-12-30,25.92176087270392,26.563292162207848,200,126.71246037105266,0.02474875424761252
600041.SH,2025-12-29,2025-12-30,55.58582238263535,56.17099744428083,100,56.83237624121921,0.010527415743124532
600042.SH,2025-12-29,2025-12-30,27.496061133030487,28.105658026679567,200,120.23303924821448,0.02217033526001231
600043.SH,2025-12-29,2025-12-30,10.271565110271123,10.619458246651233,500,172.3536494530572,0.03386953523102645
600044.SH,2025-12-29,2025-12-30,25.75842331832315,25.89847402213696,200,26.456232321434072,0.0054370837097853335
600045.SH,2025-12-29,2025-12-30,52.67294627498238,50.247856982115685,100,-244.01636499613323,-0.046040509680365424
600046.SH,2025-12-29,2025-12-30,70.43517134446088,73.36215596542627,100,290.497597417575,0.041555725145482544
600047.SH,2025-12-29,2025-12-30,13.93712512594684,13.918775609279281,300,-6.7575448051029525,-0.0013165926618106995
600048.SH,2025-12-29,2025-12-30,42.272255490186915,42.02892975381958,100,-25.59344152934773,-0.005756156929544904
600049.SH,2025-12-29,2025-12-30,16.34777203133014,16.530168307657522,300,53.231167750524946,0.01115725592318163
600050.SH,2025-12-29,2025-12-30,28.41894667483979,27.387986788380374,100,-103.91762824959278,-0.03627720260906641
000001.SZ,2025-12-30,2025-12-31,26.949252423872633,27.725291288565035,400,307.08851092233454,0.02879630397483528
000002.SZ,2025-12-30,2025-12-31,11.625669830558216,11.262282025397807,1000,-366.7664897680279,-0.03125736499115428
000003.SZ,2025-12-30,2025-12-31,38.24364841550914,36.29606874758908,300,-587.5405465633012,-0.05092557192138206
000004.SZ,2025-12-30,2025-12-31,30.129459690046232,29.948078111672725,300,-57.109800542102676,-0.0060200740484380386
000005.SZ,2025-12-30,2025-12-31,67.36013022550615,66.41523655308252,100,-96.48182433895545,-0.014027491770879096
000006.SZ,2025-12-30,2025-12-31,67.05245824555749,69.10075271342723,100,202.7564242055705,0.030547641674351977
000007.SZ,2025-12-30,2025-12-31,22.140703256209253,23.539890344415824,500,696.0625605516234,0.06319524145260269
000008.SZ,2025-12-30,2025-12-31,47.386239258111,46.556274471862956,200,-168.78633371792057,-0.01751489038256983
000009.SZ,2025-12-30,2025-12-31,44.39294831842912,45.03944680494539,200,126.59733049495844,0.014563089657369908
000010.SZ,2025-12-30,2025-12-31,49.417035700437104,49.68366533417998,200,50.34490682852447,0.0053955003565807754
000011.SZ,2025-12-30,2025-12-31,17.655695430184338,16.94425487120081,600,-429.9143012669356,-0.04029524420585802
000012.SZ,2025-12-30,2025-12-31,62.28441470152954,59.08170581062333,100,-322.0433402649396,-0.05142071104390676
000013.SZ,2025-12-30,2025-12-31,15.74356237923737,15.186695336517817,700,-392.99613592435526,-0.03537109513752426
000014.SZ,2025-12-30,2025-12-31,40.25998000431724,38.71138554905557,200,-312.04157418527666,-0.038464859026149774
000015.SZ,2025-12-30,2025-12-31,45.191825177458085,46.16934742905438,200,192.7342894735175,0.021630510557114898
000016.SZ,2025-12-30,2025-12-31,42.41320989455974,41.89994394608815,200,-105.16718633108394,-0.012101558682957102
000017.SZ,2025-12-30,2025-12-31,42.779099388640624,40.23212398322534,200,-511.80900852205014,-0.0595378453921261
000018.SZ,2025-12-30,2025-12-31,61.41978573833978,61.402240642341674,100,-3.5965768190808376,-0.00028565869755480227
000019.SZ,2025-12-30,2025-12-31,16.992494364167502,17.12007055297004,600,73.46410058198853,0.0075077964463864935
000020.SZ,2025-12-30,2025-12-31,18.590464282607403,18.325954832008776,500,-135.00361852411515,-0.014228232634625113
000021.SZ,2025-12-30,2025-12-31,59.257615410087254,59.96650279481327,100,69.0897433887576,0.011962806464961919
000022.SZ,2025-12-30,2025-12-31,25.04616239925321,24.50074775864685,400,-221.10594597358067,-0.021776375634401476
000023.SZ,2025-12-30,2025-12-31,22.5192446249692,22.452741619255157,400,-29.295531279927673,-0.0029531632531006533
000024.SZ,2025-12-30,2025-12-31,33.67475541518882,33.0885781277747,300,-178.8311582557344,-0.017407024347672752
000025.SZ,2025-12-30,2025-12-31,21.985401900858907,22.28764113542072,400,118.22117688847538,0.013747269025362054
000026.SZ,2025-12-30,2025-12-31,38.23786311331523,36.26394076710922,200,-396.96030568722836,-0.05162219291272708
000027.SZ,2025-12-30,2025-12-31,32.84966949340937,33.493308814864996,300,190.07739864334872,0.019593479367722606
000028.SZ,2025-12-30,2025-12-31,12.924014463179502,12.65666893708417,700,-189.79976874351996,-0.020685950704945315
000029.SZ,2025-12-30,2025-12-31,32.463789420856564,34.01521656389261,200,308.24451561337537,0.04778946545406433
000030.SZ,2025-12-30,2025-12-31,62.89153665599631,65.08896258934995,100,217.7899244576829,0.03493993071552855
000031.SZ,2025-12-30,2025-12-31,49.826805739258994,59.73163822911695,100,988.6912998389216,0.19878521897810222
000032.SZ,2025-12-30,2025-12-31,27.035343982174414,27.819703721975287,300,232.80414860528344,0.029012382469334807
000033.SZ,2025-12-30,2025-12-31,19.793123703507472,19.16027699352181,400,-255.4379172334875,-0.031973058899920845
000034.SZ,2025-12-30,2025-12-31,34.01507058995502,34.531127325593324,200,101.13947948812529,0.015171414513856623
000035.SZ,2025-12-30,2025-12-31,46.98343555611886,48.76032911762529,100,176.2265462771138,0.03781957493048874
000036.SZ,2025-12-30,2025-12-31,47.725741717496405,47.62914641920244,100,-11.088404221972269,-0.0020239664134659324
000037.SZ,2025-12-30,2025-12-31,23.51579766881583,23.919441372803504,300,118.94036147275074,0.01716478895049117
000038.SZ,2025-12-30,2025-12-31,18.267890780643945,17.906620168973653,400,-146.6570390883944,-0.019776262952758774
000039.SZ,2025-12-30,2025-12-31,23.833033382598675,23.69118862212824,300,-44.68563511712182,-0.0059516033143309326
000040.SZ,2025-12-30,2025-12-31,21.64187411153678,21.97043581785796,400,128.78823023032965,0.01518175850334667
000041.SZ,2025-12-30,2025-12-31,18.09557568726326,18.18126727512775,400,32.09488307278116,0.004735499403028485
000042.SZ,2025-12-30,2025-12-31,31.658092028470392,35.084293663580155,200,683.135269402138,0.10822514610256835
000043.SZ,2025-12-30,2025-12-31,35.76383157097498,38.276031949856545,200,500.1435138593215,0.07024416200752955
000044.SZ,2025-12-30,2025-12-31,24.404700697335052,23.646900727907056,300,-229.46821189391085,-0.03105139369772096
000045.SZ,2025-12-30,2025-12-31,33.369248466161416,33.45565099099985,200,15.273165908226474,0.0025892859087327503
000046.SZ,2025-12-30,2025-12-31,50.13713748230162,48.352418527989826,100,-179.92246798701763,-0.035596746123405965
000047.SZ,2025-12-30,2025-12-31,17.857679637285752,17.49791424919485,400,-146.0059049462643,-0.020146256142916492
000048.SZ,2025-12-30,2025-12-31,18.406155920921517,18.99810215242336,400,234.49872034244618,0.03216023128593639
000049.SZ,2025-12-30,2025-12-31,48.91127081881394,49.097354060580564,100,17.135403554845652,0.003804506377598489
000050.SZ,2025-12-30,2025-12-31,40.55580233646931,42.439714969571085,200,374.2361437221807,0.04645235760525657
600001.SH,2025-12-30,2025-12-31,15.499151683886911,15.6962531088754,500,96.19627452791337,0.01271691696477799
600002.SH,2025-12-30,2025-12-31,60.8489572292596,58.99076994446674,100,-187.5884515776197,-0.030537701374105625
600003.SH,2025-12-30,2025-12-31,37.839061231743635,38.65013710302189,200,159.896166029469,0.021434883553554822
600004.SH,2025-12-30,2025-12-31,15.911858763048684,16.522167091502872,500,302.67583916337026,0.03835556471073491
600005.SH,2025-12-30,2025-12-31,49.00582904274194,48.921517371688736,100,-9.898812626471226,-0.0017204416841854696
600006.SH,2025-12-30,2025-12-31,13.587223627667145,14.960349698589809,500,684.3189830065439,0.10106009207993162
600007.SH,2025-12-30,2025-12-31,62.955606379358784,66.15974649551839,100,318.4292192210951,0.05089523078932882
600008.SH,2025-12-30,2025-12-31,25.968120810559647,25.747065930498238,200,-45.755799968112115,-0.008512548199926721
600009.SH,2025-12-30,2025-12-31,57.972484325603176,55.77140671782052,100,-221.78090297979998,-0.0379676260796463
600010.SH,2025-12-30,2025-12-31,22.093357342338226,21.4342841707764,300,-199.6510370439173,-0.02983128192557778
600011.SH,2025-12-30,2025-12-31,56.7170181813245,57.21695586670319,100,48.277259861867606,0.008814597477257838
600012.SH,2025-12-30,2025-12-31,48.99258241495398,53.221891270041986,100,421.33422877070007,0.08632549350566786
600013.SH,2025-12-30,2025-12-31,26.093311948001368,26.085711645287002,200,-3.085203241590534,-0.00029127397585678176
600014.SH,2025-12-30,2025-12-31,11.529485640327806,11.068610015061767,600,-278.5177249623348,-0.039973650138735585
600015.SH,2025-12-30,2025-12-31,33.890205330858784,33.21564532203777,200,-136.90494048352502,-0.01990427624251628
600016.SH,2025-12-30,2025-12-31,21.510629260600314,23.297639423931418,300,534.0062614511771,0.08307568047784912
600017.SH,2025-12-30,2025-12-31,20.998372935455308,21.25744102672672,300,75.80725768901812,0.01233753167770355
600018.SH,2025-12-30,2025-12-31,66.84291286484346,67.51396047928498,100,65.07934262977415,0.010039173723598485
600019.SH,2025-12-30,2025-12-31,58.587242725005275,61.147905139501184,100,254.2318042954057,0.043706825844579425
600020.SH,2025-12-30,2025-12-31,36.49538191844067,36.25443339464885,100,-25.182485381021706,-0.00660216474320751
600021.SH,2025-12-30,2025-12-31,23.36642007553639,23.771690359583403,200,79.62775538782807,0.01734413242323386
600022.SH,2025-12-30,2025-12-31,26.675406954777937,26.9108499740508,200,45.47395285613038,0.008826220333658045
600023.SH,2025-12-30,2025-12-31,19.81882224321121,19.976566859529587,300,45.52549387815634,0.007959333525604071
600024.SH,2025-12-30,2025-12-31,32.328301549600624,32.99618762816021,200,131.59744445422712,0.02065948554503736
600025.SH,2025-12-30,2025-12-31,43.88629940534093,48.0724047784092,100,417.16836516347576,0.09538524390960217
600026.SH,2025-12-30,2025-12-31,25.75963903730449,24.907646118650383,200,-171.89304249793986,-0.03307472272496789
600027.SH,2025-12-30,2025-12-31,57.58821297919617,58.01047933180878,100,40.48632088130762,0.007332513560807212
600028.SH,2025-12-30,2025-12-31,55.00390459058503,60.63563139695853,100,561.353611695441,0.10238776407407044
600029.SH,2025-12-30,2025-12-31,31.521513777131766,29.813642596570396,200,-343.3630546680679,-0.054181128248999136
600030.SH,2025-12-30,2025-12-31,21.89391138940882,20.964247307491664,200,-187.19067122188153,-0.04246221999267255
600031.SH,2025-12-30,2025-12-31,24.908235749411176,24.12901998322628,200,-157.2908944359733,-0.031283458773402606
600032.SH,2025-12-30,2025-12-31,40.27118513949447,39.41876690618952,100,-86.42438633768097,-0.021166951763457658
600033.SH,2025-12-30,2025-12-31,41.81571126340061,42.2849286836295,100,45.653194162380714,0.011221079495055214
600034.SH,2025-12-30,2025-12-31,34.19024445730797,34.34041438198986,100,13.986780036729215,0.004392186340445782
600035.SH,2025-12-30,2025-12-31,55.09528889071957,56.40076630009901,100,128.85571794893985,0.023694900882883542
600036.SH,2025-12-30,2025-12-31,18.27753468206605,19.191161855754995,300,272.3609475396661,0.04998634605712972
600037.SH,2025-12-30,2025-12-31,69.85500820115782,71.14843684210229,100,127.2084109891839,0.01851590421720159
600038.SH,2025-12-30,2025-12-31,17.2605433313344,17.16694557146231,300,-29.62435306305815,-0.005422642733509691
600039.SH,2025-12-30,2025-12-31,59.34340725812481,60.83745572525226,100,147.57972304098712,0.025176317575241622
600040.SH,2025-12-30,2025-12-31,26.246271603888204,26.611788283229746,200,71.50662857131556,0.013926422954770984
600041.SH,2025-12-30,2025-12-31,55.360261351358126,56.461447429508866,100,108.42476439218899,0.01989127311306894
600042.SH,2025-12-30,2025-12-31,27.179337446394733,26.90356763722826,200,-56.76817589152779,-0.010146303592218471
600043.SH,2025-12-30,2025-12-31,10.317424772721091,10.393786226375749,500,36.621658893372114,0.007401212544486323
600044.SH,2025-12-30,2025-12-31,26.379972745081126,26.03193356814563,200,-71.16975140118848,-0.013193310709556877
600045.SH,2025-12-30,2025-12-31,51.3425586604411,49.15870257008482,100,-219.86037011273038,-0.042535006967600104
600046.SH,2025-12-30,2025-12-31,70.1634667241407,73.18717997638757,100,300.17570982539473,0.04309526586157856
600047.SH,2025-12-30,2025-12-31,13.547898731724032,13.828012030552136,400,110.38595808757509,0.020675774478014417
600048.SH,2025-12-30,2025-12-31,43.2141294560435,42.21989311309677,100,-100.69023108806596,-0.023007205177141218
600049.SH,2025-12-30,2025-12-31,15.908916441083727,18.100534296884987,300,655.8563086536587,0.13776034740754256
600050.SH,2025-12-30,2025-12-31,27.813581013336403,28.078618078641192,100,25.661347988119815,0.009529052198553841
