2026-01-09 15:01:19,405 - qmt_strategy - INFO - === 开始回测验证流程 ===
2026-01-09 15:01:19,406 - qmt_strategy - INFO - 加载历史数据
2026-01-09 15:01:19,406 - qmt_strategy - ERROR - 数据文件不存在：data/raw_data/history/history_20251101_20251231.pkl
2026-01-09 15:08:32,162 - qmt_strategy - INFO - === 开始回测验证流程 ===
2026-01-09 15:08:32,162 - qmt_strategy - INFO - 加载历史数据
2026-01-09 15:08:32,163 - qmt_strategy - INFO - 加载了100只股票的数据
2026-01-09 15:08:32,163 - qmt_strategy - INFO - 历史数据示例：['600001.SH', '600002.SH', '600003.SH', '600004.SH', '600005.SH']
2026-01-09 15:08:32,164 - qmt_strategy - INFO - 原始数据包含100只股票，处理全量股票池
2026-01-09 15:08:32,164 - qmt_strategy - INFO - 准备回测数据
2026-01-09 15:08:32,164 - qmt_strategy - INFO - 开始处理100只股票的数据
2026-01-09 15:08:32,283 - qmt_strategy - INFO - 总共有0个涨停日，总交易天数：4300
2026-01-09 15:08:32,283 - qmt_strategy - INFO - 处理了100只股票
2026-01-09 15:08:32,283 - qmt_strategy - WARNING - 没有检测到涨停股票，这可能导致模型无法学习到有效的涨停模式
2026-01-09 15:08:32,287 - qmt_strategy - INFO - 合并后的数据总行数：4300
2026-01-09 15:08:32,287 - qmt_strategy - INFO - 开始提取特征
2026-01-09 15:08:32,287 - qmt_strategy - INFO - 初始化特征工程师
2026-01-09 15:08:32,289 - qmt_strategy - INFO - 开始简化特征提取
2026-01-09 15:08:32,289 - qmt_strategy - INFO - 提取集合竞价特征
2026-01-09 15:08:32,293 - qmt_strategy - INFO - 提取板块热度特征
2026-01-09 15:08:32,293 - qmt_strategy - INFO - 提取市场情绪特征
2026-01-09 15:08:32,295 - qmt_strategy - INFO - 提取个股基本面特征
2026-01-09 15:08:32,296 - qmt_strategy - INFO - 提取技术指标特征
2026-01-09 15:08:32,311 - qmt_strategy - INFO - 合并所有特征
2026-01-09 15:08:32,313 - qmt_strategy - INFO - 简化特征提取完成
2026-01-09 15:08:32,314 - qmt_strategy - INFO - 开始简化特征提取
2026-01-09 15:08:32,314 - qmt_strategy - INFO - 提取集合竞价特征
2026-01-09 15:08:32,317 - qmt_strategy - INFO - 提取板块热度特征
2026-01-09 15:08:32,318 - qmt_strategy - INFO - 提取市场情绪特征
2026-01-09 15:08:32,320 - qmt_strategy - INFO - 提取个股基本面特征
2026-01-09 15:08:32,322 - qmt_strategy - INFO - 提取技术指标特征
2026-01-09 15:08:32,337 - qmt_strategy - INFO - 合并所有特征
2026-01-09 15:08:32,339 - qmt_strategy - INFO - 简化特征提取完成
2026-01-09 15:08:32,341 - qmt_strategy - INFO - 开始简化特征提取
2026-01-09 15:08:32,341 - qmt_strategy - INFO - 提取集合竞价特征
2026-01-09 15:08:32,344 - qmt_strategy - INFO - 提取板块热度特征
2026-01-09 15:08:32,345 - qmt_strategy - INFO - 提取市场情绪特征
2026-01-09 15:08:32,346 - qmt_strategy - INFO - 提取个股基本面特征
2026-01-09 15:08:32,347 - qmt_strategy - INFO - 提取技术指标特征
2026-01-09 15:08:32,361 - qmt_strategy - INFO - 合并所有特征
2026-01-09 15:08:32,362 - qmt_strategy - INFO - 简化特征提取完成
2026-01-09 15:08:32,364 - qmt_strategy - INFO - 开始简化特征提取
2026-01-09 15:08:32,364 - qmt_strategy - INFO - 提取集合竞价特征
2026-01-09 15:08:32,366 - qmt_strategy - INFO - 提取板块热度特征
2026-01-09 15:08:32,367 - qmt_strategy - INFO - 提取市场情绪特征
2026-01-09 15:08:32,368 - qmt_strategy - INFO - 提取个股基本面特征
2026-01-09 15:08:32,369 - qmt_strategy - INFO - 提取技术指标特征
2026-01-09 15:08:32,383 - qmt_strategy - INFO - 合并所有特征
2026-01-09 15:08:32,384 - qmt_strategy - INFO - 简化特征提取完成
2026-01-09 15:08:32,385 - qmt_strategy - INFO - 开始简化特征提取
2026-01-09 15:08:32,385 - qmt_strategy - INFO - 提取集合竞价特征
2026-01-09 15:08:32,389 - qmt_strategy - INFO - 提取板块热度特征
2026-01-09 15:08:32,391 - qmt_strategy - INFO - 提取市场情绪特征
2026-01-09 15:08:32,393 - qmt_strategy - INFO - 提取个股基本面特征
2026-01-09 15:08:32,394 - qmt_strategy - INFO - 提取技术指标特征
2026-01-09 15:08:32,406 - qmt_strategy - INFO - 合并所有特征
2026-01-09 15:08:32,408 - qmt_strategy - INFO - 简化特征提取完成
2026-01-09 15:08:32,409 - qmt_strategy - INFO - 开始简化特征提取
2026-01-09 15:08:32,409 - qmt_strategy - INFO - 提取集合竞价特征
2026-01-09 15:08:32,412 - qmt_strategy - INFO - 提取板块热度特征
2026-01-09 15:08:32,412 - qmt_strategy - INFO - 提取市场情绪特征
2026-01-09 15:08:32,414 - qmt_strategy - INFO - 提取个股基本面特征
2026-01-09 15:08:32,415 - qmt_strategy - INFO - 提取技术指标特征
2026-01-09 15:08:32,428 - qmt_strategy - INFO - 合并所有特征
2026-01-09 15:08:32,429 - qmt_strategy - INFO - 简化特征提取完成
2026-01-09 15:08:32,430 - qmt_strategy - INFO - 开始简化特征提取
2026-01-09 15:08:32,431 - qmt_strategy - INFO - 提取集合竞价特征
2026-01-09 15:08:32,433 - qmt_strategy - INFO - 提取板块热度特征
2026-01-09 15:08:32,434 - qmt_strategy - INFO - 提取市场情绪特征
2026-01-09 15:08:32,436 - qmt_strategy - INFO - 提取个股基本面特征
2026-01-09 15:08:32,438 - qmt_strategy - INFO - 提取技术指标特征
2026-01-09 15:08:32,451 - qmt_strategy - INFO - 合并所有特征
2026-01-09 15:08:32,453 - qmt_strategy - INFO - 简化特征提取完成
2026-01-09 15:08:32,455 - qmt_strategy - INFO - 开始简化特征提取
2026-01-09 15:08:32,455 - qmt_strategy - INFO - 提取集合竞价特征
2026-01-09 15:08:32,459 - qmt_strategy - INFO - 提取板块热度特征
2026-01-09 15:08:32,460 - qmt_strategy - INFO - 提取市场情绪特征
2026-01-09 15:08:32,462 - qmt_strategy - INFO - 提取个股基本面特征
2026-01-09 15:08:32,463 - qmt_strategy - INFO - 提取技术指标特征
2026-01-09 15:08:32,476 - qmt_strategy - INFO - 合并所有特征
2026-01-09 15:08:32,478 - qmt_strategy - INFO - 简化特征提取完成
2026-01-09 15:08:32,479 - qmt_strategy - INFO - 开始简化特征提取
2026-01-09 15:08:32,479 - qmt_strategy - INFO - 提取集合竞价特征
2026-01-09 15:08:32,481 - qmt_strategy - INFO - 提取板块热度特征
2026-01-09 15:08:32,482 - qmt_strategy - INFO - 提取市场情绪特征
2026-01-09 15:08:32,484 - qmt_strategy - INFO - 提取个股基本面特征
2026-01-09 15:08:32,485 - qmt_strategy - INFO - 提取技术指标特征
2026-01-09 15:08:32,499 - qmt_strategy - INFO - 合并所有特征
2026-01-09 15:08:32,500 - qmt_strategy - INFO - 简化特征提取完成
2026-01-09 15:08:32,501 - qmt_strategy - INFO - 开始简化特征提取
2026-01-09 15:08:32,501 - qmt_strategy - INFO - 提取集合竞价特征
2026-01-09 15:08:32,504 - qmt_strategy - INFO - 提取板块热度特征
2026-01-09 15:08:32,505 - qmt_strategy - INFO - 提取市场情绪特征
2026-01-09 15:08:32,507 - qmt_strategy - INFO - 提取个股基本面特征
2026-01-09 15:08:32,508 - qmt_strategy - INFO - 提取技术指标特征
2026-01-09 15:08:32,520 - qmt_strategy - INFO - 合并所有特征
2026-01-09 15:08:32,522 - qmt_strategy - INFO - 简化特征提取完成
2026-01-09 15:08:32,523 - qmt_strategy - INFO - 开始简化特征提取
2026-01-09 15:08:32,524 - qmt_strategy - INFO - 提取集合竞价特征
2026-01-09 15:08:32,526 - qmt_strategy - INFO - 提取板块热度特征
2026-01-09 15:08:32,527 - qmt_strategy - INFO - 提取市场情绪特征
2026-01-09 15:08:32,530 - qmt_strategy - INFO - 提取个股基本面特征
2026-01-09 15:08:32,531 - qmt_strategy - INFO - 提取技术指标特征
2026-01-09 15:08:32,545 - qmt_strategy - INFO - 合并所有特征
2026-01-09 15:08:32,547 - qmt_strategy - INFO - 简化特征提取完成
2026-01-09 15:08:32,548 - qmt_strategy - INFO - 开始简化特征提取
2026-01-09 15:08:32,548 - qmt_strategy - INFO - 提取集合竞价特征
2026-01-09 15:08:32,551 - qmt_strategy - INFO - 提取板块热度特征
2026-01-09 15:08:32,552 - qmt_strategy - INFO - 提取市场情绪特征
2026-01-09 15:08:32,553 - qmt_strategy - INFO - 提取个股基本面特征
2026-01-09 15:08:32,555 - qmt_strategy - INFO - 提取技术指标特征
2026-01-09 15:08:32,566 - qmt_strategy - INFO - 合并所有特征
2026-01-09 15:08:32,567 - qmt_strategy - INFO - 简化特征提取完成
2026-01-09 15:08:32,568 - qmt_strategy - INFO - 开始简化特征提取
2026-01-09 15:08:32,568 - qmt_strategy - INFO - 提取集合竞价特征
2026-01-09 15:08:32,573 - qmt_strategy - INFO - 提取板块热度特征
2026-01-09 15:08:32,574 - qmt_strategy - INFO - 提取市场情绪特征
2026-01-09 15:08:32,577 - qmt_strategy - INFO - 提取个股基本面特征
2026-01-09 15:08:32,578 - qmt_strategy - INFO - 提取技术指标特征
2026-01-09 15:08:32,592 - qmt_strategy - INFO - 合并所有特征
2026-01-09 15:08:32,594 - qmt_strategy - INFO - 简化特征提取完成
2026-01-09 15:08:32,595 - qmt_strategy - INFO - 开始简化特征提取
2026-01-09 15:08:32,595 - qmt_strategy - INFO - 提取集合竞价特征
2026-01-09 15:08:32,598 - qmt_strategy - INFO - 提取板块热度特征
2026-01-09 15:08:32,599 - qmt_strategy - INFO - 提取市场情绪特征
2026-01-09 15:08:32,600 - qmt_strategy - INFO - 提取个股基本面特征
2026-01-09 15:08:32,601 - qmt_strategy - INFO - 提取技术指标特征
2026-01-09 15:08:32,614 - qmt_strategy - INFO - 合并所有特征
2026-01-09 15:08:32,615 - qmt_strategy - INFO - 简化特征提取完成
2026-01-09 15:08:32,617 - qmt_strategy - INFO - 开始简化特征提取
2026-01-09 15:08:32,617 - qmt_strategy - INFO - 提取集合竞价特征
2026-01-09 15:08:32,620 - qmt_strategy - INFO - 提取板块热度特征
2026-01-09 15:08:32,622 - qmt_strategy - INFO - 提取市场情绪特征
2026-01-09 15:08:32,624 - qmt_strategy - INFO - 提取个股基本面特征
2026-01-09 15:08:32,627 - qmt_strategy - INFO - 提取技术指标特征
2026-01-09 15:08:32,642 - qmt_strategy - INFO - 合并所有特征
2026-01-09 15:08:32,643 - qmt_strategy - INFO - 简化特征提取完成
2026-01-09 15:08:32,644 - qmt_strategy - INFO - 开始简化特征提取
2026-01-09 15:08:32,644 - qmt_strategy - INFO - 提取集合竞价特征
2026-01-09 15:08:32,647 - qmt_strategy - INFO - 提取板块热度特征
2026-01-09 15:08:32,647 - qmt_strategy - INFO - 提取市场情绪特征
2026-01-09 15:08:32,649 - qmt_strategy - INFO - 提取个股基本面特征
2026-01-09 15:08:32,650 - qmt_strategy - INFO - 提取技术指标特征
2026-01-09 15:08:32,663 - qmt_strategy - INFO - 合并所有特征
2026-01-09 15:08:32,664 - qmt_strategy - INFO - 简化特征提取完成
2026-01-09 15:08:32,666 - qmt_strategy - INFO - 开始简化特征提取
2026-01-09 15:08:32,666 - qmt_strategy - INFO - 提取集合竞价特征
2026-01-09 15:08:32,669 - qmt_strategy - INFO - 提取板块热度特征
2026-01-09 15:08:32,671 - qmt_strategy - INFO - 提取市场情绪特征
2026-01-09 15:08:32,674 - qmt_strategy - INFO - 提取个股基本面特征
2026-01-09 15:08:32,675 - qmt_strategy - INFO - 提取技术指标特征
2026-01-09 15:08:32,692 - qmt_strategy - INFO - 合并所有特征
2026-01-09 15:08:32,693 - qmt_strategy - INFO - 简化特征提取完成
2026-01-09 15:08:32,694 - qmt_strategy - INFO - 开始简化特征提取
2026-01-09 15:08:32,695 - qmt_strategy - INFO - 提取集合竞价特征
2026-01-09 15:08:32,697 - qmt_strategy - INFO - 提取板块热度特征
2026-01-09 15:08:32,698 - qmt_strategy - INFO - 提取市场情绪特征
2026-01-09 15:08:32,699 - qmt_strategy - INFO - 提取个股基本面特征
2026-01-09 15:08:32,701 - qmt_strategy - INFO - 提取技术指标特征
2026-01-09 15:08:32,713 - qmt_strategy - INFO - 合并所有特征
2026-01-09 15:08:32,714 - qmt_strategy - INFO - 简化特征提取完成
2026-01-09 15:08:32,716 - qmt_strategy - INFO - 开始简化特征提取
2026-01-09 15:08:32,716 - qmt_strategy - INFO - 提取集合竞价特征
2026-01-09 15:08:32,719 - qmt_strategy - INFO - 提取板块热度特征
2026-01-09 15:08:32,720 - qmt_strategy - INFO - 提取市场情绪特征
2026-01-09 15:08:32,723 - qmt_strategy - INFO - 提取个股基本面特征
2026-01-09 15:08:32,724 - qmt_strategy - INFO - 提取技术指标特征
2026-01-09 15:08:32,736 - qmt_strategy - INFO - 合并所有特征
2026-01-09 15:08:32,737 - qmt_strategy - INFO - 简化特征提取完成
2026-01-09 15:08:32,738 - qmt_strategy - INFO - 开始简化特征提取
2026-01-09 15:08:32,738 - qmt_strategy - INFO - 提取集合竞价特征
2026-01-09 15:08:32,741 - qmt_strategy - INFO - 提取板块热度特征
2026-01-09 15:08:32,742 - qmt_strategy - INFO - 提取市场情绪特征
2026-01-09 15:08:32,744 - qmt_strategy - INFO - 提取个股基本面特征
2026-01-09 15:08:32,745 - qmt_strategy - INFO - 提取技术指标特征
2026-01-09 15:08:32,756 - qmt_strategy - INFO - 合并所有特征
2026-01-09 15:08:32,758 - qmt_strategy - INFO - 简化特征提取完成
2026-01-09 15:08:32,759 - qmt_strategy - INFO - 开始简化特征提取
2026-01-09 15:08:32,759 - qmt_strategy - INFO - 提取集合竞价特征
2026-01-09 15:08:32,761 - qmt_strategy - INFO - 提取板块热度特征
2026-01-09 15:08:32,762 - qmt_strategy - INFO - 提取市场情绪特征
2026-01-09 15:08:32,764 - qmt_strategy - INFO - 提取个股基本面特征
2026-01-09 15:08:32,765 - qmt_strategy - INFO - 提取技术指标特征
2026-01-09 15:08:32,778 - qmt_strategy - INFO - 合并所有特征
2026-01-09 15:08:32,779 - qmt_strategy - INFO - 简化特征提取完成
2026-01-09 15:08:32,780 - qmt_strategy - INFO - 开始简化特征提取
2026-01-09 15:08:32,780 - qmt_strategy - INFO - 提取集合竞价特征
2026-01-09 15:08:32,783 - qmt_strategy - INFO - 提取板块热度特征
2026-01-09 15:08:32,783 - qmt_strategy - INFO - 提取市场情绪特征
2026-01-09 15:08:32,784 - qmt_strategy - INFO - 提取个股基本面特征
2026-01-09 15:08:32,785 - qmt_strategy - INFO - 提取技术指标特征
2026-01-09 15:08:32,799 - qmt_strategy - INFO - 合并所有特征
2026-01-09 15:08:32,801 - qmt_strategy - INFO - 简化特征提取完成
2026-01-09 15:08:32,802 - qmt_strategy - INFO - 开始简化特征提取
2026-01-09 15:08:32,802 - qmt_strategy - INFO - 提取集合竞价特征
2026-01-09 15:08:32,807 - qmt_strategy - INFO - 提取板块热度特征
2026-01-09 15:08:32,808 - qmt_strategy - INFO - 提取市场情绪特征
2026-01-09 15:08:32,810 - qmt_strategy - INFO - 提取个股基本面特征
2026-01-09 15:08:32,811 - qmt_strategy - INFO - 提取技术指标特征
2026-01-09 15:08:32,825 - qmt_strategy - INFO - 合并所有特征
2026-01-09 15:08:32,826 - qmt_strategy - INFO - 简化特征提取完成
2026-01-09 15:08:32,827 - qmt_strategy - INFO - 开始简化特征提取
2026-01-09 15:08:32,828 - qmt_strategy - INFO - 提取集合竞价特征
2026-01-09 15:08:32,831 - qmt_strategy - INFO - 提取板块热度特征
2026-01-09 15:08:32,832 - qmt_strategy - INFO - 提取市场情绪特征
2026-01-09 15:08:32,833 - qmt_strategy - INFO - 提取个股基本面特征
2026-01-09 15:08:32,834 - qmt_strategy - INFO - 提取技术指标特征
2026-01-09 15:08:32,849 - qmt_strategy - INFO - 合并所有特征
2026-01-09 15:08:32,850 - qmt_strategy - INFO - 简化特征提取完成
2026-01-09 15:08:32,851 - qmt_strategy - INFO - 开始简化特征提取
2026-01-09 15:08:32,852 - qmt_strategy - INFO - 提取集合竞价特征
2026-01-09 15:08:32,855 - qmt_strategy - INFO - 提取板块热度特征
2026-01-09 15:08:32,857 - qmt_strategy - INFO - 提取市场情绪特征
2026-01-09 15:08:32,858 - qmt_strategy - INFO - 提取个股基本面特征
2026-01-09 15:08:32,860 - qmt_strategy - INFO - 提取技术指标特征
2026-01-09 15:08:32,872 - qmt_strategy - INFO - 合并所有特征
2026-01-09 15:08:32,874 - qmt_strategy - INFO - 简化特征提取完成
2026-01-09 15:08:32,875 - qmt_strategy - INFO - 开始简化特征提取
2026-01-09 15:08:32,875 - qmt_strategy - INFO - 提取集合竞价特征
2026-01-09 15:08:32,877 - qmt_strategy - INFO - 提取板块热度特征
2026-01-09 15:08:32,878 - qmt_strategy - INFO - 提取市场情绪特征
2026-01-09 15:08:32,880 - qmt_strategy - INFO - 提取个股基本面特征
2026-01-09 15:08:32,880 - qmt_strategy - INFO - 提取技术指标特征
2026-01-09 15:08:32,893 - qmt_strategy - INFO - 合并所有特征
2026-01-09 15:08:32,895 - qmt_strategy - INFO - 简化特征提取完成
2026-01-09 15:08:32,896 - qmt_strategy - INFO - 开始简化特征提取
2026-01-09 15:08:32,896 - qmt_strategy - INFO - 提取集合竞价特征
2026-01-09 15:08:32,898 - qmt_strategy - INFO - 提取板块热度特征
2026-01-09 15:08:32,899 - qmt_strategy - INFO - 提取市场情绪特征
2026-01-09 15:08:32,900 - qmt_strategy - INFO - 提取个股基本面特征
2026-01-09 15:08:32,901 - qmt_strategy - INFO - 提取技术指标特征
2026-01-09 15:08:32,914 - qmt_strategy - INFO - 合并所有特征
2026-01-09 15:08:32,915 - qmt_strategy - INFO - 简化特征提取完成
2026-01-09 15:08:32,916 - qmt_strategy - INFO - 开始简化特征提取
2026-01-09 15:08:32,917 - qmt_strategy - INFO - 提取集合竞价特征
2026-01-09 15:08:32,919 - qmt_strategy - INFO - 提取板块热度特征
2026-01-09 15:08:32,920 - qmt_strategy - INFO - 提取市场情绪特征
2026-01-09 15:08:32,923 - qmt_strategy - INFO - 提取个股基本面特征
2026-01-09 15:08:32,925 - qmt_strategy - INFO - 提取技术指标特征
2026-01-09 15:08:32,938 - qmt_strategy - INFO - 合并所有特征
2026-01-09 15:08:32,939 - qmt_strategy - INFO - 简化特征提取完成
2026-01-09 15:08:32,941 - qmt_strategy - INFO - 开始简化特征提取
2026-01-09 15:08:32,941 - qmt_strategy - INFO - 提取集合竞价特征
2026-01-09 15:08:32,944 - qmt_strategy - INFO - 提取板块热度特征
2026-01-09 15:08:32,945 - qmt_strategy - INFO - 提取市场情绪特征
2026-01-09 15:08:32,947 - qmt_strategy - INFO - 提取个股基本面特征
2026-01-09 15:08:32,947 - qmt_strategy - INFO - 提取技术指标特征
2026-01-09 15:08:32,960 - qmt_strategy - INFO - 合并所有特征
2026-01-09 15:08:32,962 - qmt_strategy - INFO - 简化特征提取完成
2026-01-09 15:08:32,963 - qmt_strategy - INFO - 开始简化特征提取
2026-01-09 15:08:32,963 - qmt_strategy - INFO - 提取集合竞价特征
2026-01-09 15:08:32,965 - qmt_strategy - INFO - 提取板块热度特征
2026-01-09 15:08:32,966 - qmt_strategy - INFO - 提取市场情绪特征
2026-01-09 15:08:32,967 - qmt_strategy - INFO - 提取个股基本面特征
2026-01-09 15:08:32,968 - qmt_strategy - INFO - 提取技术指标特征
2026-01-09 15:08:32,981 - qmt_strategy - INFO - 合并所有特征
2026-01-09 15:08:32,982 - qmt_strategy - INFO - 简化特征提取完成
2026-01-09 15:08:32,983 - qmt_strategy - INFO - 开始简化特征提取
2026-01-09 15:08:32,984 - qmt_strategy - INFO - 提取集合竞价特征
2026-01-09 15:08:32,986 - qmt_strategy - INFO - 提取板块热度特征
2026-01-09 15:08:32,988 - qmt_strategy - INFO - 提取市场情绪特征
2026-01-09 15:08:32,990 - qmt_strategy - INFO - 提取个股基本面特征
2026-01-09 15:08:32,991 - qmt_strategy - INFO - 提取技术指标特征
2026-01-09 15:08:33,002 - qmt_strategy - INFO - 合并所有特征
2026-01-09 15:08:33,003 - qmt_strategy - INFO - 简化特征提取完成
2026-01-09 15:08:33,005 - qmt_strategy - INFO - 开始简化特征提取
2026-01-09 15:08:33,005 - qmt_strategy - INFO - 提取集合竞价特征
2026-01-09 15:08:33,008 - qmt_strategy - INFO - 提取板块热度特征
2026-01-09 15:08:33,009 - qmt_strategy - INFO - 提取市场情绪特征
2026-01-09 15:08:33,011 - qmt_strategy - INFO - 提取个股基本面特征
2026-01-09 15:08:33,012 - qmt_strategy - INFO - 提取技术指标特征
2026-01-09 15:08:33,028 - qmt_strategy - INFO - 合并所有特征
2026-01-09 15:08:33,030 - qmt_strategy - INFO - 简化特征提取完成
2026-01-09 15:08:33,031 - qmt_strategy - INFO - 开始简化特征提取
2026-01-09 15:08:33,031 - qmt_strategy - INFO - 提取集合竞价特征
2026-01-09 15:08:33,033 - qmt_strategy - INFO - 提取板块热度特征
2026-01-09 15:08:33,034 - qmt_strategy - INFO - 提取市场情绪特征
2026-01-09 15:08:33,037 - qmt_strategy - INFO - 提取个股基本面特征
2026-01-09 15:08:33,038 - qmt_strategy - INFO - 提取技术指标特征
2026-01-09 15:08:33,050 - qmt_strategy - INFO - 合并所有特征
2026-01-09 15:08:33,051 - qmt_strategy - INFO - 简化特征提取完成
2026-01-09 15:08:33,052 - qmt_strategy - INFO - 开始简化特征提取
2026-01-09 15:08:33,052 - qmt_strategy - INFO - 提取集合竞价特征
2026-01-09 15:08:33,057 - qmt_strategy - INFO - 提取板块热度特征
2026-01-09 15:08:33,058 - qmt_strategy - INFO - 提取市场情绪特征
2026-01-09 15:08:33,060 - qmt_strategy - INFO - 提取个股基本面特征
2026-01-09 15:08:33,061 - qmt_strategy - INFO - 提取技术指标特征
2026-01-09 15:08:33,073 - qmt_strategy - INFO - 合并所有特征
2026-01-09 15:08:33,074 - qmt_strategy - INFO - 简化特征提取完成
2026-01-09 15:08:33,076 - qmt_strategy - INFO - 开始简化特征提取
2026-01-09 15:08:33,076 - qmt_strategy - INFO - 提取集合竞价特征
2026-01-09 15:08:33,078 - qmt_strategy - INFO - 提取板块热度特征
2026-01-09 15:08:33,079 - qmt_strategy - INFO - 提取市场情绪特征
2026-01-09 15:08:33,081 - qmt_strategy - INFO - 提取个股基本面特征
2026-01-09 15:08:33,082 - qmt_strategy - INFO - 提取技术指标特征
2026-01-09 15:08:33,097 - qmt_strategy - INFO - 合并所有特征
2026-01-09 15:08:33,098 - qmt_strategy - INFO - 简化特征提取完成
2026-01-09 15:08:33,099 - qmt_strategy - INFO - 开始简化特征提取
2026-01-09 15:08:33,099 - qmt_strategy - INFO - 提取集合竞价特征
2026-01-09 15:08:33,102 - qmt_strategy - INFO - 提取板块热度特征
2026-01-09 15:08:33,103 - qmt_strategy - INFO - 提取市场情绪特征
2026-01-09 15:08:33,106 - qmt_strategy - INFO - 提取个股基本面特征
2026-01-09 15:08:33,107 - qmt_strategy - INFO - 提取技术指标特征
2026-01-09 15:08:33,118 - qmt_strategy - INFO - 合并所有特征
2026-01-09 15:08:33,119 - qmt_strategy - INFO - 简化特征提取完成
2026-01-09 15:08:33,120 - qmt_strategy - INFO - 开始简化特征提取
2026-01-09 15:08:33,120 - qmt_strategy - INFO - 提取集合竞价特征
2026-01-09 15:08:33,124 - qmt_strategy - INFO - 提取板块热度特征
2026-01-09 15:08:33,125 - qmt_strategy - INFO - 提取市场情绪特征
2026-01-09 15:08:33,127 - qmt_strategy - INFO - 提取个股基本面特征
2026-01-09 15:08:33,128 - qmt_strategy - INFO - 提取技术指标特征
2026-01-09 15:08:33,141 - qmt_strategy - INFO - 合并所有特征
2026-01-09 15:08:33,142 - qmt_strategy - INFO - 简化特征提取完成
2026-01-09 15:08:33,143 - qmt_strategy - INFO - 开始简化特征提取
2026-01-09 15:08:33,144 - qmt_strategy - INFO - 提取集合竞价特征
2026-01-09 15:08:33,146 - qmt_strategy - INFO - 提取板块热度特征
2026-01-09 15:08:33,147 - qmt_strategy - INFO - 提取市场情绪特征
2026-01-09 15:08:33,148 - qmt_strategy - INFO - 提取个股基本面特征
2026-01-09 15:08:33,149 - qmt_strategy - INFO - 提取技术指标特征
2026-01-09 15:08:33,161 - qmt_strategy - INFO - 合并所有特征
2026-01-09 15:08:33,162 - qmt_strategy - INFO - 简化特征提取完成
2026-01-09 15:08:33,163 - qmt_strategy - INFO - 开始简化特征提取
2026-01-09 15:08:33,164 - qmt_strategy - INFO - 提取集合竞价特征
2026-01-09 15:08:33,166 - qmt_strategy - INFO - 提取板块热度特征
2026-01-09 15:08:33,167 - qmt_strategy - INFO - 提取市场情绪特征
2026-01-09 15:08:33,169 - qmt_strategy - INFO - 提取个股基本面特征
2026-01-09 15:08:33,170 - qmt_strategy - INFO - 提取技术指标特征
2026-01-09 15:08:33,182 - qmt_strategy - INFO - 合并所有特征
2026-01-09 15:08:33,183 - qmt_strategy - INFO - 简化特征提取完成
2026-01-09 15:08:33,184 - qmt_strategy - INFO - 开始简化特征提取
2026-01-09 15:08:33,184 - qmt_strategy - INFO - 提取集合竞价特征
2026-01-09 15:08:33,187 - qmt_strategy - INFO - 提取板块热度特征
2026-01-09 15:08:33,189 - qmt_strategy - INFO - 提取市场情绪特征
2026-01-09 15:08:33,191 - qmt_strategy - INFO - 提取个股基本面特征
2026-01-09 15:08:33,192 - qmt_strategy - INFO - 提取技术指标特征
2026-01-09 15:08:33,204 - qmt_strategy - INFO - 合并所有特征
2026-01-09 15:08:33,205 - qmt_strategy - INFO - 简化特征提取完成
2026-01-09 15:08:33,207 - qmt_strategy - INFO - 开始简化特征提取
2026-01-09 15:08:33,207 - qmt_strategy - INFO - 提取集合竞价特征
2026-01-09 15:08:33,210 - qmt_strategy - INFO - 提取板块热度特征
2026-01-09 15:08:33,211 - qmt_strategy - INFO - 提取市场情绪特征
2026-01-09 15:08:33,212 - qmt_strategy - INFO - 提取个股基本面特征
2026-01-09 15:08:33,213 - qmt_strategy - INFO - 提取技术指标特征
2026-01-09 15:08:33,226 - qmt_strategy - INFO - 合并所有特征
2026-01-09 15:08:33,227 - qmt_strategy - INFO - 简化特征提取完成
2026-01-09 15:08:33,228 - qmt_strategy - INFO - 开始简化特征提取
2026-01-09 15:08:33,229 - qmt_strategy - INFO - 提取集合竞价特征
2026-01-09 15:08:33,231 - qmt_strategy - INFO - 提取板块热度特征
2026-01-09 15:08:33,231 - qmt_strategy - INFO - 提取市场情绪特征
2026-01-09 15:08:33,233 - qmt_strategy - INFO - 提取个股基本面特征
2026-01-09 15:08:33,233 - qmt_strategy - INFO - 提取技术指标特征
2026-01-09 15:08:33,247 - qmt_strategy - INFO - 合并所有特征
2026-01-09 15:08:33,249 - qmt_strategy - INFO - 简化特征提取完成
2026-01-09 15:08:33,250 - qmt_strategy - INFO - 开始简化特征提取
2026-01-09 15:08:33,250 - qmt_strategy - INFO - 提取集合竞价特征
2026-01-09 15:08:33,252 - qmt_strategy - INFO - 提取板块热度特征
2026-01-09 15:08:33,253 - qmt_strategy - INFO - 提取市场情绪特征
2026-01-09 15:08:33,256 - qmt_strategy - INFO - 提取个股基本面特征
2026-01-09 15:08:33,257 - qmt_strategy - INFO - 提取技术指标特征
2026-01-09 15:08:33,268 - qmt_strategy - INFO - 合并所有特征
2026-01-09 15:08:33,270 - qmt_strategy - INFO - 简化特征提取完成
2026-01-09 15:08:33,271 - qmt_strategy - INFO - 开始简化特征提取
2026-01-09 15:08:33,271 - qmt_strategy - INFO - 提取集合竞价特征
2026-01-09 15:08:33,275 - qmt_strategy - INFO - 提取板块热度特征
2026-01-09 15:08:33,276 - qmt_strategy - INFO - 提取市场情绪特征
2026-01-09 15:08:33,277 - qmt_strategy - INFO - 提取个股基本面特征
2026-01-09 15:08:33,278 - qmt_strategy - INFO - 提取技术指标特征
2026-01-09 15:08:33,292 - qmt_strategy - INFO - 合并所有特征
2026-01-09 15:08:33,293 - qmt_strategy - INFO - 简化特征提取完成
2026-01-09 15:08:33,294 - qmt_strategy - INFO - 开始简化特征提取
2026-01-09 15:08:33,294 - qmt_strategy - INFO - 提取集合竞价特征
2026-01-09 15:08:33,297 - qmt_strategy - INFO - 提取板块热度特征
2026-01-09 15:08:33,297 - qmt_strategy - INFO - 提取市场情绪特征
2026-01-09 15:08:33,299 - qmt_strategy - INFO - 提取个股基本面特征
2026-01-09 15:08:33,300 - qmt_strategy - INFO - 提取技术指标特征
2026-01-09 15:08:33,312 - qmt_strategy - INFO - 合并所有特征
2026-01-09 15:08:33,313 - qmt_strategy - INFO - 简化特征提取完成
2026-01-09 15:08:33,314 - qmt_strategy - INFO - 开始简化特征提取
2026-01-09 15:08:33,314 - qmt_strategy - INFO - 提取集合竞价特征
2026-01-09 15:08:33,317 - qmt_strategy - INFO - 提取板块热度特征
2026-01-09 15:08:33,318 - qmt_strategy - INFO - 提取市场情绪特征
2026-01-09 15:08:33,320 - qmt_strategy - INFO - 提取个股基本面特征
2026-01-09 15:08:33,321 - qmt_strategy - INFO - 提取技术指标特征
2026-01-09 15:08:33,333 - qmt_strategy - INFO - 合并所有特征
2026-01-09 15:08:33,334 - qmt_strategy - INFO - 简化特征提取完成
2026-01-09 15:08:33,335 - qmt_strategy - INFO - 开始简化特征提取
2026-01-09 15:08:33,335 - qmt_strategy - INFO - 提取集合竞价特征
2026-01-09 15:08:33,339 - qmt_strategy - INFO - 提取板块热度特征
2026-01-09 15:08:33,340 - qmt_strategy - INFO - 提取市场情绪特征
2026-01-09 15:08:33,342 - qmt_strategy - INFO - 提取个股基本面特征
2026-01-09 15:08:33,343 - qmt_strategy - INFO - 提取技术指标特征
2026-01-09 15:08:33,356 - qmt_strategy - INFO - 合并所有特征
2026-01-09 15:08:33,357 - qmt_strategy - INFO - 简化特征提取完成
2026-01-09 15:08:33,359 - qmt_strategy - INFO - 开始简化特征提取
2026-01-09 15:08:33,359 - qmt_strategy - INFO - 提取集合竞价特征
2026-01-09 15:08:33,362 - qmt_strategy - INFO - 提取板块热度特征
2026-01-09 15:08:33,363 - qmt_strategy - INFO - 提取市场情绪特征
2026-01-09 15:08:33,365 - qmt_strategy - INFO - 提取个股基本面特征
2026-01-09 15:08:33,365 - qmt_strategy - INFO - 提取技术指标特征
2026-01-09 15:08:33,379 - qmt_strategy - INFO - 合并所有特征
2026-01-09 15:08:33,380 - qmt_strategy - INFO - 简化特征提取完成
2026-01-09 15:08:33,382 - qmt_strategy - INFO - 开始简化特征提取
2026-01-09 15:08:33,382 - qmt_strategy - INFO - 提取集合竞价特征
2026-01-09 15:08:33,384 - qmt_strategy - INFO - 提取板块热度特征
2026-01-09 15:08:33,385 - qmt_strategy - INFO - 提取市场情绪特征
2026-01-09 15:08:33,387 - qmt_strategy - INFO - 提取个股基本面特征
2026-01-09 15:08:33,389 - qmt_strategy - INFO - 提取技术指标特征
2026-01-09 15:08:33,402 - qmt_strategy - INFO - 合并所有特征
2026-01-09 15:08:33,403 - qmt_strategy - INFO - 简化特征提取完成
2026-01-09 15:08:33,405 - qmt_strategy - INFO - 开始简化特征提取
2026-01-09 15:08:33,405 - qmt_strategy - INFO - 提取集合竞价特征
2026-01-09 15:08:33,408 - qmt_strategy - INFO - 提取板块热度特征
2026-01-09 15:08:33,409 - qmt_strategy - INFO - 提取市场情绪特征
2026-01-09 15:08:33,410 - qmt_strategy - INFO - 提取个股基本面特征
2026-01-09 15:08:33,411 - qmt_strategy - INFO - 提取技术指标特征
2026-01-09 15:08:33,424 - qmt_strategy - INFO - 合并所有特征
2026-01-09 15:08:33,426 - qmt_strategy - INFO - 简化特征提取完成
2026-01-09 15:08:33,427 - qmt_strategy - INFO - 开始简化特征提取
2026-01-09 15:08:33,427 - qmt_strategy - INFO - 提取集合竞价特征
2026-01-09 15:08:33,429 - qmt_strategy - INFO - 提取板块热度特征
2026-01-09 15:08:33,430 - qmt_strategy - INFO - 提取市场情绪特征
2026-01-09 15:08:33,432 - qmt_strategy - INFO - 提取个股基本面特征
2026-01-09 15:08:33,433 - qmt_strategy - INFO - 提取技术指标特征
2026-01-09 15:08:33,447 - qmt_strategy - INFO - 合并所有特征
2026-01-09 15:08:33,448 - qmt_strategy - INFO - 简化特征提取完成
2026-01-09 15:08:33,449 - qmt_strategy - INFO - 开始简化特征提取
2026-01-09 15:08:33,449 - qmt_strategy - INFO - 提取集合竞价特征
2026-01-09 15:08:33,452 - qmt_strategy - INFO - 提取板块热度特征
2026-01-09 15:08:33,453 - qmt_strategy - INFO - 提取市场情绪特征
2026-01-09 15:08:33,455 - qmt_strategy - INFO - 提取个股基本面特征
2026-01-09 15:08:33,456 - qmt_strategy - INFO - 提取技术指标特征
2026-01-09 15:08:33,468 - qmt_strategy - INFO - 合并所有特征
2026-01-09 15:08:33,470 - qmt_strategy - INFO - 简化特征提取完成
2026-01-09 15:08:33,471 - qmt_strategy - INFO - 开始简化特征提取
2026-01-09 15:08:33,471 - qmt_strategy - INFO - 提取集合竞价特征
2026-01-09 15:08:33,475 - qmt_strategy - INFO - 提取板块热度特征
2026-01-09 15:08:33,476 - qmt_strategy - INFO - 提取市场情绪特征
2026-01-09 15:08:33,478 - qmt_strategy - INFO - 提取个股基本面特征
2026-01-09 15:08:33,479 - qmt_strategy - INFO - 提取技术指标特征
2026-01-09 15:08:33,492 - qmt_strategy - INFO - 合并所有特征
2026-01-09 15:08:33,494 - qmt_strategy - INFO - 简化特征提取完成
2026-01-09 15:08:33,495 - qmt_strategy - INFO - 开始简化特征提取
2026-01-09 15:08:33,495 - qmt_strategy - INFO - 提取集合竞价特征
2026-01-09 15:08:33,497 - qmt_strategy - INFO - 提取板块热度特征
2026-01-09 15:08:33,498 - qmt_strategy - INFO - 提取市场情绪特征
2026-01-09 15:08:33,499 - qmt_strategy - INFO - 提取个股基本面特征
2026-01-09 15:08:33,501 - qmt_strategy - INFO - 提取技术指标特征
2026-01-09 15:08:33,514 - qmt_strategy - INFO - 合并所有特征
2026-01-09 15:08:33,515 - qmt_strategy - INFO - 简化特征提取完成
2026-01-09 15:08:33,516 - qmt_strategy - INFO - 开始简化特征提取
2026-01-09 15:08:33,516 - qmt_strategy - INFO - 提取集合竞价特征
2026-01-09 15:08:33,518 - qmt_strategy - INFO - 提取板块热度特征
2026-01-09 15:08:33,519 - qmt_strategy - INFO - 提取市场情绪特征
2026-01-09 15:08:33,523 - qmt_strategy - INFO - 提取个股基本面特征
2026-01-09 15:08:33,524 - qmt_strategy - INFO - 提取技术指标特征
2026-01-09 15:08:33,535 - qmt_strategy - INFO - 合并所有特征
2026-01-09 15:08:33,536 - qmt_strategy - INFO - 简化特征提取完成
2026-01-09 15:08:33,539 - qmt_strategy - INFO - 开始简化特征提取
2026-01-09 15:08:33,539 - qmt_strategy - INFO - 提取集合竞价特征
2026-01-09 15:08:33,543 - qmt_strategy - INFO - 提取板块热度特征
2026-01-09 15:08:33,544 - qmt_strategy - INFO - 提取市场情绪特征
2026-01-09 15:08:33,545 - qmt_strategy - INFO - 提取个股基本面特征
2026-01-09 15:08:33,546 - qmt_strategy - INFO - 提取技术指标特征
2026-01-09 15:08:33,559 - qmt_strategy - INFO - 合并所有特征
2026-01-09 15:08:33,560 - qmt_strategy - INFO - 简化特征提取完成
2026-01-09 15:08:33,561 - qmt_strategy - INFO - 开始简化特征提取
2026-01-09 15:08:33,562 - qmt_strategy - INFO - 提取集合竞价特征
2026-01-09 15:08:33,564 - qmt_strategy - INFO - 提取板块热度特征
2026-01-09 15:08:33,565 - qmt_strategy - INFO - 提取市场情绪特征
2026-01-09 15:08:33,566 - qmt_strategy - INFO - 提取个股基本面特征
2026-01-09 15:08:33,567 - qmt_strategy - INFO - 提取技术指标特征
2026-01-09 15:08:33,580 - qmt_strategy - INFO - 合并所有特征
2026-01-09 15:08:33,581 - qmt_strategy - INFO - 简化特征提取完成
2026-01-09 15:08:33,582 - qmt_strategy - INFO - 开始简化特征提取
2026-01-09 15:08:33,583 - qmt_strategy - INFO - 提取集合竞价特征
2026-01-09 15:08:33,586 - qmt_strategy - INFO - 提取板块热度特征
2026-01-09 15:08:33,586 - qmt_strategy - INFO - 提取市场情绪特征
2026-01-09 15:08:33,589 - qmt_strategy - INFO - 提取个股基本面特征
2026-01-09 15:08:33,590 - qmt_strategy - INFO - 提取技术指标特征
2026-01-09 15:08:33,603 - qmt_strategy - INFO - 合并所有特征
2026-01-09 15:08:33,604 - qmt_strategy - INFO - 简化特征提取完成
2026-01-09 15:08:33,606 - qmt_strategy - INFO - 开始简化特征提取
2026-01-09 15:08:33,607 - qmt_strategy - INFO - 提取集合竞价特征
2026-01-09 15:08:33,609 - qmt_strategy - INFO - 提取板块热度特征
2026-01-09 15:08:33,610 - qmt_strategy - INFO - 提取市场情绪特征
2026-01-09 15:08:33,612 - qmt_strategy - INFO - 提取个股基本面特征
2026-01-09 15:08:33,613 - qmt_strategy - INFO - 提取技术指标特征
2026-01-09 15:08:33,627 - qmt_strategy - INFO - 合并所有特征
2026-01-09 15:08:33,628 - qmt_strategy - INFO - 简化特征提取完成
2026-01-09 15:08:33,629 - qmt_strategy - INFO - 开始简化特征提取
2026-01-09 15:08:33,629 - qmt_strategy - INFO - 提取集合竞价特征
2026-01-09 15:08:33,632 - qmt_strategy - INFO - 提取板块热度特征
2026-01-09 15:08:33,633 - qmt_strategy - INFO - 提取市场情绪特征
2026-01-09 15:08:33,634 - qmt_strategy - INFO - 提取个股基本面特征
2026-01-09 15:08:33,635 - qmt_strategy - INFO - 提取技术指标特征
2026-01-09 15:08:33,647 - qmt_strategy - INFO - 合并所有特征
2026-01-09 15:08:33,648 - qmt_strategy - INFO - 简化特征提取完成
2026-01-09 15:08:33,649 - qmt_strategy - INFO - 开始简化特征提取
2026-01-09 15:08:33,650 - qmt_strategy - INFO - 提取集合竞价特征
2026-01-09 15:08:33,652 - qmt_strategy - INFO - 提取板块热度特征
2026-01-09 15:08:33,653 - qmt_strategy - INFO - 提取市场情绪特征
2026-01-09 15:08:33,654 - qmt_strategy - INFO - 提取个股基本面特征
2026-01-09 15:08:33,656 - qmt_strategy - INFO - 提取技术指标特征
2026-01-09 15:08:33,669 - qmt_strategy - INFO - 合并所有特征
2026-01-09 15:08:33,671 - qmt_strategy - INFO - 简化特征提取完成
2026-01-09 15:08:33,672 - qmt_strategy - INFO - 开始简化特征提取
2026-01-09 15:08:33,672 - qmt_strategy - INFO - 提取集合竞价特征
2026-01-09 15:08:33,675 - qmt_strategy - INFO - 提取板块热度特征
2026-01-09 15:08:33,676 - qmt_strategy - INFO - 提取市场情绪特征
2026-01-09 15:08:33,678 - qmt_strategy - INFO - 提取个股基本面特征
2026-01-09 15:08:33,679 - qmt_strategy - INFO - 提取技术指标特征
2026-01-09 15:08:33,693 - qmt_strategy - INFO - 合并所有特征
2026-01-09 15:08:33,694 - qmt_strategy - INFO - 简化特征提取完成
2026-01-09 15:08:33,696 - qmt_strategy - INFO - 开始简化特征提取
2026-01-09 15:08:33,696 - qmt_strategy - INFO - 提取集合竞价特征
2026-01-09 15:08:33,698 - qmt_strategy - INFO - 提取板块热度特征
2026-01-09 15:08:33,699 - qmt_strategy - INFO - 提取市场情绪特征
2026-01-09 15:08:33,701 - qmt_strategy - INFO - 提取个股基本面特征
2026-01-09 15:08:33,702 - qmt_strategy - INFO - 提取技术指标特征
2026-01-09 15:08:33,718 - qmt_strategy - INFO - 合并所有特征
2026-01-09 15:08:33,719 - qmt_strategy - INFO - 简化特征提取完成
2026-01-09 15:08:33,722 - qmt_strategy - INFO - 开始简化特征提取
2026-01-09 15:08:33,722 - qmt_strategy - INFO - 提取集合竞价特征
2026-01-09 15:08:33,726 - qmt_strategy - INFO - 提取板块热度特征
2026-01-09 15:08:33,728 - qmt_strategy - INFO - 提取市场情绪特征
2026-01-09 15:08:33,730 - qmt_strategy - INFO - 提取个股基本面特征
2026-01-09 15:08:33,731 - qmt_strategy - INFO - 提取技术指标特征
2026-01-09 15:08:33,751 - qmt_strategy - INFO - 合并所有特征
2026-01-09 15:08:33,752 - qmt_strategy - INFO - 简化特征提取完成
2026-01-09 15:08:33,755 - qmt_strategy - INFO - 开始简化特征提取
2026-01-09 15:08:33,755 - qmt_strategy - INFO - 提取集合竞价特征
2026-01-09 15:08:33,759 - qmt_strategy - INFO - 提取板块热度特征
2026-01-09 15:08:33,760 - qmt_strategy - INFO - 提取市场情绪特征
2026-01-09 15:08:33,762 - qmt_strategy - INFO - 提取个股基本面特征
2026-01-09 15:08:33,764 - qmt_strategy - INFO - 提取技术指标特征
2026-01-09 15:08:33,780 - qmt_strategy - INFO - 合并所有特征
2026-01-09 15:08:33,781 - qmt_strategy - INFO - 简化特征提取完成
2026-01-09 15:08:33,783 - qmt_strategy - INFO - 开始简化特征提取
2026-01-09 15:08:33,783 - qmt_strategy - INFO - 提取集合竞价特征
2026-01-09 15:08:33,786 - qmt_strategy - INFO - 提取板块热度特征
2026-01-09 15:08:33,787 - qmt_strategy - INFO - 提取市场情绪特征
2026-01-09 15:08:33,791 - qmt_strategy - INFO - 提取个股基本面特征
2026-01-09 15:08:33,792 - qmt_strategy - INFO - 提取技术指标特征
2026-01-09 15:08:33,810 - qmt_strategy - INFO - 合并所有特征
2026-01-09 15:08:33,811 - qmt_strategy - INFO - 简化特征提取完成
2026-01-09 15:08:33,813 - qmt_strategy - INFO - 开始简化特征提取
2026-01-09 15:08:33,813 - qmt_strategy - INFO - 提取集合竞价特征
2026-01-09 15:08:33,815 - qmt_strategy - INFO - 提取板块热度特征
2026-01-09 15:08:33,816 - qmt_strategy - INFO - 提取市场情绪特征
2026-01-09 15:08:33,818 - qmt_strategy - INFO - 提取个股基本面特征
2026-01-09 15:08:33,819 - qmt_strategy - INFO - 提取技术指标特征
2026-01-09 15:08:33,835 - qmt_strategy - INFO - 合并所有特征
2026-01-09 15:08:33,837 - qmt_strategy - INFO - 简化特征提取完成
2026-01-09 15:08:33,839 - qmt_strategy - INFO - 开始简化特征提取
2026-01-09 15:08:33,839 - qmt_strategy - INFO - 提取集合竞价特征
2026-01-09 15:08:33,844 - qmt_strategy - INFO - 提取板块热度特征
2026-01-09 15:08:33,845 - qmt_strategy - INFO - 提取市场情绪特征
2026-01-09 15:08:33,847 - qmt_strategy - INFO - 提取个股基本面特征
2026-01-09 15:08:33,848 - qmt_strategy - INFO - 提取技术指标特征
2026-01-09 15:08:33,865 - qmt_strategy - INFO - 合并所有特征
2026-01-09 15:08:33,867 - qmt_strategy - INFO - 简化特征提取完成
2026-01-09 15:08:33,868 - qmt_strategy - INFO - 开始简化特征提取
2026-01-09 15:08:33,868 - qmt_strategy - INFO - 提取集合竞价特征
2026-01-09 15:08:33,873 - qmt_strategy - INFO - 提取板块热度特征
2026-01-09 15:08:33,874 - qmt_strategy - INFO - 提取市场情绪特征
2026-01-09 15:08:33,876 - qmt_strategy - INFO - 提取个股基本面特征
2026-01-09 15:08:33,877 - qmt_strategy - INFO - 提取技术指标特征
2026-01-09 15:08:33,893 - qmt_strategy - INFO - 合并所有特征
2026-01-09 15:08:33,895 - qmt_strategy - INFO - 简化特征提取完成
2026-01-09 15:08:33,896 - qmt_strategy - INFO - 开始简化特征提取
2026-01-09 15:08:33,896 - qmt_strategy - INFO - 提取集合竞价特征
2026-01-09 15:08:33,899 - qmt_strategy - INFO - 提取板块热度特征
2026-01-09 15:08:33,900 - qmt_strategy - INFO - 提取市场情绪特征
2026-01-09 15:08:33,902 - qmt_strategy - INFO - 提取个股基本面特征
2026-01-09 15:08:33,903 - qmt_strategy - INFO - 提取技术指标特征
2026-01-09 15:08:33,918 - qmt_strategy - INFO - 合并所有特征
2026-01-09 15:08:33,920 - qmt_strategy - INFO - 简化特征提取完成
2026-01-09 15:08:33,921 - qmt_strategy - INFO - 开始简化特征提取
2026-01-09 15:08:33,922 - qmt_strategy - INFO - 提取集合竞价特征
2026-01-09 15:08:33,925 - qmt_strategy - INFO - 提取板块热度特征
2026-01-09 15:08:33,926 - qmt_strategy - INFO - 提取市场情绪特征
2026-01-09 15:08:33,928 - qmt_strategy - INFO - 提取个股基本面特征
2026-01-09 15:08:33,930 - qmt_strategy - INFO - 提取技术指标特征
2026-01-09 15:08:33,945 - qmt_strategy - INFO - 合并所有特征
2026-01-09 15:08:33,947 - qmt_strategy - INFO - 简化特征提取完成
2026-01-09 15:08:33,948 - qmt_strategy - INFO - 开始简化特征提取
2026-01-09 15:08:33,948 - qmt_strategy - INFO - 提取集合竞价特征
2026-01-09 15:08:33,951 - qmt_strategy - INFO - 提取板块热度特征
2026-01-09 15:08:33,951 - qmt_strategy - INFO - 提取市场情绪特征
2026-01-09 15:08:33,954 - qmt_strategy - INFO - 提取个股基本面特征
2026-01-09 15:08:33,956 - qmt_strategy - INFO - 提取技术指标特征
2026-01-09 15:08:33,969 - qmt_strategy - INFO - 合并所有特征
2026-01-09 15:08:33,970 - qmt_strategy - INFO - 简化特征提取完成
2026-01-09 15:08:33,972 - qmt_strategy - INFO - 开始简化特征提取
2026-01-09 15:08:33,973 - qmt_strategy - INFO - 提取集合竞价特征
2026-01-09 15:08:33,976 - qmt_strategy - INFO - 提取板块热度特征
2026-01-09 15:08:33,977 - qmt_strategy - INFO - 提取市场情绪特征
2026-01-09 15:08:33,979 - qmt_strategy - INFO - 提取个股基本面特征
2026-01-09 15:08:33,981 - qmt_strategy - INFO - 提取技术指标特征
2026-01-09 15:08:33,995 - qmt_strategy - INFO - 合并所有特征
2026-01-09 15:08:33,996 - qmt_strategy - INFO - 简化特征提取完成
2026-01-09 15:08:33,998 - qmt_strategy - INFO - 开始简化特征提取
2026-01-09 15:08:33,998 - qmt_strategy - INFO - 提取集合竞价特征
2026-01-09 15:08:34,001 - qmt_strategy - INFO - 提取板块热度特征
2026-01-09 15:08:34,002 - qmt_strategy - INFO - 提取市场情绪特征
2026-01-09 15:08:34,005 - qmt_strategy - INFO - 提取个股基本面特征
2026-01-09 15:08:34,006 - qmt_strategy - INFO - 提取技术指标特征
2026-01-09 15:08:34,019 - qmt_strategy - INFO - 合并所有特征
2026-01-09 15:08:34,021 - qmt_strategy - INFO - 简化特征提取完成
2026-01-09 15:08:34,022 - qmt_strategy - INFO - 开始简化特征提取
2026-01-09 15:08:34,023 - qmt_strategy - INFO - 提取集合竞价特征
2026-01-09 15:08:34,026 - qmt_strategy - INFO - 提取板块热度特征
2026-01-09 15:08:34,026 - qmt_strategy - INFO - 提取市场情绪特征
2026-01-09 15:08:34,028 - qmt_strategy - INFO - 提取个股基本面特征
2026-01-09 15:08:34,029 - qmt_strategy - INFO - 提取技术指标特征
2026-01-09 15:08:34,043 - qmt_strategy - INFO - 合并所有特征
2026-01-09 15:08:34,045 - qmt_strategy - INFO - 简化特征提取完成
2026-01-09 15:08:34,046 - qmt_strategy - INFO - 开始简化特征提取
2026-01-09 15:08:34,046 - qmt_strategy - INFO - 提取集合竞价特征
2026-01-09 15:08:34,050 - qmt_strategy - INFO - 提取板块热度特征
2026-01-09 15:08:34,051 - qmt_strategy - INFO - 提取市场情绪特征
2026-01-09 15:08:34,052 - qmt_strategy - INFO - 提取个股基本面特征
2026-01-09 15:08:34,054 - qmt_strategy - INFO - 提取技术指标特征
2026-01-09 15:08:34,067 - qmt_strategy - INFO - 合并所有特征
2026-01-09 15:08:34,069 - qmt_strategy - INFO - 简化特征提取完成
2026-01-09 15:08:34,071 - qmt_strategy - INFO - 开始简化特征提取
2026-01-09 15:08:34,072 - qmt_strategy - INFO - 提取集合竞价特征
2026-01-09 15:08:34,076 - qmt_strategy - INFO - 提取板块热度特征
2026-01-09 15:08:34,077 - qmt_strategy - INFO - 提取市场情绪特征
2026-01-09 15:08:34,079 - qmt_strategy - INFO - 提取个股基本面特征
2026-01-09 15:08:34,080 - qmt_strategy - INFO - 提取技术指标特征
2026-01-09 15:08:34,094 - qmt_strategy - INFO - 合并所有特征
2026-01-09 15:08:34,096 - qmt_strategy - INFO - 简化特征提取完成
2026-01-09 15:08:34,097 - qmt_strategy - INFO - 开始简化特征提取
2026-01-09 15:08:34,098 - qmt_strategy - INFO - 提取集合竞价特征
2026-01-09 15:08:34,100 - qmt_strategy - INFO - 提取板块热度特征
2026-01-09 15:08:34,101 - qmt_strategy - INFO - 提取市场情绪特征
2026-01-09 15:08:34,103 - qmt_strategy - INFO - 提取个股基本面特征
2026-01-09 15:08:34,105 - qmt_strategy - INFO - 提取技术指标特征
2026-01-09 15:08:34,118 - qmt_strategy - INFO - 合并所有特征
2026-01-09 15:08:34,120 - qmt_strategy - INFO - 简化特征提取完成
2026-01-09 15:08:34,122 - qmt_strategy - INFO - 开始简化特征提取
2026-01-09 15:08:34,122 - qmt_strategy - INFO - 提取集合竞价特征
2026-01-09 15:08:34,125 - qmt_strategy - INFO - 提取板块热度特征
2026-01-09 15:08:34,126 - qmt_strategy - INFO - 提取市场情绪特征
2026-01-09 15:08:34,128 - qmt_strategy - INFO - 提取个股基本面特征
2026-01-09 15:08:34,129 - qmt_strategy - INFO - 提取技术指标特征
2026-01-09 15:08:34,144 - qmt_strategy - INFO - 合并所有特征
2026-01-09 15:08:34,145 - qmt_strategy - INFO - 简化特征提取完成
2026-01-09 15:08:34,146 - qmt_strategy - INFO - 开始简化特征提取
2026-01-09 15:08:34,147 - qmt_strategy - INFO - 提取集合竞价特征
2026-01-09 15:08:34,150 - qmt_strategy - INFO - 提取板块热度特征
2026-01-09 15:08:34,151 - qmt_strategy - INFO - 提取市场情绪特征
2026-01-09 15:08:34,152 - qmt_strategy - INFO - 提取个股基本面特征
2026-01-09 15:08:34,154 - qmt_strategy - INFO - 提取技术指标特征
2026-01-09 15:08:34,169 - qmt_strategy - INFO - 合并所有特征
2026-01-09 15:08:34,170 - qmt_strategy - INFO - 简化特征提取完成
2026-01-09 15:08:34,172 - qmt_strategy - INFO - 开始简化特征提取
2026-01-09 15:08:34,173 - qmt_strategy - INFO - 提取集合竞价特征
2026-01-09 15:08:34,175 - qmt_strategy - INFO - 提取板块热度特征
2026-01-09 15:08:34,176 - qmt_strategy - INFO - 提取市场情绪特征
2026-01-09 15:08:34,178 - qmt_strategy - INFO - 提取个股基本面特征
2026-01-09 15:08:34,180 - qmt_strategy - INFO - 提取技术指标特征
2026-01-09 15:08:34,194 - qmt_strategy - INFO - 合并所有特征
2026-01-09 15:08:34,196 - qmt_strategy - INFO - 简化特征提取完成
2026-01-09 15:08:34,197 - qmt_strategy - INFO - 开始简化特征提取
2026-01-09 15:08:34,197 - qmt_strategy - INFO - 提取集合竞价特征
2026-01-09 15:08:34,199 - qmt_strategy - INFO - 提取板块热度特征
2026-01-09 15:08:34,200 - qmt_strategy - INFO - 提取市场情绪特征
2026-01-09 15:08:34,201 - qmt_strategy - INFO - 提取个股基本面特征
2026-01-09 15:08:34,203 - qmt_strategy - INFO - 提取技术指标特征
2026-01-09 15:08:34,218 - qmt_strategy - INFO - 合并所有特征
2026-01-09 15:08:34,219 - qmt_strategy - INFO - 简化特征提取完成
2026-01-09 15:08:34,220 - qmt_strategy - INFO - 开始简化特征提取
2026-01-09 15:08:34,220 - qmt_strategy - INFO - 提取集合竞价特征
2026-01-09 15:08:34,224 - qmt_strategy - INFO - 提取板块热度特征
2026-01-09 15:08:34,225 - qmt_strategy - INFO - 提取市场情绪特征
2026-01-09 15:08:34,227 - qmt_strategy - INFO - 提取个股基本面特征
2026-01-09 15:08:34,228 - qmt_strategy - INFO - 提取技术指标特征
2026-01-09 15:08:34,242 - qmt_strategy - INFO - 合并所有特征
2026-01-09 15:08:34,243 - qmt_strategy - INFO - 简化特征提取完成
2026-01-09 15:08:34,244 - qmt_strategy - INFO - 开始简化特征提取
2026-01-09 15:08:34,244 - qmt_strategy - INFO - 提取集合竞价特征
2026-01-09 15:08:34,247 - qmt_strategy - INFO - 提取板块热度特征
2026-01-09 15:08:34,248 - qmt_strategy - INFO - 提取市场情绪特征
2026-01-09 15:08:34,249 - qmt_strategy - INFO - 提取个股基本面特征
2026-01-09 15:08:34,250 - qmt_strategy - INFO - 提取技术指标特征
2026-01-09 15:08:34,264 - qmt_strategy - INFO - 合并所有特征
2026-01-09 15:08:34,265 - qmt_strategy - INFO - 简化特征提取完成
2026-01-09 15:08:34,266 - qmt_strategy - INFO - 开始简化特征提取
2026-01-09 15:08:34,267 - qmt_strategy - INFO - 提取集合竞价特征
2026-01-09 15:08:34,270 - qmt_strategy - INFO - 提取板块热度特征
2026-01-09 15:08:34,271 - qmt_strategy - INFO - 提取市场情绪特征
2026-01-09 15:08:34,274 - qmt_strategy - INFO - 提取个股基本面特征
2026-01-09 15:08:34,275 - qmt_strategy - INFO - 提取技术指标特征
2026-01-09 15:08:34,288 - qmt_strategy - INFO - 合并所有特征
2026-01-09 15:08:34,289 - qmt_strategy - INFO - 简化特征提取完成
2026-01-09 15:08:34,291 - qmt_strategy - INFO - 开始简化特征提取
2026-01-09 15:08:34,291 - qmt_strategy - INFO - 提取集合竞价特征
2026-01-09 15:08:34,294 - qmt_strategy - INFO - 提取板块热度特征
2026-01-09 15:08:34,295 - qmt_strategy - INFO - 提取市场情绪特征
2026-01-09 15:08:34,297 - qmt_strategy - INFO - 提取个股基本面特征
2026-01-09 15:08:34,299 - qmt_strategy - INFO - 提取技术指标特征
2026-01-09 15:08:34,314 - qmt_strategy - INFO - 合并所有特征
2026-01-09 15:08:34,315 - qmt_strategy - INFO - 简化特征提取完成
2026-01-09 15:08:34,316 - qmt_strategy - INFO - 开始简化特征提取
2026-01-09 15:08:34,316 - qmt_strategy - INFO - 提取集合竞价特征
2026-01-09 15:08:34,319 - qmt_strategy - INFO - 提取板块热度特征
2026-01-09 15:08:34,319 - qmt_strategy - INFO - 提取市场情绪特征
2026-01-09 15:08:34,322 - qmt_strategy - INFO - 提取个股基本面特征
2026-01-09 15:08:34,323 - qmt_strategy - INFO - 提取技术指标特征
2026-01-09 15:08:34,337 - qmt_strategy - INFO - 合并所有特征
2026-01-09 15:08:34,339 - qmt_strategy - INFO - 简化特征提取完成
2026-01-09 15:08:34,340 - qmt_strategy - INFO - 开始简化特征提取
2026-01-09 15:08:34,341 - qmt_strategy - INFO - 提取集合竞价特征
2026-01-09 15:08:34,343 - qmt_strategy - INFO - 提取板块热度特征
2026-01-09 15:08:34,344 - qmt_strategy - INFO - 提取市场情绪特征
2026-01-09 15:08:34,346 - qmt_strategy - INFO - 提取个股基本面特征
2026-01-09 15:08:34,347 - qmt_strategy - INFO - 提取技术指标特征
2026-01-09 15:08:34,363 - qmt_strategy - INFO - 合并所有特征
2026-01-09 15:08:34,364 - qmt_strategy - INFO - 简化特征提取完成
2026-01-09 15:08:34,365 - qmt_strategy - INFO - 开始简化特征提取
2026-01-09 15:08:34,365 - qmt_strategy - INFO - 提取集合竞价特征
2026-01-09 15:08:34,369 - qmt_strategy - INFO - 提取板块热度特征
2026-01-09 15:08:34,370 - qmt_strategy - INFO - 提取市场情绪特征
2026-01-09 15:08:34,373 - qmt_strategy - INFO - 提取个股基本面特征
2026-01-09 15:08:34,374 - qmt_strategy - INFO - 提取技术指标特征
2026-01-09 15:08:34,388 - qmt_strategy - INFO - 合并所有特征
2026-01-09 15:08:34,390 - qmt_strategy - INFO - 简化特征提取完成
2026-01-09 15:08:34,391 - qmt_strategy - INFO - 开始简化特征提取
2026-01-09 15:08:34,391 - qmt_strategy - INFO - 提取集合竞价特征
2026-01-09 15:08:34,394 - qmt_strategy - INFO - 提取板块热度特征
2026-01-09 15:08:34,395 - qmt_strategy - INFO - 提取市场情绪特征
2026-01-09 15:08:34,397 - qmt_strategy - INFO - 提取个股基本面特征
2026-01-09 15:08:34,398 - qmt_strategy - INFO - 提取技术指标特征
2026-01-09 15:08:34,412 - qmt_strategy - INFO - 合并所有特征
2026-01-09 15:08:34,413 - qmt_strategy - INFO - 简化特征提取完成
2026-01-09 15:08:34,414 - qmt_strategy - INFO - 开始简化特征提取
2026-01-09 15:08:34,414 - qmt_strategy - INFO - 提取集合竞价特征
2026-01-09 15:08:34,418 - qmt_strategy - INFO - 提取板块热度特征
2026-01-09 15:08:34,419 - qmt_strategy - INFO - 提取市场情绪特征
2026-01-09 15:08:34,422 - qmt_strategy - INFO - 提取个股基本面特征
2026-01-09 15:08:34,423 - qmt_strategy - INFO - 提取技术指标特征
2026-01-09 15:08:34,436 - qmt_strategy - INFO - 合并所有特征
2026-01-09 15:08:34,438 - qmt_strategy - INFO - 简化特征提取完成
2026-01-09 15:08:34,440 - qmt_strategy - INFO - 开始简化特征提取
2026-01-09 15:08:34,440 - qmt_strategy - INFO - 提取集合竞价特征
2026-01-09 15:08:34,443 - qmt_strategy - INFO - 提取板块热度特征
2026-01-09 15:08:34,443 - qmt_strategy - INFO - 提取市场情绪特征
2026-01-09 15:08:34,445 - qmt_strategy - INFO - 提取个股基本面特征
2026-01-09 15:08:34,446 - qmt_strategy - INFO - 提取技术指标特征
2026-01-09 15:08:34,459 - qmt_strategy - INFO - 合并所有特征
2026-01-09 15:08:34,461 - qmt_strategy - INFO - 简化特征提取完成
2026-01-09 15:08:34,462 - qmt_strategy - INFO - 开始简化特征提取
2026-01-09 15:08:34,462 - qmt_strategy - INFO - 提取集合竞价特征
2026-01-09 15:08:34,464 - qmt_strategy - INFO - 提取板块热度特征
2026-01-09 15:08:34,465 - qmt_strategy - INFO - 提取市场情绪特征
2026-01-09 15:08:34,467 - qmt_strategy - INFO - 提取个股基本面特征
2026-01-09 15:08:34,467 - qmt_strategy - INFO - 提取技术指标特征
2026-01-09 15:08:34,480 - qmt_strategy - INFO - 合并所有特征
2026-01-09 15:08:34,481 - qmt_strategy - INFO - 简化特征提取完成
2026-01-09 15:08:34,483 - qmt_strategy - INFO - 开始简化特征提取
2026-01-09 15:08:34,483 - qmt_strategy - INFO - 提取集合竞价特征
2026-01-09 15:08:34,485 - qmt_strategy - INFO - 提取板块热度特征
2026-01-09 15:08:34,486 - qmt_strategy - INFO - 提取市场情绪特征
2026-01-09 15:08:34,489 - qmt_strategy - INFO - 提取个股基本面特征
2026-01-09 15:08:34,490 - qmt_strategy - INFO - 提取技术指标特征
2026-01-09 15:08:34,502 - qmt_strategy - INFO - 合并所有特征
2026-01-09 15:08:34,503 - qmt_strategy - INFO - 简化特征提取完成
2026-01-09 15:08:34,505 - qmt_strategy - INFO - 开始简化特征提取
2026-01-09 15:08:34,505 - qmt_strategy - INFO - 提取集合竞价特征
2026-01-09 15:08:34,508 - qmt_strategy - INFO - 提取板块热度特征
2026-01-09 15:08:34,509 - qmt_strategy - INFO - 提取市场情绪特征
2026-01-09 15:08:34,511 - qmt_strategy - INFO - 提取个股基本面特征
2026-01-09 15:08:34,511 - qmt_strategy - INFO - 提取技术指标特征
2026-01-09 15:08:34,523 - qmt_strategy - INFO - 合并所有特征
2026-01-09 15:08:34,525 - qmt_strategy - INFO - 简化特征提取完成
2026-01-09 15:08:34,526 - qmt_strategy - INFO - 开始简化特征提取
2026-01-09 15:08:34,526 - qmt_strategy - INFO - 提取集合竞价特征
2026-01-09 15:08:34,529 - qmt_strategy - INFO - 提取板块热度特征
2026-01-09 15:08:34,529 - qmt_strategy - INFO - 提取市场情绪特征
2026-01-09 15:08:34,531 - qmt_strategy - INFO - 提取个股基本面特征
2026-01-09 15:08:34,532 - qmt_strategy - INFO - 提取技术指标特征
2026-01-09 15:08:34,546 - qmt_strategy - INFO - 合并所有特征
2026-01-09 15:08:34,548 - qmt_strategy - INFO - 简化特征提取完成
2026-01-09 15:08:34,549 - qmt_strategy - INFO - 开始简化特征提取
2026-01-09 15:08:34,549 - qmt_strategy - INFO - 提取集合竞价特征
2026-01-09 15:08:34,551 - qmt_strategy - INFO - 提取板块热度特征
2026-01-09 15:08:34,552 - qmt_strategy - INFO - 提取市场情绪特征
2026-01-09 15:08:34,555 - qmt_strategy - INFO - 提取个股基本面特征
2026-01-09 15:08:34,557 - qmt_strategy - INFO - 提取技术指标特征
2026-01-09 15:08:34,581 - qmt_strategy - INFO - 合并所有特征
2026-01-09 15:08:34,583 - qmt_strategy - INFO - 简化特征提取完成
2026-01-09 15:08:34,586 - qmt_strategy - INFO - 开始简化特征提取
2026-01-09 15:08:34,587 - qmt_strategy - INFO - 提取集合竞价特征
2026-01-09 15:08:34,593 - qmt_strategy - INFO - 提取板块热度特征
2026-01-09 15:08:34,594 - qmt_strategy - INFO - 提取市场情绪特征
2026-01-09 15:08:34,597 - qmt_strategy - INFO - 提取个股基本面特征
2026-01-09 15:08:34,599 - qmt_strategy - INFO - 提取技术指标特征
2026-01-09 15:08:34,626 - qmt_strategy - INFO - 合并所有特征
2026-01-09 15:08:34,627 - qmt_strategy - INFO - 简化特征提取完成
2026-01-09 15:08:34,628 - qmt_strategy - INFO - 开始简化特征提取
2026-01-09 15:08:34,629 - qmt_strategy - INFO - 提取集合竞价特征
2026-01-09 15:08:34,632 - qmt_strategy - INFO - 提取板块热度特征
2026-01-09 15:08:34,633 - qmt_strategy - INFO - 提取市场情绪特征
2026-01-09 15:08:34,635 - qmt_strategy - INFO - 提取个股基本面特征
2026-01-09 15:08:34,637 - qmt_strategy - INFO - 提取技术指标特征
2026-01-09 15:08:34,655 - qmt_strategy - INFO - 合并所有特征
2026-01-09 15:08:34,657 - qmt_strategy - INFO - 简化特征提取完成
2026-01-09 15:08:34,659 - qmt_strategy - INFO - 开始简化特征提取
2026-01-09 15:08:34,659 - qmt_strategy - INFO - 提取集合竞价特征
2026-01-09 15:08:34,662 - qmt_strategy - INFO - 提取板块热度特征
2026-01-09 15:08:34,663 - qmt_strategy - INFO - 提取市场情绪特征
2026-01-09 15:08:34,665 - qmt_strategy - INFO - 提取个股基本面特征
2026-01-09 15:08:34,666 - qmt_strategy - INFO - 提取技术指标特征
2026-01-09 15:08:34,679 - qmt_strategy - INFO - 合并所有特征
2026-01-09 15:08:34,680 - qmt_strategy - INFO - 简化特征提取完成
2026-01-09 15:08:34,691 - qmt_strategy - INFO - 生成了4300条回测特征数据
2026-01-09 15:08:34,692 - qmt_strategy - INFO - 特征数据中涨停标签数量：0
2026-01-09 15:08:34,695 - qmt_strategy - INFO - === 开始回测验证 ===
2026-01-09 15:08:34,695 - qmt_strategy - INFO - 初始化回测器
2026-01-09 15:09:04,348 - qmt_strategy - INFO - === 开始回测验证流程 ===
2026-01-09 15:09:04,348 - qmt_strategy - INFO - 加载历史数据
2026-01-09 15:09:04,349 - qmt_strategy - INFO - 加载了100只股票的数据
2026-01-09 15:09:04,350 - qmt_strategy - INFO - 历史数据示例：['600001.SH', '600002.SH', '600003.SH', '600004.SH', '600005.SH']
2026-01-09 15:09:04,350 - qmt_strategy - INFO - 原始数据包含100只股票，处理全量股票池
2026-01-09 15:09:04,350 - qmt_strategy - INFO - 准备回测数据
2026-01-09 15:09:04,350 - qmt_strategy - INFO - 开始处理100只股票的数据
2026-01-09 15:09:04,460 - qmt_strategy - INFO - 总共有0个涨停日，总交易天数：4300
2026-01-09 15:09:04,460 - qmt_strategy - INFO - 处理了100只股票
2026-01-09 15:09:04,461 - qmt_strategy - WARNING - 没有检测到涨停股票，这可能导致模型无法学习到有效的涨停模式
2026-01-09 15:09:04,465 - qmt_strategy - INFO - 合并后的数据总行数：4300
2026-01-09 15:09:04,465 - qmt_strategy - INFO - 开始提取特征
2026-01-09 15:09:04,465 - qmt_strategy - INFO - 初始化特征工程师
2026-01-09 15:09:04,466 - qmt_strategy - INFO - 开始简化特征提取
2026-01-09 15:09:04,466 - qmt_strategy - INFO - 提取集合竞价特征
2026-01-09 15:09:04,470 - qmt_strategy - INFO - 提取板块热度特征
2026-01-09 15:09:04,471 - qmt_strategy - INFO - 提取市场情绪特征
2026-01-09 15:09:04,473 - qmt_strategy - INFO - 提取个股基本面特征
2026-01-09 15:09:04,474 - qmt_strategy - INFO - 提取技术指标特征
2026-01-09 15:09:04,489 - qmt_strategy - INFO - 合并所有特征
2026-01-09 15:09:04,490 - qmt_strategy - INFO - 简化特征提取完成
2026-01-09 15:09:04,491 - qmt_strategy - INFO - 开始简化特征提取
2026-01-09 15:09:04,492 - qmt_strategy - INFO - 提取集合竞价特征
2026-01-09 15:09:04,495 - qmt_strategy - INFO - 提取板块热度特征
2026-01-09 15:09:04,496 - qmt_strategy - INFO - 提取市场情绪特征
2026-01-09 15:09:04,498 - qmt_strategy - INFO - 提取个股基本面特征
2026-01-09 15:09:04,499 - qmt_strategy - INFO - 提取技术指标特征
2026-01-09 15:09:04,515 - qmt_strategy - INFO - 合并所有特征
2026-01-09 15:09:04,516 - qmt_strategy - INFO - 简化特征提取完成
2026-01-09 15:09:04,517 - qmt_strategy - INFO - 开始简化特征提取
2026-01-09 15:09:04,518 - qmt_strategy - INFO - 提取集合竞价特征
2026-01-09 15:09:04,521 - qmt_strategy - INFO - 提取板块热度特征
2026-01-09 15:09:04,522 - qmt_strategy - INFO - 提取市场情绪特征
2026-01-09 15:09:04,524 - qmt_strategy - INFO - 提取个股基本面特征
2026-01-09 15:09:04,525 - qmt_strategy - INFO - 提取技术指标特征
2026-01-09 15:09:04,538 - qmt_strategy - INFO - 合并所有特征
2026-01-09 15:09:04,540 - qmt_strategy - INFO - 简化特征提取完成
2026-01-09 15:09:04,541 - qmt_strategy - INFO - 开始简化特征提取
2026-01-09 15:09:04,541 - qmt_strategy - INFO - 提取集合竞价特征
2026-01-09 15:09:04,546 - qmt_strategy - INFO - 提取板块热度特征
2026-01-09 15:09:04,547 - qmt_strategy - INFO - 提取市场情绪特征
2026-01-09 15:09:04,549 - qmt_strategy - INFO - 提取个股基本面特征
2026-01-09 15:09:04,550 - qmt_strategy - INFO - 提取技术指标特征
2026-01-09 15:09:04,564 - qmt_strategy - INFO - 合并所有特征
2026-01-09 15:09:04,565 - qmt_strategy - INFO - 简化特征提取完成
2026-01-09 15:09:04,566 - qmt_strategy - INFO - 开始简化特征提取
2026-01-09 15:09:04,566 - qmt_strategy - INFO - 提取集合竞价特征
2026-01-09 15:09:04,568 - qmt_strategy - INFO - 提取板块热度特征
2026-01-09 15:09:04,570 - qmt_strategy - INFO - 提取市场情绪特征
2026-01-09 15:09:04,572 - qmt_strategy - INFO - 提取个股基本面特征
2026-01-09 15:09:04,573 - qmt_strategy - INFO - 提取技术指标特征
2026-01-09 15:09:04,585 - qmt_strategy - INFO - 合并所有特征
2026-01-09 15:09:04,587 - qmt_strategy - INFO - 简化特征提取完成
2026-01-09 15:09:04,588 - qmt_strategy - INFO - 开始简化特征提取
2026-01-09 15:09:04,588 - qmt_strategy - INFO - 提取集合竞价特征
2026-01-09 15:09:04,591 - qmt_strategy - INFO - 提取板块热度特征
2026-01-09 15:09:04,592 - qmt_strategy - INFO - 提取市场情绪特征
2026-01-09 15:09:04,593 - qmt_strategy - INFO - 提取个股基本面特征
2026-01-09 15:09:04,595 - qmt_strategy - INFO - 提取技术指标特征
2026-01-09 15:09:04,608 - qmt_strategy - INFO - 合并所有特征
2026-01-09 15:09:04,610 - qmt_strategy - INFO - 简化特征提取完成
2026-01-09 15:09:04,612 - qmt_strategy - INFO - 开始简化特征提取
2026-01-09 15:09:04,612 - qmt_strategy - INFO - 提取集合竞价特征
2026-01-09 15:09:04,615 - qmt_strategy - INFO - 提取板块热度特征
2026-01-09 15:09:04,616 - qmt_strategy - INFO - 提取市场情绪特征
2026-01-09 15:09:04,618 - qmt_strategy - INFO - 提取个股基本面特征
2026-01-09 15:09:04,620 - qmt_strategy - INFO - 提取技术指标特征
2026-01-09 15:09:04,633 - qmt_strategy - INFO - 合并所有特征
2026-01-09 15:09:04,634 - qmt_strategy - INFO - 简化特征提取完成
2026-01-09 15:09:04,635 - qmt_strategy - INFO - 开始简化特征提取
2026-01-09 15:09:04,636 - qmt_strategy - INFO - 提取集合竞价特征
2026-01-09 15:09:04,639 - qmt_strategy - INFO - 提取板块热度特征
2026-01-09 15:09:04,641 - qmt_strategy - INFO - 提取市场情绪特征
2026-01-09 15:09:04,642 - qmt_strategy - INFO - 提取个股基本面特征
2026-01-09 15:09:04,643 - qmt_strategy - INFO - 提取技术指标特征
2026-01-09 15:09:04,657 - qmt_strategy - INFO - 合并所有特征
2026-01-09 15:09:04,658 - qmt_strategy - INFO - 简化特征提取完成
2026-01-09 15:09:04,659 - qmt_strategy - INFO - 开始简化特征提取
2026-01-09 15:09:04,660 - qmt_strategy - INFO - 提取集合竞价特征
2026-01-09 15:09:04,663 - qmt_strategy - INFO - 提取板块热度特征
2026-01-09 15:09:04,664 - qmt_strategy - INFO - 提取市场情绪特征
2026-01-09 15:09:04,665 - qmt_strategy - INFO - 提取个股基本面特征
2026-01-09 15:09:04,666 - qmt_strategy - INFO - 提取技术指标特征
2026-01-09 15:09:04,680 - qmt_strategy - INFO - 合并所有特征
2026-01-09 15:09:04,682 - qmt_strategy - INFO - 简化特征提取完成
2026-01-09 15:09:04,683 - qmt_strategy - INFO - 开始简化特征提取
2026-01-09 15:09:04,683 - qmt_strategy - INFO - 提取集合竞价特征
2026-01-09 15:09:04,686 - qmt_strategy - INFO - 提取板块热度特征
2026-01-09 15:09:04,687 - qmt_strategy - INFO - 提取市场情绪特征
2026-01-09 15:09:04,690 - qmt_strategy - INFO - 提取个股基本面特征
2026-01-09 15:09:04,691 - qmt_strategy - INFO - 提取技术指标特征
2026-01-09 15:09:04,704 - qmt_strategy - INFO - 合并所有特征
2026-01-09 15:09:04,705 - qmt_strategy - INFO - 简化特征提取完成
2026-01-09 15:09:04,707 - qmt_strategy - INFO - 开始简化特征提取
2026-01-09 15:09:04,707 - qmt_strategy - INFO - 提取集合竞价特征
2026-01-09 15:09:04,710 - qmt_strategy - INFO - 提取板块热度特征
2026-01-09 15:09:04,711 - qmt_strategy - INFO - 提取市场情绪特征
2026-01-09 15:09:04,712 - qmt_strategy - INFO - 提取个股基本面特征
2026-01-09 15:09:04,713 - qmt_strategy - INFO - 提取技术指标特征
2026-01-09 15:09:04,727 - qmt_strategy - INFO - 合并所有特征
2026-01-09 15:09:04,728 - qmt_strategy - INFO - 简化特征提取完成
2026-01-09 15:09:04,729 - qmt_strategy - INFO - 开始简化特征提取
2026-01-09 15:09:04,730 - qmt_strategy - INFO - 提取集合竞价特征
2026-01-09 15:09:04,732 - qmt_strategy - INFO - 提取板块热度特征
2026-01-09 15:09:04,733 - qmt_strategy - INFO - 提取市场情绪特征
2026-01-09 15:09:04,734 - qmt_strategy - INFO - 提取个股基本面特征
2026-01-09 15:09:04,736 - qmt_strategy - INFO - 提取技术指标特征
2026-01-09 15:09:04,750 - qmt_strategy - INFO - 合并所有特征
2026-01-09 15:09:04,751 - qmt_strategy - INFO - 简化特征提取完成
2026-01-09 15:09:04,754 - qmt_strategy - INFO - 开始简化特征提取
2026-01-09 15:09:04,754 - qmt_strategy - INFO - 提取集合竞价特征
2026-01-09 15:09:04,757 - qmt_strategy - INFO - 提取板块热度特征
2026-01-09 15:09:04,758 - qmt_strategy - INFO - 提取市场情绪特征
2026-01-09 15:09:04,759 - qmt_strategy - INFO - 提取个股基本面特征
2026-01-09 15:09:04,760 - qmt_strategy - INFO - 提取技术指标特征
2026-01-09 15:09:04,773 - qmt_strategy - INFO - 合并所有特征
2026-01-09 15:09:04,774 - qmt_strategy - INFO - 简化特征提取完成
2026-01-09 15:09:04,776 - qmt_strategy - INFO - 开始简化特征提取
2026-01-09 15:09:04,776 - qmt_strategy - INFO - 提取集合竞价特征
2026-01-09 15:09:04,778 - qmt_strategy - INFO - 提取板块热度特征
2026-01-09 15:09:04,779 - qmt_strategy - INFO - 提取市场情绪特征
2026-01-09 15:09:04,781 - qmt_strategy - INFO - 提取个股基本面特征
2026-01-09 15:09:04,781 - qmt_strategy - INFO - 提取技术指标特征
2026-01-09 15:09:04,796 - qmt_strategy - INFO - 合并所有特征
2026-01-09 15:09:04,797 - qmt_strategy - INFO - 简化特征提取完成
2026-01-09 15:09:04,799 - qmt_strategy - INFO - 开始简化特征提取
2026-01-09 15:09:04,799 - qmt_strategy - INFO - 提取集合竞价特征
2026-01-09 15:09:04,801 - qmt_strategy - INFO - 提取板块热度特征
2026-01-09 15:09:04,802 - qmt_strategy - INFO - 提取市场情绪特征
2026-01-09 15:09:04,806 - qmt_strategy - INFO - 提取个股基本面特征
2026-01-09 15:09:04,807 - qmt_strategy - INFO - 提取技术指标特征
2026-01-09 15:09:04,822 - qmt_strategy - INFO - 合并所有特征
2026-01-09 15:09:04,823 - qmt_strategy - INFO - 简化特征提取完成
2026-01-09 15:09:04,824 - qmt_strategy - INFO - 开始简化特征提取
2026-01-09 15:09:04,825 - qmt_strategy - INFO - 提取集合竞价特征
2026-01-09 15:09:04,827 - qmt_strategy - INFO - 提取板块热度特征
2026-01-09 15:09:04,828 - qmt_strategy - INFO - 提取市场情绪特征
2026-01-09 15:09:04,829 - qmt_strategy - INFO - 提取个股基本面特征
2026-01-09 15:09:04,830 - qmt_strategy - INFO - 提取技术指标特征
2026-01-09 15:09:04,843 - qmt_strategy - INFO - 合并所有特征
2026-01-09 15:09:04,845 - qmt_strategy - INFO - 简化特征提取完成
2026-01-09 15:09:04,846 - qmt_strategy - INFO - 开始简化特征提取
2026-01-09 15:09:04,846 - qmt_strategy - INFO - 提取集合竞价特征
2026-01-09 15:09:04,849 - qmt_strategy - INFO - 提取板块热度特征
2026-01-09 15:09:04,850 - qmt_strategy - INFO - 提取市场情绪特征
2026-01-09 15:09:04,852 - qmt_strategy - INFO - 提取个股基本面特征
2026-01-09 15:09:04,853 - qmt_strategy - INFO - 提取技术指标特征
2026-01-09 15:09:04,864 - qmt_strategy - INFO - 合并所有特征
2026-01-09 15:09:04,865 - qmt_strategy - INFO - 简化特征提取完成
2026-01-09 15:09:04,867 - qmt_strategy - INFO - 开始简化特征提取
2026-01-09 15:09:04,867 - qmt_strategy - INFO - 提取集合竞价特征
2026-01-09 15:09:04,871 - qmt_strategy - INFO - 提取板块热度特征
2026-01-09 15:09:04,872 - qmt_strategy - INFO - 提取市场情绪特征
2026-01-09 15:09:04,874 - qmt_strategy - INFO - 提取个股基本面特征
2026-01-09 15:09:04,876 - qmt_strategy - INFO - 提取技术指标特征
2026-01-09 15:09:04,889 - qmt_strategy - INFO - 合并所有特征
2026-01-09 15:09:04,890 - qmt_strategy - INFO - 简化特征提取完成
2026-01-09 15:09:04,891 - qmt_strategy - INFO - 开始简化特征提取
2026-01-09 15:09:04,892 - qmt_strategy - INFO - 提取集合竞价特征
2026-01-09 15:09:04,894 - qmt_strategy - INFO - 提取板块热度特征
2026-01-09 15:09:04,896 - qmt_strategy - INFO - 提取市场情绪特征
2026-01-09 15:09:04,898 - qmt_strategy - INFO - 提取个股基本面特征
2026-01-09 15:09:04,899 - qmt_strategy - INFO - 提取技术指标特征
2026-01-09 15:09:04,913 - qmt_strategy - INFO - 合并所有特征
2026-01-09 15:09:04,914 - qmt_strategy - INFO - 简化特征提取完成
2026-01-09 15:09:04,915 - qmt_strategy - INFO - 开始简化特征提取
2026-01-09 15:09:04,915 - qmt_strategy - INFO - 提取集合竞价特征
2026-01-09 15:09:04,918 - qmt_strategy - INFO - 提取板块热度特征
2026-01-09 15:09:04,919 - qmt_strategy - INFO - 提取市场情绪特征
2026-01-09 15:09:04,922 - qmt_strategy - INFO - 提取个股基本面特征
2026-01-09 15:09:04,923 - qmt_strategy - INFO - 提取技术指标特征
2026-01-09 15:09:04,938 - qmt_strategy - INFO - 合并所有特征
2026-01-09 15:09:04,939 - qmt_strategy - INFO - 简化特征提取完成
2026-01-09 15:09:04,941 - qmt_strategy - INFO - 开始简化特征提取
2026-01-09 15:09:04,941 - qmt_strategy - INFO - 提取集合竞价特征
2026-01-09 15:09:04,943 - qmt_strategy - INFO - 提取板块热度特征
2026-01-09 15:09:04,944 - qmt_strategy - INFO - 提取市场情绪特征
2026-01-09 15:09:04,946 - qmt_strategy - INFO - 提取个股基本面特征
2026-01-09 15:09:04,947 - qmt_strategy - INFO - 提取技术指标特征
2026-01-09 15:09:04,962 - qmt_strategy - INFO - 合并所有特征
2026-01-09 15:09:04,964 - qmt_strategy - INFO - 简化特征提取完成
2026-01-09 15:09:04,965 - qmt_strategy - INFO - 开始简化特征提取
2026-01-09 15:09:04,965 - qmt_strategy - INFO - 提取集合竞价特征
2026-01-09 15:09:04,967 - qmt_strategy - INFO - 提取板块热度特征
2026-01-09 15:09:04,968 - qmt_strategy - INFO - 提取市场情绪特征
2026-01-09 15:09:04,972 - qmt_strategy - INFO - 提取个股基本面特征
2026-01-09 15:09:04,973 - qmt_strategy - INFO - 提取技术指标特征
2026-01-09 15:09:04,985 - qmt_strategy - INFO - 合并所有特征
2026-01-09 15:09:04,988 - qmt_strategy - INFO - 简化特征提取完成
2026-01-09 15:09:04,989 - qmt_strategy - INFO - 开始简化特征提取
2026-01-09 15:09:04,990 - qmt_strategy - INFO - 提取集合竞价特征
2026-01-09 15:09:04,992 - qmt_strategy - INFO - 提取板块热度特征
2026-01-09 15:09:04,993 - qmt_strategy - INFO - 提取市场情绪特征
2026-01-09 15:09:04,995 - qmt_strategy - INFO - 提取个股基本面特征
2026-01-09 15:09:04,996 - qmt_strategy - INFO - 提取技术指标特征
2026-01-09 15:09:05,009 - qmt_strategy - INFO - 合并所有特征
2026-01-09 15:09:05,011 - qmt_strategy - INFO - 简化特征提取完成
2026-01-09 15:09:05,013 - qmt_strategy - INFO - 开始简化特征提取
2026-01-09 15:09:05,013 - qmt_strategy - INFO - 提取集合竞价特征
2026-01-09 15:09:05,016 - qmt_strategy - INFO - 提取板块热度特征
2026-01-09 15:09:05,017 - qmt_strategy - INFO - 提取市场情绪特征
2026-01-09 15:09:05,018 - qmt_strategy - INFO - 提取个股基本面特征
2026-01-09 15:09:05,019 - qmt_strategy - INFO - 提取技术指标特征
2026-01-09 15:09:05,033 - qmt_strategy - INFO - 合并所有特征
2026-01-09 15:09:05,034 - qmt_strategy - INFO - 简化特征提取完成
2026-01-09 15:09:05,036 - qmt_strategy - INFO - 开始简化特征提取
2026-01-09 15:09:05,037 - qmt_strategy - INFO - 提取集合竞价特征
2026-01-09 15:09:05,040 - qmt_strategy - INFO - 提取板块热度特征
2026-01-09 15:09:05,041 - qmt_strategy - INFO - 提取市场情绪特征
2026-01-09 15:09:05,043 - qmt_strategy - INFO - 提取个股基本面特征
2026-01-09 15:09:05,044 - qmt_strategy - INFO - 提取技术指标特征
2026-01-09 15:09:05,058 - qmt_strategy - INFO - 合并所有特征
2026-01-09 15:09:05,059 - qmt_strategy - INFO - 简化特征提取完成
2026-01-09 15:09:05,060 - qmt_strategy - INFO - 开始简化特征提取
2026-01-09 15:09:05,060 - qmt_strategy - INFO - 提取集合竞价特征
2026-01-09 15:09:05,063 - qmt_strategy - INFO - 提取板块热度特征
2026-01-09 15:09:05,063 - qmt_strategy - INFO - 提取市场情绪特征
2026-01-09 15:09:05,065 - qmt_strategy - INFO - 提取个股基本面特征
2026-01-09 15:09:05,065 - qmt_strategy - INFO - 提取技术指标特征
2026-01-09 15:09:05,080 - qmt_strategy - INFO - 合并所有特征
2026-01-09 15:09:05,082 - qmt_strategy - INFO - 简化特征提取完成
2026-01-09 15:09:05,083 - qmt_strategy - INFO - 开始简化特征提取
2026-01-09 15:09:05,083 - qmt_strategy - INFO - 提取集合竞价特征
2026-01-09 15:09:05,088 - qmt_strategy - INFO - 提取板块热度特征
2026-01-09 15:09:05,089 - qmt_strategy - INFO - 提取市场情绪特征
2026-01-09 15:09:05,091 - qmt_strategy - INFO - 提取个股基本面特征
2026-01-09 15:09:05,092 - qmt_strategy - INFO - 提取技术指标特征
2026-01-09 15:09:05,104 - qmt_strategy - INFO - 合并所有特征
2026-01-09 15:09:05,105 - qmt_strategy - INFO - 简化特征提取完成
2026-01-09 15:09:05,106 - qmt_strategy - INFO - 开始简化特征提取
2026-01-09 15:09:05,107 - qmt_strategy - INFO - 提取集合竞价特征
2026-01-09 15:09:05,110 - qmt_strategy - INFO - 提取板块热度特征
2026-01-09 15:09:05,111 - qmt_strategy - INFO - 提取市场情绪特征
2026-01-09 15:09:05,112 - qmt_strategy - INFO - 提取个股基本面特征
2026-01-09 15:09:05,113 - qmt_strategy - INFO - 提取技术指标特征
2026-01-09 15:09:05,128 - qmt_strategy - INFO - 合并所有特征
2026-01-09 15:09:05,129 - qmt_strategy - INFO - 简化特征提取完成
2026-01-09 15:09:05,131 - qmt_strategy - INFO - 开始简化特征提取
2026-01-09 15:09:05,131 - qmt_strategy - INFO - 提取集合竞价特征
2026-01-09 15:09:05,133 - qmt_strategy - INFO - 提取板块热度特征
2026-01-09 15:09:05,134 - qmt_strategy - INFO - 提取市场情绪特征
2026-01-09 15:09:05,137 - qmt_strategy - INFO - 提取个股基本面特征
2026-01-09 15:09:05,138 - qmt_strategy - INFO - 提取技术指标特征
2026-01-09 15:09:05,149 - qmt_strategy - INFO - 合并所有特征
2026-01-09 15:09:05,151 - qmt_strategy - INFO - 简化特征提取完成
2026-01-09 15:09:05,152 - qmt_strategy - INFO - 开始简化特征提取
2026-01-09 15:09:05,152 - qmt_strategy - INFO - 提取集合竞价特征
2026-01-09 15:09:05,156 - qmt_strategy - INFO - 提取板块热度特征
2026-01-09 15:09:05,157 - qmt_strategy - INFO - 提取市场情绪特征
2026-01-09 15:09:05,159 - qmt_strategy - INFO - 提取个股基本面特征
2026-01-09 15:09:05,160 - qmt_strategy - INFO - 提取技术指标特征
2026-01-09 15:09:05,172 - qmt_strategy - INFO - 合并所有特征
2026-01-09 15:09:05,174 - qmt_strategy - INFO - 简化特征提取完成
2026-01-09 15:09:05,175 - qmt_strategy - INFO - 开始简化特征提取
2026-01-09 15:09:05,175 - qmt_strategy - INFO - 提取集合竞价特征
2026-01-09 15:09:05,177 - qmt_strategy - INFO - 提取板块热度特征
2026-01-09 15:09:05,178 - qmt_strategy - INFO - 提取市场情绪特征
2026-01-09 15:09:05,179 - qmt_strategy - INFO - 提取个股基本面特征
2026-01-09 15:09:05,181 - qmt_strategy - INFO - 提取技术指标特征
2026-01-09 15:09:05,193 - qmt_strategy - INFO - 合并所有特征
2026-01-09 15:09:05,194 - qmt_strategy - INFO - 简化特征提取完成
2026-01-09 15:09:05,196 - qmt_strategy - INFO - 开始简化特征提取
2026-01-09 15:09:05,196 - qmt_strategy - INFO - 提取集合竞价特征
2026-01-09 15:09:05,199 - qmt_strategy - INFO - 提取板块热度特征
2026-01-09 15:09:05,200 - qmt_strategy - INFO - 提取市场情绪特征
2026-01-09 15:09:05,202 - qmt_strategy - INFO - 提取个股基本面特征
2026-01-09 15:09:05,204 - qmt_strategy - INFO - 提取技术指标特征
2026-01-09 15:09:05,217 - qmt_strategy - INFO - 合并所有特征
2026-01-09 15:09:05,218 - qmt_strategy - INFO - 简化特征提取完成
2026-01-09 15:09:05,220 - qmt_strategy - INFO - 开始简化特征提取
2026-01-09 15:09:05,220 - qmt_strategy - INFO - 提取集合竞价特征
2026-01-09 15:09:05,223 - qmt_strategy - INFO - 提取板块热度特征
2026-01-09 15:09:05,224 - qmt_strategy - INFO - 提取市场情绪特征
2026-01-09 15:09:05,225 - qmt_strategy - INFO - 提取个股基本面特征
2026-01-09 15:09:05,226 - qmt_strategy - INFO - 提取技术指标特征
2026-01-09 15:09:05,240 - qmt_strategy - INFO - 合并所有特征
2026-01-09 15:09:05,241 - qmt_strategy - INFO - 简化特征提取完成
2026-01-09 15:09:05,243 - qmt_strategy - INFO - 开始简化特征提取
2026-01-09 15:09:05,243 - qmt_strategy - INFO - 提取集合竞价特征
2026-01-09 15:09:05,246 - qmt_strategy - INFO - 提取板块热度特征
2026-01-09 15:09:05,247 - qmt_strategy - INFO - 提取市场情绪特征
2026-01-09 15:09:05,249 - qmt_strategy - INFO - 提取个股基本面特征
2026-01-09 15:09:05,250 - qmt_strategy - INFO - 提取技术指标特征
2026-01-09 15:09:05,264 - qmt_strategy - INFO - 合并所有特征
2026-01-09 15:09:05,265 - qmt_strategy - INFO - 简化特征提取完成
2026-01-09 15:09:05,266 - qmt_strategy - INFO - 开始简化特征提取
2026-01-09 15:09:05,266 - qmt_strategy - INFO - 提取集合竞价特征
2026-01-09 15:09:05,270 - qmt_strategy - INFO - 提取板块热度特征
2026-01-09 15:09:05,271 - qmt_strategy - INFO - 提取市场情绪特征
2026-01-09 15:09:05,273 - qmt_strategy - INFO - 提取个股基本面特征
2026-01-09 15:09:05,274 - qmt_strategy - INFO - 提取技术指标特征
2026-01-09 15:09:05,285 - qmt_strategy - INFO - 合并所有特征
2026-01-09 15:09:05,287 - qmt_strategy - INFO - 简化特征提取完成
2026-01-09 15:09:05,288 - qmt_strategy - INFO - 开始简化特征提取
2026-01-09 15:09:05,289 - qmt_strategy - INFO - 提取集合竞价特征
2026-01-09 15:09:05,292 - qmt_strategy - INFO - 提取板块热度特征
2026-01-09 15:09:05,292 - qmt_strategy - INFO - 提取市场情绪特征
2026-01-09 15:09:05,294 - qmt_strategy - INFO - 提取个股基本面特征
2026-01-09 15:09:05,295 - qmt_strategy - INFO - 提取技术指标特征
2026-01-09 15:09:05,312 - qmt_strategy - INFO - 合并所有特征
2026-01-09 15:09:05,313 - qmt_strategy - INFO - 简化特征提取完成
2026-01-09 15:09:05,314 - qmt_strategy - INFO - 开始简化特征提取
2026-01-09 15:09:05,315 - qmt_strategy - INFO - 提取集合竞价特征
2026-01-09 15:09:05,318 - qmt_strategy - INFO - 提取板块热度特征
2026-01-09 15:09:05,319 - qmt_strategy - INFO - 提取市场情绪特征
2026-01-09 15:09:05,322 - qmt_strategy - INFO - 提取个股基本面特征
2026-01-09 15:09:05,323 - qmt_strategy - INFO - 提取技术指标特征
2026-01-09 15:09:05,338 - qmt_strategy - INFO - 合并所有特征
2026-01-09 15:09:05,339 - qmt_strategy - INFO - 简化特征提取完成
2026-01-09 15:09:05,340 - qmt_strategy - INFO - 开始简化特征提取
2026-01-09 15:09:05,340 - qmt_strategy - INFO - 提取集合竞价特征
2026-01-09 15:09:05,343 - qmt_strategy - INFO - 提取板块热度特征
2026-01-09 15:09:05,344 - qmt_strategy - INFO - 提取市场情绪特征
2026-01-09 15:09:05,346 - qmt_strategy - INFO - 提取个股基本面特征
2026-01-09 15:09:05,347 - qmt_strategy - INFO - 提取技术指标特征
2026-01-09 15:09:05,361 - qmt_strategy - INFO - 合并所有特征
2026-01-09 15:09:05,362 - qmt_strategy - INFO - 简化特征提取完成
2026-01-09 15:09:05,363 - qmt_strategy - INFO - 开始简化特征提取
2026-01-09 15:09:05,363 - qmt_strategy - INFO - 提取集合竞价特征
2026-01-09 15:09:05,366 - qmt_strategy - INFO - 提取板块热度特征
2026-01-09 15:09:05,367 - qmt_strategy - INFO - 提取市场情绪特征
2026-01-09 15:09:05,368 - qmt_strategy - INFO - 提取个股基本面特征
2026-01-09 15:09:05,371 - qmt_strategy - INFO - 提取技术指标特征
2026-01-09 15:09:05,383 - qmt_strategy - INFO - 合并所有特征
2026-01-09 15:09:05,384 - qmt_strategy - INFO - 简化特征提取完成
2026-01-09 15:09:05,386 - qmt_strategy - INFO - 开始简化特征提取
2026-01-09 15:09:05,386 - qmt_strategy - INFO - 提取集合竞价特征
2026-01-09 15:09:05,390 - qmt_strategy - INFO - 提取板块热度特征
2026-01-09 15:09:05,391 - qmt_strategy - INFO - 提取市场情绪特征
2026-01-09 15:09:05,392 - qmt_strategy - INFO - 提取个股基本面特征
2026-01-09 15:09:05,393 - qmt_strategy - INFO - 提取技术指标特征
2026-01-09 15:09:05,405 - qmt_strategy - INFO - 合并所有特征
2026-01-09 15:09:05,406 - qmt_strategy - INFO - 简化特征提取完成
2026-01-09 15:09:05,408 - qmt_strategy - INFO - 开始简化特征提取
2026-01-09 15:09:05,408 - qmt_strategy - INFO - 提取集合竞价特征
2026-01-09 15:09:05,411 - qmt_strategy - INFO - 提取板块热度特征
2026-01-09 15:09:05,412 - qmt_strategy - INFO - 提取市场情绪特征
2026-01-09 15:09:05,413 - qmt_strategy - INFO - 提取个股基本面特征
2026-01-09 15:09:05,414 - qmt_strategy - INFO - 提取技术指标特征
2026-01-09 15:09:05,430 - qmt_strategy - INFO - 合并所有特征
2026-01-09 15:09:05,432 - qmt_strategy - INFO - 简化特征提取完成
2026-01-09 15:09:05,433 - qmt_strategy - INFO - 开始简化特征提取
2026-01-09 15:09:05,434 - qmt_strategy - INFO - 提取集合竞价特征
2026-01-09 15:09:05,437 - qmt_strategy - INFO - 提取板块热度特征
2026-01-09 15:09:05,438 - qmt_strategy - INFO - 提取市场情绪特征
2026-01-09 15:09:05,440 - qmt_strategy - INFO - 提取个股基本面特征
2026-01-09 15:09:05,441 - qmt_strategy - INFO - 提取技术指标特征
2026-01-09 15:09:05,456 - qmt_strategy - INFO - 合并所有特征
2026-01-09 15:09:05,457 - qmt_strategy - INFO - 简化特征提取完成
2026-01-09 15:09:05,458 - qmt_strategy - INFO - 开始简化特征提取
2026-01-09 15:09:05,459 - qmt_strategy - INFO - 提取集合竞价特征
2026-01-09 15:09:05,462 - qmt_strategy - INFO - 提取板块热度特征
2026-01-09 15:09:05,463 - qmt_strategy - INFO - 提取市场情绪特征
2026-01-09 15:09:05,465 - qmt_strategy - INFO - 提取个股基本面特征
2026-01-09 15:09:05,466 - qmt_strategy - INFO - 提取技术指标特征
2026-01-09 15:09:05,481 - qmt_strategy - INFO - 合并所有特征
2026-01-09 15:09:05,483 - qmt_strategy - INFO - 简化特征提取完成
2026-01-09 15:09:05,484 - qmt_strategy - INFO - 开始简化特征提取
2026-01-09 15:09:05,484 - qmt_strategy - INFO - 提取集合竞价特征
2026-01-09 15:09:05,488 - qmt_strategy - INFO - 提取板块热度特征
2026-01-09 15:09:05,489 - qmt_strategy - INFO - 提取市场情绪特征
2026-01-09 15:09:05,492 - qmt_strategy - INFO - 提取个股基本面特征
2026-01-09 15:09:05,493 - qmt_strategy - INFO - 提取技术指标特征
2026-01-09 15:09:05,510 - qmt_strategy - INFO - 合并所有特征
2026-01-09 15:09:05,511 - qmt_strategy - INFO - 简化特征提取完成
2026-01-09 15:09:05,512 - qmt_strategy - INFO - 开始简化特征提取
2026-01-09 15:09:05,513 - qmt_strategy - INFO - 提取集合竞价特征
2026-01-09 15:09:05,516 - qmt_strategy - INFO - 提取板块热度特征
2026-01-09 15:09:05,516 - qmt_strategy - INFO - 提取市场情绪特征
2026-01-09 15:09:05,520 - qmt_strategy - INFO - 提取个股基本面特征
2026-01-09 15:09:05,522 - qmt_strategy - INFO - 提取技术指标特征
2026-01-09 15:09:05,535 - qmt_strategy - INFO - 合并所有特征
2026-01-09 15:09:05,537 - qmt_strategy - INFO - 简化特征提取完成
2026-01-09 15:09:05,539 - qmt_strategy - INFO - 开始简化特征提取
2026-01-09 15:09:05,539 - qmt_strategy - INFO - 提取集合竞价特征
2026-01-09 15:09:05,542 - qmt_strategy - INFO - 提取板块热度特征
2026-01-09 15:09:05,543 - qmt_strategy - INFO - 提取市场情绪特征
2026-01-09 15:09:05,545 - qmt_strategy - INFO - 提取个股基本面特征
2026-01-09 15:09:05,546 - qmt_strategy - INFO - 提取技术指标特征
2026-01-09 15:09:05,564 - qmt_strategy - INFO - 合并所有特征
2026-01-09 15:09:05,565 - qmt_strategy - INFO - 简化特征提取完成
2026-01-09 15:09:05,566 - qmt_strategy - INFO - 开始简化特征提取
2026-01-09 15:09:05,566 - qmt_strategy - INFO - 提取集合竞价特征
2026-01-09 15:09:05,570 - qmt_strategy - INFO - 提取板块热度特征
2026-01-09 15:09:05,572 - qmt_strategy - INFO - 提取市场情绪特征
2026-01-09 15:09:05,573 - qmt_strategy - INFO - 提取个股基本面特征
2026-01-09 15:09:05,575 - qmt_strategy - INFO - 提取技术指标特征
2026-01-09 15:09:05,587 - qmt_strategy - INFO - 合并所有特征
2026-01-09 15:09:05,588 - qmt_strategy - INFO - 简化特征提取完成
2026-01-09 15:09:05,590 - qmt_strategy - INFO - 开始简化特征提取
2026-01-09 15:09:05,591 - qmt_strategy - INFO - 提取集合竞价特征
2026-01-09 15:09:05,593 - qmt_strategy - INFO - 提取板块热度特征
2026-01-09 15:09:05,594 - qmt_strategy - INFO - 提取市场情绪特征
2026-01-09 15:09:05,596 - qmt_strategy - INFO - 提取个股基本面特征
2026-01-09 15:09:05,597 - qmt_strategy - INFO - 提取技术指标特征
2026-01-09 15:09:05,609 - qmt_strategy - INFO - 合并所有特征
2026-01-09 15:09:05,611 - qmt_strategy - INFO - 简化特征提取完成
2026-01-09 15:09:05,612 - qmt_strategy - INFO - 开始简化特征提取
2026-01-09 15:09:05,613 - qmt_strategy - INFO - 提取集合竞价特征
2026-01-09 15:09:05,615 - qmt_strategy - INFO - 提取板块热度特征
2026-01-09 15:09:05,616 - qmt_strategy - INFO - 提取市场情绪特征
2026-01-09 15:09:05,617 - qmt_strategy - INFO - 提取个股基本面特征
2026-01-09 15:09:05,618 - qmt_strategy - INFO - 提取技术指标特征
2026-01-09 15:09:05,631 - qmt_strategy - INFO - 合并所有特征
2026-01-09 15:09:05,633 - qmt_strategy - INFO - 简化特征提取完成
2026-01-09 15:09:05,634 - qmt_strategy - INFO - 开始简化特征提取
2026-01-09 15:09:05,634 - qmt_strategy - INFO - 提取集合竞价特征
2026-01-09 15:09:05,638 - qmt_strategy - INFO - 提取板块热度特征
2026-01-09 15:09:05,639 - qmt_strategy - INFO - 提取市场情绪特征
2026-01-09 15:09:05,641 - qmt_strategy - INFO - 提取个股基本面特征
2026-01-09 15:09:05,642 - qmt_strategy - INFO - 提取技术指标特征
2026-01-09 15:09:05,653 - qmt_strategy - INFO - 合并所有特征
2026-01-09 15:09:05,655 - qmt_strategy - INFO - 简化特征提取完成
2026-01-09 15:09:05,656 - qmt_strategy - INFO - 开始简化特征提取
2026-01-09 15:09:05,657 - qmt_strategy - INFO - 提取集合竞价特征
2026-01-09 15:09:05,659 - qmt_strategy - INFO - 提取板块热度特征
2026-01-09 15:09:05,660 - qmt_strategy - INFO - 提取市场情绪特征
2026-01-09 15:09:05,661 - qmt_strategy - INFO - 提取个股基本面特征
2026-01-09 15:09:05,662 - qmt_strategy - INFO - 提取技术指标特征
2026-01-09 15:09:05,677 - qmt_strategy - INFO - 合并所有特征
2026-01-09 15:09:05,678 - qmt_strategy - INFO - 简化特征提取完成
2026-01-09 15:09:05,679 - qmt_strategy - INFO - 开始简化特征提取
2026-01-09 15:09:05,679 - qmt_strategy - INFO - 提取集合竞价特征
2026-01-09 15:09:05,682 - qmt_strategy - INFO - 提取板块热度特征
2026-01-09 15:09:05,682 - qmt_strategy - INFO - 提取市场情绪特征
2026-01-09 15:09:05,684 - qmt_strategy - INFO - 提取个股基本面特征
2026-01-09 15:09:05,685 - qmt_strategy - INFO - 提取技术指标特征
2026-01-09 15:09:05,698 - qmt_strategy - INFO - 合并所有特征
2026-01-09 15:09:05,699 - qmt_strategy - INFO - 简化特征提取完成
2026-01-09 15:09:05,700 - qmt_strategy - INFO - 开始简化特征提取
2026-01-09 15:09:05,700 - qmt_strategy - INFO - 提取集合竞价特征
2026-01-09 15:09:05,704 - qmt_strategy - INFO - 提取板块热度特征
2026-01-09 15:09:05,705 - qmt_strategy - INFO - 提取市场情绪特征
2026-01-09 15:09:05,707 - qmt_strategy - INFO - 提取个股基本面特征
2026-01-09 15:09:05,708 - qmt_strategy - INFO - 提取技术指标特征
2026-01-09 15:09:05,720 - qmt_strategy - INFO - 合并所有特征
2026-01-09 15:09:05,721 - qmt_strategy - INFO - 简化特征提取完成
2026-01-09 15:09:05,722 - qmt_strategy - INFO - 开始简化特征提取
2026-01-09 15:09:05,723 - qmt_strategy - INFO - 提取集合竞价特征
2026-01-09 15:09:05,725 - qmt_strategy - INFO - 提取板块热度特征
2026-01-09 15:09:05,726 - qmt_strategy - INFO - 提取市场情绪特征
2026-01-09 15:09:05,728 - qmt_strategy - INFO - 提取个股基本面特征
2026-01-09 15:09:05,729 - qmt_strategy - INFO - 提取技术指标特征
2026-01-09 15:09:05,743 - qmt_strategy - INFO - 合并所有特征
2026-01-09 15:09:05,745 - qmt_strategy - INFO - 简化特征提取完成
2026-01-09 15:09:05,746 - qmt_strategy - INFO - 开始简化特征提取
2026-01-09 15:09:05,746 - qmt_strategy - INFO - 提取集合竞价特征
2026-01-09 15:09:05,749 - qmt_strategy - INFO - 提取板块热度特征
2026-01-09 15:09:05,750 - qmt_strategy - INFO - 提取市场情绪特征
2026-01-09 15:09:05,752 - qmt_strategy - INFO - 提取个股基本面特征
2026-01-09 15:09:05,754 - qmt_strategy - INFO - 提取技术指标特征
2026-01-09 15:09:05,766 - qmt_strategy - INFO - 合并所有特征
2026-01-09 15:09:05,767 - qmt_strategy - INFO - 简化特征提取完成
2026-01-09 15:09:05,770 - qmt_strategy - INFO - 开始简化特征提取
2026-01-09 15:09:05,770 - qmt_strategy - INFO - 提取集合竞价特征
2026-01-09 15:09:05,773 - qmt_strategy - INFO - 提取板块热度特征
2026-01-09 15:09:05,774 - qmt_strategy - INFO - 提取市场情绪特征
2026-01-09 15:09:05,776 - qmt_strategy - INFO - 提取个股基本面特征
2026-01-09 15:09:05,777 - qmt_strategy - INFO - 提取技术指标特征
2026-01-09 15:09:05,790 - qmt_strategy - INFO - 合并所有特征
2026-01-09 15:09:05,791 - qmt_strategy - INFO - 简化特征提取完成
2026-01-09 15:09:05,793 - qmt_strategy - INFO - 开始简化特征提取
2026-01-09 15:09:05,793 - qmt_strategy - INFO - 提取集合竞价特征
2026-01-09 15:09:05,795 - qmt_strategy - INFO - 提取板块热度特征
2026-01-09 15:09:05,796 - qmt_strategy - INFO - 提取市场情绪特征
2026-01-09 15:09:05,798 - qmt_strategy - INFO - 提取个股基本面特征
2026-01-09 15:09:05,799 - qmt_strategy - INFO - 提取技术指标特征
2026-01-09 15:09:05,813 - qmt_strategy - INFO - 合并所有特征
2026-01-09 15:09:05,814 - qmt_strategy - INFO - 简化特征提取完成
2026-01-09 15:09:05,815 - qmt_strategy - INFO - 开始简化特征提取
2026-01-09 15:09:05,816 - qmt_strategy - INFO - 提取集合竞价特征
2026-01-09 15:09:05,819 - qmt_strategy - INFO - 提取板块热度特征
2026-01-09 15:09:05,820 - qmt_strategy - INFO - 提取市场情绪特征
2026-01-09 15:09:05,823 - qmt_strategy - INFO - 提取个股基本面特征
2026-01-09 15:09:05,824 - qmt_strategy - INFO - 提取技术指标特征
2026-01-09 15:09:05,840 - qmt_strategy - INFO - 合并所有特征
2026-01-09 15:09:05,841 - qmt_strategy - INFO - 简化特征提取完成
2026-01-09 15:09:05,843 - qmt_strategy - INFO - 开始简化特征提取
2026-01-09 15:09:05,843 - qmt_strategy - INFO - 提取集合竞价特征
2026-01-09 15:09:05,846 - qmt_strategy - INFO - 提取板块热度特征
2026-01-09 15:09:05,848 - qmt_strategy - INFO - 提取市场情绪特征
2026-01-09 15:09:05,850 - qmt_strategy - INFO - 提取个股基本面特征
2026-01-09 15:09:05,851 - qmt_strategy - INFO - 提取技术指标特征
2026-01-09 15:09:05,864 - qmt_strategy - INFO - 合并所有特征
2026-01-09 15:09:05,865 - qmt_strategy - INFO - 简化特征提取完成
2026-01-09 15:09:05,866 - qmt_strategy - INFO - 开始简化特征提取
2026-01-09 15:09:05,866 - qmt_strategy - INFO - 提取集合竞价特征
2026-01-09 15:09:05,871 - qmt_strategy - INFO - 提取板块热度特征
2026-01-09 15:09:05,872 - qmt_strategy - INFO - 提取市场情绪特征
2026-01-09 15:09:05,874 - qmt_strategy - INFO - 提取个股基本面特征
2026-01-09 15:09:05,875 - qmt_strategy - INFO - 提取技术指标特征
2026-01-09 15:09:05,889 - qmt_strategy - INFO - 合并所有特征
2026-01-09 15:09:05,890 - qmt_strategy - INFO - 简化特征提取完成
2026-01-09 15:09:05,891 - qmt_strategy - INFO - 开始简化特征提取
2026-01-09 15:09:05,892 - qmt_strategy - INFO - 提取集合竞价特征
2026-01-09 15:09:05,894 - qmt_strategy - INFO - 提取板块热度特征
2026-01-09 15:09:05,895 - qmt_strategy - INFO - 提取市场情绪特征
2026-01-09 15:09:05,896 - qmt_strategy - INFO - 提取个股基本面特征
2026-01-09 15:09:05,897 - qmt_strategy - INFO - 提取技术指标特征
2026-01-09 15:09:05,910 - qmt_strategy - INFO - 合并所有特征
2026-01-09 15:09:05,911 - qmt_strategy - INFO - 简化特征提取完成
2026-01-09 15:09:05,912 - qmt_strategy - INFO - 开始简化特征提取
2026-01-09 15:09:05,913 - qmt_strategy - INFO - 提取集合竞价特征
2026-01-09 15:09:05,915 - qmt_strategy - INFO - 提取板块热度特征
2026-01-09 15:09:05,915 - qmt_strategy - INFO - 提取市场情绪特征
2026-01-09 15:09:05,917 - qmt_strategy - INFO - 提取个股基本面特征
2026-01-09 15:09:05,918 - qmt_strategy - INFO - 提取技术指标特征
2026-01-09 15:09:05,931 - qmt_strategy - INFO - 合并所有特征
2026-01-09 15:09:05,932 - qmt_strategy - INFO - 简化特征提取完成
2026-01-09 15:09:05,933 - qmt_strategy - INFO - 开始简化特征提取
2026-01-09 15:09:05,934 - qmt_strategy - INFO - 提取集合竞价特征
2026-01-09 15:09:05,937 - qmt_strategy - INFO - 提取板块热度特征
2026-01-09 15:09:05,938 - qmt_strategy - INFO - 提取市场情绪特征
2026-01-09 15:09:05,940 - qmt_strategy - INFO - 提取个股基本面特征
2026-01-09 15:09:05,941 - qmt_strategy - INFO - 提取技术指标特征
2026-01-09 15:09:05,955 - qmt_strategy - INFO - 合并所有特征
2026-01-09 15:09:05,956 - qmt_strategy - INFO - 简化特征提取完成
2026-01-09 15:09:05,957 - qmt_strategy - INFO - 开始简化特征提取
2026-01-09 15:09:05,958 - qmt_strategy - INFO - 提取集合竞价特征
2026-01-09 15:09:05,960 - qmt_strategy - INFO - 提取板块热度特征
2026-01-09 15:09:05,961 - qmt_strategy - INFO - 提取市场情绪特征
2026-01-09 15:09:05,962 - qmt_strategy - INFO - 提取个股基本面特征
2026-01-09 15:09:05,964 - qmt_strategy - INFO - 提取技术指标特征
2026-01-09 15:09:05,978 - qmt_strategy - INFO - 合并所有特征
2026-01-09 15:09:05,979 - qmt_strategy - INFO - 简化特征提取完成
2026-01-09 15:09:05,981 - qmt_strategy - INFO - 开始简化特征提取
2026-01-09 15:09:05,981 - qmt_strategy - INFO - 提取集合竞价特征
2026-01-09 15:09:05,983 - qmt_strategy - INFO - 提取板块热度特征
2026-01-09 15:09:05,984 - qmt_strategy - INFO - 提取市场情绪特征
2026-01-09 15:09:05,987 - qmt_strategy - INFO - 提取个股基本面特征
2026-01-09 15:09:05,989 - qmt_strategy - INFO - 提取技术指标特征
2026-01-09 15:09:06,000 - qmt_strategy - INFO - 合并所有特征
2026-01-09 15:09:06,001 - qmt_strategy - INFO - 简化特征提取完成
2026-01-09 15:09:06,004 - qmt_strategy - INFO - 开始简化特征提取
2026-01-09 15:09:06,004 - qmt_strategy - INFO - 提取集合竞价特征
2026-01-09 15:09:06,008 - qmt_strategy - INFO - 提取板块热度特征
2026-01-09 15:09:06,009 - qmt_strategy - INFO - 提取市场情绪特征
2026-01-09 15:09:06,011 - qmt_strategy - INFO - 提取个股基本面特征
2026-01-09 15:09:06,012 - qmt_strategy - INFO - 提取技术指标特征
2026-01-09 15:09:06,026 - qmt_strategy - INFO - 合并所有特征
2026-01-09 15:09:06,028 - qmt_strategy - INFO - 简化特征提取完成
2026-01-09 15:09:06,029 - qmt_strategy - INFO - 开始简化特征提取
2026-01-09 15:09:06,029 - qmt_strategy - INFO - 提取集合竞价特征
2026-01-09 15:09:06,031 - qmt_strategy - INFO - 提取板块热度特征
2026-01-09 15:09:06,032 - qmt_strategy - INFO - 提取市场情绪特征
2026-01-09 15:09:06,033 - qmt_strategy - INFO - 提取个股基本面特征
2026-01-09 15:09:06,034 - qmt_strategy - INFO - 提取技术指标特征
2026-01-09 15:09:06,046 - qmt_strategy - INFO - 合并所有特征
2026-01-09 15:09:06,048 - qmt_strategy - INFO - 简化特征提取完成
2026-01-09 15:09:06,049 - qmt_strategy - INFO - 开始简化特征提取
2026-01-09 15:09:06,049 - qmt_strategy - INFO - 提取集合竞价特征
2026-01-09 15:09:06,052 - qmt_strategy - INFO - 提取板块热度特征
2026-01-09 15:09:06,053 - qmt_strategy - INFO - 提取市场情绪特征
2026-01-09 15:09:06,055 - qmt_strategy - INFO - 提取个股基本面特征
2026-01-09 15:09:06,056 - qmt_strategy - INFO - 提取技术指标特征
2026-01-09 15:09:06,067 - qmt_strategy - INFO - 合并所有特征
2026-01-09 15:09:06,068 - qmt_strategy - INFO - 简化特征提取完成
2026-01-09 15:09:06,071 - qmt_strategy - INFO - 开始简化特征提取
2026-01-09 15:09:06,071 - qmt_strategy - INFO - 提取集合竞价特征
2026-01-09 15:09:06,074 - qmt_strategy - INFO - 提取板块热度特征
2026-01-09 15:09:06,075 - qmt_strategy - INFO - 提取市场情绪特征
2026-01-09 15:09:06,077 - qmt_strategy - INFO - 提取个股基本面特征
2026-01-09 15:09:06,078 - qmt_strategy - INFO - 提取技术指标特征
2026-01-09 15:09:06,091 - qmt_strategy - INFO - 合并所有特征
2026-01-09 15:09:06,093 - qmt_strategy - INFO - 简化特征提取完成
2026-01-09 15:09:06,094 - qmt_strategy - INFO - 开始简化特征提取
2026-01-09 15:09:06,094 - qmt_strategy - INFO - 提取集合竞价特征
2026-01-09 15:09:06,096 - qmt_strategy - INFO - 提取板块热度特征
2026-01-09 15:09:06,097 - qmt_strategy - INFO - 提取市场情绪特征
2026-01-09 15:09:06,099 - qmt_strategy - INFO - 提取个股基本面特征
2026-01-09 15:09:06,099 - qmt_strategy - INFO - 提取技术指标特征
2026-01-09 15:09:06,113 - qmt_strategy - INFO - 合并所有特征
2026-01-09 15:09:06,114 - qmt_strategy - INFO - 简化特征提取完成
2026-01-09 15:09:06,115 - qmt_strategy - INFO - 开始简化特征提取
2026-01-09 15:09:06,116 - qmt_strategy - INFO - 提取集合竞价特征
2026-01-09 15:09:06,118 - qmt_strategy - INFO - 提取板块热度特征
2026-01-09 15:09:06,120 - qmt_strategy - INFO - 提取市场情绪特征
2026-01-09 15:09:06,122 - qmt_strategy - INFO - 提取个股基本面特征
2026-01-09 15:09:06,123 - qmt_strategy - INFO - 提取技术指标特征
2026-01-09 15:09:06,138 - qmt_strategy - INFO - 合并所有特征
2026-01-09 15:09:06,140 - qmt_strategy - INFO - 简化特征提取完成
2026-01-09 15:09:06,141 - qmt_strategy - INFO - 开始简化特征提取
2026-01-09 15:09:06,141 - qmt_strategy - INFO - 提取集合竞价特征
2026-01-09 15:09:06,144 - qmt_strategy - INFO - 提取板块热度特征
2026-01-09 15:09:06,145 - qmt_strategy - INFO - 提取市场情绪特征
2026-01-09 15:09:06,147 - qmt_strategy - INFO - 提取个股基本面特征
2026-01-09 15:09:06,147 - qmt_strategy - INFO - 提取技术指标特征
2026-01-09 15:09:06,162 - qmt_strategy - INFO - 合并所有特征
2026-01-09 15:09:06,163 - qmt_strategy - INFO - 简化特征提取完成
2026-01-09 15:09:06,164 - qmt_strategy - INFO - 开始简化特征提取
2026-01-09 15:09:06,164 - qmt_strategy - INFO - 提取集合竞价特征
2026-01-09 15:09:06,166 - qmt_strategy - INFO - 提取板块热度特征
2026-01-09 15:09:06,167 - qmt_strategy - INFO - 提取市场情绪特征
2026-01-09 15:09:06,170 - qmt_strategy - INFO - 提取个股基本面特征
2026-01-09 15:09:06,171 - qmt_strategy - INFO - 提取技术指标特征
2026-01-09 15:09:06,182 - qmt_strategy - INFO - 合并所有特征
2026-01-09 15:09:06,184 - qmt_strategy - INFO - 简化特征提取完成
2026-01-09 15:09:06,185 - qmt_strategy - INFO - 开始简化特征提取
2026-01-09 15:09:06,186 - qmt_strategy - INFO - 提取集合竞价特征
2026-01-09 15:09:06,190 - qmt_strategy - INFO - 提取板块热度特征
2026-01-09 15:09:06,191 - qmt_strategy - INFO - 提取市场情绪特征
2026-01-09 15:09:06,193 - qmt_strategy - INFO - 提取个股基本面特征
2026-01-09 15:09:06,194 - qmt_strategy - INFO - 提取技术指标特征
2026-01-09 15:09:06,206 - qmt_strategy - INFO - 合并所有特征
2026-01-09 15:09:06,207 - qmt_strategy - INFO - 简化特征提取完成
2026-01-09 15:09:06,208 - qmt_strategy - INFO - 开始简化特征提取
2026-01-09 15:09:06,209 - qmt_strategy - INFO - 提取集合竞价特征
2026-01-09 15:09:06,211 - qmt_strategy - INFO - 提取板块热度特征
2026-01-09 15:09:06,212 - qmt_strategy - INFO - 提取市场情绪特征
2026-01-09 15:09:06,213 - qmt_strategy - INFO - 提取个股基本面特征
2026-01-09 15:09:06,215 - qmt_strategy - INFO - 提取技术指标特征
2026-01-09 15:09:06,228 - qmt_strategy - INFO - 合并所有特征
2026-01-09 15:09:06,229 - qmt_strategy - INFO - 简化特征提取完成
2026-01-09 15:09:06,230 - qmt_strategy - INFO - 开始简化特征提取
2026-01-09 15:09:06,230 - qmt_strategy - INFO - 提取集合竞价特征
2026-01-09 15:09:06,233 - qmt_strategy - INFO - 提取板块热度特征
2026-01-09 15:09:06,233 - qmt_strategy - INFO - 提取市场情绪特征
2026-01-09 15:09:06,237 - qmt_strategy - INFO - 提取个股基本面特征
2026-01-09 15:09:06,238 - qmt_strategy - INFO - 提取技术指标特征
2026-01-09 15:09:06,249 - qmt_strategy - INFO - 合并所有特征
2026-01-09 15:09:06,251 - qmt_strategy - INFO - 简化特征提取完成
2026-01-09 15:09:06,252 - qmt_strategy - INFO - 开始简化特征提取
2026-01-09 15:09:06,253 - qmt_strategy - INFO - 提取集合竞价特征
2026-01-09 15:09:06,257 - qmt_strategy - INFO - 提取板块热度特征
2026-01-09 15:09:06,258 - qmt_strategy - INFO - 提取市场情绪特征
2026-01-09 15:09:06,260 - qmt_strategy - INFO - 提取个股基本面特征
2026-01-09 15:09:06,261 - qmt_strategy - INFO - 提取技术指标特征
2026-01-09 15:09:06,276 - qmt_strategy - INFO - 合并所有特征
2026-01-09 15:09:06,277 - qmt_strategy - INFO - 简化特征提取完成
2026-01-09 15:09:06,278 - qmt_strategy - INFO - 开始简化特征提取
2026-01-09 15:09:06,279 - qmt_strategy - INFO - 提取集合竞价特征
2026-01-09 15:09:06,282 - qmt_strategy - INFO - 提取板块热度特征
2026-01-09 15:09:06,283 - qmt_strategy - INFO - 提取市场情绪特征
2026-01-09 15:09:06,285 - qmt_strategy - INFO - 提取个股基本面特征
2026-01-09 15:09:06,287 - qmt_strategy - INFO - 提取技术指标特征
2026-01-09 15:09:06,301 - qmt_strategy - INFO - 合并所有特征
2026-01-09 15:09:06,303 - qmt_strategy - INFO - 简化特征提取完成
2026-01-09 15:09:06,305 - qmt_strategy - INFO - 开始简化特征提取
2026-01-09 15:09:06,305 - qmt_strategy - INFO - 提取集合竞价特征
2026-01-09 15:09:06,308 - qmt_strategy - INFO - 提取板块热度特征
2026-01-09 15:09:06,308 - qmt_strategy - INFO - 提取市场情绪特征
2026-01-09 15:09:06,310 - qmt_strategy - INFO - 提取个股基本面特征
2026-01-09 15:09:06,311 - qmt_strategy - INFO - 提取技术指标特征
2026-01-09 15:09:06,326 - qmt_strategy - INFO - 合并所有特征
2026-01-09 15:09:06,328 - qmt_strategy - INFO - 简化特征提取完成
2026-01-09 15:09:06,329 - qmt_strategy - INFO - 开始简化特征提取
2026-01-09 15:09:06,329 - qmt_strategy - INFO - 提取集合竞价特征
2026-01-09 15:09:06,331 - qmt_strategy - INFO - 提取板块热度特征
2026-01-09 15:09:06,332 - qmt_strategy - INFO - 提取市场情绪特征
2026-01-09 15:09:06,333 - qmt_strategy - INFO - 提取个股基本面特征
2026-01-09 15:09:06,335 - qmt_strategy - INFO - 提取技术指标特征
2026-01-09 15:09:06,348 - qmt_strategy - INFO - 合并所有特征
2026-01-09 15:09:06,349 - qmt_strategy - INFO - 简化特征提取完成
2026-01-09 15:09:06,351 - qmt_strategy - INFO - 开始简化特征提取
2026-01-09 15:09:06,351 - qmt_strategy - INFO - 提取集合竞价特征
2026-01-09 15:09:06,355 - qmt_strategy - INFO - 提取板块热度特征
2026-01-09 15:09:06,356 - qmt_strategy - INFO - 提取市场情绪特征
2026-01-09 15:09:06,358 - qmt_strategy - INFO - 提取个股基本面特征
2026-01-09 15:09:06,359 - qmt_strategy - INFO - 提取技术指标特征
2026-01-09 15:09:06,373 - qmt_strategy - INFO - 合并所有特征
2026-01-09 15:09:06,374 - qmt_strategy - INFO - 简化特征提取完成
2026-01-09 15:09:06,375 - qmt_strategy - INFO - 开始简化特征提取
2026-01-09 15:09:06,375 - qmt_strategy - INFO - 提取集合竞价特征
2026-01-09 15:09:06,378 - qmt_strategy - INFO - 提取板块热度特征
2026-01-09 15:09:06,379 - qmt_strategy - INFO - 提取市场情绪特征
2026-01-09 15:09:06,380 - qmt_strategy - INFO - 提取个股基本面特征
2026-01-09 15:09:06,382 - qmt_strategy - INFO - 提取技术指标特征
2026-01-09 15:09:06,394 - qmt_strategy - INFO - 合并所有特征
2026-01-09 15:09:06,396 - qmt_strategy - INFO - 简化特征提取完成
2026-01-09 15:09:06,397 - qmt_strategy - INFO - 开始简化特征提取
2026-01-09 15:09:06,397 - qmt_strategy - INFO - 提取集合竞价特征
2026-01-09 15:09:06,400 - qmt_strategy - INFO - 提取板块热度特征
2026-01-09 15:09:06,400 - qmt_strategy - INFO - 提取市场情绪特征
2026-01-09 15:09:06,402 - qmt_strategy - INFO - 提取个股基本面特征
2026-01-09 15:09:06,403 - qmt_strategy - INFO - 提取技术指标特征
2026-01-09 15:09:06,416 - qmt_strategy - INFO - 合并所有特征
2026-01-09 15:09:06,417 - qmt_strategy - INFO - 简化特征提取完成
2026-01-09 15:09:06,419 - qmt_strategy - INFO - 开始简化特征提取
2026-01-09 15:09:06,419 - qmt_strategy - INFO - 提取集合竞价特征
2026-01-09 15:09:06,422 - qmt_strategy - INFO - 提取板块热度特征
2026-01-09 15:09:06,423 - qmt_strategy - INFO - 提取市场情绪特征
2026-01-09 15:09:06,424 - qmt_strategy - INFO - 提取个股基本面特征
2026-01-09 15:09:06,425 - qmt_strategy - INFO - 提取技术指标特征
2026-01-09 15:09:06,441 - qmt_strategy - INFO - 合并所有特征
2026-01-09 15:09:06,442 - qmt_strategy - INFO - 简化特征提取完成
2026-01-09 15:09:06,444 - qmt_strategy - INFO - 开始简化特征提取
2026-01-09 15:09:06,444 - qmt_strategy - INFO - 提取集合竞价特征
2026-01-09 15:09:06,447 - qmt_strategy - INFO - 提取板块热度特征
2026-01-09 15:09:06,448 - qmt_strategy - INFO - 提取市场情绪特征
2026-01-09 15:09:06,449 - qmt_strategy - INFO - 提取个股基本面特征
2026-01-09 15:09:06,450 - qmt_strategy - INFO - 提取技术指标特征
2026-01-09 15:09:06,464 - qmt_strategy - INFO - 合并所有特征
2026-01-09 15:09:06,466 - qmt_strategy - INFO - 简化特征提取完成
2026-01-09 15:09:06,467 - qmt_strategy - INFO - 开始简化特征提取
2026-01-09 15:09:06,467 - qmt_strategy - INFO - 提取集合竞价特征
2026-01-09 15:09:06,472 - qmt_strategy - INFO - 提取板块热度特征
2026-01-09 15:09:06,473 - qmt_strategy - INFO - 提取市场情绪特征
2026-01-09 15:09:06,476 - qmt_strategy - INFO - 提取个股基本面特征
2026-01-09 15:09:06,477 - qmt_strategy - INFO - 提取技术指标特征
2026-01-09 15:09:06,490 - qmt_strategy - INFO - 合并所有特征
2026-01-09 15:09:06,491 - qmt_strategy - INFO - 简化特征提取完成
2026-01-09 15:09:06,492 - qmt_strategy - INFO - 开始简化特征提取
2026-01-09 15:09:06,493 - qmt_strategy - INFO - 提取集合竞价特征
2026-01-09 15:09:06,495 - qmt_strategy - INFO - 提取板块热度特征
2026-01-09 15:09:06,496 - qmt_strategy - INFO - 提取市场情绪特征
2026-01-09 15:09:06,498 - qmt_strategy - INFO - 提取个股基本面特征
2026-01-09 15:09:06,499 - qmt_strategy - INFO - 提取技术指标特征
2026-01-09 15:09:06,511 - qmt_strategy - INFO - 合并所有特征
2026-01-09 15:09:06,512 - qmt_strategy - INFO - 简化特征提取完成
2026-01-09 15:09:06,514 - qmt_strategy - INFO - 开始简化特征提取
2026-01-09 15:09:06,514 - qmt_strategy - INFO - 提取集合竞价特征
2026-01-09 15:09:06,516 - qmt_strategy - INFO - 提取板块热度特征
2026-01-09 15:09:06,517 - qmt_strategy - INFO - 提取市场情绪特征
2026-01-09 15:09:06,518 - qmt_strategy - INFO - 提取个股基本面特征
2026-01-09 15:09:06,520 - qmt_strategy - INFO - 提取技术指标特征
2026-01-09 15:09:06,533 - qmt_strategy - INFO - 合并所有特征
2026-01-09 15:09:06,534 - qmt_strategy - INFO - 简化特征提取完成
2026-01-09 15:09:06,535 - qmt_strategy - INFO - 开始简化特征提取
2026-01-09 15:09:06,535 - qmt_strategy - INFO - 提取集合竞价特征
2026-01-09 15:09:06,539 - qmt_strategy - INFO - 提取板块热度特征
2026-01-09 15:09:06,540 - qmt_strategy - INFO - 提取市场情绪特征
2026-01-09 15:09:06,542 - qmt_strategy - INFO - 提取个股基本面特征
2026-01-09 15:09:06,543 - qmt_strategy - INFO - 提取技术指标特征
2026-01-09 15:09:06,557 - qmt_strategy - INFO - 合并所有特征
2026-01-09 15:09:06,559 - qmt_strategy - INFO - 简化特征提取完成
2026-01-09 15:09:06,560 - qmt_strategy - INFO - 开始简化特征提取
2026-01-09 15:09:06,560 - qmt_strategy - INFO - 提取集合竞价特征
2026-01-09 15:09:06,563 - qmt_strategy - INFO - 提取板块热度特征
2026-01-09 15:09:06,564 - qmt_strategy - INFO - 提取市场情绪特征
2026-01-09 15:09:06,566 - qmt_strategy - INFO - 提取个股基本面特征
2026-01-09 15:09:06,567 - qmt_strategy - INFO - 提取技术指标特征
2026-01-09 15:09:06,580 - qmt_strategy - INFO - 合并所有特征
2026-01-09 15:09:06,581 - qmt_strategy - INFO - 简化特征提取完成
2026-01-09 15:09:06,583 - qmt_strategy - INFO - 开始简化特征提取
2026-01-09 15:09:06,583 - qmt_strategy - INFO - 提取集合竞价特征
2026-01-09 15:09:06,585 - qmt_strategy - INFO - 提取板块热度特征
2026-01-09 15:09:06,587 - qmt_strategy - INFO - 提取市场情绪特征
2026-01-09 15:09:06,590 - qmt_strategy - INFO - 提取个股基本面特征
2026-01-09 15:09:06,591 - qmt_strategy - INFO - 提取技术指标特征
2026-01-09 15:09:06,606 - qmt_strategy - INFO - 合并所有特征
2026-01-09 15:09:06,608 - qmt_strategy - INFO - 简化特征提取完成
2026-01-09 15:09:06,609 - qmt_strategy - INFO - 开始简化特征提取
2026-01-09 15:09:06,609 - qmt_strategy - INFO - 提取集合竞价特征
2026-01-09 15:09:06,613 - qmt_strategy - INFO - 提取板块热度特征
2026-01-09 15:09:06,614 - qmt_strategy - INFO - 提取市场情绪特征
2026-01-09 15:09:06,616 - qmt_strategy - INFO - 提取个股基本面特征
2026-01-09 15:09:06,617 - qmt_strategy - INFO - 提取技术指标特征
2026-01-09 15:09:06,644 - qmt_strategy - INFO - 合并所有特征
2026-01-09 15:09:06,648 - qmt_strategy - INFO - 简化特征提取完成
2026-01-09 15:09:06,651 - qmt_strategy - INFO - 开始简化特征提取
2026-01-09 15:09:06,651 - qmt_strategy - INFO - 提取集合竞价特征
2026-01-09 15:09:06,658 - qmt_strategy - INFO - 提取板块热度特征
2026-01-09 15:09:06,659 - qmt_strategy - INFO - 提取市场情绪特征
2026-01-09 15:09:06,664 - qmt_strategy - INFO - 提取个股基本面特征
2026-01-09 15:09:06,667 - qmt_strategy - INFO - 提取技术指标特征
2026-01-09 15:09:06,698 - qmt_strategy - INFO - 合并所有特征
2026-01-09 15:09:06,699 - qmt_strategy - INFO - 简化特征提取完成
2026-01-09 15:09:06,701 - qmt_strategy - INFO - 开始简化特征提取
2026-01-09 15:09:06,701 - qmt_strategy - INFO - 提取集合竞价特征
2026-01-09 15:09:06,704 - qmt_strategy - INFO - 提取板块热度特征
2026-01-09 15:09:06,705 - qmt_strategy - INFO - 提取市场情绪特征
2026-01-09 15:09:06,707 - qmt_strategy - INFO - 提取个股基本面特征
2026-01-09 15:09:06,708 - qmt_strategy - INFO - 提取技术指标特征
2026-01-09 15:09:06,729 - qmt_strategy - INFO - 合并所有特征
2026-01-09 15:09:06,730 - qmt_strategy - INFO - 简化特征提取完成
2026-01-09 15:09:06,731 - qmt_strategy - INFO - 开始简化特征提取
2026-01-09 15:09:06,731 - qmt_strategy - INFO - 提取集合竞价特征
2026-01-09 15:09:06,734 - qmt_strategy - INFO - 提取板块热度特征
2026-01-09 15:09:06,734 - qmt_strategy - INFO - 提取市场情绪特征
2026-01-09 15:09:06,737 - qmt_strategy - INFO - 提取个股基本面特征
2026-01-09 15:09:06,738 - qmt_strategy - INFO - 提取技术指标特征
2026-01-09 15:09:06,749 - qmt_strategy - INFO - 合并所有特征
2026-01-09 15:09:06,750 - qmt_strategy - INFO - 简化特征提取完成
2026-01-09 15:09:06,752 - qmt_strategy - INFO - 开始简化特征提取
2026-01-09 15:09:06,752 - qmt_strategy - INFO - 提取集合竞价特征
2026-01-09 15:09:06,756 - qmt_strategy - INFO - 提取板块热度特征
2026-01-09 15:09:06,757 - qmt_strategy - INFO - 提取市场情绪特征
2026-01-09 15:09:06,759 - qmt_strategy - INFO - 提取个股基本面特征
2026-01-09 15:09:06,760 - qmt_strategy - INFO - 提取技术指标特征
2026-01-09 15:09:06,772 - qmt_strategy - INFO - 合并所有特征
2026-01-09 15:09:06,774 - qmt_strategy - INFO - 简化特征提取完成
2026-01-09 15:09:06,775 - qmt_strategy - INFO - 开始简化特征提取
2026-01-09 15:09:06,775 - qmt_strategy - INFO - 提取集合竞价特征
2026-01-09 15:09:06,778 - qmt_strategy - INFO - 提取板块热度特征
2026-01-09 15:09:06,779 - qmt_strategy - INFO - 提取市场情绪特征
2026-01-09 15:09:06,781 - qmt_strategy - INFO - 提取个股基本面特征
2026-01-09 15:09:06,782 - qmt_strategy - INFO - 提取技术指标特征
2026-01-09 15:09:06,796 - qmt_strategy - INFO - 合并所有特征
2026-01-09 15:09:06,798 - qmt_strategy - INFO - 简化特征提取完成
2026-01-09 15:09:06,799 - qmt_strategy - INFO - 开始简化特征提取
2026-01-09 15:09:06,799 - qmt_strategy - INFO - 提取集合竞价特征
2026-01-09 15:09:06,801 - qmt_strategy - INFO - 提取板块热度特征
2026-01-09 15:09:06,803 - qmt_strategy - INFO - 提取市场情绪特征
2026-01-09 15:09:06,805 - qmt_strategy - INFO - 提取个股基本面特征
2026-01-09 15:09:06,807 - qmt_strategy - INFO - 提取技术指标特征
2026-01-09 15:09:06,822 - qmt_strategy - INFO - 合并所有特征
2026-01-09 15:09:06,823 - qmt_strategy - INFO - 简化特征提取完成
2026-01-09 15:09:06,824 - qmt_strategy - INFO - 开始简化特征提取
2026-01-09 15:09:06,825 - qmt_strategy - INFO - 提取集合竞价特征
2026-01-09 15:09:06,827 - qmt_strategy - INFO - 提取板块热度特征
2026-01-09 15:09:06,828 - qmt_strategy - INFO - 提取市场情绪特征
2026-01-09 15:09:06,829 - qmt_strategy - INFO - 提取个股基本面特征
2026-01-09 15:09:06,830 - qmt_strategy - INFO - 提取技术指标特征
2026-01-09 15:09:06,843 - qmt_strategy - INFO - 合并所有特征
2026-01-09 15:09:06,844 - qmt_strategy - INFO - 简化特征提取完成
2026-01-09 15:09:06,845 - qmt_strategy - INFO - 开始简化特征提取
2026-01-09 15:09:06,846 - qmt_strategy - INFO - 提取集合竞价特征
2026-01-09 15:09:06,848 - qmt_strategy - INFO - 提取板块热度特征
2026-01-09 15:09:06,849 - qmt_strategy - INFO - 提取市场情绪特征
2026-01-09 15:09:06,850 - qmt_strategy - INFO - 提取个股基本面特征
2026-01-09 15:09:06,851 - qmt_strategy - INFO - 提取技术指标特征
2026-01-09 15:09:06,865 - qmt_strategy - INFO - 合并所有特征
2026-01-09 15:09:06,868 - qmt_strategy - INFO - 简化特征提取完成
2026-01-09 15:09:06,878 - qmt_strategy - INFO - 生成了4300条回测特征数据
2026-01-09 15:09:06,879 - qmt_strategy - INFO - 特征数据中涨停标签数量：0
2026-01-09 15:09:06,882 - qmt_strategy - INFO - === 开始回测验证 ===
2026-01-09 15:09:06,883 - qmt_strategy - INFO - 初始化回测器
2026-01-09 15:10:57,318 - qmt_strategy - INFO - === 开始回测验证流程 ===
2026-01-09 15:10:57,319 - qmt_strategy - INFO - 加载历史数据
2026-01-09 15:10:57,320 - qmt_strategy - INFO - 加载了100只股票的数据
2026-01-09 15:10:57,320 - qmt_strategy - INFO - 历史数据示例：['600001.SH', '600002.SH', '600003.SH', '600004.SH', '600005.SH']
2026-01-09 15:10:57,320 - qmt_strategy - INFO - 原始数据包含100只股票，处理全量股票池
2026-01-09 15:10:57,321 - qmt_strategy - INFO - 准备回测数据
2026-01-09 15:10:57,321 - qmt_strategy - INFO - 开始处理100只股票的数据
2026-01-09 15:10:57,422 - qmt_strategy - INFO - 总共有0个涨停日，总交易天数：4300
2026-01-09 15:10:57,423 - qmt_strategy - INFO - 处理了100只股票
2026-01-09 15:10:57,423 - qmt_strategy - WARNING - 没有检测到涨停股票，这可能导致模型无法学习到有效的涨停模式
2026-01-09 15:10:57,426 - qmt_strategy - INFO - 合并后的数据总行数：4300
2026-01-09 15:10:57,426 - qmt_strategy - INFO - 开始提取特征
2026-01-09 15:10:57,427 - qmt_strategy - INFO - 初始化特征工程师
2026-01-09 15:10:57,428 - qmt_strategy - INFO - 开始简化特征提取
2026-01-09 15:10:57,428 - qmt_strategy - INFO - 提取集合竞价特征
2026-01-09 15:10:57,432 - qmt_strategy - INFO - 提取板块热度特征
2026-01-09 15:10:57,433 - qmt_strategy - INFO - 提取市场情绪特征
2026-01-09 15:10:57,436 - qmt_strategy - INFO - 提取个股基本面特征
2026-01-09 15:10:57,437 - qmt_strategy - INFO - 提取技术指标特征
2026-01-09 15:10:57,450 - qmt_strategy - INFO - 合并所有特征
2026-01-09 15:10:57,451 - qmt_strategy - INFO - 简化特征提取完成
2026-01-09 15:10:57,453 - qmt_strategy - INFO - 开始简化特征提取
2026-01-09 15:10:57,453 - qmt_strategy - INFO - 提取集合竞价特征
2026-01-09 15:10:57,455 - qmt_strategy - INFO - 提取板块热度特征
2026-01-09 15:10:57,456 - qmt_strategy - INFO - 提取市场情绪特征
2026-01-09 15:10:57,458 - qmt_strategy - INFO - 提取个股基本面特征
2026-01-09 15:10:57,459 - qmt_strategy - INFO - 提取技术指标特征
2026-01-09 15:10:57,479 - qmt_strategy - INFO - 合并所有特征
2026-01-09 15:10:57,481 - qmt_strategy - INFO - 简化特征提取完成
2026-01-09 15:10:57,483 - qmt_strategy - INFO - 开始简化特征提取
2026-01-09 15:10:57,483 - qmt_strategy - INFO - 提取集合竞价特征
2026-01-09 15:10:57,486 - qmt_strategy - INFO - 提取板块热度特征
2026-01-09 15:10:57,487 - qmt_strategy - INFO - 提取市场情绪特征
2026-01-09 15:10:57,488 - qmt_strategy - INFO - 提取个股基本面特征
2026-01-09 15:10:57,490 - qmt_strategy - INFO - 提取技术指标特征
2026-01-09 15:10:57,504 - qmt_strategy - INFO - 合并所有特征
2026-01-09 15:10:57,505 - qmt_strategy - INFO - 简化特征提取完成
2026-01-09 15:10:57,506 - qmt_strategy - INFO - 开始简化特征提取
2026-01-09 15:10:57,507 - qmt_strategy - INFO - 提取集合竞价特征
2026-01-09 15:10:57,510 - qmt_strategy - INFO - 提取板块热度特征
2026-01-09 15:10:57,510 - qmt_strategy - INFO - 提取市场情绪特征
2026-01-09 15:10:57,512 - qmt_strategy - INFO - 提取个股基本面特征
2026-01-09 15:10:57,513 - qmt_strategy - INFO - 提取技术指标特征
2026-01-09 15:10:57,526 - qmt_strategy - INFO - 合并所有特征
2026-01-09 15:10:57,527 - qmt_strategy - INFO - 简化特征提取完成
2026-01-09 15:10:57,528 - qmt_strategy - INFO - 开始简化特征提取
2026-01-09 15:10:57,528 - qmt_strategy - INFO - 提取集合竞价特征
2026-01-09 15:10:57,533 - qmt_strategy - INFO - 提取板块热度特征
2026-01-09 15:10:57,534 - qmt_strategy - INFO - 提取市场情绪特征
2026-01-09 15:10:57,536 - qmt_strategy - INFO - 提取个股基本面特征
2026-01-09 15:10:57,536 - qmt_strategy - INFO - 提取技术指标特征
2026-01-09 15:10:57,550 - qmt_strategy - INFO - 合并所有特征
2026-01-09 15:10:57,551 - qmt_strategy - INFO - 简化特征提取完成
2026-01-09 15:10:57,552 - qmt_strategy - INFO - 开始简化特征提取
2026-01-09 15:10:57,553 - qmt_strategy - INFO - 提取集合竞价特征
2026-01-09 15:10:57,555 - qmt_strategy - INFO - 提取板块热度特征
2026-01-09 15:10:57,556 - qmt_strategy - INFO - 提取市场情绪特征
2026-01-09 15:10:57,557 - qmt_strategy - INFO - 提取个股基本面特征
2026-01-09 15:10:57,558 - qmt_strategy - INFO - 提取技术指标特征
2026-01-09 15:10:57,572 - qmt_strategy - INFO - 合并所有特征
2026-01-09 15:10:57,573 - qmt_strategy - INFO - 简化特征提取完成
2026-01-09 15:10:57,575 - qmt_strategy - INFO - 开始简化特征提取
2026-01-09 15:10:57,575 - qmt_strategy - INFO - 提取集合竞价特征
2026-01-09 15:10:57,577 - qmt_strategy - INFO - 提取板块热度特征
2026-01-09 15:10:57,579 - qmt_strategy - INFO - 提取市场情绪特征
2026-01-09 15:10:57,582 - qmt_strategy - INFO - 提取个股基本面特征
2026-01-09 15:10:57,584 - qmt_strategy - INFO - 提取技术指标特征
2026-01-09 15:10:57,595 - qmt_strategy - INFO - 合并所有特征
2026-01-09 15:10:57,598 - qmt_strategy - INFO - 简化特征提取完成
2026-01-09 15:10:57,600 - qmt_strategy - INFO - 开始简化特征提取
2026-01-09 15:10:57,600 - qmt_strategy - INFO - 提取集合竞价特征
2026-01-09 15:10:57,603 - qmt_strategy - INFO - 提取板块热度特征
2026-01-09 15:10:57,604 - qmt_strategy - INFO - 提取市场情绪特征
2026-01-09 15:10:57,606 - qmt_strategy - INFO - 提取个股基本面特征
2026-01-09 15:10:57,607 - qmt_strategy - INFO - 提取技术指标特征
2026-01-09 15:10:57,623 - qmt_strategy - INFO - 合并所有特征
2026-01-09 15:10:57,625 - qmt_strategy - INFO - 简化特征提取完成
2026-01-09 15:10:57,626 - qmt_strategy - INFO - 开始简化特征提取
2026-01-09 15:10:57,626 - qmt_strategy - INFO - 提取集合竞价特征
2026-01-09 15:10:57,630 - qmt_strategy - INFO - 提取板块热度特征
2026-01-09 15:10:57,631 - qmt_strategy - INFO - 提取市场情绪特征
2026-01-09 15:10:57,634 - qmt_strategy - INFO - 提取个股基本面特征
2026-01-09 15:10:57,635 - qmt_strategy - INFO - 提取技术指标特征
2026-01-09 15:10:57,647 - qmt_strategy - INFO - 合并所有特征
2026-01-09 15:10:57,649 - qmt_strategy - INFO - 简化特征提取完成
2026-01-09 15:10:57,651 - qmt_strategy - INFO - 开始简化特征提取
2026-01-09 15:10:57,651 - qmt_strategy - INFO - 提取集合竞价特征
2026-01-09 15:10:57,653 - qmt_strategy - INFO - 提取板块热度特征
2026-01-09 15:10:57,654 - qmt_strategy - INFO - 提取市场情绪特征
2026-01-09 15:10:57,657 - qmt_strategy - INFO - 提取个股基本面特征
2026-01-09 15:10:57,659 - qmt_strategy - INFO - 提取技术指标特征
2026-01-09 15:10:57,675 - qmt_strategy - INFO - 合并所有特征
2026-01-09 15:10:57,678 - qmt_strategy - INFO - 简化特征提取完成
2026-01-09 15:10:57,679 - qmt_strategy - INFO - 开始简化特征提取
2026-01-09 15:10:57,679 - qmt_strategy - INFO - 提取集合竞价特征
2026-01-09 15:10:57,682 - qmt_strategy - INFO - 提取板块热度特征
2026-01-09 15:10:57,684 - qmt_strategy - INFO - 提取市场情绪特征
2026-01-09 15:10:57,685 - qmt_strategy - INFO - 提取个股基本面特征
2026-01-09 15:10:57,686 - qmt_strategy - INFO - 提取技术指标特征
2026-01-09 15:10:57,698 - qmt_strategy - INFO - 合并所有特征
2026-01-09 15:10:57,699 - qmt_strategy - INFO - 简化特征提取完成
2026-01-09 15:10:57,701 - qmt_strategy - INFO - 开始简化特征提取
2026-01-09 15:10:57,701 - qmt_strategy - INFO - 提取集合竞价特征
2026-01-09 15:10:57,704 - qmt_strategy - INFO - 提取板块热度特征
2026-01-09 15:10:57,704 - qmt_strategy - INFO - 提取市场情绪特征
2026-01-09 15:10:57,706 - qmt_strategy - INFO - 提取个股基本面特征
2026-01-09 15:10:57,707 - qmt_strategy - INFO - 提取技术指标特征
2026-01-09 15:10:57,723 - qmt_strategy - INFO - 合并所有特征
2026-01-09 15:10:57,725 - qmt_strategy - INFO - 简化特征提取完成
2026-01-09 15:10:57,726 - qmt_strategy - INFO - 开始简化特征提取
2026-01-09 15:10:57,726 - qmt_strategy - INFO - 提取集合竞价特征
2026-01-09 15:10:57,729 - qmt_strategy - INFO - 提取板块热度特征
2026-01-09 15:10:57,729 - qmt_strategy - INFO - 提取市场情绪特征
2026-01-09 15:10:57,732 - qmt_strategy - INFO - 提取个股基本面特征
2026-01-09 15:10:57,733 - qmt_strategy - INFO - 提取技术指标特征
2026-01-09 15:10:57,747 - qmt_strategy - INFO - 合并所有特征
2026-01-09 15:10:57,748 - qmt_strategy - INFO - 简化特征提取完成
2026-01-09 15:10:57,750 - qmt_strategy - INFO - 开始简化特征提取
2026-01-09 15:10:57,750 - qmt_strategy - INFO - 提取集合竞价特征
2026-01-09 15:10:57,753 - qmt_strategy - INFO - 提取板块热度特征
2026-01-09 15:10:57,754 - qmt_strategy - INFO - 提取市场情绪特征
2026-01-09 15:10:57,755 - qmt_strategy - INFO - 提取个股基本面特征
2026-01-09 15:10:57,756 - qmt_strategy - INFO - 提取技术指标特征
2026-01-09 15:10:57,769 - qmt_strategy - INFO - 合并所有特征
2026-01-09 15:10:57,771 - qmt_strategy - INFO - 简化特征提取完成
2026-01-09 15:10:57,772 - qmt_strategy - INFO - 开始简化特征提取
2026-01-09 15:10:57,772 - qmt_strategy - INFO - 提取集合竞价特征
2026-01-09 15:10:57,775 - qmt_strategy - INFO - 提取板块热度特征
2026-01-09 15:10:57,776 - qmt_strategy - INFO - 提取市场情绪特征
2026-01-09 15:10:57,777 - qmt_strategy - INFO - 提取个股基本面特征
2026-01-09 15:10:57,779 - qmt_strategy - INFO - 提取技术指标特征
2026-01-09 15:10:57,791 - qmt_strategy - INFO - 合并所有特征
2026-01-09 15:10:57,793 - qmt_strategy - INFO - 简化特征提取完成
2026-01-09 15:10:57,794 - qmt_strategy - INFO - 开始简化特征提取
2026-01-09 15:10:57,794 - qmt_strategy - INFO - 提取集合竞价特征
2026-01-09 15:10:57,797 - qmt_strategy - INFO - 提取板块热度特征
2026-01-09 15:10:57,798 - qmt_strategy - INFO - 提取市场情绪特征
2026-01-09 15:10:57,800 - qmt_strategy - INFO - 提取个股基本面特征
2026-01-09 15:10:57,802 - qmt_strategy - INFO - 提取技术指标特征
2026-01-09 15:10:57,813 - qmt_strategy - INFO - 合并所有特征
2026-01-09 15:10:57,815 - qmt_strategy - INFO - 简化特征提取完成
2026-01-09 15:10:57,816 - qmt_strategy - INFO - 开始简化特征提取
2026-01-09 15:10:57,816 - qmt_strategy - INFO - 提取集合竞价特征
2026-01-09 15:10:57,819 - qmt_strategy - INFO - 提取板块热度特征
2026-01-09 15:10:57,820 - qmt_strategy - INFO - 提取市场情绪特征
2026-01-09 15:10:57,822 - qmt_strategy - INFO - 提取个股基本面特征
2026-01-09 15:10:57,823 - qmt_strategy - INFO - 提取技术指标特征
2026-01-09 15:10:57,838 - qmt_strategy - INFO - 合并所有特征
2026-01-09 15:10:57,839 - qmt_strategy - INFO - 简化特征提取完成
2026-01-09 15:10:57,840 - qmt_strategy - INFO - 开始简化特征提取
2026-01-09 15:10:57,840 - qmt_strategy - INFO - 提取集合竞价特征
2026-01-09 15:10:57,843 - qmt_strategy - INFO - 提取板块热度特征
2026-01-09 15:10:57,844 - qmt_strategy - INFO - 提取市场情绪特征
2026-01-09 15:10:57,846 - qmt_strategy - INFO - 提取个股基本面特征
2026-01-09 15:10:57,847 - qmt_strategy - INFO - 提取技术指标特征
2026-01-09 15:10:57,859 - qmt_strategy - INFO - 合并所有特征
2026-01-09 15:10:57,860 - qmt_strategy - INFO - 简化特征提取完成
2026-01-09 15:10:57,861 - qmt_strategy - INFO - 开始简化特征提取
2026-01-09 15:10:57,861 - qmt_strategy - INFO - 提取集合竞价特征
2026-01-09 15:10:57,865 - qmt_strategy - INFO - 提取板块热度特征
2026-01-09 15:10:57,866 - qmt_strategy - INFO - 提取市场情绪特征
2026-01-09 15:10:57,868 - qmt_strategy - INFO - 提取个股基本面特征
2026-01-09 15:10:57,869 - qmt_strategy - INFO - 提取技术指标特征
2026-01-09 15:10:57,883 - qmt_strategy - INFO - 合并所有特征
2026-01-09 15:10:57,885 - qmt_strategy - INFO - 简化特征提取完成
2026-01-09 15:10:57,886 - qmt_strategy - INFO - 开始简化特征提取
2026-01-09 15:10:57,886 - qmt_strategy - INFO - 提取集合竞价特征
2026-01-09 15:10:57,889 - qmt_strategy - INFO - 提取板块热度特征
2026-01-09 15:10:57,890 - qmt_strategy - INFO - 提取市场情绪特征
2026-01-09 15:10:57,891 - qmt_strategy - INFO - 提取个股基本面特征
2026-01-09 15:10:57,892 - qmt_strategy - INFO - 提取技术指标特征
2026-01-09 15:10:57,906 - qmt_strategy - INFO - 合并所有特征
2026-01-09 15:10:57,907 - qmt_strategy - INFO - 简化特征提取完成
2026-01-09 15:10:57,908 - qmt_strategy - INFO - 开始简化特征提取
2026-01-09 15:10:57,908 - qmt_strategy - INFO - 提取集合竞价特征
2026-01-09 15:10:57,911 - qmt_strategy - INFO - 提取板块热度特征
2026-01-09 15:10:57,912 - qmt_strategy - INFO - 提取市场情绪特征
2026-01-09 15:10:57,914 - qmt_strategy - INFO - 提取个股基本面特征
2026-01-09 15:10:57,915 - qmt_strategy - INFO - 提取技术指标特征
2026-01-09 15:10:57,927 - qmt_strategy - INFO - 合并所有特征
2026-01-09 15:10:57,928 - qmt_strategy - INFO - 简化特征提取完成
2026-01-09 15:10:57,929 - qmt_strategy - INFO - 开始简化特征提取
2026-01-09 15:10:57,930 - qmt_strategy - INFO - 提取集合竞价特征
2026-01-09 15:10:57,934 - qmt_strategy - INFO - 提取板块热度特征
2026-01-09 15:10:57,935 - qmt_strategy - INFO - 提取市场情绪特征
2026-01-09 15:10:57,937 - qmt_strategy - INFO - 提取个股基本面特征
2026-01-09 15:10:57,938 - qmt_strategy - INFO - 提取技术指标特征
2026-01-09 15:10:57,951 - qmt_strategy - INFO - 合并所有特征
2026-01-09 15:10:57,953 - qmt_strategy - INFO - 简化特征提取完成
2026-01-09 15:10:57,954 - qmt_strategy - INFO - 开始简化特征提取
2026-01-09 15:10:57,954 - qmt_strategy - INFO - 提取集合竞价特征
2026-01-09 15:10:57,957 - qmt_strategy - INFO - 提取板块热度特征
2026-01-09 15:10:57,958 - qmt_strategy - INFO - 提取市场情绪特征
2026-01-09 15:10:57,959 - qmt_strategy - INFO - 提取个股基本面特征
2026-01-09 15:10:57,960 - qmt_strategy - INFO - 提取技术指标特征
2026-01-09 15:10:57,973 - qmt_strategy - INFO - 合并所有特征
2026-01-09 15:10:57,974 - qmt_strategy - INFO - 简化特征提取完成
2026-01-09 15:10:57,975 - qmt_strategy - INFO - 开始简化特征提取
2026-01-09 15:10:57,975 - qmt_strategy - INFO - 提取集合竞价特征
2026-01-09 15:10:57,979 - qmt_strategy - INFO - 提取板块热度特征
2026-01-09 15:10:57,980 - qmt_strategy - INFO - 提取市场情绪特征
2026-01-09 15:10:57,982 - qmt_strategy - INFO - 提取个股基本面特征
2026-01-09 15:10:57,983 - qmt_strategy - INFO - 提取技术指标特征
2026-01-09 15:10:57,996 - qmt_strategy - INFO - 合并所有特征
2026-01-09 15:10:57,997 - qmt_strategy - INFO - 简化特征提取完成
2026-01-09 15:10:57,999 - qmt_strategy - INFO - 开始简化特征提取
2026-01-09 15:10:57,999 - qmt_strategy - INFO - 提取集合竞价特征
2026-01-09 15:10:58,002 - qmt_strategy - INFO - 提取板块热度特征
2026-01-09 15:10:58,003 - qmt_strategy - INFO - 提取市场情绪特征
2026-01-09 15:10:58,004 - qmt_strategy - INFO - 提取个股基本面特征
2026-01-09 15:10:58,005 - qmt_strategy - INFO - 提取技术指标特征
2026-01-09 15:10:58,018 - qmt_strategy - INFO - 合并所有特征
2026-01-09 15:10:58,020 - qmt_strategy - INFO - 简化特征提取完成
2026-01-09 15:10:58,021 - qmt_strategy - INFO - 开始简化特征提取
2026-01-09 15:10:58,021 - qmt_strategy - INFO - 提取集合竞价特征
2026-01-09 15:10:58,024 - qmt_strategy - INFO - 提取板块热度特征
2026-01-09 15:10:58,025 - qmt_strategy - INFO - 提取市场情绪特征
2026-01-09 15:10:58,027 - qmt_strategy - INFO - 提取个股基本面特征
2026-01-09 15:10:58,028 - qmt_strategy - INFO - 提取技术指标特征
2026-01-09 15:10:58,040 - qmt_strategy - INFO - 合并所有特征
2026-01-09 15:10:58,041 - qmt_strategy - INFO - 简化特征提取完成
2026-01-09 15:10:58,042 - qmt_strategy - INFO - 开始简化特征提取
2026-01-09 15:10:58,043 - qmt_strategy - INFO - 提取集合竞价特征
2026-01-09 15:10:58,045 - qmt_strategy - INFO - 提取板块热度特征
2026-01-09 15:10:58,045 - qmt_strategy - INFO - 提取市场情绪特征
2026-01-09 15:10:58,048 - qmt_strategy - INFO - 提取个股基本面特征
2026-01-09 15:10:58,049 - qmt_strategy - INFO - 提取技术指标特征
2026-01-09 15:10:58,060 - qmt_strategy - INFO - 合并所有特征
2026-01-09 15:10:58,061 - qmt_strategy - INFO - 简化特征提取完成
2026-01-09 15:10:58,062 - qmt_strategy - INFO - 开始简化特征提取
2026-01-09 15:10:58,062 - qmt_strategy - INFO - 提取集合竞价特征
2026-01-09 15:10:58,066 - qmt_strategy - INFO - 提取板块热度特征
2026-01-09 15:10:58,067 - qmt_strategy - INFO - 提取市场情绪特征
2026-01-09 15:10:58,069 - qmt_strategy - INFO - 提取个股基本面特征
2026-01-09 15:10:58,070 - qmt_strategy - INFO - 提取技术指标特征
2026-01-09 15:10:58,083 - qmt_strategy - INFO - 合并所有特征
2026-01-09 15:10:58,085 - qmt_strategy - INFO - 简化特征提取完成
2026-01-09 15:10:58,086 - qmt_strategy - INFO - 开始简化特征提取
2026-01-09 15:10:58,086 - qmt_strategy - INFO - 提取集合竞价特征
2026-01-09 15:10:58,088 - qmt_strategy - INFO - 提取板块热度特征
2026-01-09 15:10:58,089 - qmt_strategy - INFO - 提取市场情绪特征
2026-01-09 15:10:58,091 - qmt_strategy - INFO - 提取个股基本面特征
2026-01-09 15:10:58,092 - qmt_strategy - INFO - 提取技术指标特征
2026-01-09 15:10:58,106 - qmt_strategy - INFO - 合并所有特征
2026-01-09 15:10:58,107 - qmt_strategy - INFO - 简化特征提取完成
2026-01-09 15:10:58,108 - qmt_strategy - INFO - 开始简化特征提取
2026-01-09 15:10:58,108 - qmt_strategy - INFO - 提取集合竞价特征
2026-01-09 15:10:58,111 - qmt_strategy - INFO - 提取板块热度特征
2026-01-09 15:10:58,111 - qmt_strategy - INFO - 提取市场情绪特征
2026-01-09 15:10:58,113 - qmt_strategy - INFO - 提取个股基本面特征
2026-01-09 15:10:58,114 - qmt_strategy - INFO - 提取技术指标特征
2026-01-09 15:10:58,127 - qmt_strategy - INFO - 合并所有特征
2026-01-09 15:10:58,128 - qmt_strategy - INFO - 简化特征提取完成
2026-01-09 15:10:58,130 - qmt_strategy - INFO - 开始简化特征提取
2026-01-09 15:10:58,130 - qmt_strategy - INFO - 提取集合竞价特征
2026-01-09 15:10:58,133 - qmt_strategy - INFO - 提取板块热度特征
2026-01-09 15:10:58,135 - qmt_strategy - INFO - 提取市场情绪特征
2026-01-09 15:10:58,136 - qmt_strategy - INFO - 提取个股基本面特征
2026-01-09 15:10:58,137 - qmt_strategy - INFO - 提取技术指标特征
2026-01-09 15:10:58,150 - qmt_strategy - INFO - 合并所有特征
2026-01-09 15:10:58,152 - qmt_strategy - INFO - 简化特征提取完成
2026-01-09 15:10:58,153 - qmt_strategy - INFO - 开始简化特征提取
2026-01-09 15:10:58,153 - qmt_strategy - INFO - 提取集合竞价特征
2026-01-09 15:10:58,155 - qmt_strategy - INFO - 提取板块热度特征
2026-01-09 15:10:58,156 - qmt_strategy - INFO - 提取市场情绪特征
2026-01-09 15:10:58,158 - qmt_strategy - INFO - 提取个股基本面特征
2026-01-09 15:10:58,159 - qmt_strategy - INFO - 提取技术指标特征
2026-01-09 15:10:58,173 - qmt_strategy - INFO - 合并所有特征
2026-01-09 15:10:58,174 - qmt_strategy - INFO - 简化特征提取完成
2026-01-09 15:10:58,175 - qmt_strategy - INFO - 开始简化特征提取
2026-01-09 15:10:58,175 - qmt_strategy - INFO - 提取集合竞价特征
2026-01-09 15:10:58,178 - qmt_strategy - INFO - 提取板块热度特征
2026-01-09 15:10:58,179 - qmt_strategy - INFO - 提取市场情绪特征
2026-01-09 15:10:58,182 - qmt_strategy - INFO - 提取个股基本面特征
2026-01-09 15:10:58,183 - qmt_strategy - INFO - 提取技术指标特征
2026-01-09 15:10:58,194 - qmt_strategy - INFO - 合并所有特征
2026-01-09 15:10:58,195 - qmt_strategy - INFO - 简化特征提取完成
2026-01-09 15:10:58,197 - qmt_strategy - INFO - 开始简化特征提取
2026-01-09 15:10:58,197 - qmt_strategy - INFO - 提取集合竞价特征
2026-01-09 15:10:58,201 - qmt_strategy - INFO - 提取板块热度特征
2026-01-09 15:10:58,202 - qmt_strategy - INFO - 提取市场情绪特征
2026-01-09 15:10:58,204 - qmt_strategy - INFO - 提取个股基本面特征
2026-01-09 15:10:58,205 - qmt_strategy - INFO - 提取技术指标特征
2026-01-09 15:10:58,219 - qmt_strategy - INFO - 合并所有特征
2026-01-09 15:10:58,221 - qmt_strategy - INFO - 简化特征提取完成
2026-01-09 15:10:58,222 - qmt_strategy - INFO - 开始简化特征提取
2026-01-09 15:10:58,222 - qmt_strategy - INFO - 提取集合竞价特征
2026-01-09 15:10:58,224 - qmt_strategy - INFO - 提取板块热度特征
2026-01-09 15:10:58,225 - qmt_strategy - INFO - 提取市场情绪特征
2026-01-09 15:10:58,226 - qmt_strategy - INFO - 提取个股基本面特征
2026-01-09 15:10:58,228 - qmt_strategy - INFO - 提取技术指标特征
2026-01-09 15:10:58,241 - qmt_strategy - INFO - 合并所有特征
2026-01-09 15:10:58,242 - qmt_strategy - INFO - 简化特征提取完成
2026-01-09 15:10:58,243 - qmt_strategy - INFO - 开始简化特征提取
2026-01-09 15:10:58,243 - qmt_strategy - INFO - 提取集合竞价特征
2026-01-09 15:10:58,247 - qmt_strategy - INFO - 提取板块热度特征
2026-01-09 15:10:58,248 - qmt_strategy - INFO - 提取市场情绪特征
2026-01-09 15:10:58,250 - qmt_strategy - INFO - 提取个股基本面特征
2026-01-09 15:10:58,251 - qmt_strategy - INFO - 提取技术指标特征
2026-01-09 15:10:58,261 - qmt_strategy - INFO - 合并所有特征
2026-01-09 15:10:58,262 - qmt_strategy - INFO - 简化特征提取完成
2026-01-09 15:10:58,264 - qmt_strategy - INFO - 开始简化特征提取
2026-01-09 15:10:58,264 - qmt_strategy - INFO - 提取集合竞价特征
2026-01-09 15:10:58,268 - qmt_strategy - INFO - 提取板块热度特征
2026-01-09 15:10:58,268 - qmt_strategy - INFO - 提取市场情绪特征
2026-01-09 15:10:58,270 - qmt_strategy - INFO - 提取个股基本面特征
2026-01-09 15:10:58,271 - qmt_strategy - INFO - 提取技术指标特征
2026-01-09 15:10:58,283 - qmt_strategy - INFO - 合并所有特征
2026-01-09 15:10:58,285 - qmt_strategy - INFO - 简化特征提取完成
2026-01-09 15:10:58,286 - qmt_strategy - INFO - 开始简化特征提取
2026-01-09 15:10:58,286 - qmt_strategy - INFO - 提取集合竞价特征
2026-01-09 15:10:58,289 - qmt_strategy - INFO - 提取板块热度特征
2026-01-09 15:10:58,289 - qmt_strategy - INFO - 提取市场情绪特征
2026-01-09 15:10:58,291 - qmt_strategy - INFO - 提取个股基本面特征
2026-01-09 15:10:58,292 - qmt_strategy - INFO - 提取技术指标特征
2026-01-09 15:10:58,305 - qmt_strategy - INFO - 合并所有特征
2026-01-09 15:10:58,307 - qmt_strategy - INFO - 简化特征提取完成
2026-01-09 15:10:58,308 - qmt_strategy - INFO - 开始简化特征提取
2026-01-09 15:10:58,308 - qmt_strategy - INFO - 提取集合竞价特征
2026-01-09 15:10:58,310 - qmt_strategy - INFO - 提取板块热度特征
2026-01-09 15:10:58,311 - qmt_strategy - INFO - 提取市场情绪特征
2026-01-09 15:10:58,313 - qmt_strategy - INFO - 提取个股基本面特征
2026-01-09 15:10:58,314 - qmt_strategy - INFO - 提取技术指标特征
2026-01-09 15:10:58,325 - qmt_strategy - INFO - 合并所有特征
2026-01-09 15:10:58,326 - qmt_strategy - INFO - 简化特征提取完成
2026-01-09 15:10:58,327 - qmt_strategy - INFO - 开始简化特征提取
2026-01-09 15:10:58,327 - qmt_strategy - INFO - 提取集合竞价特征
2026-01-09 15:10:58,330 - qmt_strategy - INFO - 提取板块热度特征
2026-01-09 15:10:58,332 - qmt_strategy - INFO - 提取市场情绪特征
2026-01-09 15:10:58,334 - qmt_strategy - INFO - 提取个股基本面特征
2026-01-09 15:10:58,335 - qmt_strategy - INFO - 提取技术指标特征
2026-01-09 15:10:58,346 - qmt_strategy - INFO - 合并所有特征
2026-01-09 15:10:58,348 - qmt_strategy - INFO - 简化特征提取完成
2026-01-09 15:10:58,349 - qmt_strategy - INFO - 开始简化特征提取
2026-01-09 15:10:58,350 - qmt_strategy - INFO - 提取集合竞价特征
2026-01-09 15:10:58,353 - qmt_strategy - INFO - 提取板块热度特征
2026-01-09 15:10:58,354 - qmt_strategy - INFO - 提取市场情绪特征
2026-01-09 15:10:58,355 - qmt_strategy - INFO - 提取个股基本面特征
2026-01-09 15:10:58,356 - qmt_strategy - INFO - 提取技术指标特征
2026-01-09 15:10:58,370 - qmt_strategy - INFO - 合并所有特征
2026-01-09 15:10:58,371 - qmt_strategy - INFO - 简化特征提取完成
2026-01-09 15:10:58,372 - qmt_strategy - INFO - 开始简化特征提取
2026-01-09 15:10:58,372 - qmt_strategy - INFO - 提取集合竞价特征
2026-01-09 15:10:58,375 - qmt_strategy - INFO - 提取板块热度特征
2026-01-09 15:10:58,376 - qmt_strategy - INFO - 提取市场情绪特征
2026-01-09 15:10:58,377 - qmt_strategy - INFO - 提取个股基本面特征
2026-01-09 15:10:58,379 - qmt_strategy - INFO - 提取技术指标特征
2026-01-09 15:10:58,391 - qmt_strategy - INFO - 合并所有特征
2026-01-09 15:10:58,393 - qmt_strategy - INFO - 简化特征提取完成
2026-01-09 15:10:58,394 - qmt_strategy - INFO - 开始简化特征提取
2026-01-09 15:10:58,394 - qmt_strategy - INFO - 提取集合竞价特征
2026-01-09 15:10:58,396 - qmt_strategy - INFO - 提取板块热度特征
2026-01-09 15:10:58,397 - qmt_strategy - INFO - 提取市场情绪特征
2026-01-09 15:10:58,401 - qmt_strategy - INFO - 提取个股基本面特征
2026-01-09 15:10:58,402 - qmt_strategy - INFO - 提取技术指标特征
2026-01-09 15:10:58,417 - qmt_strategy - INFO - 合并所有特征
2026-01-09 15:10:58,419 - qmt_strategy - INFO - 简化特征提取完成
2026-01-09 15:10:58,420 - qmt_strategy - INFO - 开始简化特征提取
2026-01-09 15:10:58,420 - qmt_strategy - INFO - 提取集合竞价特征
2026-01-09 15:10:58,423 - qmt_strategy - INFO - 提取板块热度特征
2026-01-09 15:10:58,424 - qmt_strategy - INFO - 提取市场情绪特征
2026-01-09 15:10:58,426 - qmt_strategy - INFO - 提取个股基本面特征
2026-01-09 15:10:58,426 - qmt_strategy - INFO - 提取技术指标特征
2026-01-09 15:10:58,441 - qmt_strategy - INFO - 合并所有特征
2026-01-09 15:10:58,442 - qmt_strategy - INFO - 简化特征提取完成
2026-01-09 15:10:58,443 - qmt_strategy - INFO - 开始简化特征提取
2026-01-09 15:10:58,443 - qmt_strategy - INFO - 提取集合竞价特征
2026-01-09 15:10:58,445 - qmt_strategy - INFO - 提取板块热度特征
2026-01-09 15:10:58,447 - qmt_strategy - INFO - 提取市场情绪特征
2026-01-09 15:10:58,450 - qmt_strategy - INFO - 提取个股基本面特征
2026-01-09 15:10:58,451 - qmt_strategy - INFO - 提取技术指标特征
2026-01-09 15:10:58,466 - qmt_strategy - INFO - 合并所有特征
2026-01-09 15:10:58,467 - qmt_strategy - INFO - 简化特征提取完成
2026-01-09 15:10:58,469 - qmt_strategy - INFO - 开始简化特征提取
2026-01-09 15:10:58,469 - qmt_strategy - INFO - 提取集合竞价特征
2026-01-09 15:10:58,471 - qmt_strategy - INFO - 提取板块热度特征
2026-01-09 15:10:58,472 - qmt_strategy - INFO - 提取市场情绪特征
2026-01-09 15:10:58,474 - qmt_strategy - INFO - 提取个股基本面特征
2026-01-09 15:10:58,475 - qmt_strategy - INFO - 提取技术指标特征
2026-01-09 15:10:58,489 - qmt_strategy - INFO - 合并所有特征
2026-01-09 15:10:58,490 - qmt_strategy - INFO - 简化特征提取完成
2026-01-09 15:10:58,491 - qmt_strategy - INFO - 开始简化特征提取
2026-01-09 15:10:58,492 - qmt_strategy - INFO - 提取集合竞价特征
2026-01-09 15:10:58,494 - qmt_strategy - INFO - 提取板块热度特征
2026-01-09 15:10:58,495 - qmt_strategy - INFO - 提取市场情绪特征
2026-01-09 15:10:58,498 - qmt_strategy - INFO - 提取个股基本面特征
2026-01-09 15:10:58,499 - qmt_strategy - INFO - 提取技术指标特征
2026-01-09 15:10:58,510 - qmt_strategy - INFO - 合并所有特征
2026-01-09 15:10:58,512 - qmt_strategy - INFO - 简化特征提取完成
2026-01-09 15:10:58,513 - qmt_strategy - INFO - 开始简化特征提取
2026-01-09 15:10:58,514 - qmt_strategy - INFO - 提取集合竞价特征
2026-01-09 15:10:58,517 - qmt_strategy - INFO - 提取板块热度特征
2026-01-09 15:10:58,518 - qmt_strategy - INFO - 提取市场情绪特征
2026-01-09 15:10:58,520 - qmt_strategy - INFO - 提取个股基本面特征
2026-01-09 15:10:58,522 - qmt_strategy - INFO - 提取技术指标特征
2026-01-09 15:10:58,536 - qmt_strategy - INFO - 合并所有特征
2026-01-09 15:10:58,537 - qmt_strategy - INFO - 简化特征提取完成
2026-01-09 15:10:58,538 - qmt_strategy - INFO - 开始简化特征提取
2026-01-09 15:10:58,538 - qmt_strategy - INFO - 提取集合竞价特征
2026-01-09 15:10:58,541 - qmt_strategy - INFO - 提取板块热度特征
2026-01-09 15:10:58,541 - qmt_strategy - INFO - 提取市场情绪特征
2026-01-09 15:10:58,542 - qmt_strategy - INFO - 提取个股基本面特征
2026-01-09 15:10:58,543 - qmt_strategy - INFO - 提取技术指标特征
2026-01-09 15:10:58,556 - qmt_strategy - INFO - 合并所有特征
2026-01-09 15:10:58,558 - qmt_strategy - INFO - 简化特征提取完成
2026-01-09 15:10:58,558 - qmt_strategy - INFO - 开始简化特征提取
2026-01-09 15:10:58,559 - qmt_strategy - INFO - 提取集合竞价特征
2026-01-09 15:10:58,561 - qmt_strategy - INFO - 提取板块热度特征
2026-01-09 15:10:58,561 - qmt_strategy - INFO - 提取市场情绪特征
2026-01-09 15:10:58,564 - qmt_strategy - INFO - 提取个股基本面特征
2026-01-09 15:10:58,565 - qmt_strategy - INFO - 提取技术指标特征
2026-01-09 15:10:58,577 - qmt_strategy - INFO - 合并所有特征
2026-01-09 15:10:58,579 - qmt_strategy - INFO - 简化特征提取完成
2026-01-09 15:10:58,580 - qmt_strategy - INFO - 开始简化特征提取
2026-01-09 15:10:58,581 - qmt_strategy - INFO - 提取集合竞价特征
2026-01-09 15:10:58,585 - qmt_strategy - INFO - 提取板块热度特征
2026-01-09 15:10:58,586 - qmt_strategy - INFO - 提取市场情绪特征
2026-01-09 15:10:58,587 - qmt_strategy - INFO - 提取个股基本面特征
2026-01-09 15:10:58,589 - qmt_strategy - INFO - 提取技术指标特征
2026-01-09 15:10:58,603 - qmt_strategy - INFO - 合并所有特征
2026-01-09 15:10:58,604 - qmt_strategy - INFO - 简化特征提取完成
2026-01-09 15:10:58,605 - qmt_strategy - INFO - 开始简化特征提取
2026-01-09 15:10:58,606 - qmt_strategy - INFO - 提取集合竞价特征
2026-01-09 15:10:58,608 - qmt_strategy - INFO - 提取板块热度特征
2026-01-09 15:10:58,608 - qmt_strategy - INFO - 提取市场情绪特征
2026-01-09 15:10:58,611 - qmt_strategy - INFO - 提取个股基本面特征
2026-01-09 15:10:58,612 - qmt_strategy - INFO - 提取技术指标特征
2026-01-09 15:10:58,623 - qmt_strategy - INFO - 合并所有特征
2026-01-09 15:10:58,625 - qmt_strategy - INFO - 简化特征提取完成
2026-01-09 15:10:58,626 - qmt_strategy - INFO - 开始简化特征提取
2026-01-09 15:10:58,626 - qmt_strategy - INFO - 提取集合竞价特征
2026-01-09 15:10:58,629 - qmt_strategy - INFO - 提取板块热度特征
2026-01-09 15:10:58,630 - qmt_strategy - INFO - 提取市场情绪特征
2026-01-09 15:10:58,632 - qmt_strategy - INFO - 提取个股基本面特征
2026-01-09 15:10:58,633 - qmt_strategy - INFO - 提取技术指标特征
2026-01-09 15:10:58,645 - qmt_strategy - INFO - 合并所有特征
2026-01-09 15:10:58,646 - qmt_strategy - INFO - 简化特征提取完成
2026-01-09 15:10:58,648 - qmt_strategy - INFO - 开始简化特征提取
2026-01-09 15:10:58,649 - qmt_strategy - INFO - 提取集合竞价特征
2026-01-09 15:10:58,652 - qmt_strategy - INFO - 提取板块热度特征
2026-01-09 15:10:58,653 - qmt_strategy - INFO - 提取市场情绪特征
2026-01-09 15:10:58,655 - qmt_strategy - INFO - 提取个股基本面特征
2026-01-09 15:10:58,656 - qmt_strategy - INFO - 提取技术指标特征
2026-01-09 15:10:58,670 - qmt_strategy - INFO - 合并所有特征
2026-01-09 15:10:58,671 - qmt_strategy - INFO - 简化特征提取完成
2026-01-09 15:10:58,672 - qmt_strategy - INFO - 开始简化特征提取
2026-01-09 15:10:58,672 - qmt_strategy - INFO - 提取集合竞价特征
2026-01-09 15:10:58,674 - qmt_strategy - INFO - 提取板块热度特征
2026-01-09 15:10:58,675 - qmt_strategy - INFO - 提取市场情绪特征
2026-01-09 15:10:58,676 - qmt_strategy - INFO - 提取个股基本面特征
2026-01-09 15:10:58,677 - qmt_strategy - INFO - 提取技术指标特征
2026-01-09 15:10:58,692 - qmt_strategy - INFO - 合并所有特征
2026-01-09 15:10:58,693 - qmt_strategy - INFO - 简化特征提取完成
2026-01-09 15:10:58,694 - qmt_strategy - INFO - 开始简化特征提取
2026-01-09 15:10:58,694 - qmt_strategy - INFO - 提取集合竞价特征
2026-01-09 15:10:58,697 - qmt_strategy - INFO - 提取板块热度特征
2026-01-09 15:10:58,698 - qmt_strategy - INFO - 提取市场情绪特征
2026-01-09 15:10:58,700 - qmt_strategy - INFO - 提取个股基本面特征
2026-01-09 15:10:58,701 - qmt_strategy - INFO - 提取技术指标特征
2026-01-09 15:10:58,713 - qmt_strategy - INFO - 合并所有特征
2026-01-09 15:10:58,714 - qmt_strategy - INFO - 简化特征提取完成
2026-01-09 15:10:58,716 - qmt_strategy - INFO - 开始简化特征提取
2026-01-09 15:10:58,716 - qmt_strategy - INFO - 提取集合竞价特征
2026-01-09 15:10:58,719 - qmt_strategy - INFO - 提取板块热度特征
2026-01-09 15:10:58,720 - qmt_strategy - INFO - 提取市场情绪特征
2026-01-09 15:10:58,721 - qmt_strategy - INFO - 提取个股基本面特征
2026-01-09 15:10:58,722 - qmt_strategy - INFO - 提取技术指标特征
2026-01-09 15:10:58,738 - qmt_strategy - INFO - 合并所有特征
2026-01-09 15:10:58,739 - qmt_strategy - INFO - 简化特征提取完成
2026-01-09 15:10:58,740 - qmt_strategy - INFO - 开始简化特征提取
2026-01-09 15:10:58,740 - qmt_strategy - INFO - 提取集合竞价特征
2026-01-09 15:10:58,743 - qmt_strategy - INFO - 提取板块热度特征
2026-01-09 15:10:58,744 - qmt_strategy - INFO - 提取市场情绪特征
2026-01-09 15:10:58,746 - qmt_strategy - INFO - 提取个股基本面特征
2026-01-09 15:10:58,748 - qmt_strategy - INFO - 提取技术指标特征
2026-01-09 15:10:58,761 - qmt_strategy - INFO - 合并所有特征
2026-01-09 15:10:58,762 - qmt_strategy - INFO - 简化特征提取完成
2026-01-09 15:10:58,764 - qmt_strategy - INFO - 开始简化特征提取
2026-01-09 15:10:58,764 - qmt_strategy - INFO - 提取集合竞价特征
2026-01-09 15:10:58,769 - qmt_strategy - INFO - 提取板块热度特征
2026-01-09 15:10:58,770 - qmt_strategy - INFO - 提取市场情绪特征
2026-01-09 15:10:58,771 - qmt_strategy - INFO - 提取个股基本面特征
2026-01-09 15:10:58,773 - qmt_strategy - INFO - 提取技术指标特征
2026-01-09 15:10:58,787 - qmt_strategy - INFO - 合并所有特征
2026-01-09 15:10:58,788 - qmt_strategy - INFO - 简化特征提取完成
2026-01-09 15:10:58,789 - qmt_strategy - INFO - 开始简化特征提取
2026-01-09 15:10:58,789 - qmt_strategy - INFO - 提取集合竞价特征
2026-01-09 15:10:58,792 - qmt_strategy - INFO - 提取板块热度特征
2026-01-09 15:10:58,793 - qmt_strategy - INFO - 提取市场情绪特征
2026-01-09 15:10:58,794 - qmt_strategy - INFO - 提取个股基本面特征
2026-01-09 15:10:58,795 - qmt_strategy - INFO - 提取技术指标特征
2026-01-09 15:10:58,810 - qmt_strategy - INFO - 合并所有特征
2026-01-09 15:10:58,812 - qmt_strategy - INFO - 简化特征提取完成
2026-01-09 15:10:58,813 - qmt_strategy - INFO - 开始简化特征提取
2026-01-09 15:10:58,813 - qmt_strategy - INFO - 提取集合竞价特征
2026-01-09 15:10:58,816 - qmt_strategy - INFO - 提取板块热度特征
2026-01-09 15:10:58,817 - qmt_strategy - INFO - 提取市场情绪特征
2026-01-09 15:10:58,819 - qmt_strategy - INFO - 提取个股基本面特征
2026-01-09 15:10:58,820 - qmt_strategy - INFO - 提取技术指标特征
2026-01-09 15:10:58,833 - qmt_strategy - INFO - 合并所有特征
2026-01-09 15:10:58,834 - qmt_strategy - INFO - 简化特征提取完成
2026-01-09 15:10:58,835 - qmt_strategy - INFO - 开始简化特征提取
2026-01-09 15:10:58,836 - qmt_strategy - INFO - 提取集合竞价特征
2026-01-09 15:10:58,838 - qmt_strategy - INFO - 提取板块热度特征
2026-01-09 15:10:58,839 - qmt_strategy - INFO - 提取市场情绪特征
2026-01-09 15:10:58,841 - qmt_strategy - INFO - 提取个股基本面特征
2026-01-09 15:10:58,842 - qmt_strategy - INFO - 提取技术指标特征
2026-01-09 15:10:58,855 - qmt_strategy - INFO - 合并所有特征
2026-01-09 15:10:58,856 - qmt_strategy - INFO - 简化特征提取完成
2026-01-09 15:10:58,858 - qmt_strategy - INFO - 开始简化特征提取
2026-01-09 15:10:58,858 - qmt_strategy - INFO - 提取集合竞价特征
2026-01-09 15:10:58,861 - qmt_strategy - INFO - 提取板块热度特征
2026-01-09 15:10:58,861 - qmt_strategy - INFO - 提取市场情绪特征
2026-01-09 15:10:58,863 - qmt_strategy - INFO - 提取个股基本面特征
2026-01-09 15:10:58,864 - qmt_strategy - INFO - 提取技术指标特征
2026-01-09 15:10:58,877 - qmt_strategy - INFO - 合并所有特征
2026-01-09 15:10:58,878 - qmt_strategy - INFO - 简化特征提取完成
2026-01-09 15:10:58,878 - qmt_strategy - INFO - 开始简化特征提取
2026-01-09 15:10:58,879 - qmt_strategy - INFO - 提取集合竞价特征
2026-01-09 15:10:58,882 - qmt_strategy - INFO - 提取板块热度特征
2026-01-09 15:10:58,883 - qmt_strategy - INFO - 提取市场情绪特征
2026-01-09 15:10:58,885 - qmt_strategy - INFO - 提取个股基本面特征
2026-01-09 15:10:58,886 - qmt_strategy - INFO - 提取技术指标特征
2026-01-09 15:10:58,899 - qmt_strategy - INFO - 合并所有特征
2026-01-09 15:10:58,901 - qmt_strategy - INFO - 简化特征提取完成
2026-01-09 15:10:58,902 - qmt_strategy - INFO - 开始简化特征提取
2026-01-09 15:10:58,902 - qmt_strategy - INFO - 提取集合竞价特征
2026-01-09 15:10:58,905 - qmt_strategy - INFO - 提取板块热度特征
2026-01-09 15:10:58,906 - qmt_strategy - INFO - 提取市场情绪特征
2026-01-09 15:10:58,907 - qmt_strategy - INFO - 提取个股基本面特征
2026-01-09 15:10:58,908 - qmt_strategy - INFO - 提取技术指标特征
2026-01-09 15:10:58,922 - qmt_strategy - INFO - 合并所有特征
2026-01-09 15:10:58,924 - qmt_strategy - INFO - 简化特征提取完成
2026-01-09 15:10:58,925 - qmt_strategy - INFO - 开始简化特征提取
2026-01-09 15:10:58,925 - qmt_strategy - INFO - 提取集合竞价特征
2026-01-09 15:10:58,928 - qmt_strategy - INFO - 提取板块热度特征
2026-01-09 15:10:58,929 - qmt_strategy - INFO - 提取市场情绪特征
2026-01-09 15:10:58,934 - qmt_strategy - INFO - 提取个股基本面特征
2026-01-09 15:10:58,936 - qmt_strategy - INFO - 提取技术指标特征
2026-01-09 15:10:58,950 - qmt_strategy - INFO - 合并所有特征
2026-01-09 15:10:58,951 - qmt_strategy - INFO - 简化特征提取完成
2026-01-09 15:10:58,952 - qmt_strategy - INFO - 开始简化特征提取
2026-01-09 15:10:58,953 - qmt_strategy - INFO - 提取集合竞价特征
2026-01-09 15:10:58,955 - qmt_strategy - INFO - 提取板块热度特征
2026-01-09 15:10:58,956 - qmt_strategy - INFO - 提取市场情绪特征
2026-01-09 15:10:58,958 - qmt_strategy - INFO - 提取个股基本面特征
2026-01-09 15:10:58,959 - qmt_strategy - INFO - 提取技术指标特征
2026-01-09 15:10:58,972 - qmt_strategy - INFO - 合并所有特征
2026-01-09 15:10:58,973 - qmt_strategy - INFO - 简化特征提取完成
2026-01-09 15:10:58,974 - qmt_strategy - INFO - 开始简化特征提取
2026-01-09 15:10:58,974 - qmt_strategy - INFO - 提取集合竞价特征
2026-01-09 15:10:58,976 - qmt_strategy - INFO - 提取板块热度特征
2026-01-09 15:10:58,977 - qmt_strategy - INFO - 提取市场情绪特征
2026-01-09 15:10:58,978 - qmt_strategy - INFO - 提取个股基本面特征
2026-01-09 15:10:58,980 - qmt_strategy - INFO - 提取技术指标特征
2026-01-09 15:10:58,992 - qmt_strategy - INFO - 合并所有特征
2026-01-09 15:10:58,993 - qmt_strategy - INFO - 简化特征提取完成
2026-01-09 15:10:58,994 - qmt_strategy - INFO - 开始简化特征提取
2026-01-09 15:10:58,994 - qmt_strategy - INFO - 提取集合竞价特征
2026-01-09 15:10:58,999 - qmt_strategy - INFO - 提取板块热度特征
2026-01-09 15:10:59,000 - qmt_strategy - INFO - 提取市场情绪特征
2026-01-09 15:10:59,002 - qmt_strategy - INFO - 提取个股基本面特征
2026-01-09 15:10:59,003 - qmt_strategy - INFO - 提取技术指标特征
2026-01-09 15:10:59,017 - qmt_strategy - INFO - 合并所有特征
2026-01-09 15:10:59,019 - qmt_strategy - INFO - 简化特征提取完成
2026-01-09 15:10:59,020 - qmt_strategy - INFO - 开始简化特征提取
2026-01-09 15:10:59,020 - qmt_strategy - INFO - 提取集合竞价特征
2026-01-09 15:10:59,022 - qmt_strategy - INFO - 提取板块热度特征
2026-01-09 15:10:59,023 - qmt_strategy - INFO - 提取市场情绪特征
2026-01-09 15:10:59,026 - qmt_strategy - INFO - 提取个股基本面特征
2026-01-09 15:10:59,027 - qmt_strategy - INFO - 提取技术指标特征
2026-01-09 15:10:59,041 - qmt_strategy - INFO - 合并所有特征
2026-01-09 15:10:59,042 - qmt_strategy - INFO - 简化特征提取完成
2026-01-09 15:10:59,042 - qmt_strategy - INFO - 开始简化特征提取
2026-01-09 15:10:59,042 - qmt_strategy - INFO - 提取集合竞价特征
2026-01-09 15:10:59,045 - qmt_strategy - INFO - 提取板块热度特征
2026-01-09 15:10:59,045 - qmt_strategy - INFO - 提取市场情绪特征
2026-01-09 15:10:59,049 - qmt_strategy - INFO - 提取个股基本面特征
2026-01-09 15:10:59,050 - qmt_strategy - INFO - 提取技术指标特征
2026-01-09 15:10:59,061 - qmt_strategy - INFO - 合并所有特征
2026-01-09 15:10:59,062 - qmt_strategy - INFO - 简化特征提取完成
2026-01-09 15:10:59,063 - qmt_strategy - INFO - 开始简化特征提取
2026-01-09 15:10:59,064 - qmt_strategy - INFO - 提取集合竞价特征
2026-01-09 15:10:59,067 - qmt_strategy - INFO - 提取板块热度特征
2026-01-09 15:10:59,068 - qmt_strategy - INFO - 提取市场情绪特征
2026-01-09 15:10:59,070 - qmt_strategy - INFO - 提取个股基本面特征
2026-01-09 15:10:59,071 - qmt_strategy - INFO - 提取技术指标特征
2026-01-09 15:10:59,084 - qmt_strategy - INFO - 合并所有特征
2026-01-09 15:10:59,085 - qmt_strategy - INFO - 简化特征提取完成
2026-01-09 15:10:59,086 - qmt_strategy - INFO - 开始简化特征提取
2026-01-09 15:10:59,086 - qmt_strategy - INFO - 提取集合竞价特征
2026-01-09 15:10:59,089 - qmt_strategy - INFO - 提取板块热度特征
2026-01-09 15:10:59,089 - qmt_strategy - INFO - 提取市场情绪特征
2026-01-09 15:10:59,091 - qmt_strategy - INFO - 提取个股基本面特征
2026-01-09 15:10:59,092 - qmt_strategy - INFO - 提取技术指标特征
2026-01-09 15:10:59,105 - qmt_strategy - INFO - 合并所有特征
2026-01-09 15:10:59,106 - qmt_strategy - INFO - 简化特征提取完成
2026-01-09 15:10:59,108 - qmt_strategy - INFO - 开始简化特征提取
2026-01-09 15:10:59,108 - qmt_strategy - INFO - 提取集合竞价特征
2026-01-09 15:10:59,110 - qmt_strategy - INFO - 提取板块热度特征
2026-01-09 15:10:59,111 - qmt_strategy - INFO - 提取市场情绪特征
2026-01-09 15:10:59,114 - qmt_strategy - INFO - 提取个股基本面特征
2026-01-09 15:10:59,115 - qmt_strategy - INFO - 提取技术指标特征
2026-01-09 15:10:59,126 - qmt_strategy - INFO - 合并所有特征
2026-01-09 15:10:59,128 - qmt_strategy - INFO - 简化特征提取完成
2026-01-09 15:10:59,129 - qmt_strategy - INFO - 开始简化特征提取
2026-01-09 15:10:59,129 - qmt_strategy - INFO - 提取集合竞价特征
2026-01-09 15:10:59,133 - qmt_strategy - INFO - 提取板块热度特征
2026-01-09 15:10:59,134 - qmt_strategy - INFO - 提取市场情绪特征
2026-01-09 15:10:59,136 - qmt_strategy - INFO - 提取个股基本面特征
2026-01-09 15:10:59,137 - qmt_strategy - INFO - 提取技术指标特征
2026-01-09 15:10:59,149 - qmt_strategy - INFO - 合并所有特征
2026-01-09 15:10:59,151 - qmt_strategy - INFO - 简化特征提取完成
2026-01-09 15:10:59,152 - qmt_strategy - INFO - 开始简化特征提取
2026-01-09 15:10:59,152 - qmt_strategy - INFO - 提取集合竞价特征
2026-01-09 15:10:59,155 - qmt_strategy - INFO - 提取板块热度特征
2026-01-09 15:10:59,156 - qmt_strategy - INFO - 提取市场情绪特征
2026-01-09 15:10:59,157 - qmt_strategy - INFO - 提取个股基本面特征
2026-01-09 15:10:59,158 - qmt_strategy - INFO - 提取技术指标特征
2026-01-09 15:10:59,171 - qmt_strategy - INFO - 合并所有特征
2026-01-09 15:10:59,172 - qmt_strategy - INFO - 简化特征提取完成
2026-01-09 15:10:59,173 - qmt_strategy - INFO - 开始简化特征提取
2026-01-09 15:10:59,173 - qmt_strategy - INFO - 提取集合竞价特征
2026-01-09 15:10:59,176 - qmt_strategy - INFO - 提取板块热度特征
2026-01-09 15:10:59,176 - qmt_strategy - INFO - 提取市场情绪特征
2026-01-09 15:10:59,177 - qmt_strategy - INFO - 提取个股基本面特征
2026-01-09 15:10:59,179 - qmt_strategy - INFO - 提取技术指标特征
2026-01-09 15:10:59,192 - qmt_strategy - INFO - 合并所有特征
2026-01-09 15:10:59,193 - qmt_strategy - INFO - 简化特征提取完成
2026-01-09 15:10:59,194 - qmt_strategy - INFO - 开始简化特征提取
2026-01-09 15:10:59,194 - qmt_strategy - INFO - 提取集合竞价特征
2026-01-09 15:10:59,197 - qmt_strategy - INFO - 提取板块热度特征
2026-01-09 15:10:59,198 - qmt_strategy - INFO - 提取市场情绪特征
2026-01-09 15:10:59,201 - qmt_strategy - INFO - 提取个股基本面特征
2026-01-09 15:10:59,202 - qmt_strategy - INFO - 提取技术指标特征
2026-01-09 15:10:59,215 - qmt_strategy - INFO - 合并所有特征
2026-01-09 15:10:59,217 - qmt_strategy - INFO - 简化特征提取完成
2026-01-09 15:10:59,218 - qmt_strategy - INFO - 开始简化特征提取
2026-01-09 15:10:59,218 - qmt_strategy - INFO - 提取集合竞价特征
2026-01-09 15:10:59,221 - qmt_strategy - INFO - 提取板块热度特征
2026-01-09 15:10:59,222 - qmt_strategy - INFO - 提取市场情绪特征
2026-01-09 15:10:59,223 - qmt_strategy - INFO - 提取个股基本面特征
2026-01-09 15:10:59,224 - qmt_strategy - INFO - 提取技术指标特征
2026-01-09 15:10:59,237 - qmt_strategy - INFO - 合并所有特征
2026-01-09 15:10:59,238 - qmt_strategy - INFO - 简化特征提取完成
2026-01-09 15:10:59,239 - qmt_strategy - INFO - 开始简化特征提取
2026-01-09 15:10:59,239 - qmt_strategy - INFO - 提取集合竞价特征
2026-01-09 15:10:59,242 - qmt_strategy - INFO - 提取板块热度特征
2026-01-09 15:10:59,243 - qmt_strategy - INFO - 提取市场情绪特征
2026-01-09 15:10:59,245 - qmt_strategy - INFO - 提取个股基本面特征
2026-01-09 15:10:59,246 - qmt_strategy - INFO - 提取技术指标特征
2026-01-09 15:10:59,259 - qmt_strategy - INFO - 合并所有特征
2026-01-09 15:10:59,260 - qmt_strategy - INFO - 简化特征提取完成
2026-01-09 15:10:59,261 - qmt_strategy - INFO - 开始简化特征提取
2026-01-09 15:10:59,262 - qmt_strategy - INFO - 提取集合竞价特征
2026-01-09 15:10:59,264 - qmt_strategy - INFO - 提取板块热度特征
2026-01-09 15:10:59,265 - qmt_strategy - INFO - 提取市场情绪特征
2026-01-09 15:10:59,267 - qmt_strategy - INFO - 提取个股基本面特征
2026-01-09 15:10:59,268 - qmt_strategy - INFO - 提取技术指标特征
2026-01-09 15:10:59,280 - qmt_strategy - INFO - 合并所有特征
2026-01-09 15:10:59,281 - qmt_strategy - INFO - 简化特征提取完成
2026-01-09 15:10:59,283 - qmt_strategy - INFO - 开始简化特征提取
2026-01-09 15:10:59,283 - qmt_strategy - INFO - 提取集合竞价特征
2026-01-09 15:10:59,285 - qmt_strategy - INFO - 提取板块热度特征
2026-01-09 15:10:59,286 - qmt_strategy - INFO - 提取市场情绪特征
2026-01-09 15:10:59,288 - qmt_strategy - INFO - 提取个股基本面特征
2026-01-09 15:10:59,289 - qmt_strategy - INFO - 提取技术指标特征
2026-01-09 15:10:59,302 - qmt_strategy - INFO - 合并所有特征
2026-01-09 15:10:59,303 - qmt_strategy - INFO - 简化特征提取完成
2026-01-09 15:10:59,304 - qmt_strategy - INFO - 开始简化特征提取
2026-01-09 15:10:59,305 - qmt_strategy - INFO - 提取集合竞价特征
2026-01-09 15:10:59,307 - qmt_strategy - INFO - 提取板块热度特征
2026-01-09 15:10:59,308 - qmt_strategy - INFO - 提取市场情绪特征
2026-01-09 15:10:59,310 - qmt_strategy - INFO - 提取个股基本面特征
2026-01-09 15:10:59,311 - qmt_strategy - INFO - 提取技术指标特征
2026-01-09 15:10:59,324 - qmt_strategy - INFO - 合并所有特征
2026-01-09 15:10:59,326 - qmt_strategy - INFO - 简化特征提取完成
2026-01-09 15:10:59,327 - qmt_strategy - INFO - 开始简化特征提取
2026-01-09 15:10:59,327 - qmt_strategy - INFO - 提取集合竞价特征
2026-01-09 15:10:59,330 - qmt_strategy - INFO - 提取板块热度特征
2026-01-09 15:10:59,331 - qmt_strategy - INFO - 提取市场情绪特征
2026-01-09 15:10:59,333 - qmt_strategy - INFO - 提取个股基本面特征
2026-01-09 15:10:59,334 - qmt_strategy - INFO - 提取技术指标特征
2026-01-09 15:10:59,346 - qmt_strategy - INFO - 合并所有特征
2026-01-09 15:10:59,348 - qmt_strategy - INFO - 简化特征提取完成
2026-01-09 15:10:59,349 - qmt_strategy - INFO - 开始简化特征提取
2026-01-09 15:10:59,349 - qmt_strategy - INFO - 提取集合竞价特征
2026-01-09 15:10:59,352 - qmt_strategy - INFO - 提取板块热度特征
2026-01-09 15:10:59,352 - qmt_strategy - INFO - 提取市场情绪特征
2026-01-09 15:10:59,355 - qmt_strategy - INFO - 提取个股基本面特征
2026-01-09 15:10:59,356 - qmt_strategy - INFO - 提取技术指标特征
2026-01-09 15:10:59,370 - qmt_strategy - INFO - 合并所有特征
2026-01-09 15:10:59,371 - qmt_strategy - INFO - 简化特征提取完成
2026-01-09 15:10:59,373 - qmt_strategy - INFO - 开始简化特征提取
2026-01-09 15:10:59,373 - qmt_strategy - INFO - 提取集合竞价特征
2026-01-09 15:10:59,376 - qmt_strategy - INFO - 提取板块热度特征
2026-01-09 15:10:59,377 - qmt_strategy - INFO - 提取市场情绪特征
2026-01-09 15:10:59,378 - qmt_strategy - INFO - 提取个股基本面特征
2026-01-09 15:10:59,379 - qmt_strategy - INFO - 提取技术指标特征
2026-01-09 15:10:59,392 - qmt_strategy - INFO - 合并所有特征
2026-01-09 15:10:59,393 - qmt_strategy - INFO - 简化特征提取完成
2026-01-09 15:10:59,394 - qmt_strategy - INFO - 开始简化特征提取
2026-01-09 15:10:59,395 - qmt_strategy - INFO - 提取集合竞价特征
2026-01-09 15:10:59,397 - qmt_strategy - INFO - 提取板块热度特征
2026-01-09 15:10:59,398 - qmt_strategy - INFO - 提取市场情绪特征
2026-01-09 15:10:59,400 - qmt_strategy - INFO - 提取个股基本面特征
2026-01-09 15:10:59,402 - qmt_strategy - INFO - 提取技术指标特征
2026-01-09 15:10:59,413 - qmt_strategy - INFO - 合并所有特征
2026-01-09 15:10:59,415 - qmt_strategy - INFO - 简化特征提取完成
2026-01-09 15:10:59,416 - qmt_strategy - INFO - 开始简化特征提取
2026-01-09 15:10:59,417 - qmt_strategy - INFO - 提取集合竞价特征
2026-01-09 15:10:59,419 - qmt_strategy - INFO - 提取板块热度特征
2026-01-09 15:10:59,420 - qmt_strategy - INFO - 提取市场情绪特征
2026-01-09 15:10:59,422 - qmt_strategy - INFO - 提取个股基本面特征
2026-01-09 15:10:59,423 - qmt_strategy - INFO - 提取技术指标特征
2026-01-09 15:10:59,437 - qmt_strategy - INFO - 合并所有特征
2026-01-09 15:10:59,439 - qmt_strategy - INFO - 简化特征提取完成
2026-01-09 15:10:59,439 - qmt_strategy - INFO - 开始简化特征提取
2026-01-09 15:10:59,440 - qmt_strategy - INFO - 提取集合竞价特征
2026-01-09 15:10:59,442 - qmt_strategy - INFO - 提取板块热度特征
2026-01-09 15:10:59,443 - qmt_strategy - INFO - 提取市场情绪特征
2026-01-09 15:10:59,445 - qmt_strategy - INFO - 提取个股基本面特征
2026-01-09 15:10:59,446 - qmt_strategy - INFO - 提取技术指标特征
2026-01-09 15:10:59,459 - qmt_strategy - INFO - 合并所有特征
2026-01-09 15:10:59,460 - qmt_strategy - INFO - 简化特征提取完成
2026-01-09 15:10:59,461 - qmt_strategy - INFO - 开始简化特征提取
2026-01-09 15:10:59,461 - qmt_strategy - INFO - 提取集合竞价特征
2026-01-09 15:10:59,465 - qmt_strategy - INFO - 提取板块热度特征
2026-01-09 15:10:59,466 - qmt_strategy - INFO - 提取市场情绪特征
2026-01-09 15:10:59,468 - qmt_strategy - INFO - 提取个股基本面特征
2026-01-09 15:10:59,469 - qmt_strategy - INFO - 提取技术指标特征
2026-01-09 15:10:59,483 - qmt_strategy - INFO - 合并所有特征
2026-01-09 15:10:59,484 - qmt_strategy - INFO - 简化特征提取完成
2026-01-09 15:10:59,485 - qmt_strategy - INFO - 开始简化特征提取
2026-01-09 15:10:59,485 - qmt_strategy - INFO - 提取集合竞价特征
2026-01-09 15:10:59,488 - qmt_strategy - INFO - 提取板块热度特征
2026-01-09 15:10:59,489 - qmt_strategy - INFO - 提取市场情绪特征
2026-01-09 15:10:59,490 - qmt_strategy - INFO - 提取个股基本面特征
2026-01-09 15:10:59,491 - qmt_strategy - INFO - 提取技术指标特征
2026-01-09 15:10:59,504 - qmt_strategy - INFO - 合并所有特征
2026-01-09 15:10:59,506 - qmt_strategy - INFO - 简化特征提取完成
2026-01-09 15:10:59,507 - qmt_strategy - INFO - 开始简化特征提取
2026-01-09 15:10:59,507 - qmt_strategy - INFO - 提取集合竞价特征
2026-01-09 15:10:59,509 - qmt_strategy - INFO - 提取板块热度特征
2026-01-09 15:10:59,510 - qmt_strategy - INFO - 提取市场情绪特征
2026-01-09 15:10:59,511 - qmt_strategy - INFO - 提取个股基本面特征
2026-01-09 15:10:59,512 - qmt_strategy - INFO - 提取技术指标特征
2026-01-09 15:10:59,526 - qmt_strategy - INFO - 合并所有特征
2026-01-09 15:10:59,527 - qmt_strategy - INFO - 简化特征提取完成
2026-01-09 15:10:59,527 - qmt_strategy - INFO - 开始简化特征提取
2026-01-09 15:10:59,528 - qmt_strategy - INFO - 提取集合竞价特征
2026-01-09 15:10:59,531 - qmt_strategy - INFO - 提取板块热度特征
2026-01-09 15:10:59,532 - qmt_strategy - INFO - 提取市场情绪特征
2026-01-09 15:10:59,534 - qmt_strategy - INFO - 提取个股基本面特征
2026-01-09 15:10:59,535 - qmt_strategy - INFO - 提取技术指标特征
2026-01-09 15:10:59,547 - qmt_strategy - INFO - 合并所有特征
2026-01-09 15:10:59,549 - qmt_strategy - INFO - 简化特征提取完成
2026-01-09 15:10:59,550 - qmt_strategy - INFO - 开始简化特征提取
2026-01-09 15:10:59,551 - qmt_strategy - INFO - 提取集合竞价特征
2026-01-09 15:10:59,553 - qmt_strategy - INFO - 提取板块热度特征
2026-01-09 15:10:59,554 - qmt_strategy - INFO - 提取市场情绪特征
2026-01-09 15:10:59,556 - qmt_strategy - INFO - 提取个股基本面特征
2026-01-09 15:10:59,557 - qmt_strategy - INFO - 提取技术指标特征
2026-01-09 15:10:59,571 - qmt_strategy - INFO - 合并所有特征
2026-01-09 15:10:59,572 - qmt_strategy - INFO - 简化特征提取完成
2026-01-09 15:10:59,574 - qmt_strategy - INFO - 开始简化特征提取
2026-01-09 15:10:59,574 - qmt_strategy - INFO - 提取集合竞价特征
2026-01-09 15:10:59,576 - qmt_strategy - INFO - 提取板块热度特征
2026-01-09 15:10:59,577 - qmt_strategy - INFO - 提取市场情绪特征
2026-01-09 15:10:59,579 - qmt_strategy - INFO - 提取个股基本面特征
2026-01-09 15:10:59,579 - qmt_strategy - INFO - 提取技术指标特征
2026-01-09 15:10:59,591 - qmt_strategy - INFO - 合并所有特征
2026-01-09 15:10:59,592 - qmt_strategy - INFO - 简化特征提取完成
2026-01-09 15:10:59,593 - qmt_strategy - INFO - 开始简化特征提取
2026-01-09 15:10:59,594 - qmt_strategy - INFO - 提取集合竞价特征
2026-01-09 15:10:59,596 - qmt_strategy - INFO - 提取板块热度特征
2026-01-09 15:10:59,597 - qmt_strategy - INFO - 提取市场情绪特征
2026-01-09 15:10:59,600 - qmt_strategy - INFO - 提取个股基本面特征
2026-01-09 15:10:59,601 - qmt_strategy - INFO - 提取技术指标特征
2026-01-09 15:10:59,616 - qmt_strategy - INFO - 合并所有特征
2026-01-09 15:10:59,617 - qmt_strategy - INFO - 简化特征提取完成
2026-01-09 15:10:59,618 - qmt_strategy - INFO - 开始简化特征提取
2026-01-09 15:10:59,618 - qmt_strategy - INFO - 提取集合竞价特征
2026-01-09 15:10:59,621 - qmt_strategy - INFO - 提取板块热度特征
2026-01-09 15:10:59,622 - qmt_strategy - INFO - 提取市场情绪特征
2026-01-09 15:10:59,624 - qmt_strategy - INFO - 提取个股基本面特征
2026-01-09 15:10:59,624 - qmt_strategy - INFO - 提取技术指标特征
2026-01-09 15:10:59,638 - qmt_strategy - INFO - 合并所有特征
2026-01-09 15:10:59,639 - qmt_strategy - INFO - 简化特征提取完成
2026-01-09 15:10:59,640 - qmt_strategy - INFO - 开始简化特征提取
2026-01-09 15:10:59,640 - qmt_strategy - INFO - 提取集合竞价特征
2026-01-09 15:10:59,642 - qmt_strategy - INFO - 提取板块热度特征
2026-01-09 15:10:59,643 - qmt_strategy - INFO - 提取市场情绪特征
2026-01-09 15:10:59,644 - qmt_strategy - INFO - 提取个股基本面特征
2026-01-09 15:10:59,645 - qmt_strategy - INFO - 提取技术指标特征
2026-01-09 15:10:59,659 - qmt_strategy - INFO - 合并所有特征
2026-01-09 15:10:59,660 - qmt_strategy - INFO - 简化特征提取完成
2026-01-09 15:10:59,661 - qmt_strategy - INFO - 开始简化特征提取
2026-01-09 15:10:59,661 - qmt_strategy - INFO - 提取集合竞价特征
2026-01-09 15:10:59,663 - qmt_strategy - INFO - 提取板块热度特征
2026-01-09 15:10:59,665 - qmt_strategy - INFO - 提取市场情绪特征
2026-01-09 15:10:59,667 - qmt_strategy - INFO - 提取个股基本面特征
2026-01-09 15:10:59,668 - qmt_strategy - INFO - 提取技术指标特征
2026-01-09 15:10:59,680 - qmt_strategy - INFO - 合并所有特征
2026-01-09 15:10:59,681 - qmt_strategy - INFO - 简化特征提取完成
2026-01-09 15:10:59,683 - qmt_strategy - INFO - 开始简化特征提取
2026-01-09 15:10:59,683 - qmt_strategy - INFO - 提取集合竞价特征
2026-01-09 15:10:59,686 - qmt_strategy - INFO - 提取板块热度特征
2026-01-09 15:10:59,687 - qmt_strategy - INFO - 提取市场情绪特征
2026-01-09 15:10:59,689 - qmt_strategy - INFO - 提取个股基本面特征
2026-01-09 15:10:59,690 - qmt_strategy - INFO - 提取技术指标特征
2026-01-09 15:10:59,703 - qmt_strategy - INFO - 合并所有特征
2026-01-09 15:10:59,704 - qmt_strategy - INFO - 简化特征提取完成
2026-01-09 15:10:59,715 - qmt_strategy - INFO - 生成了4300条回测特征数据
2026-01-09 15:10:59,715 - qmt_strategy - INFO - 特征数据中涨停标签数量：0
2026-01-09 15:10:59,719 - qmt_strategy - INFO - === 开始回测验证 ===
2026-01-09 15:10:59,720 - qmt_strategy - INFO - 初始化回测器
2026-01-09 15:11:25,556 - qmt_strategy - INFO - === 开始回测验证流程 ===
2026-01-09 15:11:25,556 - qmt_strategy - INFO - 加载历史数据
2026-01-09 15:11:25,557 - qmt_strategy - INFO - 加载了100只股票的数据
2026-01-09 15:11:25,557 - qmt_strategy - INFO - 历史数据示例：['600001.SH', '600002.SH', '600003.SH', '600004.SH', '600005.SH']
2026-01-09 15:11:25,558 - qmt_strategy - INFO - 原始数据包含100只股票，处理全量股票池
2026-01-09 15:11:25,558 - qmt_strategy - INFO - 准备回测数据
2026-01-09 15:11:25,558 - qmt_strategy - INFO - 开始处理100只股票的数据
2026-01-09 15:11:25,660 - qmt_strategy - INFO - 总共有0个涨停日，总交易天数：4300
2026-01-09 15:11:25,660 - qmt_strategy - INFO - 处理了100只股票
2026-01-09 15:11:25,661 - qmt_strategy - WARNING - 没有检测到涨停股票，这可能导致模型无法学习到有效的涨停模式
2026-01-09 15:11:25,667 - qmt_strategy - INFO - 合并后的数据总行数：4300
2026-01-09 15:11:25,667 - qmt_strategy - INFO - 开始提取特征
2026-01-09 15:11:25,667 - qmt_strategy - INFO - 初始化特征工程师
2026-01-09 15:11:25,669 - qmt_strategy - INFO - 开始简化特征提取
2026-01-09 15:11:25,669 - qmt_strategy - INFO - 提取集合竞价特征
2026-01-09 15:11:25,673 - qmt_strategy - INFO - 提取板块热度特征
2026-01-09 15:11:25,674 - qmt_strategy - INFO - 提取市场情绪特征
2026-01-09 15:11:25,675 - qmt_strategy - INFO - 提取个股基本面特征
2026-01-09 15:11:25,676 - qmt_strategy - INFO - 提取技术指标特征
2026-01-09 15:11:25,690 - qmt_strategy - INFO - 合并所有特征
2026-01-09 15:11:25,691 - qmt_strategy - INFO - 简化特征提取完成
2026-01-09 15:11:25,693 - qmt_strategy - INFO - 开始简化特征提取
2026-01-09 15:11:25,693 - qmt_strategy - INFO - 提取集合竞价特征
2026-01-09 15:11:25,696 - qmt_strategy - INFO - 提取板块热度特征
2026-01-09 15:11:25,697 - qmt_strategy - INFO - 提取市场情绪特征
2026-01-09 15:11:25,700 - qmt_strategy - INFO - 提取个股基本面特征
2026-01-09 15:11:25,701 - qmt_strategy - INFO - 提取技术指标特征
2026-01-09 15:11:25,718 - qmt_strategy - INFO - 合并所有特征
2026-01-09 15:11:25,719 - qmt_strategy - INFO - 简化特征提取完成
2026-01-09 15:11:25,720 - qmt_strategy - INFO - 开始简化特征提取
2026-01-09 15:11:25,720 - qmt_strategy - INFO - 提取集合竞价特征
2026-01-09 15:11:25,723 - qmt_strategy - INFO - 提取板块热度特征
2026-01-09 15:11:25,724 - qmt_strategy - INFO - 提取市场情绪特征
2026-01-09 15:11:25,726 - qmt_strategy - INFO - 提取个股基本面特征
2026-01-09 15:11:25,727 - qmt_strategy - INFO - 提取技术指标特征
2026-01-09 15:11:25,740 - qmt_strategy - INFO - 合并所有特征
2026-01-09 15:11:25,741 - qmt_strategy - INFO - 简化特征提取完成
2026-01-09 15:11:25,742 - qmt_strategy - INFO - 开始简化特征提取
2026-01-09 15:11:25,743 - qmt_strategy - INFO - 提取集合竞价特征
2026-01-09 15:11:25,746 - qmt_strategy - INFO - 提取板块热度特征
2026-01-09 15:11:25,747 - qmt_strategy - INFO - 提取市场情绪特征
2026-01-09 15:11:25,749 - qmt_strategy - INFO - 提取个股基本面特征
2026-01-09 15:11:25,750 - qmt_strategy - INFO - 提取技术指标特征
2026-01-09 15:11:25,762 - qmt_strategy - INFO - 合并所有特征
2026-01-09 15:11:25,763 - qmt_strategy - INFO - 简化特征提取完成
2026-01-09 15:11:25,765 - qmt_strategy - INFO - 开始简化特征提取
2026-01-09 15:11:25,765 - qmt_strategy - INFO - 提取集合竞价特征
2026-01-09 15:11:25,768 - qmt_strategy - INFO - 提取板块热度特征
2026-01-09 15:11:25,769 - qmt_strategy - INFO - 提取市场情绪特征
2026-01-09 15:11:25,771 - qmt_strategy - INFO - 提取个股基本面特征
2026-01-09 15:11:25,772 - qmt_strategy - INFO - 提取技术指标特征
2026-01-09 15:11:25,787 - qmt_strategy - INFO - 合并所有特征
2026-01-09 15:11:25,788 - qmt_strategy - INFO - 简化特征提取完成
2026-01-09 15:11:25,789 - qmt_strategy - INFO - 开始简化特征提取
2026-01-09 15:11:25,790 - qmt_strategy - INFO - 提取集合竞价特征
2026-01-09 15:11:25,792 - qmt_strategy - INFO - 提取板块热度特征
2026-01-09 15:11:25,792 - qmt_strategy - INFO - 提取市场情绪特征
2026-01-09 15:11:25,795 - qmt_strategy - INFO - 提取个股基本面特征
2026-01-09 15:11:25,797 - qmt_strategy - INFO - 提取技术指标特征
2026-01-09 15:11:25,808 - qmt_strategy - INFO - 合并所有特征
2026-01-09 15:11:25,810 - qmt_strategy - INFO - 简化特征提取完成
2026-01-09 15:11:25,811 - qmt_strategy - INFO - 开始简化特征提取
2026-01-09 15:11:25,811 - qmt_strategy - INFO - 提取集合竞价特征
2026-01-09 15:11:25,815 - qmt_strategy - INFO - 提取板块热度特征
2026-01-09 15:11:25,816 - qmt_strategy - INFO - 提取市场情绪特征
2026-01-09 15:11:25,818 - qmt_strategy - INFO - 提取个股基本面特征
2026-01-09 15:11:25,819 - qmt_strategy - INFO - 提取技术指标特征
2026-01-09 15:11:25,834 - qmt_strategy - INFO - 合并所有特征
2026-01-09 15:11:25,835 - qmt_strategy - INFO - 简化特征提取完成
2026-01-09 15:11:25,836 - qmt_strategy - INFO - 开始简化特征提取
2026-01-09 15:11:25,836 - qmt_strategy - INFO - 提取集合竞价特征
2026-01-09 15:11:25,839 - qmt_strategy - INFO - 提取板块热度特征
2026-01-09 15:11:25,840 - qmt_strategy - INFO - 提取市场情绪特征
2026-01-09 15:11:25,841 - qmt_strategy - INFO - 提取个股基本面特征
2026-01-09 15:11:25,842 - qmt_strategy - INFO - 提取技术指标特征
2026-01-09 15:11:25,856 - qmt_strategy - INFO - 合并所有特征
2026-01-09 15:11:25,857 - qmt_strategy - INFO - 简化特征提取完成
2026-01-09 15:11:25,858 - qmt_strategy - INFO - 开始简化特征提取
2026-01-09 15:11:25,858 - qmt_strategy - INFO - 提取集合竞价特征
2026-01-09 15:11:25,861 - qmt_strategy - INFO - 提取板块热度特征
2026-01-09 15:11:25,862 - qmt_strategy - INFO - 提取市场情绪特征
2026-01-09 15:11:25,865 - qmt_strategy - INFO - 提取个股基本面特征
2026-01-09 15:11:25,866 - qmt_strategy - INFO - 提取技术指标特征
2026-01-09 15:11:25,877 - qmt_strategy - INFO - 合并所有特征
2026-01-09 15:11:25,879 - qmt_strategy - INFO - 简化特征提取完成
2026-01-09 15:11:25,880 - qmt_strategy - INFO - 开始简化特征提取
2026-01-09 15:11:25,880 - qmt_strategy - INFO - 提取集合竞价特征
2026-01-09 15:11:25,883 - qmt_strategy - INFO - 提取板块热度特征
2026-01-09 15:11:25,884 - qmt_strategy - INFO - 提取市场情绪特征
2026-01-09 15:11:25,886 - qmt_strategy - INFO - 提取个股基本面特征
2026-01-09 15:11:25,887 - qmt_strategy - INFO - 提取技术指标特征
2026-01-09 15:11:25,900 - qmt_strategy - INFO - 合并所有特征
2026-01-09 15:11:25,901 - qmt_strategy - INFO - 简化特征提取完成
2026-01-09 15:11:25,902 - qmt_strategy - INFO - 开始简化特征提取
2026-01-09 15:11:25,902 - qmt_strategy - INFO - 提取集合竞价特征
2026-01-09 15:11:25,905 - qmt_strategy - INFO - 提取板块热度特征
2026-01-09 15:11:25,905 - qmt_strategy - INFO - 提取市场情绪特征
2026-01-09 15:11:25,907 - qmt_strategy - INFO - 提取个股基本面特征
2026-01-09 15:11:25,907 - qmt_strategy - INFO - 提取技术指标特征
2026-01-09 15:11:25,922 - qmt_strategy - INFO - 合并所有特征
2026-01-09 15:11:25,923 - qmt_strategy - INFO - 简化特征提取完成
2026-01-09 15:11:25,924 - qmt_strategy - INFO - 开始简化特征提取
2026-01-09 15:11:25,924 - qmt_strategy - INFO - 提取集合竞价特征
2026-01-09 15:11:25,927 - qmt_strategy - INFO - 提取板块热度特征
2026-01-09 15:11:25,928 - qmt_strategy - INFO - 提取市场情绪特征
2026-01-09 15:11:25,931 - qmt_strategy - INFO - 提取个股基本面特征
2026-01-09 15:11:25,932 - qmt_strategy - INFO - 提取技术指标特征
2026-01-09 15:11:25,944 - qmt_strategy - INFO - 合并所有特征
2026-01-09 15:11:25,945 - qmt_strategy - INFO - 简化特征提取完成
2026-01-09 15:11:25,946 - qmt_strategy - INFO - 开始简化特征提取
2026-01-09 15:11:25,946 - qmt_strategy - INFO - 提取集合竞价特征
2026-01-09 15:11:25,950 - qmt_strategy - INFO - 提取板块热度特征
2026-01-09 15:11:25,951 - qmt_strategy - INFO - 提取市场情绪特征
2026-01-09 15:11:25,952 - qmt_strategy - INFO - 提取个股基本面特征
2026-01-09 15:11:25,953 - qmt_strategy - INFO - 提取技术指标特征
2026-01-09 15:11:25,966 - qmt_strategy - INFO - 合并所有特征
2026-01-09 15:11:25,967 - qmt_strategy - INFO - 简化特征提取完成
2026-01-09 15:11:25,968 - qmt_strategy - INFO - 开始简化特征提取
2026-01-09 15:11:25,968 - qmt_strategy - INFO - 提取集合竞价特征
2026-01-09 15:11:25,971 - qmt_strategy - INFO - 提取板块热度特征
2026-01-09 15:11:25,972 - qmt_strategy - INFO - 提取市场情绪特征
2026-01-09 15:11:25,974 - qmt_strategy - INFO - 提取个股基本面特征
2026-01-09 15:11:25,975 - qmt_strategy - INFO - 提取技术指标特征
2026-01-09 15:11:25,987 - qmt_strategy - INFO - 合并所有特征
2026-01-09 15:11:25,989 - qmt_strategy - INFO - 简化特征提取完成
2026-01-09 15:11:25,990 - qmt_strategy - INFO - 开始简化特征提取
2026-01-09 15:11:25,990 - qmt_strategy - INFO - 提取集合竞价特征
2026-01-09 15:11:25,993 - qmt_strategy - INFO - 提取板块热度特征
2026-01-09 15:11:25,995 - qmt_strategy - INFO - 提取市场情绪特征
2026-01-09 15:11:26,000 - qmt_strategy - INFO - 提取个股基本面特征
2026-01-09 15:11:26,001 - qmt_strategy - INFO - 提取技术指标特征
2026-01-09 15:11:26,014 - qmt_strategy - INFO - 合并所有特征
2026-01-09 15:11:26,016 - qmt_strategy - INFO - 简化特征提取完成
2026-01-09 15:11:26,017 - qmt_strategy - INFO - 开始简化特征提取
2026-01-09 15:11:26,017 - qmt_strategy - INFO - 提取集合竞价特征
2026-01-09 15:11:26,019 - qmt_strategy - INFO - 提取板块热度特征
2026-01-09 15:11:26,020 - qmt_strategy - INFO - 提取市场情绪特征
2026-01-09 15:11:26,022 - qmt_strategy - INFO - 提取个股基本面特征
2026-01-09 15:11:26,023 - qmt_strategy - INFO - 提取技术指标特征
2026-01-09 15:11:26,036 - qmt_strategy - INFO - 合并所有特征
2026-01-09 15:11:26,038 - qmt_strategy - INFO - 简化特征提取完成
2026-01-09 15:11:26,039 - qmt_strategy - INFO - 开始简化特征提取
2026-01-09 15:11:26,039 - qmt_strategy - INFO - 提取集合竞价特征
2026-01-09 15:11:26,041 - qmt_strategy - INFO - 提取板块热度特征
2026-01-09 15:11:26,042 - qmt_strategy - INFO - 提取市场情绪特征
2026-01-09 15:11:26,043 - qmt_strategy - INFO - 提取个股基本面特征
2026-01-09 15:11:26,044 - qmt_strategy - INFO - 提取技术指标特征
2026-01-09 15:11:26,058 - qmt_strategy - INFO - 合并所有特征
2026-01-09 15:11:26,059 - qmt_strategy - INFO - 简化特征提取完成
2026-01-09 15:11:26,060 - qmt_strategy - INFO - 开始简化特征提取
2026-01-09 15:11:26,060 - qmt_strategy - INFO - 提取集合竞价特征
2026-01-09 15:11:26,063 - qmt_strategy - INFO - 提取板块热度特征
2026-01-09 15:11:26,064 - qmt_strategy - INFO - 提取市场情绪特征
2026-01-09 15:11:26,066 - qmt_strategy - INFO - 提取个股基本面特征
2026-01-09 15:11:26,067 - qmt_strategy - INFO - 提取技术指标特征
2026-01-09 15:11:26,078 - qmt_strategy - INFO - 合并所有特征
2026-01-09 15:11:26,079 - qmt_strategy - INFO - 简化特征提取完成
2026-01-09 15:11:26,081 - qmt_strategy - INFO - 开始简化特征提取
2026-01-09 15:11:26,082 - qmt_strategy - INFO - 提取集合竞价特征
2026-01-09 15:11:26,084 - qmt_strategy - INFO - 提取板块热度特征
2026-01-09 15:11:26,085 - qmt_strategy - INFO - 提取市场情绪特征
2026-01-09 15:11:26,087 - qmt_strategy - INFO - 提取个股基本面特征
2026-01-09 15:11:26,088 - qmt_strategy - INFO - 提取技术指标特征
2026-01-09 15:11:26,101 - qmt_strategy - INFO - 合并所有特征
2026-01-09 15:11:26,102 - qmt_strategy - INFO - 简化特征提取完成
2026-01-09 15:11:26,103 - qmt_strategy - INFO - 开始简化特征提取
2026-01-09 15:11:26,104 - qmt_strategy - INFO - 提取集合竞价特征
2026-01-09 15:11:26,106 - qmt_strategy - INFO - 提取板块热度特征
2026-01-09 15:11:26,107 - qmt_strategy - INFO - 提取市场情绪特征
2026-01-09 15:11:26,108 - qmt_strategy - INFO - 提取个股基本面特征
2026-01-09 15:11:26,109 - qmt_strategy - INFO - 提取技术指标特征
2026-01-09 15:11:26,122 - qmt_strategy - INFO - 合并所有特征
2026-01-09 15:11:26,123 - qmt_strategy - INFO - 简化特征提取完成
2026-01-09 15:11:26,124 - qmt_strategy - INFO - 开始简化特征提取
2026-01-09 15:11:26,124 - qmt_strategy - INFO - 提取集合竞价特征
2026-01-09 15:11:26,128 - qmt_strategy - INFO - 提取板块热度特征
2026-01-09 15:11:26,129 - qmt_strategy - INFO - 提取市场情绪特征
2026-01-09 15:11:26,131 - qmt_strategy - INFO - 提取个股基本面特征
2026-01-09 15:11:26,132 - qmt_strategy - INFO - 提取技术指标特征
2026-01-09 15:11:26,144 - qmt_strategy - INFO - 合并所有特征
2026-01-09 15:11:26,145 - qmt_strategy - INFO - 简化特征提取完成
2026-01-09 15:11:26,146 - qmt_strategy - INFO - 开始简化特征提取
2026-01-09 15:11:26,147 - qmt_strategy - INFO - 提取集合竞价特征
2026-01-09 15:11:26,150 - qmt_strategy - INFO - 提取板块热度特征
2026-01-09 15:11:26,150 - qmt_strategy - INFO - 提取市场情绪特征
2026-01-09 15:11:26,152 - qmt_strategy - INFO - 提取个股基本面特征
2026-01-09 15:11:26,153 - qmt_strategy - INFO - 提取技术指标特征
2026-01-09 15:11:26,166 - qmt_strategy - INFO - 合并所有特征
2026-01-09 15:11:26,168 - qmt_strategy - INFO - 简化特征提取完成
2026-01-09 15:11:26,169 - qmt_strategy - INFO - 开始简化特征提取
2026-01-09 15:11:26,169 - qmt_strategy - INFO - 提取集合竞价特征
2026-01-09 15:11:26,171 - qmt_strategy - INFO - 提取板块热度特征
2026-01-09 15:11:26,172 - qmt_strategy - INFO - 提取市场情绪特征
2026-01-09 15:11:26,173 - qmt_strategy - INFO - 提取个股基本面特征
2026-01-09 15:11:26,174 - qmt_strategy - INFO - 提取技术指标特征
2026-01-09 15:11:26,188 - qmt_strategy - INFO - 合并所有特征
2026-01-09 15:11:26,189 - qmt_strategy - INFO - 简化特征提取完成
2026-01-09 15:11:26,190 - qmt_strategy - INFO - 开始简化特征提取
2026-01-09 15:11:26,191 - qmt_strategy - INFO - 提取集合竞价特征
2026-01-09 15:11:26,193 - qmt_strategy - INFO - 提取板块热度特征
2026-01-09 15:11:26,194 - qmt_strategy - INFO - 提取市场情绪特征
2026-01-09 15:11:26,196 - qmt_strategy - INFO - 提取个股基本面特征
2026-01-09 15:11:26,197 - qmt_strategy - INFO - 提取技术指标特征
2026-01-09 15:11:26,210 - qmt_strategy - INFO - 合并所有特征
2026-01-09 15:11:26,212 - qmt_strategy - INFO - 简化特征提取完成
2026-01-09 15:11:26,213 - qmt_strategy - INFO - 开始简化特征提取
2026-01-09 15:11:26,213 - qmt_strategy - INFO - 提取集合竞价特征
2026-01-09 15:11:26,217 - qmt_strategy - INFO - 提取板块热度特征
2026-01-09 15:11:26,218 - qmt_strategy - INFO - 提取市场情绪特征
2026-01-09 15:11:26,219 - qmt_strategy - INFO - 提取个股基本面特征
2026-01-09 15:11:26,220 - qmt_strategy - INFO - 提取技术指标特征
2026-01-09 15:11:26,233 - qmt_strategy - INFO - 合并所有特征
2026-01-09 15:11:26,234 - qmt_strategy - INFO - 简化特征提取完成
2026-01-09 15:11:26,235 - qmt_strategy - INFO - 开始简化特征提取
2026-01-09 15:11:26,235 - qmt_strategy - INFO - 提取集合竞价特征
2026-01-09 15:11:26,238 - qmt_strategy - INFO - 提取板块热度特征
2026-01-09 15:11:26,239 - qmt_strategy - INFO - 提取市场情绪特征
2026-01-09 15:11:26,240 - qmt_strategy - INFO - 提取个股基本面特征
2026-01-09 15:11:26,241 - qmt_strategy - INFO - 提取技术指标特征
2026-01-09 15:11:26,255 - qmt_strategy - INFO - 合并所有特征
2026-01-09 15:11:26,256 - qmt_strategy - INFO - 简化特征提取完成
2026-01-09 15:11:26,256 - qmt_strategy - INFO - 开始简化特征提取
2026-01-09 15:11:26,256 - qmt_strategy - INFO - 提取集合竞价特征
2026-01-09 15:11:26,259 - qmt_strategy - INFO - 提取板块热度特征
2026-01-09 15:11:26,260 - qmt_strategy - INFO - 提取市场情绪特征
2026-01-09 15:11:26,261 - qmt_strategy - INFO - 提取个股基本面特征
2026-01-09 15:11:26,262 - qmt_strategy - INFO - 提取技术指标特征
2026-01-09 15:11:26,275 - qmt_strategy - INFO - 合并所有特征
2026-01-09 15:11:26,276 - qmt_strategy - INFO - 简化特征提取完成
2026-01-09 15:11:26,277 - qmt_strategy - INFO - 开始简化特征提取
2026-01-09 15:11:26,277 - qmt_strategy - INFO - 提取集合竞价特征
2026-01-09 15:11:26,281 - qmt_strategy - INFO - 提取板块热度特征
2026-01-09 15:11:26,282 - qmt_strategy - INFO - 提取市场情绪特征
2026-01-09 15:11:26,284 - qmt_strategy - INFO - 提取个股基本面特征
2026-01-09 15:11:26,285 - qmt_strategy - INFO - 提取技术指标特征
2026-01-09 15:11:26,301 - qmt_strategy - INFO - 合并所有特征
2026-01-09 15:11:26,302 - qmt_strategy - INFO - 简化特征提取完成
2026-01-09 15:11:26,304 - qmt_strategy - INFO - 开始简化特征提取
2026-01-09 15:11:26,304 - qmt_strategy - INFO - 提取集合竞价特征
2026-01-09 15:11:26,307 - qmt_strategy - INFO - 提取板块热度特征
2026-01-09 15:11:26,308 - qmt_strategy - INFO - 提取市场情绪特征
2026-01-09 15:11:26,310 - qmt_strategy - INFO - 提取个股基本面特征
2026-01-09 15:11:26,311 - qmt_strategy - INFO - 提取技术指标特征
2026-01-09 15:11:26,324 - qmt_strategy - INFO - 合并所有特征
2026-01-09 15:11:26,325 - qmt_strategy - INFO - 简化特征提取完成
2026-01-09 15:11:26,326 - qmt_strategy - INFO - 开始简化特征提取
2026-01-09 15:11:26,326 - qmt_strategy - INFO - 提取集合竞价特征
2026-01-09 15:11:26,331 - qmt_strategy - INFO - 提取板块热度特征
2026-01-09 15:11:26,331 - qmt_strategy - INFO - 提取市场情绪特征
2026-01-09 15:11:26,333 - qmt_strategy - INFO - 提取个股基本面特征
2026-01-09 15:11:26,334 - qmt_strategy - INFO - 提取技术指标特征
2026-01-09 15:11:26,344 - qmt_strategy - INFO - 合并所有特征
2026-01-09 15:11:26,346 - qmt_strategy - INFO - 简化特征提取完成
2026-01-09 15:11:26,348 - qmt_strategy - INFO - 开始简化特征提取
2026-01-09 15:11:26,348 - qmt_strategy - INFO - 提取集合竞价特征
2026-01-09 15:11:26,351 - qmt_strategy - INFO - 提取板块热度特征
2026-01-09 15:11:26,352 - qmt_strategy - INFO - 提取市场情绪特征
2026-01-09 15:11:26,353 - qmt_strategy - INFO - 提取个股基本面特征
2026-01-09 15:11:26,354 - qmt_strategy - INFO - 提取技术指标特征
2026-01-09 15:11:26,367 - qmt_strategy - INFO - 合并所有特征
2026-01-09 15:11:26,368 - qmt_strategy - INFO - 简化特征提取完成
2026-01-09 15:11:26,369 - qmt_strategy - INFO - 开始简化特征提取
2026-01-09 15:11:26,369 - qmt_strategy - INFO - 提取集合竞价特征
2026-01-09 15:11:26,372 - qmt_strategy - INFO - 提取板块热度特征
2026-01-09 15:11:26,373 - qmt_strategy - INFO - 提取市场情绪特征
2026-01-09 15:11:26,374 - qmt_strategy - INFO - 提取个股基本面特征
2026-01-09 15:11:26,376 - qmt_strategy - INFO - 提取技术指标特征
2026-01-09 15:11:26,389 - qmt_strategy - INFO - 合并所有特征
2026-01-09 15:11:26,390 - qmt_strategy - INFO - 简化特征提取完成
2026-01-09 15:11:26,391 - qmt_strategy - INFO - 开始简化特征提取
2026-01-09 15:11:26,391 - qmt_strategy - INFO - 提取集合竞价特征
2026-01-09 15:11:26,394 - qmt_strategy - INFO - 提取板块热度特征
2026-01-09 15:11:26,394 - qmt_strategy - INFO - 提取市场情绪特征
2026-01-09 15:11:26,396 - qmt_strategy - INFO - 提取个股基本面特征
2026-01-09 15:11:26,398 - qmt_strategy - INFO - 提取技术指标特征
2026-01-09 15:11:26,409 - qmt_strategy - INFO - 合并所有特征
2026-01-09 15:11:26,411 - qmt_strategy - INFO - 简化特征提取完成
2026-01-09 15:11:26,412 - qmt_strategy - INFO - 开始简化特征提取
2026-01-09 15:11:26,412 - qmt_strategy - INFO - 提取集合竞价特征
2026-01-09 15:11:26,415 - qmt_strategy - INFO - 提取板块热度特征
2026-01-09 15:11:26,416 - qmt_strategy - INFO - 提取市场情绪特征
2026-01-09 15:11:26,418 - qmt_strategy - INFO - 提取个股基本面特征
2026-01-09 15:11:26,419 - qmt_strategy - INFO - 提取技术指标特征
2026-01-09 15:11:26,434 - qmt_strategy - INFO - 合并所有特征
2026-01-09 15:11:26,435 - qmt_strategy - INFO - 简化特征提取完成
2026-01-09 15:11:26,437 - qmt_strategy - INFO - 开始简化特征提取
2026-01-09 15:11:26,437 - qmt_strategy - INFO - 提取集合竞价特征
2026-01-09 15:11:26,439 - qmt_strategy - INFO - 提取板块热度特征
2026-01-09 15:11:26,440 - qmt_strategy - INFO - 提取市场情绪特征
2026-01-09 15:11:26,441 - qmt_strategy - INFO - 提取个股基本面特征
2026-01-09 15:11:26,442 - qmt_strategy - INFO - 提取技术指标特征
2026-01-09 15:11:26,455 - qmt_strategy - INFO - 合并所有特征
2026-01-09 15:11:26,456 - qmt_strategy - INFO - 简化特征提取完成
2026-01-09 15:11:26,457 - qmt_strategy - INFO - 开始简化特征提取
2026-01-09 15:11:26,457 - qmt_strategy - INFO - 提取集合竞价特征
2026-01-09 15:11:26,459 - qmt_strategy - INFO - 提取板块热度特征
2026-01-09 15:11:26,460 - qmt_strategy - INFO - 提取市场情绪特征
2026-01-09 15:11:26,461 - qmt_strategy - INFO - 提取个股基本面特征
2026-01-09 15:11:26,462 - qmt_strategy - INFO - 提取技术指标特征
2026-01-09 15:11:26,475 - qmt_strategy - INFO - 合并所有特征
2026-01-09 15:11:26,476 - qmt_strategy - INFO - 简化特征提取完成
2026-01-09 15:11:26,477 - qmt_strategy - INFO - 开始简化特征提取
2026-01-09 15:11:26,477 - qmt_strategy - INFO - 提取集合竞价特征
2026-01-09 15:11:26,481 - qmt_strategy - INFO - 提取板块热度特征
2026-01-09 15:11:26,482 - qmt_strategy - INFO - 提取市场情绪特征
2026-01-09 15:11:26,484 - qmt_strategy - INFO - 提取个股基本面特征
2026-01-09 15:11:26,485 - qmt_strategy - INFO - 提取技术指标特征
2026-01-09 15:11:26,497 - qmt_strategy - INFO - 合并所有特征
2026-01-09 15:11:26,498 - qmt_strategy - INFO - 简化特征提取完成
2026-01-09 15:11:26,499 - qmt_strategy - INFO - 开始简化特征提取
2026-01-09 15:11:26,500 - qmt_strategy - INFO - 提取集合竞价特征
2026-01-09 15:11:26,502 - qmt_strategy - INFO - 提取板块热度特征
2026-01-09 15:11:26,503 - qmt_strategy - INFO - 提取市场情绪特征
2026-01-09 15:11:26,505 - qmt_strategy - INFO - 提取个股基本面特征
2026-01-09 15:11:26,507 - qmt_strategy - INFO - 提取技术指标特征
2026-01-09 15:11:26,518 - qmt_strategy - INFO - 合并所有特征
2026-01-09 15:11:26,520 - qmt_strategy - INFO - 简化特征提取完成
2026-01-09 15:11:26,522 - qmt_strategy - INFO - 开始简化特征提取
2026-01-09 15:11:26,522 - qmt_strategy - INFO - 提取集合竞价特征
2026-01-09 15:11:26,524 - qmt_strategy - INFO - 提取板块热度特征
2026-01-09 15:11:26,525 - qmt_strategy - INFO - 提取市场情绪特征
2026-01-09 15:11:26,526 - qmt_strategy - INFO - 提取个股基本面特征
2026-01-09 15:11:26,527 - qmt_strategy - INFO - 提取技术指标特征
2026-01-09 15:11:26,541 - qmt_strategy - INFO - 合并所有特征
2026-01-09 15:11:26,543 - qmt_strategy - INFO - 简化特征提取完成
2026-01-09 15:11:26,544 - qmt_strategy - INFO - 开始简化特征提取
2026-01-09 15:11:26,544 - qmt_strategy - INFO - 提取集合竞价特征
2026-01-09 15:11:26,547 - qmt_strategy - INFO - 提取板块热度特征
2026-01-09 15:11:26,548 - qmt_strategy - INFO - 提取市场情绪特征
2026-01-09 15:11:26,550 - qmt_strategy - INFO - 提取个股基本面特征
2026-01-09 15:11:26,551 - qmt_strategy - INFO - 提取技术指标特征
2026-01-09 15:11:26,564 - qmt_strategy - INFO - 合并所有特征
2026-01-09 15:11:26,566 - qmt_strategy - INFO - 简化特征提取完成
2026-01-09 15:11:26,567 - qmt_strategy - INFO - 开始简化特征提取
2026-01-09 15:11:26,567 - qmt_strategy - INFO - 提取集合竞价特征
2026-01-09 15:11:26,571 - qmt_strategy - INFO - 提取板块热度特征
2026-01-09 15:11:26,571 - qmt_strategy - INFO - 提取市场情绪特征
2026-01-09 15:11:26,573 - qmt_strategy - INFO - 提取个股基本面特征
2026-01-09 15:11:26,574 - qmt_strategy - INFO - 提取技术指标特征
2026-01-09 15:11:26,587 - qmt_strategy - INFO - 合并所有特征
2026-01-09 15:11:26,588 - qmt_strategy - INFO - 简化特征提取完成
2026-01-09 15:11:26,589 - qmt_strategy - INFO - 开始简化特征提取
2026-01-09 15:11:26,590 - qmt_strategy - INFO - 提取集合竞价特征
2026-01-09 15:11:26,592 - qmt_strategy - INFO - 提取板块热度特征
2026-01-09 15:11:26,593 - qmt_strategy - INFO - 提取市场情绪特征
2026-01-09 15:11:26,594 - qmt_strategy - INFO - 提取个股基本面特征
2026-01-09 15:11:26,595 - qmt_strategy - INFO - 提取技术指标特征
2026-01-09 15:11:26,607 - qmt_strategy - INFO - 合并所有特征
2026-01-09 15:11:26,609 - qmt_strategy - INFO - 简化特征提取完成
2026-01-09 15:11:26,610 - qmt_strategy - INFO - 开始简化特征提取
2026-01-09 15:11:26,610 - qmt_strategy - INFO - 提取集合竞价特征
2026-01-09 15:11:26,614 - qmt_strategy - INFO - 提取板块热度特征
2026-01-09 15:11:26,615 - qmt_strategy - INFO - 提取市场情绪特征
2026-01-09 15:11:26,617 - qmt_strategy - INFO - 提取个股基本面特征
2026-01-09 15:11:26,618 - qmt_strategy - INFO - 提取技术指标特征
2026-01-09 15:11:26,631 - qmt_strategy - INFO - 合并所有特征
2026-01-09 15:11:26,633 - qmt_strategy - INFO - 简化特征提取完成
2026-01-09 15:11:26,634 - qmt_strategy - INFO - 开始简化特征提取
2026-01-09 15:11:26,634 - qmt_strategy - INFO - 提取集合竞价特征
2026-01-09 15:11:26,637 - qmt_strategy - INFO - 提取板块热度特征
2026-01-09 15:11:26,638 - qmt_strategy - INFO - 提取市场情绪特征
2026-01-09 15:11:26,639 - qmt_strategy - INFO - 提取个股基本面特征
2026-01-09 15:11:26,640 - qmt_strategy - INFO - 提取技术指标特征
2026-01-09 15:11:26,654 - qmt_strategy - INFO - 合并所有特征
2026-01-09 15:11:26,655 - qmt_strategy - INFO - 简化特征提取完成
2026-01-09 15:11:26,657 - qmt_strategy - INFO - 开始简化特征提取
2026-01-09 15:11:26,657 - qmt_strategy - INFO - 提取集合竞价特征
2026-01-09 15:11:26,659 - qmt_strategy - INFO - 提取板块热度特征
2026-01-09 15:11:26,659 - qmt_strategy - INFO - 提取市场情绪特征
2026-01-09 15:11:26,661 - qmt_strategy - INFO - 提取个股基本面特征
2026-01-09 15:11:26,662 - qmt_strategy - INFO - 提取技术指标特征
2026-01-09 15:11:26,675 - qmt_strategy - INFO - 合并所有特征
2026-01-09 15:11:26,676 - qmt_strategy - INFO - 简化特征提取完成
2026-01-09 15:11:26,677 - qmt_strategy - INFO - 开始简化特征提取
2026-01-09 15:11:26,677 - qmt_strategy - INFO - 提取集合竞价特征
2026-01-09 15:11:26,682 - qmt_strategy - INFO - 提取板块热度特征
2026-01-09 15:11:26,683 - qmt_strategy - INFO - 提取市场情绪特征
2026-01-09 15:11:26,685 - qmt_strategy - INFO - 提取个股基本面特征
2026-01-09 15:11:26,687 - qmt_strategy - INFO - 提取技术指标特征
2026-01-09 15:11:26,704 - qmt_strategy - INFO - 合并所有特征
2026-01-09 15:11:26,705 - qmt_strategy - INFO - 简化特征提取完成
2026-01-09 15:11:26,706 - qmt_strategy - INFO - 开始简化特征提取
2026-01-09 15:11:26,706 - qmt_strategy - INFO - 提取集合竞价特征
2026-01-09 15:11:26,709 - qmt_strategy - INFO - 提取板块热度特征
2026-01-09 15:11:26,710 - qmt_strategy - INFO - 提取市场情绪特征
2026-01-09 15:11:26,712 - qmt_strategy - INFO - 提取个股基本面特征
2026-01-09 15:11:26,714 - qmt_strategy - INFO - 提取技术指标特征
2026-01-09 15:11:26,724 - qmt_strategy - INFO - 合并所有特征
2026-01-09 15:11:26,726 - qmt_strategy - INFO - 简化特征提取完成
2026-01-09 15:11:26,727 - qmt_strategy - INFO - 开始简化特征提取
2026-01-09 15:11:26,728 - qmt_strategy - INFO - 提取集合竞价特征
2026-01-09 15:11:26,732 - qmt_strategy - INFO - 提取板块热度特征
2026-01-09 15:11:26,734 - qmt_strategy - INFO - 提取市场情绪特征
2026-01-09 15:11:26,736 - qmt_strategy - INFO - 提取个股基本面特征
2026-01-09 15:11:26,737 - qmt_strategy - INFO - 提取技术指标特征
2026-01-09 15:11:26,750 - qmt_strategy - INFO - 合并所有特征
2026-01-09 15:11:26,752 - qmt_strategy - INFO - 简化特征提取完成
2026-01-09 15:11:26,753 - qmt_strategy - INFO - 开始简化特征提取
2026-01-09 15:11:26,753 - qmt_strategy - INFO - 提取集合竞价特征
2026-01-09 15:11:26,755 - qmt_strategy - INFO - 提取板块热度特征
2026-01-09 15:11:26,756 - qmt_strategy - INFO - 提取市场情绪特征
2026-01-09 15:11:26,758 - qmt_strategy - INFO - 提取个股基本面特征
2026-01-09 15:11:26,759 - qmt_strategy - INFO - 提取技术指标特征
2026-01-09 15:11:26,773 - qmt_strategy - INFO - 合并所有特征
2026-01-09 15:11:26,775 - qmt_strategy - INFO - 简化特征提取完成
2026-01-09 15:11:26,776 - qmt_strategy - INFO - 开始简化特征提取
2026-01-09 15:11:26,776 - qmt_strategy - INFO - 提取集合竞价特征
2026-01-09 15:11:26,779 - qmt_strategy - INFO - 提取板块热度特征
2026-01-09 15:11:26,780 - qmt_strategy - INFO - 提取市场情绪特征
2026-01-09 15:11:26,782 - qmt_strategy - INFO - 提取个股基本面特征
2026-01-09 15:11:26,784 - qmt_strategy - INFO - 提取技术指标特征
2026-01-09 15:11:26,797 - qmt_strategy - INFO - 合并所有特征
2026-01-09 15:11:26,798 - qmt_strategy - INFO - 简化特征提取完成
2026-01-09 15:11:26,799 - qmt_strategy - INFO - 开始简化特征提取
2026-01-09 15:11:26,799 - qmt_strategy - INFO - 提取集合竞价特征
2026-01-09 15:11:26,802 - qmt_strategy - INFO - 提取板块热度特征
2026-01-09 15:11:26,803 - qmt_strategy - INFO - 提取市场情绪特征
2026-01-09 15:11:26,805 - qmt_strategy - INFO - 提取个股基本面特征
2026-01-09 15:11:26,806 - qmt_strategy - INFO - 提取技术指标特征
2026-01-09 15:11:26,820 - qmt_strategy - INFO - 合并所有特征
2026-01-09 15:11:26,822 - qmt_strategy - INFO - 简化特征提取完成
2026-01-09 15:11:26,823 - qmt_strategy - INFO - 开始简化特征提取
2026-01-09 15:11:26,823 - qmt_strategy - INFO - 提取集合竞价特征
2026-01-09 15:11:26,826 - qmt_strategy - INFO - 提取板块热度特征
2026-01-09 15:11:26,826 - qmt_strategy - INFO - 提取市场情绪特征
2026-01-09 15:11:26,828 - qmt_strategy - INFO - 提取个股基本面特征
2026-01-09 15:11:26,830 - qmt_strategy - INFO - 提取技术指标特征
2026-01-09 15:11:26,843 - qmt_strategy - INFO - 合并所有特征
2026-01-09 15:11:26,845 - qmt_strategy - INFO - 简化特征提取完成
2026-01-09 15:11:26,847 - qmt_strategy - INFO - 开始简化特征提取
2026-01-09 15:11:26,847 - qmt_strategy - INFO - 提取集合竞价特征
2026-01-09 15:11:26,850 - qmt_strategy - INFO - 提取板块热度特征
2026-01-09 15:11:26,851 - qmt_strategy - INFO - 提取市场情绪特征
2026-01-09 15:11:26,854 - qmt_strategy - INFO - 提取个股基本面特征
2026-01-09 15:11:26,855 - qmt_strategy - INFO - 提取技术指标特征
2026-01-09 15:11:26,868 - qmt_strategy - INFO - 合并所有特征
2026-01-09 15:11:26,870 - qmt_strategy - INFO - 简化特征提取完成
2026-01-09 15:11:26,872 - qmt_strategy - INFO - 开始简化特征提取
2026-01-09 15:11:26,872 - qmt_strategy - INFO - 提取集合竞价特征
2026-01-09 15:11:26,874 - qmt_strategy - INFO - 提取板块热度特征
2026-01-09 15:11:26,875 - qmt_strategy - INFO - 提取市场情绪特征
2026-01-09 15:11:26,876 - qmt_strategy - INFO - 提取个股基本面特征
2026-01-09 15:11:26,877 - qmt_strategy - INFO - 提取技术指标特征
2026-01-09 15:11:26,890 - qmt_strategy - INFO - 合并所有特征
2026-01-09 15:11:26,891 - qmt_strategy - INFO - 简化特征提取完成
2026-01-09 15:11:26,892 - qmt_strategy - INFO - 开始简化特征提取
2026-01-09 15:11:26,892 - qmt_strategy - INFO - 提取集合竞价特征
2026-01-09 15:11:26,895 - qmt_strategy - INFO - 提取板块热度特征
2026-01-09 15:11:26,895 - qmt_strategy - INFO - 提取市场情绪特征
2026-01-09 15:11:26,899 - qmt_strategy - INFO - 提取个股基本面特征
2026-01-09 15:11:26,901 - qmt_strategy - INFO - 提取技术指标特征
2026-01-09 15:11:26,911 - qmt_strategy - INFO - 合并所有特征
2026-01-09 15:11:26,914 - qmt_strategy - INFO - 简化特征提取完成
2026-01-09 15:11:26,916 - qmt_strategy - INFO - 开始简化特征提取
2026-01-09 15:11:26,916 - qmt_strategy - INFO - 提取集合竞价特征
2026-01-09 15:11:26,919 - qmt_strategy - INFO - 提取板块热度特征
2026-01-09 15:11:26,920 - qmt_strategy - INFO - 提取市场情绪特征
2026-01-09 15:11:26,921 - qmt_strategy - INFO - 提取个股基本面特征
2026-01-09 15:11:26,922 - qmt_strategy - INFO - 提取技术指标特征
2026-01-09 15:11:26,933 - qmt_strategy - INFO - 合并所有特征
2026-01-09 15:11:26,934 - qmt_strategy - INFO - 简化特征提取完成
2026-01-09 15:11:26,935 - qmt_strategy - INFO - 开始简化特征提取
2026-01-09 15:11:26,936 - qmt_strategy - INFO - 提取集合竞价特征
2026-01-09 15:11:26,938 - qmt_strategy - INFO - 提取板块热度特征
2026-01-09 15:11:26,939 - qmt_strategy - INFO - 提取市场情绪特征
2026-01-09 15:11:26,944 - qmt_strategy - INFO - 提取个股基本面特征
2026-01-09 15:11:26,945 - qmt_strategy - INFO - 提取技术指标特征
2026-01-09 15:11:26,958 - qmt_strategy - INFO - 合并所有特征
2026-01-09 15:11:26,960 - qmt_strategy - INFO - 简化特征提取完成
2026-01-09 15:11:26,962 - qmt_strategy - INFO - 开始简化特征提取
2026-01-09 15:11:26,962 - qmt_strategy - INFO - 提取集合竞价特征
2026-01-09 15:11:26,966 - qmt_strategy - INFO - 提取板块热度特征
2026-01-09 15:11:26,967 - qmt_strategy - INFO - 提取市场情绪特征
2026-01-09 15:11:26,969 - qmt_strategy - INFO - 提取个股基本面特征
2026-01-09 15:11:26,970 - qmt_strategy - INFO - 提取技术指标特征
2026-01-09 15:11:26,985 - qmt_strategy - INFO - 合并所有特征
2026-01-09 15:11:26,986 - qmt_strategy - INFO - 简化特征提取完成
2026-01-09 15:11:26,987 - qmt_strategy - INFO - 开始简化特征提取
2026-01-09 15:11:26,988 - qmt_strategy - INFO - 提取集合竞价特征
2026-01-09 15:11:26,990 - qmt_strategy - INFO - 提取板块热度特征
2026-01-09 15:11:26,990 - qmt_strategy - INFO - 提取市场情绪特征
2026-01-09 15:11:26,992 - qmt_strategy - INFO - 提取个股基本面特征
2026-01-09 15:11:26,992 - qmt_strategy - INFO - 提取技术指标特征
2026-01-09 15:11:27,010 - qmt_strategy - INFO - 合并所有特征
2026-01-09 15:11:27,012 - qmt_strategy - INFO - 简化特征提取完成
2026-01-09 15:11:27,013 - qmt_strategy - INFO - 开始简化特征提取
2026-01-09 15:11:27,014 - qmt_strategy - INFO - 提取集合竞价特征
2026-01-09 15:11:27,017 - qmt_strategy - INFO - 提取板块热度特征
2026-01-09 15:11:27,018 - qmt_strategy - INFO - 提取市场情绪特征
2026-01-09 15:11:27,020 - qmt_strategy - INFO - 提取个股基本面特征
2026-01-09 15:11:27,022 - qmt_strategy - INFO - 提取技术指标特征
2026-01-09 15:11:27,034 - qmt_strategy - INFO - 合并所有特征
2026-01-09 15:11:27,035 - qmt_strategy - INFO - 简化特征提取完成
2026-01-09 15:11:27,037 - qmt_strategy - INFO - 开始简化特征提取
2026-01-09 15:11:27,037 - qmt_strategy - INFO - 提取集合竞价特征
2026-01-09 15:11:27,040 - qmt_strategy - INFO - 提取板块热度特征
2026-01-09 15:11:27,040 - qmt_strategy - INFO - 提取市场情绪特征
2026-01-09 15:11:27,042 - qmt_strategy - INFO - 提取个股基本面特征
2026-01-09 15:11:27,043 - qmt_strategy - INFO - 提取技术指标特征
2026-01-09 15:11:27,057 - qmt_strategy - INFO - 合并所有特征
2026-01-09 15:11:27,058 - qmt_strategy - INFO - 简化特征提取完成
2026-01-09 15:11:27,059 - qmt_strategy - INFO - 开始简化特征提取
2026-01-09 15:11:27,059 - qmt_strategy - INFO - 提取集合竞价特征
2026-01-09 15:11:27,061 - qmt_strategy - INFO - 提取板块热度特征
2026-01-09 15:11:27,062 - qmt_strategy - INFO - 提取市场情绪特征
2026-01-09 15:11:27,065 - qmt_strategy - INFO - 提取个股基本面特征
2026-01-09 15:11:27,066 - qmt_strategy - INFO - 提取技术指标特征
2026-01-09 15:11:27,077 - qmt_strategy - INFO - 合并所有特征
2026-01-09 15:11:27,079 - qmt_strategy - INFO - 简化特征提取完成
2026-01-09 15:11:27,080 - qmt_strategy - INFO - 开始简化特征提取
2026-01-09 15:11:27,080 - qmt_strategy - INFO - 提取集合竞价特征
2026-01-09 15:11:27,084 - qmt_strategy - INFO - 提取板块热度特征
2026-01-09 15:11:27,085 - qmt_strategy - INFO - 提取市场情绪特征
2026-01-09 15:11:27,087 - qmt_strategy - INFO - 提取个股基本面特征
2026-01-09 15:11:27,088 - qmt_strategy - INFO - 提取技术指标特征
2026-01-09 15:11:27,100 - qmt_strategy - INFO - 合并所有特征
2026-01-09 15:11:27,101 - qmt_strategy - INFO - 简化特征提取完成
2026-01-09 15:11:27,102 - qmt_strategy - INFO - 开始简化特征提取
2026-01-09 15:11:27,102 - qmt_strategy - INFO - 提取集合竞价特征
2026-01-09 15:11:27,105 - qmt_strategy - INFO - 提取板块热度特征
2026-01-09 15:11:27,105 - qmt_strategy - INFO - 提取市场情绪特征
2026-01-09 15:11:27,107 - qmt_strategy - INFO - 提取个股基本面特征
2026-01-09 15:11:27,108 - qmt_strategy - INFO - 提取技术指标特征
2026-01-09 15:11:27,121 - qmt_strategy - INFO - 合并所有特征
2026-01-09 15:11:27,123 - qmt_strategy - INFO - 简化特征提取完成
2026-01-09 15:11:27,124 - qmt_strategy - INFO - 开始简化特征提取
2026-01-09 15:11:27,124 - qmt_strategy - INFO - 提取集合竞价特征
2026-01-09 15:11:27,126 - qmt_strategy - INFO - 提取板块热度特征
2026-01-09 15:11:27,126 - qmt_strategy - INFO - 提取市场情绪特征
2026-01-09 15:11:27,129 - qmt_strategy - INFO - 提取个股基本面特征
2026-01-09 15:11:27,131 - qmt_strategy - INFO - 提取技术指标特征
2026-01-09 15:11:27,142 - qmt_strategy - INFO - 合并所有特征
2026-01-09 15:11:27,143 - qmt_strategy - INFO - 简化特征提取完成
2026-01-09 15:11:27,145 - qmt_strategy - INFO - 开始简化特征提取
2026-01-09 15:11:27,145 - qmt_strategy - INFO - 提取集合竞价特征
2026-01-09 15:11:27,148 - qmt_strategy - INFO - 提取板块热度特征
2026-01-09 15:11:27,150 - qmt_strategy - INFO - 提取市场情绪特征
2026-01-09 15:11:27,151 - qmt_strategy - INFO - 提取个股基本面特征
2026-01-09 15:11:27,152 - qmt_strategy - INFO - 提取技术指标特征
2026-01-09 15:11:27,167 - qmt_strategy - INFO - 合并所有特征
2026-01-09 15:11:27,168 - qmt_strategy - INFO - 简化特征提取完成
2026-01-09 15:11:27,169 - qmt_strategy - INFO - 开始简化特征提取
2026-01-09 15:11:27,169 - qmt_strategy - INFO - 提取集合竞价特征
2026-01-09 15:11:27,172 - qmt_strategy - INFO - 提取板块热度特征
2026-01-09 15:11:27,173 - qmt_strategy - INFO - 提取市场情绪特征
2026-01-09 15:11:27,174 - qmt_strategy - INFO - 提取个股基本面特征
2026-01-09 15:11:27,175 - qmt_strategy - INFO - 提取技术指标特征
2026-01-09 15:11:27,188 - qmt_strategy - INFO - 合并所有特征
2026-01-09 15:11:27,189 - qmt_strategy - INFO - 简化特征提取完成
2026-01-09 15:11:27,190 - qmt_strategy - INFO - 开始简化特征提取
2026-01-09 15:11:27,191 - qmt_strategy - INFO - 提取集合竞价特征
2026-01-09 15:11:27,193 - qmt_strategy - INFO - 提取板块热度特征
2026-01-09 15:11:27,195 - qmt_strategy - INFO - 提取市场情绪特征
2026-01-09 15:11:27,197 - qmt_strategy - INFO - 提取个股基本面特征
2026-01-09 15:11:27,199 - qmt_strategy - INFO - 提取技术指标特征
2026-01-09 15:11:27,211 - qmt_strategy - INFO - 合并所有特征
2026-01-09 15:11:27,213 - qmt_strategy - INFO - 简化特征提取完成
2026-01-09 15:11:27,214 - qmt_strategy - INFO - 开始简化特征提取
2026-01-09 15:11:27,215 - qmt_strategy - INFO - 提取集合竞价特征
2026-01-09 15:11:27,218 - qmt_strategy - INFO - 提取板块热度特征
2026-01-09 15:11:27,219 - qmt_strategy - INFO - 提取市场情绪特征
2026-01-09 15:11:27,221 - qmt_strategy - INFO - 提取个股基本面特征
2026-01-09 15:11:27,222 - qmt_strategy - INFO - 提取技术指标特征
2026-01-09 15:11:27,236 - qmt_strategy - INFO - 合并所有特征
2026-01-09 15:11:27,237 - qmt_strategy - INFO - 简化特征提取完成
2026-01-09 15:11:27,238 - qmt_strategy - INFO - 开始简化特征提取
2026-01-09 15:11:27,239 - qmt_strategy - INFO - 提取集合竞价特征
2026-01-09 15:11:27,241 - qmt_strategy - INFO - 提取板块热度特征
2026-01-09 15:11:27,241 - qmt_strategy - INFO - 提取市场情绪特征
2026-01-09 15:11:27,243 - qmt_strategy - INFO - 提取个股基本面特征
2026-01-09 15:11:27,244 - qmt_strategy - INFO - 提取技术指标特征
2026-01-09 15:11:27,258 - qmt_strategy - INFO - 合并所有特征
2026-01-09 15:11:27,259 - qmt_strategy - INFO - 简化特征提取完成
2026-01-09 15:11:27,260 - qmt_strategy - INFO - 开始简化特征提取
2026-01-09 15:11:27,260 - qmt_strategy - INFO - 提取集合竞价特征
2026-01-09 15:11:27,264 - qmt_strategy - INFO - 提取板块热度特征
2026-01-09 15:11:27,265 - qmt_strategy - INFO - 提取市场情绪特征
2026-01-09 15:11:27,267 - qmt_strategy - INFO - 提取个股基本面特征
2026-01-09 15:11:27,268 - qmt_strategy - INFO - 提取技术指标特征
2026-01-09 15:11:27,278 - qmt_strategy - INFO - 合并所有特征
2026-01-09 15:11:27,280 - qmt_strategy - INFO - 简化特征提取完成
2026-01-09 15:11:27,282 - qmt_strategy - INFO - 开始简化特征提取
2026-01-09 15:11:27,282 - qmt_strategy - INFO - 提取集合竞价特征
2026-01-09 15:11:27,285 - qmt_strategy - INFO - 提取板块热度特征
2026-01-09 15:11:27,286 - qmt_strategy - INFO - 提取市场情绪特征
2026-01-09 15:11:27,287 - qmt_strategy - INFO - 提取个股基本面特征
2026-01-09 15:11:27,288 - qmt_strategy - INFO - 提取技术指标特征
2026-01-09 15:11:27,302 - qmt_strategy - INFO - 合并所有特征
2026-01-09 15:11:27,303 - qmt_strategy - INFO - 简化特征提取完成
2026-01-09 15:11:27,305 - qmt_strategy - INFO - 开始简化特征提取
2026-01-09 15:11:27,305 - qmt_strategy - INFO - 提取集合竞价特征
2026-01-09 15:11:27,307 - qmt_strategy - INFO - 提取板块热度特征
2026-01-09 15:11:27,307 - qmt_strategy - INFO - 提取市场情绪特征
2026-01-09 15:11:27,309 - qmt_strategy - INFO - 提取个股基本面特征
2026-01-09 15:11:27,309 - qmt_strategy - INFO - 提取技术指标特征
2026-01-09 15:11:27,323 - qmt_strategy - INFO - 合并所有特征
2026-01-09 15:11:27,324 - qmt_strategy - INFO - 简化特征提取完成
2026-01-09 15:11:27,325 - qmt_strategy - INFO - 开始简化特征提取
2026-01-09 15:11:27,325 - qmt_strategy - INFO - 提取集合竞价特征
2026-01-09 15:11:27,328 - qmt_strategy - INFO - 提取板块热度特征
2026-01-09 15:11:27,329 - qmt_strategy - INFO - 提取市场情绪特征
2026-01-09 15:11:27,332 - qmt_strategy - INFO - 提取个股基本面特征
2026-01-09 15:11:27,333 - qmt_strategy - INFO - 提取技术指标特征
2026-01-09 15:11:27,345 - qmt_strategy - INFO - 合并所有特征
2026-01-09 15:11:27,346 - qmt_strategy - INFO - 简化特征提取完成
2026-01-09 15:11:27,347 - qmt_strategy - INFO - 开始简化特征提取
2026-01-09 15:11:27,348 - qmt_strategy - INFO - 提取集合竞价特征
2026-01-09 15:11:27,350 - qmt_strategy - INFO - 提取板块热度特征
2026-01-09 15:11:27,351 - qmt_strategy - INFO - 提取市场情绪特征
2026-01-09 15:11:27,353 - qmt_strategy - INFO - 提取个股基本面特征
2026-01-09 15:11:27,354 - qmt_strategy - INFO - 提取技术指标特征
2026-01-09 15:11:27,368 - qmt_strategy - INFO - 合并所有特征
2026-01-09 15:11:27,369 - qmt_strategy - INFO - 简化特征提取完成
2026-01-09 15:11:27,371 - qmt_strategy - INFO - 开始简化特征提取
2026-01-09 15:11:27,371 - qmt_strategy - INFO - 提取集合竞价特征
2026-01-09 15:11:27,374 - qmt_strategy - INFO - 提取板块热度特征
2026-01-09 15:11:27,375 - qmt_strategy - INFO - 提取市场情绪特征
2026-01-09 15:11:27,376 - qmt_strategy - INFO - 提取个股基本面特征
2026-01-09 15:11:27,377 - qmt_strategy - INFO - 提取技术指标特征
2026-01-09 15:11:27,390 - qmt_strategy - INFO - 合并所有特征
2026-01-09 15:11:27,392 - qmt_strategy - INFO - 简化特征提取完成
2026-01-09 15:11:27,393 - qmt_strategy - INFO - 开始简化特征提取
2026-01-09 15:11:27,393 - qmt_strategy - INFO - 提取集合竞价特征
2026-01-09 15:11:27,396 - qmt_strategy - INFO - 提取板块热度特征
2026-01-09 15:11:27,397 - qmt_strategy - INFO - 提取市场情绪特征
2026-01-09 15:11:27,399 - qmt_strategy - INFO - 提取个股基本面特征
2026-01-09 15:11:27,400 - qmt_strategy - INFO - 提取技术指标特征
2026-01-09 15:11:27,412 - qmt_strategy - INFO - 合并所有特征
2026-01-09 15:11:27,413 - qmt_strategy - INFO - 简化特征提取完成
2026-01-09 15:11:27,415 - qmt_strategy - INFO - 开始简化特征提取
2026-01-09 15:11:27,415 - qmt_strategy - INFO - 提取集合竞价特征
2026-01-09 15:11:27,419 - qmt_strategy - INFO - 提取板块热度特征
2026-01-09 15:11:27,420 - qmt_strategy - INFO - 提取市场情绪特征
2026-01-09 15:11:27,422 - qmt_strategy - INFO - 提取个股基本面特征
2026-01-09 15:11:27,423 - qmt_strategy - INFO - 提取技术指标特征
2026-01-09 15:11:27,436 - qmt_strategy - INFO - 合并所有特征
2026-01-09 15:11:27,437 - qmt_strategy - INFO - 简化特征提取完成
2026-01-09 15:11:27,438 - qmt_strategy - INFO - 开始简化特征提取
2026-01-09 15:11:27,439 - qmt_strategy - INFO - 提取集合竞价特征
2026-01-09 15:11:27,441 - qmt_strategy - INFO - 提取板块热度特征
2026-01-09 15:11:27,442 - qmt_strategy - INFO - 提取市场情绪特征
2026-01-09 15:11:27,443 - qmt_strategy - INFO - 提取个股基本面特征
2026-01-09 15:11:27,444 - qmt_strategy - INFO - 提取技术指标特征
2026-01-09 15:11:27,458 - qmt_strategy - INFO - 合并所有特征
2026-01-09 15:11:27,459 - qmt_strategy - INFO - 简化特征提取完成
2026-01-09 15:11:27,460 - qmt_strategy - INFO - 开始简化特征提取
2026-01-09 15:11:27,460 - qmt_strategy - INFO - 提取集合竞价特征
2026-01-09 15:11:27,463 - qmt_strategy - INFO - 提取板块热度特征
2026-01-09 15:11:27,465 - qmt_strategy - INFO - 提取市场情绪特征
2026-01-09 15:11:27,467 - qmt_strategy - INFO - 提取个股基本面特征
2026-01-09 15:11:27,468 - qmt_strategy - INFO - 提取技术指标特征
2026-01-09 15:11:27,481 - qmt_strategy - INFO - 合并所有特征
2026-01-09 15:11:27,483 - qmt_strategy - INFO - 简化特征提取完成
2026-01-09 15:11:27,484 - qmt_strategy - INFO - 开始简化特征提取
2026-01-09 15:11:27,484 - qmt_strategy - INFO - 提取集合竞价特征
2026-01-09 15:11:27,487 - qmt_strategy - INFO - 提取板块热度特征
2026-01-09 15:11:27,488 - qmt_strategy - INFO - 提取市场情绪特征
2026-01-09 15:11:27,489 - qmt_strategy - INFO - 提取个股基本面特征
2026-01-09 15:11:27,490 - qmt_strategy - INFO - 提取技术指标特征
2026-01-09 15:11:27,504 - qmt_strategy - INFO - 合并所有特征
2026-01-09 15:11:27,505 - qmt_strategy - INFO - 简化特征提取完成
2026-01-09 15:11:27,505 - qmt_strategy - INFO - 开始简化特征提取
2026-01-09 15:11:27,506 - qmt_strategy - INFO - 提取集合竞价特征
2026-01-09 15:11:27,508 - qmt_strategy - INFO - 提取板块热度特征
2026-01-09 15:11:27,508 - qmt_strategy - INFO - 提取市场情绪特征
2026-01-09 15:11:27,509 - qmt_strategy - INFO - 提取个股基本面特征
2026-01-09 15:11:27,510 - qmt_strategy - INFO - 提取技术指标特征
2026-01-09 15:11:27,524 - qmt_strategy - INFO - 合并所有特征
2026-01-09 15:11:27,525 - qmt_strategy - INFO - 简化特征提取完成
2026-01-09 15:11:27,526 - qmt_strategy - INFO - 开始简化特征提取
2026-01-09 15:11:27,526 - qmt_strategy - INFO - 提取集合竞价特征
2026-01-09 15:11:27,528 - qmt_strategy - INFO - 提取板块热度特征
2026-01-09 15:11:27,528 - qmt_strategy - INFO - 提取市场情绪特征
2026-01-09 15:11:27,531 - qmt_strategy - INFO - 提取个股基本面特征
2026-01-09 15:11:27,532 - qmt_strategy - INFO - 提取技术指标特征
2026-01-09 15:11:27,544 - qmt_strategy - INFO - 合并所有特征
2026-01-09 15:11:27,546 - qmt_strategy - INFO - 简化特征提取完成
2026-01-09 15:11:27,548 - qmt_strategy - INFO - 开始简化特征提取
2026-01-09 15:11:27,548 - qmt_strategy - INFO - 提取集合竞价特征
2026-01-09 15:11:27,551 - qmt_strategy - INFO - 提取板块热度特征
2026-01-09 15:11:27,552 - qmt_strategy - INFO - 提取市场情绪特征
2026-01-09 15:11:27,554 - qmt_strategy - INFO - 提取个股基本面特征
2026-01-09 15:11:27,554 - qmt_strategy - INFO - 提取技术指标特征
2026-01-09 15:11:27,567 - qmt_strategy - INFO - 合并所有特征
2026-01-09 15:11:27,569 - qmt_strategy - INFO - 简化特征提取完成
2026-01-09 15:11:27,570 - qmt_strategy - INFO - 开始简化特征提取
2026-01-09 15:11:27,570 - qmt_strategy - INFO - 提取集合竞价特征
2026-01-09 15:11:27,573 - qmt_strategy - INFO - 提取板块热度特征
2026-01-09 15:11:27,574 - qmt_strategy - INFO - 提取市场情绪特征
2026-01-09 15:11:27,575 - qmt_strategy - INFO - 提取个股基本面特征
2026-01-09 15:11:27,576 - qmt_strategy - INFO - 提取技术指标特征
2026-01-09 15:11:27,589 - qmt_strategy - INFO - 合并所有特征
2026-01-09 15:11:27,591 - qmt_strategy - INFO - 简化特征提取完成
2026-01-09 15:11:27,592 - qmt_strategy - INFO - 开始简化特征提取
2026-01-09 15:11:27,592 - qmt_strategy - INFO - 提取集合竞价特征
2026-01-09 15:11:27,595 - qmt_strategy - INFO - 提取板块热度特征
2026-01-09 15:11:27,597 - qmt_strategy - INFO - 提取市场情绪特征
2026-01-09 15:11:27,599 - qmt_strategy - INFO - 提取个股基本面特征
2026-01-09 15:11:27,600 - qmt_strategy - INFO - 提取技术指标特征
2026-01-09 15:11:27,614 - qmt_strategy - INFO - 合并所有特征
2026-01-09 15:11:27,615 - qmt_strategy - INFO - 简化特征提取完成
2026-01-09 15:11:27,617 - qmt_strategy - INFO - 开始简化特征提取
2026-01-09 15:11:27,617 - qmt_strategy - INFO - 提取集合竞价特征
2026-01-09 15:11:27,619 - qmt_strategy - INFO - 提取板块热度特征
2026-01-09 15:11:27,620 - qmt_strategy - INFO - 提取市场情绪特征
2026-01-09 15:11:27,622 - qmt_strategy - INFO - 提取个股基本面特征
2026-01-09 15:11:27,622 - qmt_strategy - INFO - 提取技术指标特征
2026-01-09 15:11:27,636 - qmt_strategy - INFO - 合并所有特征
2026-01-09 15:11:27,637 - qmt_strategy - INFO - 简化特征提取完成
2026-01-09 15:11:27,638 - qmt_strategy - INFO - 开始简化特征提取
2026-01-09 15:11:27,638 - qmt_strategy - INFO - 提取集合竞价特征
2026-01-09 15:11:27,640 - qmt_strategy - INFO - 提取板块热度特征
2026-01-09 15:11:27,641 - qmt_strategy - INFO - 提取市场情绪特征
2026-01-09 15:11:27,643 - qmt_strategy - INFO - 提取个股基本面特征
2026-01-09 15:11:27,644 - qmt_strategy - INFO - 提取技术指标特征
2026-01-09 15:11:27,658 - qmt_strategy - INFO - 合并所有特征
2026-01-09 15:11:27,659 - qmt_strategy - INFO - 简化特征提取完成
2026-01-09 15:11:27,660 - qmt_strategy - INFO - 开始简化特征提取
2026-01-09 15:11:27,660 - qmt_strategy - INFO - 提取集合竞价特征
2026-01-09 15:11:27,663 - qmt_strategy - INFO - 提取板块热度特征
2026-01-09 15:11:27,665 - qmt_strategy - INFO - 提取市场情绪特征
2026-01-09 15:11:27,666 - qmt_strategy - INFO - 提取个股基本面特征
2026-01-09 15:11:27,667 - qmt_strategy - INFO - 提取技术指标特征
2026-01-09 15:11:27,680 - qmt_strategy - INFO - 合并所有特征
2026-01-09 15:11:27,681 - qmt_strategy - INFO - 简化特征提取完成
2026-01-09 15:11:27,683 - qmt_strategy - INFO - 开始简化特征提取
2026-01-09 15:11:27,683 - qmt_strategy - INFO - 提取集合竞价特征
2026-01-09 15:11:27,685 - qmt_strategy - INFO - 提取板块热度特征
2026-01-09 15:11:27,686 - qmt_strategy - INFO - 提取市场情绪特征
2026-01-09 15:11:27,688 - qmt_strategy - INFO - 提取个股基本面特征
2026-01-09 15:11:27,689 - qmt_strategy - INFO - 提取技术指标特征
2026-01-09 15:11:27,702 - qmt_strategy - INFO - 合并所有特征
2026-01-09 15:11:27,703 - qmt_strategy - INFO - 简化特征提取完成
2026-01-09 15:11:27,704 - qmt_strategy - INFO - 开始简化特征提取
2026-01-09 15:11:27,704 - qmt_strategy - INFO - 提取集合竞价特征
2026-01-09 15:11:27,707 - qmt_strategy - INFO - 提取板块热度特征
2026-01-09 15:11:27,707 - qmt_strategy - INFO - 提取市场情绪特征
2026-01-09 15:11:27,709 - qmt_strategy - INFO - 提取个股基本面特征
2026-01-09 15:11:27,710 - qmt_strategy - INFO - 提取技术指标特征
2026-01-09 15:11:27,724 - qmt_strategy - INFO - 合并所有特征
2026-01-09 15:11:27,725 - qmt_strategy - INFO - 简化特征提取完成
2026-01-09 15:11:27,726 - qmt_strategy - INFO - 开始简化特征提取
2026-01-09 15:11:27,726 - qmt_strategy - INFO - 提取集合竞价特征
2026-01-09 15:11:27,729 - qmt_strategy - INFO - 提取板块热度特征
2026-01-09 15:11:27,731 - qmt_strategy - INFO - 提取市场情绪特征
2026-01-09 15:11:27,733 - qmt_strategy - INFO - 提取个股基本面特征
2026-01-09 15:11:27,734 - qmt_strategy - INFO - 提取技术指标特征
2026-01-09 15:11:27,745 - qmt_strategy - INFO - 合并所有特征
2026-01-09 15:11:27,748 - qmt_strategy - INFO - 简化特征提取完成
2026-01-09 15:11:27,749 - qmt_strategy - INFO - 开始简化特征提取
2026-01-09 15:11:27,749 - qmt_strategy - INFO - 提取集合竞价特征
2026-01-09 15:11:27,752 - qmt_strategy - INFO - 提取板块热度特征
2026-01-09 15:11:27,753 - qmt_strategy - INFO - 提取市场情绪特征
2026-01-09 15:11:27,754 - qmt_strategy - INFO - 提取个股基本面特征
2026-01-09 15:11:27,755 - qmt_strategy - INFO - 提取技术指标特征
2026-01-09 15:11:27,769 - qmt_strategy - INFO - 合并所有特征
2026-01-09 15:11:27,770 - qmt_strategy - INFO - 简化特征提取完成
2026-01-09 15:11:27,771 - qmt_strategy - INFO - 开始简化特征提取
2026-01-09 15:11:27,772 - qmt_strategy - INFO - 提取集合竞价特征
2026-01-09 15:11:27,774 - qmt_strategy - INFO - 提取板块热度特征
2026-01-09 15:11:27,775 - qmt_strategy - INFO - 提取市场情绪特征
2026-01-09 15:11:27,776 - qmt_strategy - INFO - 提取个股基本面特征
2026-01-09 15:11:27,777 - qmt_strategy - INFO - 提取技术指标特征
2026-01-09 15:11:27,790 - qmt_strategy - INFO - 合并所有特征
2026-01-09 15:11:27,791 - qmt_strategy - INFO - 简化特征提取完成
2026-01-09 15:11:27,792 - qmt_strategy - INFO - 开始简化特征提取
2026-01-09 15:11:27,793 - qmt_strategy - INFO - 提取集合竞价特征
2026-01-09 15:11:27,795 - qmt_strategy - INFO - 提取板块热度特征
2026-01-09 15:11:27,797 - qmt_strategy - INFO - 提取市场情绪特征
2026-01-09 15:11:27,800 - qmt_strategy - INFO - 提取个股基本面特征
2026-01-09 15:11:27,801 - qmt_strategy - INFO - 提取技术指标特征
2026-01-09 15:11:27,814 - qmt_strategy - INFO - 合并所有特征
2026-01-09 15:11:27,816 - qmt_strategy - INFO - 简化特征提取完成
2026-01-09 15:11:27,817 - qmt_strategy - INFO - 开始简化特征提取
2026-01-09 15:11:27,817 - qmt_strategy - INFO - 提取集合竞价特征
2026-01-09 15:11:27,820 - qmt_strategy - INFO - 提取板块热度特征
2026-01-09 15:11:27,820 - qmt_strategy - INFO - 提取市场情绪特征
2026-01-09 15:11:27,822 - qmt_strategy - INFO - 提取个股基本面特征
2026-01-09 15:11:27,822 - qmt_strategy - INFO - 提取技术指标特征
2026-01-09 15:11:27,835 - qmt_strategy - INFO - 合并所有特征
2026-01-09 15:11:27,837 - qmt_strategy - INFO - 简化特征提取完成
2026-01-09 15:11:27,838 - qmt_strategy - INFO - 开始简化特征提取
2026-01-09 15:11:27,838 - qmt_strategy - INFO - 提取集合竞价特征
2026-01-09 15:11:27,841 - qmt_strategy - INFO - 提取板块热度特征
2026-01-09 15:11:27,841 - qmt_strategy - INFO - 提取市场情绪特征
2026-01-09 15:11:27,843 - qmt_strategy - INFO - 提取个股基本面特征
2026-01-09 15:11:27,844 - qmt_strategy - INFO - 提取技术指标特征
2026-01-09 15:11:27,858 - qmt_strategy - INFO - 合并所有特征
2026-01-09 15:11:27,859 - qmt_strategy - INFO - 简化特征提取完成
2026-01-09 15:11:27,860 - qmt_strategy - INFO - 开始简化特征提取
2026-01-09 15:11:27,860 - qmt_strategy - INFO - 提取集合竞价特征
2026-01-09 15:11:27,863 - qmt_strategy - INFO - 提取板块热度特征
2026-01-09 15:11:27,864 - qmt_strategy - INFO - 提取市场情绪特征
2026-01-09 15:11:27,866 - qmt_strategy - INFO - 提取个股基本面特征
2026-01-09 15:11:27,867 - qmt_strategy - INFO - 提取技术指标特征
2026-01-09 15:11:27,878 - qmt_strategy - INFO - 合并所有特征
2026-01-09 15:11:27,879 - qmt_strategy - INFO - 简化特征提取完成
2026-01-09 15:11:27,882 - qmt_strategy - INFO - 开始简化特征提取
2026-01-09 15:11:27,882 - qmt_strategy - INFO - 提取集合竞价特征
2026-01-09 15:11:27,885 - qmt_strategy - INFO - 提取板块热度特征
2026-01-09 15:11:27,886 - qmt_strategy - INFO - 提取市场情绪特征
2026-01-09 15:11:27,888 - qmt_strategy - INFO - 提取个股基本面特征
2026-01-09 15:11:27,889 - qmt_strategy - INFO - 提取技术指标特征
2026-01-09 15:11:27,901 - qmt_strategy - INFO - 合并所有特征
2026-01-09 15:11:27,903 - qmt_strategy - INFO - 简化特征提取完成
2026-01-09 15:11:27,904 - qmt_strategy - INFO - 开始简化特征提取
2026-01-09 15:11:27,904 - qmt_strategy - INFO - 提取集合竞价特征
2026-01-09 15:11:27,906 - qmt_strategy - INFO - 提取板块热度特征
2026-01-09 15:11:27,907 - qmt_strategy - INFO - 提取市场情绪特征
2026-01-09 15:11:27,908 - qmt_strategy - INFO - 提取个股基本面特征
2026-01-09 15:11:27,909 - qmt_strategy - INFO - 提取技术指标特征
2026-01-09 15:11:27,922 - qmt_strategy - INFO - 合并所有特征
2026-01-09 15:11:27,923 - qmt_strategy - INFO - 简化特征提取完成
2026-01-09 15:11:27,934 - qmt_strategy - INFO - 生成了4300条回测特征数据
2026-01-09 15:11:27,934 - qmt_strategy - INFO - 特征数据中涨停标签数量：0
2026-01-09 15:11:27,938 - qmt_strategy - INFO - === 开始回测验证 ===
2026-01-09 15:11:27,938 - qmt_strategy - INFO - 初始化回测器
2026-01-09 15:11:28,662 - qmt_strategy - INFO - 初始化策略决策器
2026-01-09 15:11:28,662 - qmt_strategy - INFO - 初始化模型训练器
2026-01-09 15:11:28,663 - qmt_strategy - INFO - 初始化风险控制器
2026-01-09 15:11:28,663 - qmt_strategy - INFO - 加载预训练模型
2026-01-09 15:11:28,664 - qmt_strategy - INFO - 加载模型
2026-01-09 15:11:28,664 - qmt_strategy - WARNING - 模型目录中没有找到模型文件
2026-01-09 15:11:28,664 - qmt_strategy - WARNING - 预训练模型加载失败，将在回测时自动训练简单模型
2026-01-09 15:11:28,665 - qmt_strategy - INFO - 开始运行历史回测
2026-01-09 15:11:28,665 - qmt_strategy - INFO - 输入特征数据总行数：4300
2026-01-09 15:11:28,665 - qmt_strategy - INFO - 输入特征数据列：['bid_price_change', 'bid_price_volatility', 'bid_price_change_920_925', 'bid_price_change_abs_920_925', 'bid_price_change_915_920', 'bid_volume_change', 'bid_volume_abs_change', 'bid_volume_change_920_925', 'bid_volume_abs_change_920_925', 'bid_volume_ratio_920_925', 'bid_volume_ratio', 'bid_volume_yesterday_ratio', 'bid_intensity', 'bid_intensity_normalized', 'buy_order_size_925', 'buy_order_size_change', 'buy_order_size_ratio', 'buy_order_size_volume_ratio', 'price_volume_fit', 'open_bid_price_diff', 'bid_turnover_rate', 'bid_price_volatility_915_920', 'bid_price_volatility_920_925', 'total_bid_volume', 'bid_price_to_prev_close', 'price_volume_fit_920_925', 'bid_volume_to_day_ratio', 'sector_change', 'sector_money_flow', 'sector_rank', 'sector_limit_up_count', 'index_change', 'index_volatility', 'up_down_ratio', 'up_down_ratio_change', 'profit_effect', 'profit_effect_change', 'market_volume', 'market_volume_change', 'market_volume_ratio', 'vix', 'limit_up_count', 'limit_up_ratio', 'limit_down_count', 'limit_down_ratio', 'market_turnover', 'market_turnover_change', 'margin_balance_change', 'short_balance_change', 'margin_short_ratio', 'circulating_market_cap', 'current_price', 'volatility_5d', 'pe_ratio', 'pb_ratio', 'earnings_announcement', 'turnover_rate', 'price_ma5_ratio', 'price_ma10_ratio', 'macd_diff', 'rsi_14', 'volume_ratio', 'volume_change_rate', 'kdj_k', 'kdj_d', 'kdj_j', 'obv', 'atr', 'adx', 'plus_di', 'minus_di', 'break_prev_5d_high', 'break_prev_10d_high', 'break_prev_20d_high', 'distance_to_support_10d', 'distance_to_resistance_10d', 'trend_5d', 'trend_20d', 'trend_60d', 'bullish_ma_arrangement', 'bearish_ma_arrangement', 'ma_cohesion', 'hammer_pattern', 'inverted_hammer_pattern', 'doji_pattern', 'bullish_engulfing', 'bearish_engulfing', 'macd_golden_cross', 'macd_death_cross', 'rsi_overbought', 'rsi_oversold', 'kdj_golden_cross', 'kdj_death_cross', 'kdj_overbought', 'kdj_oversold', 'volume_new_high', 'volume_new_low', 'volume_price_fit', 'price_volatility_5d', 'price_volatility_10d', 'stock_code', 'date', 'label']
2026-01-09 15:11:28,666 - qmt_strategy - INFO - 特征数据中label列的分布：{0: 4300}
2026-01-09 15:11:28,666 - qmt_strategy - INFO - 初始化回测状态
2026-01-09 15:11:28,666 - qmt_strategy - INFO - 回测状态初始化完成
2026-01-09 15:11:28,666 - qmt_strategy - INFO - 标签分布：{0: 4300}
2026-01-09 15:11:28,671 - qmt_strategy - INFO - 移除非数值特征后，保留100个数值特征用于模型训练
2026-01-09 15:11:28,671 - qmt_strategy - INFO - 开始训练模型用于回测
2026-01-09 15:11:28,797 - qmt_strategy - INFO - 模型训练完成
2026-01-09 15:11:28,798 - qmt_strategy - INFO - 模拟交易过程
2026-01-09 15:11:28,798 - qmt_strategy - INFO - 特征数据总行数：4300
2026-01-09 15:11:28,798 - qmt_strategy - INFO - 特征数据列：['bid_price_change', 'bid_price_volatility', 'bid_price_change_920_925', 'bid_price_change_abs_920_925', 'bid_price_change_915_920', 'bid_volume_change', 'bid_volume_abs_change', 'bid_volume_change_920_925', 'bid_volume_abs_change_920_925', 'bid_volume_ratio_920_925', 'bid_volume_ratio', 'bid_volume_yesterday_ratio', 'bid_intensity', 'bid_intensity_normalized', 'buy_order_size_925', 'buy_order_size_change', 'buy_order_size_ratio', 'buy_order_size_volume_ratio', 'price_volume_fit', 'open_bid_price_diff', 'bid_turnover_rate', 'bid_price_volatility_915_920', 'bid_price_volatility_920_925', 'total_bid_volume', 'bid_price_to_prev_close', 'price_volume_fit_920_925', 'bid_volume_to_day_ratio', 'sector_change', 'sector_money_flow', 'sector_rank', 'sector_limit_up_count', 'index_change', 'index_volatility', 'up_down_ratio', 'up_down_ratio_change', 'profit_effect', 'profit_effect_change', 'market_volume', 'market_volume_change', 'market_volume_ratio', 'vix', 'limit_up_count', 'limit_up_ratio', 'limit_down_count', 'limit_down_ratio', 'market_turnover', 'market_turnover_change', 'margin_balance_change', 'short_balance_change', 'margin_short_ratio', 'circulating_market_cap', 'current_price', 'volatility_5d', 'pe_ratio', 'pb_ratio', 'earnings_announcement', 'turnover_rate', 'price_ma5_ratio', 'price_ma10_ratio', 'macd_diff', 'rsi_14', 'volume_ratio', 'volume_change_rate', 'kdj_k', 'kdj_d', 'kdj_j', 'obv', 'atr', 'adx', 'plus_di', 'minus_di', 'break_prev_5d_high', 'break_prev_10d_high', 'break_prev_20d_high', 'distance_to_support_10d', 'distance_to_resistance_10d', 'trend_5d', 'trend_20d', 'trend_60d', 'bullish_ma_arrangement', 'bearish_ma_arrangement', 'ma_cohesion', 'hammer_pattern', 'inverted_hammer_pattern', 'doji_pattern', 'bullish_engulfing', 'bearish_engulfing', 'macd_golden_cross', 'macd_death_cross', 'rsi_overbought', 'rsi_oversold', 'kdj_golden_cross', 'kdj_death_cross', 'kdj_overbought', 'kdj_oversold', 'volume_new_high', 'volume_new_low', 'volume_price_fit', 'price_volatility_5d', 'price_volatility_10d', 'stock_code', 'date', 'label']
2026-01-09 15:11:28,799 - qmt_strategy - INFO - 日期列存在，日期范围：2025-11-03 到 2025-12-31
2026-01-09 15:11:28,799 - qmt_strategy - INFO - 唯一日期数量：43
2026-01-09 15:11:28,801 - qmt_strategy - INFO - 按日期分组后得到 43 个日期组
2026-01-09 15:11:28,802 - qmt_strategy - INFO - 处理日期：2025-11-03，当日数据行数：100
2026-01-09 15:11:28,802 - qmt_strategy - INFO - 当日包含 100 只股票：['000001.SZ' '000002.SZ' '000003.SZ' '000004.SZ' '000005.SZ']...
2026-01-09 15:11:28,802 - qmt_strategy - INFO - 模拟2025-11-03的交易
2026-01-09 15:11:28,803 - qmt_strategy - INFO - 过滤后用于预测的数值特征数量：100
2026-01-09 15:11:28,803 - qmt_strategy - INFO - 使用模型进行预测
2026-01-09 15:11:28,841 - qmt_strategy - INFO - 模型预测完成
2026-01-09 15:11:28,841 - qmt_strategy - INFO - 预测结果类型：<class 'dict'>
2026-01-09 15:11:28,841 - qmt_strategy - INFO - 预测结果内容：{'predictions': array([0, 0, 0, 0, 0, 0, 0, 0, 0, 0, 0, 0, 0, 0, 0, 0, 0, 0, 0, 0, 0, 0,
       0, 0, 0, 0, 0, 0, 0, 0, 0, 0, 0, 0, 0, 0, 0, 0, 0, 0, 0, 0, 0, 0,
       0, 0, 0, 0, 0, 0, 0, 0, 0, 0, 0, 0, 0, 0, 0, 0, 0, 0, 0, 0, 0, 0,
       0, 0, 0, 0, 0, 0, 0, 0, 0, 0, 0, 0, 0, 0, 0, 0, 0, 0, 0, 0, 0, 0,
       0, 0, 0, 0, 0, 0, 0, 0, 0, 0, 0, 0]), 'probabilities': array([0., 0., 0., 0., 0., 0., 0., 0., 0., 0., 0., 0., 0., 0., 0., 0., 0.,
       0., 0., 0., 0., 0., 0., 0., 0., 0., 0., 0., 0., 0., 0., 0., 0., 0.,
       0., 0., 0., 0., 0., 0., 0., 0., 0., 0., 0., 0., 0., 0., 0., 0., 0.,
       0., 0., 0., 0., 0., 0., 0., 0., 0., 0., 0., 0., 0., 0., 0., 0., 0.,
       0., 0., 0., 0., 0., 0., 0., 0., 0., 0., 0., 0., 0., 0., 0., 0., 0.,
       0., 0., 0., 0., 0., 0., 0., 0., 0., 0., 0., 0., 0., 0., 0.])}
2026-01-09 15:11:28,842 - qmt_strategy - INFO - 预测结果长度：100
2026-01-09 15:11:28,842 - qmt_strategy - INFO - 开始做出交易决策
2026-01-09 15:11:28,842 - qmt_strategy - INFO - 进行动态买点决策
2026-01-09 15:11:28,845 - qmt_strategy - DEBUG - 处理股票：000001.SZ，预测结果：0，预测概率：0.0，综合评分：23.0
2026-01-09 15:11:28,845 - qmt_strategy - DEBUG - 股票000001.SZ不满足买入条件，概率：0.0 < 阈值：0.3
2026-01-09 15:11:28,846 - qmt_strategy - DEBUG - 处理股票：000002.SZ，预测结果：0，预测概率：0.0，综合评分：23.0
2026-01-09 15:11:28,846 - qmt_strategy - DEBUG - 股票000002.SZ不满足买入条件，概率：0.0 < 阈值：0.3
2026-01-09 15:11:28,846 - qmt_strategy - DEBUG - 处理股票：000003.SZ，预测结果：0，预测概率：0.0，综合评分：23.0
2026-01-09 15:11:28,846 - qmt_strategy - DEBUG - 股票000003.SZ不满足买入条件，概率：0.0 < 阈值：0.3
2026-01-09 15:11:28,847 - qmt_strategy - DEBUG - 处理股票：000004.SZ，预测结果：0，预测概率：0.0，综合评分：23.0
2026-01-09 15:11:28,847 - qmt_strategy - DEBUG - 股票000004.SZ不满足买入条件，概率：0.0 < 阈值：0.3
2026-01-09 15:11:28,847 - qmt_strategy - DEBUG - 处理股票：000005.SZ，预测结果：0，预测概率：0.0，综合评分：23.0
2026-01-09 15:11:28,847 - qmt_strategy - DEBUG - 股票000005.SZ不满足买入条件，概率：0.0 < 阈值：0.3
2026-01-09 15:11:28,847 - qmt_strategy - INFO - 进行自适应卖点决策
2026-01-09 15:11:28,848 - qmt_strategy - INFO - 交易决策完成，共0个决策
2026-01-09 15:11:28,848 - qmt_strategy - INFO - 2025-11-03生成了0个交易决策
2026-01-09 15:11:28,848 - qmt_strategy - INFO - 进行风险控制检查
2026-01-09 15:11:28,848 - qmt_strategy - WARNING - 交易决策为空，跳过风险控制检查
2026-01-09 15:11:28,848 - qmt_strategy - INFO - 2025-11-03通过风险控制的决策数量：0
2026-01-09 15:11:28,848 - qmt_strategy - INFO - 2025-11-03没有通过风险控制的交易决策
2026-01-09 15:11:28,849 - qmt_strategy - INFO - 处理日期：2025-11-04，当日数据行数：100
2026-01-09 15:11:28,849 - qmt_strategy - INFO - 当日包含 100 只股票：['000001.SZ' '000002.SZ' '000003.SZ' '000004.SZ' '000005.SZ']...
2026-01-09 15:11:28,849 - qmt_strategy - INFO - 模拟2025-11-04的交易
2026-01-09 15:11:28,850 - qmt_strategy - INFO - 过滤后用于预测的数值特征数量：100
2026-01-09 15:11:28,850 - qmt_strategy - INFO - 使用模型进行预测
2026-01-09 15:11:28,887 - qmt_strategy - INFO - 模型预测完成
2026-01-09 15:11:28,887 - qmt_strategy - INFO - 预测结果类型：<class 'dict'>
2026-01-09 15:11:28,888 - qmt_strategy - INFO - 预测结果内容：{'predictions': array([0, 0, 0, 0, 0, 0, 0, 0, 0, 0, 0, 0, 0, 0, 0, 0, 0, 0, 0, 0, 0, 0,
       0, 0, 0, 0, 0, 0, 0, 0, 0, 0, 0, 0, 0, 0, 0, 0, 0, 0, 0, 0, 0, 0,
       0, 0, 0, 0, 0, 0, 0, 0, 0, 0, 0, 0, 0, 0, 0, 0, 0, 0, 0, 0, 0, 0,
       0, 0, 0, 0, 0, 0, 0, 0, 0, 0, 0, 0, 0, 0, 0, 0, 0, 0, 0, 0, 0, 0,
       0, 0, 0, 0, 0, 0, 0, 0, 0, 0, 0, 0]), 'probabilities': array([0., 0., 0., 0., 0., 0., 0., 0., 0., 0., 0., 0., 0., 0., 0., 0., 0.,
       0., 0., 0., 0., 0., 0., 0., 0., 0., 0., 0., 0., 0., 0., 0., 0., 0.,
       0., 0., 0., 0., 0., 0., 0., 0., 0., 0., 0., 0., 0., 0., 0., 0., 0.,
       0., 0., 0., 0., 0., 0., 0., 0., 0., 0., 0., 0., 0., 0., 0., 0., 0.,
       0., 0., 0., 0., 0., 0., 0., 0., 0., 0., 0., 0., 0., 0., 0., 0., 0.,
       0., 0., 0., 0., 0., 0., 0., 0., 0., 0., 0., 0., 0., 0., 0.])}
2026-01-09 15:11:28,888 - qmt_strategy - INFO - 预测结果长度：100
2026-01-09 15:11:28,889 - qmt_strategy - INFO - 开始做出交易决策
2026-01-09 15:11:28,889 - qmt_strategy - INFO - 进行动态买点决策
2026-01-09 15:11:28,892 - qmt_strategy - DEBUG - 处理股票：000001.SZ，预测结果：0，预测概率：0.0，综合评分：23.0
2026-01-09 15:11:28,892 - qmt_strategy - DEBUG - 股票000001.SZ不满足买入条件，概率：0.0 < 阈值：0.3
2026-01-09 15:11:28,892 - qmt_strategy - DEBUG - 处理股票：000002.SZ，预测结果：0，预测概率：0.0，综合评分：23.0
2026-01-09 15:11:28,892 - qmt_strategy - DEBUG - 股票000002.SZ不满足买入条件，概率：0.0 < 阈值：0.3
2026-01-09 15:11:28,893 - qmt_strategy - DEBUG - 处理股票：000003.SZ，预测结果：0，预测概率：0.0，综合评分：23.0
2026-01-09 15:11:28,893 - qmt_strategy - DEBUG - 股票000003.SZ不满足买入条件，概率：0.0 < 阈值：0.3
2026-01-09 15:11:28,893 - qmt_strategy - DEBUG - 处理股票：000004.SZ，预测结果：0，预测概率：0.0，综合评分：23.0
2026-01-09 15:11:28,893 - qmt_strategy - DEBUG - 股票000004.SZ不满足买入条件，概率：0.0 < 阈值：0.3
2026-01-09 15:11:28,893 - qmt_strategy - DEBUG - 处理股票：000005.SZ，预测结果：0，预测概率：0.0，综合评分：23.0
2026-01-09 15:11:28,894 - qmt_strategy - DEBUG - 股票000005.SZ不满足买入条件，概率：0.0 < 阈值：0.3
2026-01-09 15:11:28,894 - qmt_strategy - INFO - 进行自适应卖点决策
2026-01-09 15:11:28,894 - qmt_strategy - INFO - 交易决策完成，共0个决策
2026-01-09 15:11:28,894 - qmt_strategy - INFO - 2025-11-04生成了0个交易决策
2026-01-09 15:11:28,894 - qmt_strategy - INFO - 进行风险控制检查
2026-01-09 15:11:28,894 - qmt_strategy - WARNING - 交易决策为空，跳过风险控制检查
2026-01-09 15:11:28,894 - qmt_strategy - INFO - 2025-11-04通过风险控制的决策数量：0
2026-01-09 15:11:28,895 - qmt_strategy - INFO - 2025-11-04没有通过风险控制的交易决策
2026-01-09 15:11:28,895 - qmt_strategy - INFO - 处理日期：2025-11-05，当日数据行数：100
2026-01-09 15:11:28,895 - qmt_strategy - INFO - 当日包含 100 只股票：['000001.SZ' '000002.SZ' '000003.SZ' '000004.SZ' '000005.SZ']...
2026-01-09 15:11:28,895 - qmt_strategy - INFO - 模拟2025-11-05的交易
2026-01-09 15:11:28,896 - qmt_strategy - INFO - 过滤后用于预测的数值特征数量：100
2026-01-09 15:11:28,896 - qmt_strategy - INFO - 使用模型进行预测
2026-01-09 15:11:28,948 - qmt_strategy - INFO - 模型预测完成
2026-01-09 15:11:28,948 - qmt_strategy - INFO - 预测结果类型：<class 'dict'>
2026-01-09 15:11:28,949 - qmt_strategy - INFO - 预测结果内容：{'predictions': array([0, 0, 0, 0, 0, 0, 0, 0, 0, 0, 0, 0, 0, 0, 0, 0, 0, 0, 0, 0, 0, 0,
       0, 0, 0, 0, 0, 0, 0, 0, 0, 0, 0, 0, 0, 0, 0, 0, 0, 0, 0, 0, 0, 0,
       0, 0, 0, 0, 0, 0, 0, 0, 0, 0, 0, 0, 0, 0, 0, 0, 0, 0, 0, 0, 0, 0,
       0, 0, 0, 0, 0, 0, 0, 0, 0, 0, 0, 0, 0, 0, 0, 0, 0, 0, 0, 0, 0, 0,
       0, 0, 0, 0, 0, 0, 0, 0, 0, 0, 0, 0]), 'probabilities': array([0., 0., 0., 0., 0., 0., 0., 0., 0., 0., 0., 0., 0., 0., 0., 0., 0.,
       0., 0., 0., 0., 0., 0., 0., 0., 0., 0., 0., 0., 0., 0., 0., 0., 0.,
       0., 0., 0., 0., 0., 0., 0., 0., 0., 0., 0., 0., 0., 0., 0., 0., 0.,
       0., 0., 0., 0., 0., 0., 0., 0., 0., 0., 0., 0., 0., 0., 0., 0., 0.,
       0., 0., 0., 0., 0., 0., 0., 0., 0., 0., 0., 0., 0., 0., 0., 0., 0.,
       0., 0., 0., 0., 0., 0., 0., 0., 0., 0., 0., 0., 0., 0., 0.])}
2026-01-09 15:11:28,949 - qmt_strategy - INFO - 预测结果长度：100
2026-01-09 15:11:28,949 - qmt_strategy - INFO - 开始做出交易决策
2026-01-09 15:11:28,949 - qmt_strategy - INFO - 进行动态买点决策
2026-01-09 15:11:28,952 - qmt_strategy - DEBUG - 处理股票：000001.SZ，预测结果：0，预测概率：0.0，综合评分：23.0
2026-01-09 15:11:28,952 - qmt_strategy - DEBUG - 股票000001.SZ不满足买入条件，概率：0.0 < 阈值：0.3
2026-01-09 15:11:28,952 - qmt_strategy - DEBUG - 处理股票：000002.SZ，预测结果：0，预测概率：0.0，综合评分：23.0
2026-01-09 15:11:28,953 - qmt_strategy - DEBUG - 股票000002.SZ不满足买入条件，概率：0.0 < 阈值：0.3
2026-01-09 15:11:28,953 - qmt_strategy - DEBUG - 处理股票：000003.SZ，预测结果：0，预测概率：0.0，综合评分：23.0
2026-01-09 15:11:28,953 - qmt_strategy - DEBUG - 股票000003.SZ不满足买入条件，概率：0.0 < 阈值：0.3
2026-01-09 15:11:28,953 - qmt_strategy - DEBUG - 处理股票：000004.SZ，预测结果：0，预测概率：0.0，综合评分：23.0
2026-01-09 15:11:28,953 - qmt_strategy - DEBUG - 股票000004.SZ不满足买入条件，概率：0.0 < 阈值：0.3
2026-01-09 15:11:28,953 - qmt_strategy - DEBUG - 处理股票：000005.SZ，预测结果：0，预测概率：0.0，综合评分：23.0
2026-01-09 15:11:28,953 - qmt_strategy - DEBUG - 股票000005.SZ不满足买入条件，概率：0.0 < 阈值：0.3
2026-01-09 15:11:28,954 - qmt_strategy - INFO - 进行自适应卖点决策
2026-01-09 15:11:28,954 - qmt_strategy - INFO - 交易决策完成，共0个决策
2026-01-09 15:11:28,954 - qmt_strategy - INFO - 2025-11-05生成了0个交易决策
2026-01-09 15:11:28,954 - qmt_strategy - INFO - 进行风险控制检查
2026-01-09 15:11:28,954 - qmt_strategy - WARNING - 交易决策为空，跳过风险控制检查
2026-01-09 15:11:28,954 - qmt_strategy - INFO - 2025-11-05通过风险控制的决策数量：0
2026-01-09 15:11:28,954 - qmt_strategy - INFO - 2025-11-05没有通过风险控制的交易决策
2026-01-09 15:11:28,954 - qmt_strategy - INFO - 处理日期：2025-11-06，当日数据行数：100
2026-01-09 15:11:28,955 - qmt_strategy - INFO - 当日包含 100 只股票：['000001.SZ' '000002.SZ' '000003.SZ' '000004.SZ' '000005.SZ']...
2026-01-09 15:11:28,955 - qmt_strategy - INFO - 模拟2025-11-06的交易
2026-01-09 15:11:28,956 - qmt_strategy - INFO - 过滤后用于预测的数值特征数量：100
2026-01-09 15:11:28,956 - qmt_strategy - INFO - 使用模型进行预测
2026-01-09 15:11:28,991 - qmt_strategy - INFO - 模型预测完成
2026-01-09 15:11:28,991 - qmt_strategy - INFO - 预测结果类型：<class 'dict'>
2026-01-09 15:11:28,992 - qmt_strategy - INFO - 预测结果内容：{'predictions': array([0, 0, 0, 0, 0, 0, 0, 0, 0, 0, 0, 0, 0, 0, 0, 0, 0, 0, 0, 0, 0, 0,
       0, 0, 0, 0, 0, 0, 0, 0, 0, 0, 0, 0, 0, 0, 0, 0, 0, 0, 0, 0, 0, 0,
       0, 0, 0, 0, 0, 0, 0, 0, 0, 0, 0, 0, 0, 0, 0, 0, 0, 0, 0, 0, 0, 0,
       0, 0, 0, 0, 0, 0, 0, 0, 0, 0, 0, 0, 0, 0, 0, 0, 0, 0, 0, 0, 0, 0,
       0, 0, 0, 0, 0, 0, 0, 0, 0, 0, 0, 0]), 'probabilities': array([0., 0., 0., 0., 0., 0., 0., 0., 0., 0., 0., 0., 0., 0., 0., 0., 0.,
       0., 0., 0., 0., 0., 0., 0., 0., 0., 0., 0., 0., 0., 0., 0., 0., 0.,
       0., 0., 0., 0., 0., 0., 0., 0., 0., 0., 0., 0., 0., 0., 0., 0., 0.,
       0., 0., 0., 0., 0., 0., 0., 0., 0., 0., 0., 0., 0., 0., 0., 0., 0.,
       0., 0., 0., 0., 0., 0., 0., 0., 0., 0., 0., 0., 0., 0., 0., 0., 0.,
       0., 0., 0., 0., 0., 0., 0., 0., 0., 0., 0., 0., 0., 0., 0.])}
2026-01-09 15:11:28,992 - qmt_strategy - INFO - 预测结果长度：100
2026-01-09 15:11:28,992 - qmt_strategy - INFO - 开始做出交易决策
2026-01-09 15:11:28,992 - qmt_strategy - INFO - 进行动态买点决策
2026-01-09 15:11:28,995 - qmt_strategy - DEBUG - 处理股票：000001.SZ，预测结果：0，预测概率：0.0，综合评分：23.0
2026-01-09 15:11:28,995 - qmt_strategy - DEBUG - 股票000001.SZ不满足买入条件，概率：0.0 < 阈值：0.3
2026-01-09 15:11:28,996 - qmt_strategy - DEBUG - 处理股票：000002.SZ，预测结果：0，预测概率：0.0，综合评分：23.0
2026-01-09 15:11:28,996 - qmt_strategy - DEBUG - 股票000002.SZ不满足买入条件，概率：0.0 < 阈值：0.3
2026-01-09 15:11:28,996 - qmt_strategy - DEBUG - 处理股票：000003.SZ，预测结果：0，预测概率：0.0，综合评分：23.0
2026-01-09 15:11:28,996 - qmt_strategy - DEBUG - 股票000003.SZ不满足买入条件，概率：0.0 < 阈值：0.3
2026-01-09 15:11:28,996 - qmt_strategy - DEBUG - 处理股票：000004.SZ，预测结果：0，预测概率：0.0，综合评分：23.0
2026-01-09 15:11:28,996 - qmt_strategy - DEBUG - 股票000004.SZ不满足买入条件，概率：0.0 < 阈值：0.3
2026-01-09 15:11:28,997 - qmt_strategy - DEBUG - 处理股票：000005.SZ，预测结果：0，预测概率：0.0，综合评分：23.0
2026-01-09 15:11:28,997 - qmt_strategy - DEBUG - 股票000005.SZ不满足买入条件，概率：0.0 < 阈值：0.3
2026-01-09 15:11:28,997 - qmt_strategy - INFO - 进行自适应卖点决策
2026-01-09 15:11:28,997 - qmt_strategy - INFO - 交易决策完成，共0个决策
2026-01-09 15:11:28,997 - qmt_strategy - INFO - 2025-11-06生成了0个交易决策
2026-01-09 15:11:28,998 - qmt_strategy - INFO - 进行风险控制检查
2026-01-09 15:11:28,998 - qmt_strategy - WARNING - 交易决策为空，跳过风险控制检查
2026-01-09 15:11:28,998 - qmt_strategy - INFO - 2025-11-06通过风险控制的决策数量：0
2026-01-09 15:11:28,998 - qmt_strategy - INFO - 2025-11-06没有通过风险控制的交易决策
2026-01-09 15:11:28,999 - qmt_strategy - INFO - 处理日期：2025-11-07，当日数据行数：100
2026-01-09 15:11:28,999 - qmt_strategy - INFO - 当日包含 100 只股票：['000001.SZ' '000002.SZ' '000003.SZ' '000004.SZ' '000005.SZ']...
2026-01-09 15:11:28,999 - qmt_strategy - INFO - 模拟2025-11-07的交易
2026-01-09 15:11:29,000 - qmt_strategy - INFO - 过滤后用于预测的数值特征数量：100
2026-01-09 15:11:29,001 - qmt_strategy - INFO - 使用模型进行预测
2026-01-09 15:11:29,050 - qmt_strategy - INFO - 模型预测完成
2026-01-09 15:11:29,050 - qmt_strategy - INFO - 预测结果类型：<class 'dict'>
2026-01-09 15:11:29,051 - qmt_strategy - INFO - 预测结果内容：{'predictions': array([0, 0, 0, 0, 0, 0, 0, 0, 0, 0, 0, 0, 0, 0, 0, 0, 0, 0, 0, 0, 0, 0,
       0, 0, 0, 0, 0, 0, 0, 0, 0, 0, 0, 0, 0, 0, 0, 0, 0, 0, 0, 0, 0, 0,
       0, 0, 0, 0, 0, 0, 0, 0, 0, 0, 0, 0, 0, 0, 0, 0, 0, 0, 0, 0, 0, 0,
       0, 0, 0, 0, 0, 0, 0, 0, 0, 0, 0, 0, 0, 0, 0, 0, 0, 0, 0, 0, 0, 0,
       0, 0, 0, 0, 0, 0, 0, 0, 0, 0, 0, 0]), 'probabilities': array([0., 0., 0., 0., 0., 0., 0., 0., 0., 0., 0., 0., 0., 0., 0., 0., 0.,
       0., 0., 0., 0., 0., 0., 0., 0., 0., 0., 0., 0., 0., 0., 0., 0., 0.,
       0., 0., 0., 0., 0., 0., 0., 0., 0., 0., 0., 0., 0., 0., 0., 0., 0.,
       0., 0., 0., 0., 0., 0., 0., 0., 0., 0., 0., 0., 0., 0., 0., 0., 0.,
       0., 0., 0., 0., 0., 0., 0., 0., 0., 0., 0., 0., 0., 0., 0., 0., 0.,
       0., 0., 0., 0., 0., 0., 0., 0., 0., 0., 0., 0., 0., 0., 0.])}
2026-01-09 15:11:29,051 - qmt_strategy - INFO - 预测结果长度：100
2026-01-09 15:11:29,051 - qmt_strategy - INFO - 开始做出交易决策
2026-01-09 15:11:29,051 - qmt_strategy - INFO - 进行动态买点决策
2026-01-09 15:11:29,054 - qmt_strategy - DEBUG - 处理股票：000004.SZ，预测结果：0，预测概率：0.0，综合评分：28.0
2026-01-09 15:11:29,054 - qmt_strategy - DEBUG - 股票000004.SZ不满足买入条件，概率：0.0 < 阈值：0.3
2026-01-09 15:11:29,054 - qmt_strategy - DEBUG - 处理股票：000012.SZ，预测结果：0，预测概率：0.0，综合评分：28.0
2026-01-09 15:11:29,055 - qmt_strategy - DEBUG - 股票000012.SZ不满足买入条件，概率：0.0 < 阈值：0.3
2026-01-09 15:11:29,055 - qmt_strategy - DEBUG - 处理股票：000020.SZ，预测结果：0，预测概率：0.0，综合评分：28.0
2026-01-09 15:11:29,055 - qmt_strategy - DEBUG - 股票000020.SZ不满足买入条件，概率：0.0 < 阈值：0.3
2026-01-09 15:11:29,055 - qmt_strategy - DEBUG - 处理股票：000021.SZ，预测结果：0，预测概率：0.0，综合评分：28.0
2026-01-09 15:11:29,055 - qmt_strategy - DEBUG - 股票000021.SZ不满足买入条件，概率：0.0 < 阈值：0.3
2026-01-09 15:11:29,055 - qmt_strategy - DEBUG - 处理股票：000029.SZ，预测结果：0，预测概率：0.0，综合评分：28.0
2026-01-09 15:11:29,055 - qmt_strategy - DEBUG - 股票000029.SZ不满足买入条件，概率：0.0 < 阈值：0.3
2026-01-09 15:11:29,056 - qmt_strategy - INFO - 进行自适应卖点决策
2026-01-09 15:11:29,056 - qmt_strategy - INFO - 交易决策完成，共0个决策
2026-01-09 15:11:29,056 - qmt_strategy - INFO - 2025-11-07生成了0个交易决策
2026-01-09 15:11:29,056 - qmt_strategy - INFO - 进行风险控制检查
2026-01-09 15:11:29,056 - qmt_strategy - WARNING - 交易决策为空，跳过风险控制检查
2026-01-09 15:11:29,056 - qmt_strategy - INFO - 2025-11-07通过风险控制的决策数量：0
2026-01-09 15:11:29,057 - qmt_strategy - INFO - 2025-11-07没有通过风险控制的交易决策
2026-01-09 15:11:29,057 - qmt_strategy - INFO - 处理日期：2025-11-10，当日数据行数：100
2026-01-09 15:11:29,057 - qmt_strategy - INFO - 当日包含 100 只股票：['000001.SZ' '000002.SZ' '000003.SZ' '000004.SZ' '000005.SZ']...
2026-01-09 15:11:29,057 - qmt_strategy - INFO - 模拟2025-11-10的交易
2026-01-09 15:11:29,058 - qmt_strategy - INFO - 过滤后用于预测的数值特征数量：100
2026-01-09 15:11:29,058 - qmt_strategy - INFO - 使用模型进行预测
2026-01-09 15:11:29,094 - qmt_strategy - INFO - 模型预测完成
2026-01-09 15:11:29,095 - qmt_strategy - INFO - 预测结果类型：<class 'dict'>
2026-01-09 15:11:29,095 - qmt_strategy - INFO - 预测结果内容：{'predictions': array([0, 0, 0, 0, 0, 0, 0, 0, 0, 0, 0, 0, 0, 0, 0, 0, 0, 0, 0, 0, 0, 0,
       0, 0, 0, 0, 0, 0, 0, 0, 0, 0, 0, 0, 0, 0, 0, 0, 0, 0, 0, 0, 0, 0,
       0, 0, 0, 0, 0, 0, 0, 0, 0, 0, 0, 0, 0, 0, 0, 0, 0, 0, 0, 0, 0, 0,
       0, 0, 0, 0, 0, 0, 0, 0, 0, 0, 0, 0, 0, 0, 0, 0, 0, 0, 0, 0, 0, 0,
       0, 0, 0, 0, 0, 0, 0, 0, 0, 0, 0, 0]), 'probabilities': array([0., 0., 0., 0., 0., 0., 0., 0., 0., 0., 0., 0., 0., 0., 0., 0., 0.,
       0., 0., 0., 0., 0., 0., 0., 0., 0., 0., 0., 0., 0., 0., 0., 0., 0.,
       0., 0., 0., 0., 0., 0., 0., 0., 0., 0., 0., 0., 0., 0., 0., 0., 0.,
       0., 0., 0., 0., 0., 0., 0., 0., 0., 0., 0., 0., 0., 0., 0., 0., 0.,
       0., 0., 0., 0., 0., 0., 0., 0., 0., 0., 0., 0., 0., 0., 0., 0., 0.,
       0., 0., 0., 0., 0., 0., 0., 0., 0., 0., 0., 0., 0., 0., 0.])}
2026-01-09 15:11:29,096 - qmt_strategy - INFO - 预测结果长度：100
2026-01-09 15:11:29,096 - qmt_strategy - INFO - 开始做出交易决策
2026-01-09 15:11:29,096 - qmt_strategy - INFO - 进行动态买点决策
2026-01-09 15:11:29,099 - qmt_strategy - DEBUG - 处理股票：000004.SZ，预测结果：0，预测概率：0.0，综合评分：28.0
2026-01-09 15:11:29,100 - qmt_strategy - DEBUG - 股票000004.SZ不满足买入条件，概率：0.0 < 阈值：0.3
2026-01-09 15:11:29,100 - qmt_strategy - DEBUG - 处理股票：000005.SZ，预测结果：0，预测概率：0.0，综合评分：28.0
2026-01-09 15:11:29,100 - qmt_strategy - DEBUG - 股票000005.SZ不满足买入条件，概率：0.0 < 阈值：0.3
2026-01-09 15:11:29,100 - qmt_strategy - DEBUG - 处理股票：000021.SZ，预测结果：0，预测概率：0.0，综合评分：28.0
2026-01-09 15:11:29,100 - qmt_strategy - DEBUG - 股票000021.SZ不满足买入条件，概率：0.0 < 阈值：0.3
2026-01-09 15:11:29,100 - qmt_strategy - DEBUG - 处理股票：000024.SZ，预测结果：0，预测概率：0.0，综合评分：28.0
2026-01-09 15:11:29,100 - qmt_strategy - DEBUG - 股票000024.SZ不满足买入条件，概率：0.0 < 阈值：0.3
2026-01-09 15:11:29,100 - qmt_strategy - DEBUG - 处理股票：000027.SZ，预测结果：0，预测概率：0.0，综合评分：28.0
2026-01-09 15:11:29,101 - qmt_strategy - DEBUG - 股票000027.SZ不满足买入条件，概率：0.0 < 阈值：0.3
2026-01-09 15:11:29,101 - qmt_strategy - INFO - 进行自适应卖点决策
2026-01-09 15:11:29,101 - qmt_strategy - INFO - 交易决策完成，共0个决策
2026-01-09 15:11:29,101 - qmt_strategy - INFO - 2025-11-10生成了0个交易决策
2026-01-09 15:11:29,101 - qmt_strategy - INFO - 进行风险控制检查
2026-01-09 15:11:29,101 - qmt_strategy - WARNING - 交易决策为空，跳过风险控制检查
2026-01-09 15:11:29,101 - qmt_strategy - INFO - 2025-11-10通过风险控制的决策数量：0
2026-01-09 15:11:29,101 - qmt_strategy - INFO - 2025-11-10没有通过风险控制的交易决策
2026-01-09 15:11:29,102 - qmt_strategy - INFO - 处理日期：2025-11-11，当日数据行数：100
2026-01-09 15:11:29,102 - qmt_strategy - INFO - 当日包含 100 只股票：['000001.SZ' '000002.SZ' '000003.SZ' '000004.SZ' '000005.SZ']...
2026-01-09 15:11:29,102 - qmt_strategy - INFO - 模拟2025-11-11的交易
2026-01-09 15:11:29,103 - qmt_strategy - INFO - 过滤后用于预测的数值特征数量：100
2026-01-09 15:11:29,103 - qmt_strategy - INFO - 使用模型进行预测
2026-01-09 15:11:29,138 - qmt_strategy - INFO - 模型预测完成
2026-01-09 15:11:29,138 - qmt_strategy - INFO - 预测结果类型：<class 'dict'>
2026-01-09 15:11:29,139 - qmt_strategy - INFO - 预测结果内容：{'predictions': array([0, 0, 0, 0, 0, 0, 0, 0, 0, 0, 0, 0, 0, 0, 0, 0, 0, 0, 0, 0, 0, 0,
       0, 0, 0, 0, 0, 0, 0, 0, 0, 0, 0, 0, 0, 0, 0, 0, 0, 0, 0, 0, 0, 0,
       0, 0, 0, 0, 0, 0, 0, 0, 0, 0, 0, 0, 0, 0, 0, 0, 0, 0, 0, 0, 0, 0,
       0, 0, 0, 0, 0, 0, 0, 0, 0, 0, 0, 0, 0, 0, 0, 0, 0, 0, 0, 0, 0, 0,
       0, 0, 0, 0, 0, 0, 0, 0, 0, 0, 0, 0]), 'probabilities': array([0., 0., 0., 0., 0., 0., 0., 0., 0., 0., 0., 0., 0., 0., 0., 0., 0.,
       0., 0., 0., 0., 0., 0., 0., 0., 0., 0., 0., 0., 0., 0., 0., 0., 0.,
       0., 0., 0., 0., 0., 0., 0., 0., 0., 0., 0., 0., 0., 0., 0., 0., 0.,
       0., 0., 0., 0., 0., 0., 0., 0., 0., 0., 0., 0., 0., 0., 0., 0., 0.,
       0., 0., 0., 0., 0., 0., 0., 0., 0., 0., 0., 0., 0., 0., 0., 0., 0.,
       0., 0., 0., 0., 0., 0., 0., 0., 0., 0., 0., 0., 0., 0., 0.])}
2026-01-09 15:11:29,139 - qmt_strategy - INFO - 预测结果长度：100
2026-01-09 15:11:29,139 - qmt_strategy - INFO - 开始做出交易决策
2026-01-09 15:11:29,139 - qmt_strategy - INFO - 进行动态买点决策
2026-01-09 15:11:29,142 - qmt_strategy - DEBUG - 处理股票：000021.SZ，预测结果：0，预测概率：0.0，综合评分：28.0
2026-01-09 15:11:29,142 - qmt_strategy - DEBUG - 股票000021.SZ不满足买入条件，概率：0.0 < 阈值：0.3
2026-01-09 15:11:29,142 - qmt_strategy - DEBUG - 处理股票：000029.SZ，预测结果：0，预测概率：0.0，综合评分：28.0
2026-01-09 15:11:29,142 - qmt_strategy - DEBUG - 股票000029.SZ不满足买入条件，概率：0.0 < 阈值：0.3
2026-01-09 15:11:29,142 - qmt_strategy - DEBUG - 处理股票：000036.SZ，预测结果：0，预测概率：0.0，综合评分：28.0
2026-01-09 15:11:29,143 - qmt_strategy - DEBUG - 股票000036.SZ不满足买入条件，概率：0.0 < 阈值：0.3
2026-01-09 15:11:29,143 - qmt_strategy - DEBUG - 处理股票：000038.SZ，预测结果：0，预测概率：0.0，综合评分：28.0
2026-01-09 15:11:29,143 - qmt_strategy - DEBUG - 股票000038.SZ不满足买入条件，概率：0.0 < 阈值：0.3
2026-01-09 15:11:29,143 - qmt_strategy - DEBUG - 处理股票：000039.SZ，预测结果：0，预测概率：0.0，综合评分：28.0
2026-01-09 15:11:29,143 - qmt_strategy - DEBUG - 股票000039.SZ不满足买入条件，概率：0.0 < 阈值：0.3
2026-01-09 15:11:29,143 - qmt_strategy - INFO - 进行自适应卖点决策
2026-01-09 15:11:29,143 - qmt_strategy - INFO - 交易决策完成，共0个决策
2026-01-09 15:11:29,143 - qmt_strategy - INFO - 2025-11-11生成了0个交易决策
2026-01-09 15:11:29,144 - qmt_strategy - INFO - 进行风险控制检查
2026-01-09 15:11:29,144 - qmt_strategy - WARNING - 交易决策为空，跳过风险控制检查
2026-01-09 15:11:29,144 - qmt_strategy - INFO - 2025-11-11通过风险控制的决策数量：0
2026-01-09 15:11:29,144 - qmt_strategy - INFO - 2025-11-11没有通过风险控制的交易决策
2026-01-09 15:11:29,145 - qmt_strategy - INFO - 处理日期：2025-11-12，当日数据行数：100
2026-01-09 15:11:29,145 - qmt_strategy - INFO - 当日包含 100 只股票：['000001.SZ' '000002.SZ' '000003.SZ' '000004.SZ' '000005.SZ']...
2026-01-09 15:11:29,145 - qmt_strategy - INFO - 模拟2025-11-12的交易
2026-01-09 15:11:29,146 - qmt_strategy - INFO - 过滤后用于预测的数值特征数量：100
2026-01-09 15:11:29,146 - qmt_strategy - INFO - 使用模型进行预测
2026-01-09 15:11:29,182 - qmt_strategy - INFO - 模型预测完成
2026-01-09 15:11:29,183 - qmt_strategy - INFO - 预测结果类型：<class 'dict'>
2026-01-09 15:11:29,183 - qmt_strategy - INFO - 预测结果内容：{'predictions': array([0, 0, 0, 0, 0, 0, 0, 0, 0, 0, 0, 0, 0, 0, 0, 0, 0, 0, 0, 0, 0, 0,
       0, 0, 0, 0, 0, 0, 0, 0, 0, 0, 0, 0, 0, 0, 0, 0, 0, 0, 0, 0, 0, 0,
       0, 0, 0, 0, 0, 0, 0, 0, 0, 0, 0, 0, 0, 0, 0, 0, 0, 0, 0, 0, 0, 0,
       0, 0, 0, 0, 0, 0, 0, 0, 0, 0, 0, 0, 0, 0, 0, 0, 0, 0, 0, 0, 0, 0,
       0, 0, 0, 0, 0, 0, 0, 0, 0, 0, 0, 0]), 'probabilities': array([0., 0., 0., 0., 0., 0., 0., 0., 0., 0., 0., 0., 0., 0., 0., 0., 0.,
       0., 0., 0., 0., 0., 0., 0., 0., 0., 0., 0., 0., 0., 0., 0., 0., 0.,
       0., 0., 0., 0., 0., 0., 0., 0., 0., 0., 0., 0., 0., 0., 0., 0., 0.,
       0., 0., 0., 0., 0., 0., 0., 0., 0., 0., 0., 0., 0., 0., 0., 0., 0.,
       0., 0., 0., 0., 0., 0., 0., 0., 0., 0., 0., 0., 0., 0., 0., 0., 0.,
       0., 0., 0., 0., 0., 0., 0., 0., 0., 0., 0., 0., 0., 0., 0.])}
2026-01-09 15:11:29,184 - qmt_strategy - INFO - 预测结果长度：100
2026-01-09 15:11:29,184 - qmt_strategy - INFO - 开始做出交易决策
2026-01-09 15:11:29,184 - qmt_strategy - INFO - 进行动态买点决策
2026-01-09 15:11:29,187 - qmt_strategy - DEBUG - 处理股票：000003.SZ，预测结果：0，预测概率：0.0，综合评分：28.0
2026-01-09 15:11:29,187 - qmt_strategy - DEBUG - 股票000003.SZ不满足买入条件，概率：0.0 < 阈值：0.3
2026-01-09 15:11:29,187 - qmt_strategy - DEBUG - 处理股票：000005.SZ，预测结果：0，预测概率：0.0，综合评分：28.0
2026-01-09 15:11:29,187 - qmt_strategy - DEBUG - 股票000005.SZ不满足买入条件，概率：0.0 < 阈值：0.3
2026-01-09 15:11:29,187 - qmt_strategy - DEBUG - 处理股票：000021.SZ，预测结果：0，预测概率：0.0，综合评分：28.0
2026-01-09 15:11:29,187 - qmt_strategy - DEBUG - 股票000021.SZ不满足买入条件，概率：0.0 < 阈值：0.3
2026-01-09 15:11:29,187 - qmt_strategy - DEBUG - 处理股票：000023.SZ，预测结果：0，预测概率：0.0，综合评分：28.0
2026-01-09 15:11:29,188 - qmt_strategy - DEBUG - 股票000023.SZ不满足买入条件，概率：0.0 < 阈值：0.3
2026-01-09 15:11:29,188 - qmt_strategy - DEBUG - 处理股票：000024.SZ，预测结果：0，预测概率：0.0，综合评分：28.0
2026-01-09 15:11:29,188 - qmt_strategy - DEBUG - 股票000024.SZ不满足买入条件，概率：0.0 < 阈值：0.3
2026-01-09 15:11:29,188 - qmt_strategy - INFO - 进行自适应卖点决策
2026-01-09 15:11:29,188 - qmt_strategy - INFO - 交易决策完成，共0个决策
2026-01-09 15:11:29,188 - qmt_strategy - INFO - 2025-11-12生成了0个交易决策
2026-01-09 15:11:29,188 - qmt_strategy - INFO - 进行风险控制检查
2026-01-09 15:11:29,188 - qmt_strategy - WARNING - 交易决策为空，跳过风险控制检查
2026-01-09 15:11:29,188 - qmt_strategy - INFO - 2025-11-12通过风险控制的决策数量：0
2026-01-09 15:11:29,188 - qmt_strategy - INFO - 2025-11-12没有通过风险控制的交易决策
2026-01-09 15:11:29,189 - qmt_strategy - INFO - 处理日期：2025-11-13，当日数据行数：100
2026-01-09 15:11:29,189 - qmt_strategy - INFO - 当日包含 100 只股票：['000001.SZ' '000002.SZ' '000003.SZ' '000004.SZ' '000005.SZ']...
2026-01-09 15:11:29,189 - qmt_strategy - INFO - 模拟2025-11-13的交易
2026-01-09 15:11:29,190 - qmt_strategy - INFO - 过滤后用于预测的数值特征数量：100
2026-01-09 15:11:29,190 - qmt_strategy - INFO - 使用模型进行预测
2026-01-09 15:11:29,227 - qmt_strategy - INFO - 模型预测完成
2026-01-09 15:11:29,228 - qmt_strategy - INFO - 预测结果类型：<class 'dict'>
2026-01-09 15:11:29,228 - qmt_strategy - INFO - 预测结果内容：{'predictions': array([0, 0, 0, 0, 0, 0, 0, 0, 0, 0, 0, 0, 0, 0, 0, 0, 0, 0, 0, 0, 0, 0,
       0, 0, 0, 0, 0, 0, 0, 0, 0, 0, 0, 0, 0, 0, 0, 0, 0, 0, 0, 0, 0, 0,
       0, 0, 0, 0, 0, 0, 0, 0, 0, 0, 0, 0, 0, 0, 0, 0, 0, 0, 0, 0, 0, 0,
       0, 0, 0, 0, 0, 0, 0, 0, 0, 0, 0, 0, 0, 0, 0, 0, 0, 0, 0, 0, 0, 0,
       0, 0, 0, 0, 0, 0, 0, 0, 0, 0, 0, 0]), 'probabilities': array([0., 0., 0., 0., 0., 0., 0., 0., 0., 0., 0., 0., 0., 0., 0., 0., 0.,
       0., 0., 0., 0., 0., 0., 0., 0., 0., 0., 0., 0., 0., 0., 0., 0., 0.,
       0., 0., 0., 0., 0., 0., 0., 0., 0., 0., 0., 0., 0., 0., 0., 0., 0.,
       0., 0., 0., 0., 0., 0., 0., 0., 0., 0., 0., 0., 0., 0., 0., 0., 0.,
       0., 0., 0., 0., 0., 0., 0., 0., 0., 0., 0., 0., 0., 0., 0., 0., 0.,
       0., 0., 0., 0., 0., 0., 0., 0., 0., 0., 0., 0., 0., 0., 0.])}
2026-01-09 15:11:29,229 - qmt_strategy - INFO - 预测结果长度：100
2026-01-09 15:11:29,229 - qmt_strategy - INFO - 开始做出交易决策
2026-01-09 15:11:29,229 - qmt_strategy - INFO - 进行动态买点决策
2026-01-09 15:11:29,233 - qmt_strategy - DEBUG - 处理股票：000003.SZ，预测结果：0，预测概率：0.0，综合评分：28.0
2026-01-09 15:11:29,234 - qmt_strategy - DEBUG - 股票000003.SZ不满足买入条件，概率：0.0 < 阈值：0.3
2026-01-09 15:11:29,234 - qmt_strategy - DEBUG - 处理股票：000023.SZ，预测结果：0，预测概率：0.0，综合评分：28.0
2026-01-09 15:11:29,234 - qmt_strategy - DEBUG - 股票000023.SZ不满足买入条件，概率：0.0 < 阈值：0.3
2026-01-09 15:11:29,234 - qmt_strategy - DEBUG - 处理股票：000024.SZ，预测结果：0，预测概率：0.0，综合评分：28.0
2026-01-09 15:11:29,234 - qmt_strategy - DEBUG - 股票000024.SZ不满足买入条件，概率：0.0 < 阈值：0.3
2026-01-09 15:11:29,234 - qmt_strategy - DEBUG - 处理股票：000033.SZ，预测结果：0，预测概率：0.0，综合评分：28.0
2026-01-09 15:11:29,234 - qmt_strategy - DEBUG - 股票000033.SZ不满足买入条件，概率：0.0 < 阈值：0.3
2026-01-09 15:11:29,235 - qmt_strategy - DEBUG - 处理股票：000036.SZ，预测结果：0，预测概率：0.0，综合评分：28.0
2026-01-09 15:11:29,235 - qmt_strategy - DEBUG - 股票000036.SZ不满足买入条件，概率：0.0 < 阈值：0.3
2026-01-09 15:11:29,235 - qmt_strategy - INFO - 进行自适应卖点决策
2026-01-09 15:11:29,235 - qmt_strategy - INFO - 交易决策完成，共0个决策
2026-01-09 15:11:29,235 - qmt_strategy - INFO - 2025-11-13生成了0个交易决策
2026-01-09 15:11:29,235 - qmt_strategy - INFO - 进行风险控制检查
2026-01-09 15:11:29,235 - qmt_strategy - WARNING - 交易决策为空，跳过风险控制检查
2026-01-09 15:11:29,235 - qmt_strategy - INFO - 2025-11-13通过风险控制的决策数量：0
2026-01-09 15:11:29,236 - qmt_strategy - INFO - 2025-11-13没有通过风险控制的交易决策
2026-01-09 15:11:29,236 - qmt_strategy - INFO - 处理日期：2025-11-14，当日数据行数：100
2026-01-09 15:11:29,236 - qmt_strategy - INFO - 当日包含 100 只股票：['000001.SZ' '000002.SZ' '000003.SZ' '000004.SZ' '000005.SZ']...
2026-01-09 15:11:29,236 - qmt_strategy - INFO - 模拟2025-11-14的交易
2026-01-09 15:11:29,237 - qmt_strategy - INFO - 过滤后用于预测的数值特征数量：100
2026-01-09 15:11:29,237 - qmt_strategy - INFO - 使用模型进行预测
2026-01-09 15:11:29,274 - qmt_strategy - INFO - 模型预测完成
2026-01-09 15:11:29,274 - qmt_strategy - INFO - 预测结果类型：<class 'dict'>
2026-01-09 15:11:29,274 - qmt_strategy - INFO - 预测结果内容：{'predictions': array([0, 0, 0, 0, 0, 0, 0, 0, 0, 0, 0, 0, 0, 0, 0, 0, 0, 0, 0, 0, 0, 0,
       0, 0, 0, 0, 0, 0, 0, 0, 0, 0, 0, 0, 0, 0, 0, 0, 0, 0, 0, 0, 0, 0,
       0, 0, 0, 0, 0, 0, 0, 0, 0, 0, 0, 0, 0, 0, 0, 0, 0, 0, 0, 0, 0, 0,
       0, 0, 0, 0, 0, 0, 0, 0, 0, 0, 0, 0, 0, 0, 0, 0, 0, 0, 0, 0, 0, 0,
       0, 0, 0, 0, 0, 0, 0, 0, 0, 0, 0, 0]), 'probabilities': array([0., 0., 0., 0., 0., 0., 0., 0., 0., 0., 0., 0., 0., 0., 0., 0., 0.,
       0., 0., 0., 0., 0., 0., 0., 0., 0., 0., 0., 0., 0., 0., 0., 0., 0.,
       0., 0., 0., 0., 0., 0., 0., 0., 0., 0., 0., 0., 0., 0., 0., 0., 0.,
       0., 0., 0., 0., 0., 0., 0., 0., 0., 0., 0., 0., 0., 0., 0., 0., 0.,
       0., 0., 0., 0., 0., 0., 0., 0., 0., 0., 0., 0., 0., 0., 0., 0., 0.,
       0., 0., 0., 0., 0., 0., 0., 0., 0., 0., 0., 0., 0., 0., 0.])}
2026-01-09 15:11:29,275 - qmt_strategy - INFO - 预测结果长度：100
2026-01-09 15:11:29,275 - qmt_strategy - INFO - 开始做出交易决策
2026-01-09 15:11:29,275 - qmt_strategy - INFO - 进行动态买点决策
2026-01-09 15:11:29,278 - qmt_strategy - DEBUG - 处理股票：000003.SZ，预测结果：0，预测概率：0.0，综合评分：28.0
2026-01-09 15:11:29,278 - qmt_strategy - DEBUG - 股票000003.SZ不满足买入条件，概率：0.0 < 阈值：0.3
2026-01-09 15:11:29,278 - qmt_strategy - DEBUG - 处理股票：000005.SZ，预测结果：0，预测概率：0.0，综合评分：28.0
2026-01-09 15:11:29,278 - qmt_strategy - DEBUG - 股票000005.SZ不满足买入条件，概率：0.0 < 阈值：0.3
2026-01-09 15:11:29,278 - qmt_strategy - DEBUG - 处理股票：000008.SZ，预测结果：0，预测概率：0.0，综合评分：28.0
2026-01-09 15:11:29,278 - qmt_strategy - DEBUG - 股票000008.SZ不满足买入条件，概率：0.0 < 阈值：0.3
2026-01-09 15:11:29,278 - qmt_strategy - DEBUG - 处理股票：000010.SZ，预测结果：0，预测概率：0.0，综合评分：28.0
2026-01-09 15:11:29,279 - qmt_strategy - DEBUG - 股票000010.SZ不满足买入条件，概率：0.0 < 阈值：0.3
2026-01-09 15:11:29,279 - qmt_strategy - DEBUG - 处理股票：000015.SZ，预测结果：0，预测概率：0.0，综合评分：28.0
2026-01-09 15:11:29,279 - qmt_strategy - DEBUG - 股票000015.SZ不满足买入条件，概率：0.0 < 阈值：0.3
2026-01-09 15:11:29,280 - qmt_strategy - INFO - 进行自适应卖点决策
2026-01-09 15:11:29,280 - qmt_strategy - INFO - 交易决策完成，共0个决策
2026-01-09 15:11:29,280 - qmt_strategy - INFO - 2025-11-14生成了0个交易决策
2026-01-09 15:11:29,280 - qmt_strategy - INFO - 进行风险控制检查
2026-01-09 15:11:29,280 - qmt_strategy - WARNING - 交易决策为空，跳过风险控制检查
2026-01-09 15:11:29,281 - qmt_strategy - INFO - 2025-11-14通过风险控制的决策数量：0
2026-01-09 15:11:29,281 - qmt_strategy - INFO - 2025-11-14没有通过风险控制的交易决策
2026-01-09 15:11:29,281 - qmt_strategy - INFO - 处理日期：2025-11-17，当日数据行数：100
2026-01-09 15:11:29,281 - qmt_strategy - INFO - 当日包含 100 只股票：['000001.SZ' '000002.SZ' '000003.SZ' '000004.SZ' '000005.SZ']...
2026-01-09 15:11:29,281 - qmt_strategy - INFO - 模拟2025-11-17的交易
2026-01-09 15:11:29,283 - qmt_strategy - INFO - 过滤后用于预测的数值特征数量：100
2026-01-09 15:11:29,283 - qmt_strategy - INFO - 使用模型进行预测
2026-01-09 15:11:29,317 - qmt_strategy - INFO - 模型预测完成
2026-01-09 15:11:29,318 - qmt_strategy - INFO - 预测结果类型：<class 'dict'>
2026-01-09 15:11:29,318 - qmt_strategy - INFO - 预测结果内容：{'predictions': array([0, 0, 0, 0, 0, 0, 0, 0, 0, 0, 0, 0, 0, 0, 0, 0, 0, 0, 0, 0, 0, 0,
       0, 0, 0, 0, 0, 0, 0, 0, 0, 0, 0, 0, 0, 0, 0, 0, 0, 0, 0, 0, 0, 0,
       0, 0, 0, 0, 0, 0, 0, 0, 0, 0, 0, 0, 0, 0, 0, 0, 0, 0, 0, 0, 0, 0,
       0, 0, 0, 0, 0, 0, 0, 0, 0, 0, 0, 0, 0, 0, 0, 0, 0, 0, 0, 0, 0, 0,
       0, 0, 0, 0, 0, 0, 0, 0, 0, 0, 0, 0]), 'probabilities': array([0., 0., 0., 0., 0., 0., 0., 0., 0., 0., 0., 0., 0., 0., 0., 0., 0.,
       0., 0., 0., 0., 0., 0., 0., 0., 0., 0., 0., 0., 0., 0., 0., 0., 0.,
       0., 0., 0., 0., 0., 0., 0., 0., 0., 0., 0., 0., 0., 0., 0., 0., 0.,
       0., 0., 0., 0., 0., 0., 0., 0., 0., 0., 0., 0., 0., 0., 0., 0., 0.,
       0., 0., 0., 0., 0., 0., 0., 0., 0., 0., 0., 0., 0., 0., 0., 0., 0.,
       0., 0., 0., 0., 0., 0., 0., 0., 0., 0., 0., 0., 0., 0., 0.])}
2026-01-09 15:11:29,318 - qmt_strategy - INFO - 预测结果长度：100
2026-01-09 15:11:29,318 - qmt_strategy - INFO - 开始做出交易决策
2026-01-09 15:11:29,319 - qmt_strategy - INFO - 进行动态买点决策
2026-01-09 15:11:29,321 - qmt_strategy - DEBUG - 处理股票：000003.SZ，预测结果：0，预测概率：0.0，综合评分：28.0
2026-01-09 15:11:29,321 - qmt_strategy - DEBUG - 股票000003.SZ不满足买入条件，概率：0.0 < 阈值：0.3
2026-01-09 15:11:29,321 - qmt_strategy - DEBUG - 处理股票：000004.SZ，预测结果：0，预测概率：0.0，综合评分：28.0
2026-01-09 15:11:29,322 - qmt_strategy - DEBUG - 股票000004.SZ不满足买入条件，概率：0.0 < 阈值：0.3
2026-01-09 15:11:29,322 - qmt_strategy - DEBUG - 处理股票：000005.SZ，预测结果：0，预测概率：0.0，综合评分：28.0
2026-01-09 15:11:29,322 - qmt_strategy - DEBUG - 股票000005.SZ不满足买入条件，概率：0.0 < 阈值：0.3
2026-01-09 15:11:29,322 - qmt_strategy - DEBUG - 处理股票：000008.SZ，预测结果：0，预测概率：0.0，综合评分：28.0
2026-01-09 15:11:29,322 - qmt_strategy - DEBUG - 股票000008.SZ不满足买入条件，概率：0.0 < 阈值：0.3
2026-01-09 15:11:29,322 - qmt_strategy - DEBUG - 处理股票：000012.SZ，预测结果：0，预测概率：0.0，综合评分：28.0
2026-01-09 15:11:29,322 - qmt_strategy - DEBUG - 股票000012.SZ不满足买入条件，概率：0.0 < 阈值：0.3
2026-01-09 15:11:29,322 - qmt_strategy - INFO - 进行自适应卖点决策
2026-01-09 15:11:29,322 - qmt_strategy - INFO - 交易决策完成，共0个决策
2026-01-09 15:11:29,322 - qmt_strategy - INFO - 2025-11-17生成了0个交易决策
2026-01-09 15:11:29,323 - qmt_strategy - INFO - 进行风险控制检查
2026-01-09 15:11:29,323 - qmt_strategy - WARNING - 交易决策为空，跳过风险控制检查
2026-01-09 15:11:29,323 - qmt_strategy - INFO - 2025-11-17通过风险控制的决策数量：0
2026-01-09 15:11:29,323 - qmt_strategy - INFO - 2025-11-17没有通过风险控制的交易决策
2026-01-09 15:11:29,323 - qmt_strategy - INFO - 处理日期：2025-11-18，当日数据行数：100
2026-01-09 15:11:29,323 - qmt_strategy - INFO - 当日包含 100 只股票：['000001.SZ' '000002.SZ' '000003.SZ' '000004.SZ' '000005.SZ']...
2026-01-09 15:11:29,323 - qmt_strategy - INFO - 模拟2025-11-18的交易
2026-01-09 15:11:29,324 - qmt_strategy - INFO - 过滤后用于预测的数值特征数量：100
2026-01-09 15:11:29,324 - qmt_strategy - INFO - 使用模型进行预测
2026-01-09 15:11:29,363 - qmt_strategy - INFO - 模型预测完成
2026-01-09 15:11:29,363 - qmt_strategy - INFO - 预测结果类型：<class 'dict'>
2026-01-09 15:11:29,364 - qmt_strategy - INFO - 预测结果内容：{'predictions': array([0, 0, 0, 0, 0, 0, 0, 0, 0, 0, 0, 0, 0, 0, 0, 0, 0, 0, 0, 0, 0, 0,
       0, 0, 0, 0, 0, 0, 0, 0, 0, 0, 0, 0, 0, 0, 0, 0, 0, 0, 0, 0, 0, 0,
       0, 0, 0, 0, 0, 0, 0, 0, 0, 0, 0, 0, 0, 0, 0, 0, 0, 0, 0, 0, 0, 0,
       0, 0, 0, 0, 0, 0, 0, 0, 0, 0, 0, 0, 0, 0, 0, 0, 0, 0, 0, 0, 0, 0,
       0, 0, 0, 0, 0, 0, 0, 0, 0, 0, 0, 0]), 'probabilities': array([0., 0., 0., 0., 0., 0., 0., 0., 0., 0., 0., 0., 0., 0., 0., 0., 0.,
       0., 0., 0., 0., 0., 0., 0., 0., 0., 0., 0., 0., 0., 0., 0., 0., 0.,
       0., 0., 0., 0., 0., 0., 0., 0., 0., 0., 0., 0., 0., 0., 0., 0., 0.,
       0., 0., 0., 0., 0., 0., 0., 0., 0., 0., 0., 0., 0., 0., 0., 0., 0.,
       0., 0., 0., 0., 0., 0., 0., 0., 0., 0., 0., 0., 0., 0., 0., 0., 0.,
       0., 0., 0., 0., 0., 0., 0., 0., 0., 0., 0., 0., 0., 0., 0.])}
2026-01-09 15:11:29,364 - qmt_strategy - INFO - 预测结果长度：100
2026-01-09 15:11:29,364 - qmt_strategy - INFO - 开始做出交易决策
2026-01-09 15:11:29,365 - qmt_strategy - INFO - 进行动态买点决策
2026-01-09 15:11:29,368 - qmt_strategy - DEBUG - 处理股票：000003.SZ，预测结果：0，预测概率：0.0，综合评分：28.0
2026-01-09 15:11:29,368 - qmt_strategy - DEBUG - 股票000003.SZ不满足买入条件，概率：0.0 < 阈值：0.3
2026-01-09 15:11:29,368 - qmt_strategy - DEBUG - 处理股票：000004.SZ，预测结果：0，预测概率：0.0，综合评分：28.0
2026-01-09 15:11:29,368 - qmt_strategy - DEBUG - 股票000004.SZ不满足买入条件，概率：0.0 < 阈值：0.3
2026-01-09 15:11:29,368 - qmt_strategy - DEBUG - 处理股票：000008.SZ，预测结果：0，预测概率：0.0，综合评分：28.0
2026-01-09 15:11:29,368 - qmt_strategy - DEBUG - 股票000008.SZ不满足买入条件，概率：0.0 < 阈值：0.3
2026-01-09 15:11:29,368 - qmt_strategy - DEBUG - 处理股票：000012.SZ，预测结果：0，预测概率：0.0，综合评分：28.0
2026-01-09 15:11:29,369 - qmt_strategy - DEBUG - 股票000012.SZ不满足买入条件，概率：0.0 < 阈值：0.3
2026-01-09 15:11:29,369 - qmt_strategy - DEBUG - 处理股票：000017.SZ，预测结果：0，预测概率：0.0，综合评分：28.0
2026-01-09 15:11:29,369 - qmt_strategy - DEBUG - 股票000017.SZ不满足买入条件，概率：0.0 < 阈值：0.3
2026-01-09 15:11:29,369 - qmt_strategy - INFO - 进行自适应卖点决策
2026-01-09 15:11:29,369 - qmt_strategy - INFO - 交易决策完成，共0个决策
2026-01-09 15:11:29,369 - qmt_strategy - INFO - 2025-11-18生成了0个交易决策
2026-01-09 15:11:29,369 - qmt_strategy - INFO - 进行风险控制检查
2026-01-09 15:11:29,370 - qmt_strategy - WARNING - 交易决策为空，跳过风险控制检查
2026-01-09 15:11:29,370 - qmt_strategy - INFO - 2025-11-18通过风险控制的决策数量：0
2026-01-09 15:11:29,370 - qmt_strategy - INFO - 2025-11-18没有通过风险控制的交易决策
2026-01-09 15:11:29,370 - qmt_strategy - INFO - 处理日期：2025-11-19，当日数据行数：100
2026-01-09 15:11:29,370 - qmt_strategy - INFO - 当日包含 100 只股票：['000001.SZ' '000002.SZ' '000003.SZ' '000004.SZ' '000005.SZ']...
2026-01-09 15:11:29,371 - qmt_strategy - INFO - 模拟2025-11-19的交易
2026-01-09 15:11:29,371 - qmt_strategy - INFO - 过滤后用于预测的数值特征数量：100
2026-01-09 15:11:29,371 - qmt_strategy - INFO - 使用模型进行预测
2026-01-09 15:11:29,405 - qmt_strategy - INFO - 模型预测完成
2026-01-09 15:11:29,405 - qmt_strategy - INFO - 预测结果类型：<class 'dict'>
2026-01-09 15:11:29,405 - qmt_strategy - INFO - 预测结果内容：{'predictions': array([0, 0, 0, 0, 0, 0, 0, 0, 0, 0, 0, 0, 0, 0, 0, 0, 0, 0, 0, 0, 0, 0,
       0, 0, 0, 0, 0, 0, 0, 0, 0, 0, 0, 0, 0, 0, 0, 0, 0, 0, 0, 0, 0, 0,
       0, 0, 0, 0, 0, 0, 0, 0, 0, 0, 0, 0, 0, 0, 0, 0, 0, 0, 0, 0, 0, 0,
       0, 0, 0, 0, 0, 0, 0, 0, 0, 0, 0, 0, 0, 0, 0, 0, 0, 0, 0, 0, 0, 0,
       0, 0, 0, 0, 0, 0, 0, 0, 0, 0, 0, 0]), 'probabilities': array([0., 0., 0., 0., 0., 0., 0., 0., 0., 0., 0., 0., 0., 0., 0., 0., 0.,
       0., 0., 0., 0., 0., 0., 0., 0., 0., 0., 0., 0., 0., 0., 0., 0., 0.,
       0., 0., 0., 0., 0., 0., 0., 0., 0., 0., 0., 0., 0., 0., 0., 0., 0.,
       0., 0., 0., 0., 0., 0., 0., 0., 0., 0., 0., 0., 0., 0., 0., 0., 0.,
       0., 0., 0., 0., 0., 0., 0., 0., 0., 0., 0., 0., 0., 0., 0., 0., 0.,
       0., 0., 0., 0., 0., 0., 0., 0., 0., 0., 0., 0., 0., 0., 0.])}
2026-01-09 15:11:29,406 - qmt_strategy - INFO - 预测结果长度：100
2026-01-09 15:11:29,406 - qmt_strategy - INFO - 开始做出交易决策
2026-01-09 15:11:29,406 - qmt_strategy - INFO - 进行动态买点决策
2026-01-09 15:11:29,409 - qmt_strategy - DEBUG - 处理股票：000004.SZ，预测结果：0，预测概率：0.0，综合评分：28.0
2026-01-09 15:11:29,409 - qmt_strategy - DEBUG - 股票000004.SZ不满足买入条件，概率：0.0 < 阈值：0.3
2026-01-09 15:11:29,409 - qmt_strategy - DEBUG - 处理股票：000005.SZ，预测结果：0，预测概率：0.0，综合评分：28.0
2026-01-09 15:11:29,409 - qmt_strategy - DEBUG - 股票000005.SZ不满足买入条件，概率：0.0 < 阈值：0.3
2026-01-09 15:11:29,409 - qmt_strategy - DEBUG - 处理股票：000008.SZ，预测结果：0，预测概率：0.0，综合评分：28.0
2026-01-09 15:11:29,409 - qmt_strategy - DEBUG - 股票000008.SZ不满足买入条件，概率：0.0 < 阈值：0.3
2026-01-09 15:11:29,410 - qmt_strategy - DEBUG - 处理股票：000017.SZ，预测结果：0，预测概率：0.0，综合评分：28.0
2026-01-09 15:11:29,410 - qmt_strategy - DEBUG - 股票000017.SZ不满足买入条件，概率：0.0 < 阈值：0.3
2026-01-09 15:11:29,410 - qmt_strategy - DEBUG - 处理股票：000018.SZ，预测结果：0，预测概率：0.0，综合评分：28.0
2026-01-09 15:11:29,410 - qmt_strategy - DEBUG - 股票000018.SZ不满足买入条件，概率：0.0 < 阈值：0.3
2026-01-09 15:11:29,411 - qmt_strategy - INFO - 进行自适应卖点决策
2026-01-09 15:11:29,411 - qmt_strategy - INFO - 交易决策完成，共0个决策
2026-01-09 15:11:29,411 - qmt_strategy - INFO - 2025-11-19生成了0个交易决策
2026-01-09 15:11:29,411 - qmt_strategy - INFO - 进行风险控制检查
2026-01-09 15:11:29,411 - qmt_strategy - WARNING - 交易决策为空，跳过风险控制检查
2026-01-09 15:11:29,411 - qmt_strategy - INFO - 2025-11-19通过风险控制的决策数量：0
2026-01-09 15:11:29,411 - qmt_strategy - INFO - 2025-11-19没有通过风险控制的交易决策
2026-01-09 15:11:29,412 - qmt_strategy - INFO - 处理日期：2025-11-20，当日数据行数：100
2026-01-09 15:11:29,412 - qmt_strategy - INFO - 当日包含 100 只股票：['000001.SZ' '000002.SZ' '000003.SZ' '000004.SZ' '000005.SZ']...
2026-01-09 15:11:29,412 - qmt_strategy - INFO - 模拟2025-11-20的交易
2026-01-09 15:11:29,414 - qmt_strategy - INFO - 过滤后用于预测的数值特征数量：100
2026-01-09 15:11:29,414 - qmt_strategy - INFO - 使用模型进行预测
2026-01-09 15:11:29,453 - qmt_strategy - INFO - 模型预测完成
2026-01-09 15:11:29,453 - qmt_strategy - INFO - 预测结果类型：<class 'dict'>
2026-01-09 15:11:29,454 - qmt_strategy - INFO - 预测结果内容：{'predictions': array([0, 0, 0, 0, 0, 0, 0, 0, 0, 0, 0, 0, 0, 0, 0, 0, 0, 0, 0, 0, 0, 0,
       0, 0, 0, 0, 0, 0, 0, 0, 0, 0, 0, 0, 0, 0, 0, 0, 0, 0, 0, 0, 0, 0,
       0, 0, 0, 0, 0, 0, 0, 0, 0, 0, 0, 0, 0, 0, 0, 0, 0, 0, 0, 0, 0, 0,
       0, 0, 0, 0, 0, 0, 0, 0, 0, 0, 0, 0, 0, 0, 0, 0, 0, 0, 0, 0, 0, 0,
       0, 0, 0, 0, 0, 0, 0, 0, 0, 0, 0, 0]), 'probabilities': array([0., 0., 0., 0., 0., 0., 0., 0., 0., 0., 0., 0., 0., 0., 0., 0., 0.,
       0., 0., 0., 0., 0., 0., 0., 0., 0., 0., 0., 0., 0., 0., 0., 0., 0.,
       0., 0., 0., 0., 0., 0., 0., 0., 0., 0., 0., 0., 0., 0., 0., 0., 0.,
       0., 0., 0., 0., 0., 0., 0., 0., 0., 0., 0., 0., 0., 0., 0., 0., 0.,
       0., 0., 0., 0., 0., 0., 0., 0., 0., 0., 0., 0., 0., 0., 0., 0., 0.,
       0., 0., 0., 0., 0., 0., 0., 0., 0., 0., 0., 0., 0., 0., 0.])}
2026-01-09 15:11:29,454 - qmt_strategy - INFO - 预测结果长度：100
2026-01-09 15:11:29,454 - qmt_strategy - INFO - 开始做出交易决策
2026-01-09 15:11:29,454 - qmt_strategy - INFO - 进行动态买点决策
2026-01-09 15:11:29,457 - qmt_strategy - DEBUG - 处理股票：000005.SZ，预测结果：0，预测概率：0.0，综合评分：28.0
2026-01-09 15:11:29,457 - qmt_strategy - DEBUG - 股票000005.SZ不满足买入条件，概率：0.0 < 阈值：0.3
2026-01-09 15:11:29,457 - qmt_strategy - DEBUG - 处理股票：000008.SZ，预测结果：0，预测概率：0.0，综合评分：28.0
2026-01-09 15:11:29,458 - qmt_strategy - DEBUG - 股票000008.SZ不满足买入条件，概率：0.0 < 阈值：0.3
2026-01-09 15:11:29,458 - qmt_strategy - DEBUG - 处理股票：000018.SZ，预测结果：0，预测概率：0.0，综合评分：28.0
2026-01-09 15:11:29,458 - qmt_strategy - DEBUG - 股票000018.SZ不满足买入条件，概率：0.0 < 阈值：0.3
2026-01-09 15:11:29,458 - qmt_strategy - DEBUG - 处理股票：000019.SZ，预测结果：0，预测概率：0.0，综合评分：28.0
2026-01-09 15:11:29,458 - qmt_strategy - DEBUG - 股票000019.SZ不满足买入条件，概率：0.0 < 阈值：0.3
2026-01-09 15:11:29,458 - qmt_strategy - DEBUG - 处理股票：000021.SZ，预测结果：0，预测概率：0.0，综合评分：28.0
2026-01-09 15:11:29,458 - qmt_strategy - DEBUG - 股票000021.SZ不满足买入条件，概率：0.0 < 阈值：0.3
2026-01-09 15:11:29,458 - qmt_strategy - INFO - 进行自适应卖点决策
2026-01-09 15:11:29,458 - qmt_strategy - INFO - 交易决策完成，共0个决策
2026-01-09 15:11:29,458 - qmt_strategy - INFO - 2025-11-20生成了0个交易决策
2026-01-09 15:11:29,458 - qmt_strategy - INFO - 进行风险控制检查
2026-01-09 15:11:29,458 - qmt_strategy - WARNING - 交易决策为空，跳过风险控制检查
2026-01-09 15:11:29,459 - qmt_strategy - INFO - 2025-11-20通过风险控制的决策数量：0
2026-01-09 15:11:29,459 - qmt_strategy - INFO - 2025-11-20没有通过风险控制的交易决策
2026-01-09 15:11:29,459 - qmt_strategy - INFO - 处理日期：2025-11-21，当日数据行数：100
2026-01-09 15:11:29,459 - qmt_strategy - INFO - 当日包含 100 只股票：['000001.SZ' '000002.SZ' '000003.SZ' '000004.SZ' '000005.SZ']...
2026-01-09 15:11:29,459 - qmt_strategy - INFO - 模拟2025-11-21的交易
2026-01-09 15:11:29,460 - qmt_strategy - INFO - 过滤后用于预测的数值特征数量：100
2026-01-09 15:11:29,460 - qmt_strategy - INFO - 使用模型进行预测
2026-01-09 15:11:29,498 - qmt_strategy - INFO - 模型预测完成
2026-01-09 15:11:29,498 - qmt_strategy - INFO - 预测结果类型：<class 'dict'>
2026-01-09 15:11:29,499 - qmt_strategy - INFO - 预测结果内容：{'predictions': array([0, 0, 0, 0, 0, 0, 0, 0, 0, 0, 0, 0, 0, 0, 0, 0, 0, 0, 0, 0, 0, 0,
       0, 0, 0, 0, 0, 0, 0, 0, 0, 0, 0, 0, 0, 0, 0, 0, 0, 0, 0, 0, 0, 0,
       0, 0, 0, 0, 0, 0, 0, 0, 0, 0, 0, 0, 0, 0, 0, 0, 0, 0, 0, 0, 0, 0,
       0, 0, 0, 0, 0, 0, 0, 0, 0, 0, 0, 0, 0, 0, 0, 0, 0, 0, 0, 0, 0, 0,
       0, 0, 0, 0, 0, 0, 0, 0, 0, 0, 0, 0]), 'probabilities': array([0., 0., 0., 0., 0., 0., 0., 0., 0., 0., 0., 0., 0., 0., 0., 0., 0.,
       0., 0., 0., 0., 0., 0., 0., 0., 0., 0., 0., 0., 0., 0., 0., 0., 0.,
       0., 0., 0., 0., 0., 0., 0., 0., 0., 0., 0., 0., 0., 0., 0., 0., 0.,
       0., 0., 0., 0., 0., 0., 0., 0., 0., 0., 0., 0., 0., 0., 0., 0., 0.,
       0., 0., 0., 0., 0., 0., 0., 0., 0., 0., 0., 0., 0., 0., 0., 0., 0.,
       0., 0., 0., 0., 0., 0., 0., 0., 0., 0., 0., 0., 0., 0., 0.])}
2026-01-09 15:11:29,499 - qmt_strategy - INFO - 预测结果长度：100
2026-01-09 15:11:29,500 - qmt_strategy - INFO - 开始做出交易决策
2026-01-09 15:11:29,500 - qmt_strategy - INFO - 进行动态买点决策
2026-01-09 15:11:29,503 - qmt_strategy - DEBUG - 处理股票：000005.SZ，预测结果：0，预测概率：0.0，综合评分：28.0
2026-01-09 15:11:29,503 - qmt_strategy - DEBUG - 股票000005.SZ不满足买入条件，概率：0.0 < 阈值：0.3
2026-01-09 15:11:29,503 - qmt_strategy - DEBUG - 处理股票：000008.SZ，预测结果：0，预测概率：0.0，综合评分：28.0
2026-01-09 15:11:29,503 - qmt_strategy - DEBUG - 股票000008.SZ不满足买入条件，概率：0.0 < 阈值：0.3
2026-01-09 15:11:29,503 - qmt_strategy - DEBUG - 处理股票：000018.SZ，预测结果：0，预测概率：0.0，综合评分：28.0
2026-01-09 15:11:29,504 - qmt_strategy - DEBUG - 股票000018.SZ不满足买入条件，概率：0.0 < 阈值：0.3
2026-01-09 15:11:29,504 - qmt_strategy - DEBUG - 处理股票：000019.SZ，预测结果：0，预测概率：0.0，综合评分：28.0
2026-01-09 15:11:29,504 - qmt_strategy - DEBUG - 股票000019.SZ不满足买入条件，概率：0.0 < 阈值：0.3
2026-01-09 15:11:29,504 - qmt_strategy - DEBUG - 处理股票：000021.SZ，预测结果：0，预测概率：0.0，综合评分：28.0
2026-01-09 15:11:29,504 - qmt_strategy - DEBUG - 股票000021.SZ不满足买入条件，概率：0.0 < 阈值：0.3
2026-01-09 15:11:29,504 - qmt_strategy - INFO - 进行自适应卖点决策
2026-01-09 15:11:29,504 - qmt_strategy - INFO - 交易决策完成，共0个决策
2026-01-09 15:11:29,505 - qmt_strategy - INFO - 2025-11-21生成了0个交易决策
2026-01-09 15:11:29,505 - qmt_strategy - INFO - 进行风险控制检查
2026-01-09 15:11:29,505 - qmt_strategy - WARNING - 交易决策为空，跳过风险控制检查
2026-01-09 15:11:29,505 - qmt_strategy - INFO - 2025-11-21通过风险控制的决策数量：0
2026-01-09 15:11:29,505 - qmt_strategy - INFO - 2025-11-21没有通过风险控制的交易决策
2026-01-09 15:11:29,505 - qmt_strategy - INFO - 处理日期：2025-11-24，当日数据行数：100
2026-01-09 15:11:29,505 - qmt_strategy - INFO - 当日包含 100 只股票：['000001.SZ' '000002.SZ' '000003.SZ' '000004.SZ' '000005.SZ']...
2026-01-09 15:11:29,505 - qmt_strategy - INFO - 模拟2025-11-24的交易
2026-01-09 15:11:29,506 - qmt_strategy - INFO - 过滤后用于预测的数值特征数量：100
2026-01-09 15:11:29,506 - qmt_strategy - INFO - 使用模型进行预测
2026-01-09 15:11:29,543 - qmt_strategy - INFO - 模型预测完成
2026-01-09 15:11:29,544 - qmt_strategy - INFO - 预测结果类型：<class 'dict'>
2026-01-09 15:11:29,544 - qmt_strategy - INFO - 预测结果内容：{'predictions': array([0, 0, 0, 0, 0, 0, 0, 0, 0, 0, 0, 0, 0, 0, 0, 0, 0, 0, 0, 0, 0, 0,
       0, 0, 0, 0, 0, 0, 0, 0, 0, 0, 0, 0, 0, 0, 0, 0, 0, 0, 0, 0, 0, 0,
       0, 0, 0, 0, 0, 0, 0, 0, 0, 0, 0, 0, 0, 0, 0, 0, 0, 0, 0, 0, 0, 0,
       0, 0, 0, 0, 0, 0, 0, 0, 0, 0, 0, 0, 0, 0, 0, 0, 0, 0, 0, 0, 0, 0,
       0, 0, 0, 0, 0, 0, 0, 0, 0, 0, 0, 0]), 'probabilities': array([0., 0., 0., 0., 0., 0., 0., 0., 0., 0., 0., 0., 0., 0., 0., 0., 0.,
       0., 0., 0., 0., 0., 0., 0., 0., 0., 0., 0., 0., 0., 0., 0., 0., 0.,
       0., 0., 0., 0., 0., 0., 0., 0., 0., 0., 0., 0., 0., 0., 0., 0., 0.,
       0., 0., 0., 0., 0., 0., 0., 0., 0., 0., 0., 0., 0., 0., 0., 0., 0.,
       0., 0., 0., 0., 0., 0., 0., 0., 0., 0., 0., 0., 0., 0., 0., 0., 0.,
       0., 0., 0., 0., 0., 0., 0., 0., 0., 0., 0., 0., 0., 0., 0.])}
2026-01-09 15:11:29,544 - qmt_strategy - INFO - 预测结果长度：100
2026-01-09 15:11:29,544 - qmt_strategy - INFO - 开始做出交易决策
2026-01-09 15:11:29,545 - qmt_strategy - INFO - 进行动态买点决策
2026-01-09 15:11:29,549 - qmt_strategy - DEBUG - 处理股票：000004.SZ，预测结果：0，预测概率：0.0，综合评分：28.0
2026-01-09 15:11:29,549 - qmt_strategy - DEBUG - 股票000004.SZ不满足买入条件，概率：0.0 < 阈值：0.3
2026-01-09 15:11:29,549 - qmt_strategy - DEBUG - 处理股票：000005.SZ，预测结果：0，预测概率：0.0，综合评分：28.0
2026-01-09 15:11:29,549 - qmt_strategy - DEBUG - 股票000005.SZ不满足买入条件，概率：0.0 < 阈值：0.3
2026-01-09 15:11:29,550 - qmt_strategy - DEBUG - 处理股票：000008.SZ，预测结果：0，预测概率：0.0，综合评分：28.0
2026-01-09 15:11:29,550 - qmt_strategy - DEBUG - 股票000008.SZ不满足买入条件，概率：0.0 < 阈值：0.3
2026-01-09 15:11:29,550 - qmt_strategy - DEBUG - 处理股票：000016.SZ，预测结果：0，预测概率：0.0，综合评分：28.0
2026-01-09 15:11:29,550 - qmt_strategy - DEBUG - 股票000016.SZ不满足买入条件，概率：0.0 < 阈值：0.3
2026-01-09 15:11:29,550 - qmt_strategy - DEBUG - 处理股票：000018.SZ，预测结果：0，预测概率：0.0，综合评分：28.0
2026-01-09 15:11:29,550 - qmt_strategy - DEBUG - 股票000018.SZ不满足买入条件，概率：0.0 < 阈值：0.3
2026-01-09 15:11:29,551 - qmt_strategy - INFO - 进行自适应卖点决策
2026-01-09 15:11:29,551 - qmt_strategy - INFO - 交易决策完成，共0个决策
2026-01-09 15:11:29,551 - qmt_strategy - INFO - 2025-11-24生成了0个交易决策
2026-01-09 15:11:29,551 - qmt_strategy - INFO - 进行风险控制检查
2026-01-09 15:11:29,551 - qmt_strategy - WARNING - 交易决策为空，跳过风险控制检查
2026-01-09 15:11:29,551 - qmt_strategy - INFO - 2025-11-24通过风险控制的决策数量：0
2026-01-09 15:11:29,551 - qmt_strategy - INFO - 2025-11-24没有通过风险控制的交易决策
2026-01-09 15:11:29,551 - qmt_strategy - INFO - 处理日期：2025-11-25，当日数据行数：100
2026-01-09 15:11:29,552 - qmt_strategy - INFO - 当日包含 100 只股票：['000001.SZ' '000002.SZ' '000003.SZ' '000004.SZ' '000005.SZ']...
2026-01-09 15:11:29,552 - qmt_strategy - INFO - 模拟2025-11-25的交易
2026-01-09 15:11:29,553 - qmt_strategy - INFO - 过滤后用于预测的数值特征数量：100
2026-01-09 15:11:29,553 - qmt_strategy - INFO - 使用模型进行预测
2026-01-09 15:11:29,599 - qmt_strategy - INFO - 模型预测完成
2026-01-09 15:11:29,599 - qmt_strategy - INFO - 预测结果类型：<class 'dict'>
2026-01-09 15:11:29,600 - qmt_strategy - INFO - 预测结果内容：{'predictions': array([0, 0, 0, 0, 0, 0, 0, 0, 0, 0, 0, 0, 0, 0, 0, 0, 0, 0, 0, 0, 0, 0,
       0, 0, 0, 0, 0, 0, 0, 0, 0, 0, 0, 0, 0, 0, 0, 0, 0, 0, 0, 0, 0, 0,
       0, 0, 0, 0, 0, 0, 0, 0, 0, 0, 0, 0, 0, 0, 0, 0, 0, 0, 0, 0, 0, 0,
       0, 0, 0, 0, 0, 0, 0, 0, 0, 0, 0, 0, 0, 0, 0, 0, 0, 0, 0, 0, 0, 0,
       0, 0, 0, 0, 0, 0, 0, 0, 0, 0, 0, 0]), 'probabilities': array([0., 0., 0., 0., 0., 0., 0., 0., 0., 0., 0., 0., 0., 0., 0., 0., 0.,
       0., 0., 0., 0., 0., 0., 0., 0., 0., 0., 0., 0., 0., 0., 0., 0., 0.,
       0., 0., 0., 0., 0., 0., 0., 0., 0., 0., 0., 0., 0., 0., 0., 0., 0.,
       0., 0., 0., 0., 0., 0., 0., 0., 0., 0., 0., 0., 0., 0., 0., 0., 0.,
       0., 0., 0., 0., 0., 0., 0., 0., 0., 0., 0., 0., 0., 0., 0., 0., 0.,
       0., 0., 0., 0., 0., 0., 0., 0., 0., 0., 0., 0., 0., 0., 0.])}
2026-01-09 15:11:29,600 - qmt_strategy - INFO - 预测结果长度：100
2026-01-09 15:11:29,600 - qmt_strategy - INFO - 开始做出交易决策
2026-01-09 15:11:29,600 - qmt_strategy - INFO - 进行动态买点决策
2026-01-09 15:11:29,603 - qmt_strategy - DEBUG - 处理股票：000005.SZ，预测结果：0，预测概率：0.0，综合评分：28.0
2026-01-09 15:11:29,604 - qmt_strategy - DEBUG - 股票000005.SZ不满足买入条件，概率：0.0 < 阈值：0.3
2026-01-09 15:11:29,604 - qmt_strategy - DEBUG - 处理股票：000006.SZ，预测结果：0，预测概率：0.0，综合评分：28.0
2026-01-09 15:11:29,604 - qmt_strategy - DEBUG - 股票000006.SZ不满足买入条件，概率：0.0 < 阈值：0.3
2026-01-09 15:11:29,604 - qmt_strategy - DEBUG - 处理股票：000008.SZ，预测结果：0，预测概率：0.0，综合评分：28.0
2026-01-09 15:11:29,604 - qmt_strategy - DEBUG - 股票000008.SZ不满足买入条件，概率：0.0 < 阈值：0.3
2026-01-09 15:11:29,604 - qmt_strategy - DEBUG - 处理股票：000016.SZ，预测结果：0，预测概率：0.0，综合评分：28.0
2026-01-09 15:11:29,604 - qmt_strategy - DEBUG - 股票000016.SZ不满足买入条件，概率：0.0 < 阈值：0.3
2026-01-09 15:11:29,604 - qmt_strategy - DEBUG - 处理股票：000024.SZ，预测结果：0，预测概率：0.0，综合评分：28.0
2026-01-09 15:11:29,604 - qmt_strategy - DEBUG - 股票000024.SZ不满足买入条件，概率：0.0 < 阈值：0.3
2026-01-09 15:11:29,604 - qmt_strategy - INFO - 进行自适应卖点决策
2026-01-09 15:11:29,604 - qmt_strategy - INFO - 交易决策完成，共0个决策
2026-01-09 15:11:29,605 - qmt_strategy - INFO - 2025-11-25生成了0个交易决策
2026-01-09 15:11:29,605 - qmt_strategy - INFO - 进行风险控制检查
2026-01-09 15:11:29,605 - qmt_strategy - WARNING - 交易决策为空，跳过风险控制检查
2026-01-09 15:11:29,605 - qmt_strategy - INFO - 2025-11-25通过风险控制的决策数量：0
2026-01-09 15:11:29,605 - qmt_strategy - INFO - 2025-11-25没有通过风险控制的交易决策
2026-01-09 15:11:29,605 - qmt_strategy - INFO - 处理日期：2025-11-26，当日数据行数：100
2026-01-09 15:11:29,606 - qmt_strategy - INFO - 当日包含 100 只股票：['000001.SZ' '000002.SZ' '000003.SZ' '000004.SZ' '000005.SZ']...
2026-01-09 15:11:29,606 - qmt_strategy - INFO - 模拟2025-11-26的交易
2026-01-09 15:11:29,606 - qmt_strategy - INFO - 过滤后用于预测的数值特征数量：100
2026-01-09 15:11:29,607 - qmt_strategy - INFO - 使用模型进行预测
2026-01-09 15:11:29,646 - qmt_strategy - INFO - 模型预测完成
2026-01-09 15:11:29,646 - qmt_strategy - INFO - 预测结果类型：<class 'dict'>
2026-01-09 15:11:29,647 - qmt_strategy - INFO - 预测结果内容：{'predictions': array([0, 0, 0, 0, 0, 0, 0, 0, 0, 0, 0, 0, 0, 0, 0, 0, 0, 0, 0, 0, 0, 0,
       0, 0, 0, 0, 0, 0, 0, 0, 0, 0, 0, 0, 0, 0, 0, 0, 0, 0, 0, 0, 0, 0,
       0, 0, 0, 0, 0, 0, 0, 0, 0, 0, 0, 0, 0, 0, 0, 0, 0, 0, 0, 0, 0, 0,
       0, 0, 0, 0, 0, 0, 0, 0, 0, 0, 0, 0, 0, 0, 0, 0, 0, 0, 0, 0, 0, 0,
       0, 0, 0, 0, 0, 0, 0, 0, 0, 0, 0, 0]), 'probabilities': array([0., 0., 0., 0., 0., 0., 0., 0., 0., 0., 0., 0., 0., 0., 0., 0., 0.,
       0., 0., 0., 0., 0., 0., 0., 0., 0., 0., 0., 0., 0., 0., 0., 0., 0.,
       0., 0., 0., 0., 0., 0., 0., 0., 0., 0., 0., 0., 0., 0., 0., 0., 0.,
       0., 0., 0., 0., 0., 0., 0., 0., 0., 0., 0., 0., 0., 0., 0., 0., 0.,
       0., 0., 0., 0., 0., 0., 0., 0., 0., 0., 0., 0., 0., 0., 0., 0., 0.,
       0., 0., 0., 0., 0., 0., 0., 0., 0., 0., 0., 0., 0., 0., 0.])}
2026-01-09 15:11:29,647 - qmt_strategy - INFO - 预测结果长度：100
2026-01-09 15:11:29,647 - qmt_strategy - INFO - 开始做出交易决策
2026-01-09 15:11:29,648 - qmt_strategy - INFO - 进行动态买点决策
2026-01-09 15:11:29,651 - qmt_strategy - DEBUG - 处理股票：000006.SZ，预测结果：0，预测概率：0.0，综合评分：28.0
2026-01-09 15:11:29,651 - qmt_strategy - DEBUG - 股票000006.SZ不满足买入条件，概率：0.0 < 阈值：0.3
2026-01-09 15:11:29,651 - qmt_strategy - DEBUG - 处理股票：000008.SZ，预测结果：0，预测概率：0.0，综合评分：28.0
2026-01-09 15:11:29,652 - qmt_strategy - DEBUG - 股票000008.SZ不满足买入条件，概率：0.0 < 阈值：0.3
2026-01-09 15:11:29,652 - qmt_strategy - DEBUG - 处理股票：000025.SZ，预测结果：0，预测概率：0.0，综合评分：28.0
2026-01-09 15:11:29,652 - qmt_strategy - DEBUG - 股票000025.SZ不满足买入条件，概率：0.0 < 阈值：0.3
2026-01-09 15:11:29,652 - qmt_strategy - DEBUG - 处理股票：000027.SZ，预测结果：0，预测概率：0.0，综合评分：28.0
2026-01-09 15:11:29,652 - qmt_strategy - DEBUG - 股票000027.SZ不满足买入条件，概率：0.0 < 阈值：0.3
2026-01-09 15:11:29,652 - qmt_strategy - DEBUG - 处理股票：000036.SZ，预测结果：0，预测概率：0.0，综合评分：28.0
2026-01-09 15:11:29,652 - qmt_strategy - DEBUG - 股票000036.SZ不满足买入条件，概率：0.0 < 阈值：0.3
2026-01-09 15:11:29,653 - qmt_strategy - INFO - 进行自适应卖点决策
2026-01-09 15:11:29,653 - qmt_strategy - INFO - 交易决策完成，共0个决策
2026-01-09 15:11:29,653 - qmt_strategy - INFO - 2025-11-26生成了0个交易决策
2026-01-09 15:11:29,653 - qmt_strategy - INFO - 进行风险控制检查
2026-01-09 15:11:29,653 - qmt_strategy - WARNING - 交易决策为空，跳过风险控制检查
2026-01-09 15:11:29,653 - qmt_strategy - INFO - 2025-11-26通过风险控制的决策数量：0
2026-01-09 15:11:29,653 - qmt_strategy - INFO - 2025-11-26没有通过风险控制的交易决策
2026-01-09 15:11:29,653 - qmt_strategy - INFO - 处理日期：2025-11-27，当日数据行数：100
2026-01-09 15:11:29,654 - qmt_strategy - INFO - 当日包含 100 只股票：['000001.SZ' '000002.SZ' '000003.SZ' '000004.SZ' '000005.SZ']...
2026-01-09 15:11:29,654 - qmt_strategy - INFO - 模拟2025-11-27的交易
2026-01-09 15:11:29,654 - qmt_strategy - INFO - 过滤后用于预测的数值特征数量：100
2026-01-09 15:11:29,654 - qmt_strategy - INFO - 使用模型进行预测
2026-01-09 15:11:29,690 - qmt_strategy - INFO - 模型预测完成
2026-01-09 15:11:29,691 - qmt_strategy - INFO - 预测结果类型：<class 'dict'>
2026-01-09 15:11:29,691 - qmt_strategy - INFO - 预测结果内容：{'predictions': array([0, 0, 0, 0, 0, 0, 0, 0, 0, 0, 0, 0, 0, 0, 0, 0, 0, 0, 0, 0, 0, 0,
       0, 0, 0, 0, 0, 0, 0, 0, 0, 0, 0, 0, 0, 0, 0, 0, 0, 0, 0, 0, 0, 0,
       0, 0, 0, 0, 0, 0, 0, 0, 0, 0, 0, 0, 0, 0, 0, 0, 0, 0, 0, 0, 0, 0,
       0, 0, 0, 0, 0, 0, 0, 0, 0, 0, 0, 0, 0, 0, 0, 0, 0, 0, 0, 0, 0, 0,
       0, 0, 0, 0, 0, 0, 0, 0, 0, 0, 0, 0]), 'probabilities': array([0., 0., 0., 0., 0., 0., 0., 0., 0., 0., 0., 0., 0., 0., 0., 0., 0.,
       0., 0., 0., 0., 0., 0., 0., 0., 0., 0., 0., 0., 0., 0., 0., 0., 0.,
       0., 0., 0., 0., 0., 0., 0., 0., 0., 0., 0., 0., 0., 0., 0., 0., 0.,
       0., 0., 0., 0., 0., 0., 0., 0., 0., 0., 0., 0., 0., 0., 0., 0., 0.,
       0., 0., 0., 0., 0., 0., 0., 0., 0., 0., 0., 0., 0., 0., 0., 0., 0.,
       0., 0., 0., 0., 0., 0., 0., 0., 0., 0., 0., 0., 0., 0., 0.])}
2026-01-09 15:11:29,691 - qmt_strategy - INFO - 预测结果长度：100
2026-01-09 15:11:29,692 - qmt_strategy - INFO - 开始做出交易决策
2026-01-09 15:11:29,692 - qmt_strategy - INFO - 进行动态买点决策
2026-01-09 15:11:29,694 - qmt_strategy - DEBUG - 处理股票：000001.SZ，预测结果：0，预测概率：0.0，综合评分：28.0
2026-01-09 15:11:29,694 - qmt_strategy - DEBUG - 股票000001.SZ不满足买入条件，概率：0.0 < 阈值：0.3
2026-01-09 15:11:29,695 - qmt_strategy - DEBUG - 处理股票：000006.SZ，预测结果：0，预测概率：0.0，综合评分：28.0
2026-01-09 15:11:29,695 - qmt_strategy - DEBUG - 股票000006.SZ不满足买入条件，概率：0.0 < 阈值：0.3
2026-01-09 15:11:29,695 - qmt_strategy - DEBUG - 处理股票：000008.SZ，预测结果：0，预测概率：0.0，综合评分：28.0
2026-01-09 15:11:29,695 - qmt_strategy - DEBUG - 股票000008.SZ不满足买入条件，概率：0.0 < 阈值：0.3
2026-01-09 15:11:29,695 - qmt_strategy - DEBUG - 处理股票：000025.SZ，预测结果：0，预测概率：0.0，综合评分：28.0
2026-01-09 15:11:29,696 - qmt_strategy - DEBUG - 股票000025.SZ不满足买入条件，概率：0.0 < 阈值：0.3
2026-01-09 15:11:29,696 - qmt_strategy - DEBUG - 处理股票：000029.SZ，预测结果：0，预测概率：0.0，综合评分：28.0
2026-01-09 15:11:29,696 - qmt_strategy - DEBUG - 股票000029.SZ不满足买入条件，概率：0.0 < 阈值：0.3
2026-01-09 15:11:29,696 - qmt_strategy - INFO - 进行自适应卖点决策
2026-01-09 15:11:29,696 - qmt_strategy - INFO - 交易决策完成，共0个决策
2026-01-09 15:11:29,697 - qmt_strategy - INFO - 2025-11-27生成了0个交易决策
2026-01-09 15:11:29,697 - qmt_strategy - INFO - 进行风险控制检查
2026-01-09 15:11:29,697 - qmt_strategy - WARNING - 交易决策为空，跳过风险控制检查
2026-01-09 15:11:29,697 - qmt_strategy - INFO - 2025-11-27通过风险控制的决策数量：0
2026-01-09 15:11:29,697 - qmt_strategy - INFO - 2025-11-27没有通过风险控制的交易决策
2026-01-09 15:11:29,698 - qmt_strategy - INFO - 处理日期：2025-11-28，当日数据行数：100
2026-01-09 15:11:29,698 - qmt_strategy - INFO - 当日包含 100 只股票：['000001.SZ' '000002.SZ' '000003.SZ' '000004.SZ' '000005.SZ']...
2026-01-09 15:11:29,698 - qmt_strategy - INFO - 模拟2025-11-28的交易
2026-01-09 15:11:29,699 - qmt_strategy - INFO - 过滤后用于预测的数值特征数量：100
2026-01-09 15:11:29,699 - qmt_strategy - INFO - 使用模型进行预测
2026-01-09 15:11:29,749 - qmt_strategy - INFO - 模型预测完成
2026-01-09 15:11:29,749 - qmt_strategy - INFO - 预测结果类型：<class 'dict'>
2026-01-09 15:11:29,750 - qmt_strategy - INFO - 预测结果内容：{'predictions': array([0, 0, 0, 0, 0, 0, 0, 0, 0, 0, 0, 0, 0, 0, 0, 0, 0, 0, 0, 0, 0, 0,
       0, 0, 0, 0, 0, 0, 0, 0, 0, 0, 0, 0, 0, 0, 0, 0, 0, 0, 0, 0, 0, 0,
       0, 0, 0, 0, 0, 0, 0, 0, 0, 0, 0, 0, 0, 0, 0, 0, 0, 0, 0, 0, 0, 0,
       0, 0, 0, 0, 0, 0, 0, 0, 0, 0, 0, 0, 0, 0, 0, 0, 0, 0, 0, 0, 0, 0,
       0, 0, 0, 0, 0, 0, 0, 0, 0, 0, 0, 0]), 'probabilities': array([0., 0., 0., 0., 0., 0., 0., 0., 0., 0., 0., 0., 0., 0., 0., 0., 0.,
       0., 0., 0., 0., 0., 0., 0., 0., 0., 0., 0., 0., 0., 0., 0., 0., 0.,
       0., 0., 0., 0., 0., 0., 0., 0., 0., 0., 0., 0., 0., 0., 0., 0., 0.,
       0., 0., 0., 0., 0., 0., 0., 0., 0., 0., 0., 0., 0., 0., 0., 0., 0.,
       0., 0., 0., 0., 0., 0., 0., 0., 0., 0., 0., 0., 0., 0., 0., 0., 0.,
       0., 0., 0., 0., 0., 0., 0., 0., 0., 0., 0., 0., 0., 0., 0.])}
2026-01-09 15:11:29,750 - qmt_strategy - INFO - 预测结果长度：100
2026-01-09 15:11:29,750 - qmt_strategy - INFO - 开始做出交易决策
2026-01-09 15:11:29,750 - qmt_strategy - INFO - 进行动态买点决策
2026-01-09 15:11:29,753 - qmt_strategy - DEBUG - 处理股票：000001.SZ，预测结果：0，预测概率：0.0，综合评分：33.0
2026-01-09 15:11:29,754 - qmt_strategy - DEBUG - 股票000001.SZ不满足买入条件，概率：0.0 < 阈值：0.3
2026-01-09 15:11:29,754 - qmt_strategy - DEBUG - 处理股票：000005.SZ，预测结果：0，预测概率：0.0，综合评分：33.0
2026-01-09 15:11:29,754 - qmt_strategy - DEBUG - 股票000005.SZ不满足买入条件，概率：0.0 < 阈值：0.3
2026-01-09 15:11:29,754 - qmt_strategy - DEBUG - 处理股票：000006.SZ，预测结果：0，预测概率：0.0，综合评分：33.0
2026-01-09 15:11:29,755 - qmt_strategy - DEBUG - 股票000006.SZ不满足买入条件，概率：0.0 < 阈值：0.3
2026-01-09 15:11:29,755 - qmt_strategy - DEBUG - 处理股票：000026.SZ，预测结果：0，预测概率：0.0，综合评分：33.0
2026-01-09 15:11:29,755 - qmt_strategy - DEBUG - 股票000026.SZ不满足买入条件，概率：0.0 < 阈值：0.3
2026-01-09 15:11:29,755 - qmt_strategy - DEBUG - 处理股票：000029.SZ，预测结果：0，预测概率：0.0，综合评分：33.0
2026-01-09 15:11:29,755 - qmt_strategy - DEBUG - 股票000029.SZ不满足买入条件，概率：0.0 < 阈值：0.3
2026-01-09 15:11:29,755 - qmt_strategy - INFO - 进行自适应卖点决策
2026-01-09 15:11:29,756 - qmt_strategy - INFO - 交易决策完成，共0个决策
2026-01-09 15:11:29,756 - qmt_strategy - INFO - 2025-11-28生成了0个交易决策
2026-01-09 15:11:29,756 - qmt_strategy - INFO - 进行风险控制检查
2026-01-09 15:11:29,756 - qmt_strategy - WARNING - 交易决策为空，跳过风险控制检查
2026-01-09 15:11:29,756 - qmt_strategy - INFO - 2025-11-28通过风险控制的决策数量：0
2026-01-09 15:11:29,756 - qmt_strategy - INFO - 2025-11-28没有通过风险控制的交易决策
2026-01-09 15:11:29,756 - qmt_strategy - INFO - 处理日期：2025-12-01，当日数据行数：100
2026-01-09 15:11:29,757 - qmt_strategy - INFO - 当日包含 100 只股票：['000001.SZ' '000002.SZ' '000003.SZ' '000004.SZ' '000005.SZ']...
2026-01-09 15:11:29,757 - qmt_strategy - INFO - 模拟2025-12-01的交易
2026-01-09 15:11:29,758 - qmt_strategy - INFO - 过滤后用于预测的数值特征数量：100
2026-01-09 15:11:29,758 - qmt_strategy - INFO - 使用模型进行预测
2026-01-09 15:11:29,798 - qmt_strategy - INFO - 模型预测完成
2026-01-09 15:11:29,798 - qmt_strategy - INFO - 预测结果类型：<class 'dict'>
2026-01-09 15:11:29,799 - qmt_strategy - INFO - 预测结果内容：{'predictions': array([0, 0, 0, 0, 0, 0, 0, 0, 0, 0, 0, 0, 0, 0, 0, 0, 0, 0, 0, 0, 0, 0,
       0, 0, 0, 0, 0, 0, 0, 0, 0, 0, 0, 0, 0, 0, 0, 0, 0, 0, 0, 0, 0, 0,
       0, 0, 0, 0, 0, 0, 0, 0, 0, 0, 0, 0, 0, 0, 0, 0, 0, 0, 0, 0, 0, 0,
       0, 0, 0, 0, 0, 0, 0, 0, 0, 0, 0, 0, 0, 0, 0, 0, 0, 0, 0, 0, 0, 0,
       0, 0, 0, 0, 0, 0, 0, 0, 0, 0, 0, 0]), 'probabilities': array([0., 0., 0., 0., 0., 0., 0., 0., 0., 0., 0., 0., 0., 0., 0., 0., 0.,
       0., 0., 0., 0., 0., 0., 0., 0., 0., 0., 0., 0., 0., 0., 0., 0., 0.,
       0., 0., 0., 0., 0., 0., 0., 0., 0., 0., 0., 0., 0., 0., 0., 0., 0.,
       0., 0., 0., 0., 0., 0., 0., 0., 0., 0., 0., 0., 0., 0., 0., 0., 0.,
       0., 0., 0., 0., 0., 0., 0., 0., 0., 0., 0., 0., 0., 0., 0., 0., 0.,
       0., 0., 0., 0., 0., 0., 0., 0., 0., 0., 0., 0., 0., 0., 0.])}
2026-01-09 15:11:29,799 - qmt_strategy - INFO - 预测结果长度：100
2026-01-09 15:11:29,799 - qmt_strategy - INFO - 开始做出交易决策
2026-01-09 15:11:29,799 - qmt_strategy - INFO - 进行动态买点决策
2026-01-09 15:11:29,803 - qmt_strategy - DEBUG - 处理股票：000001.SZ，预测结果：0，预测概率：0.0，综合评分：33.0
2026-01-09 15:11:29,803 - qmt_strategy - DEBUG - 股票000001.SZ不满足买入条件，概率：0.0 < 阈值：0.3
2026-01-09 15:11:29,803 - qmt_strategy - DEBUG - 处理股票：000005.SZ，预测结果：0，预测概率：0.0，综合评分：33.0
2026-01-09 15:11:29,803 - qmt_strategy - DEBUG - 股票000005.SZ不满足买入条件，概率：0.0 < 阈值：0.3
2026-01-09 15:11:29,803 - qmt_strategy - DEBUG - 处理股票：000026.SZ，预测结果：0，预测概率：0.0，综合评分：33.0
2026-01-09 15:11:29,804 - qmt_strategy - DEBUG - 股票000026.SZ不满足买入条件，概率：0.0 < 阈值：0.3
2026-01-09 15:11:29,805 - qmt_strategy - DEBUG - 处理股票：000027.SZ，预测结果：0，预测概率：0.0，综合评分：33.0
2026-01-09 15:11:29,805 - qmt_strategy - DEBUG - 股票000027.SZ不满足买入条件，概率：0.0 < 阈值：0.3
2026-01-09 15:11:29,805 - qmt_strategy - DEBUG - 处理股票：000028.SZ，预测结果：0，预测概率：0.0，综合评分：33.0
2026-01-09 15:11:29,805 - qmt_strategy - DEBUG - 股票000028.SZ不满足买入条件，概率：0.0 < 阈值：0.3
2026-01-09 15:11:29,806 - qmt_strategy - INFO - 进行自适应卖点决策
2026-01-09 15:11:29,806 - qmt_strategy - INFO - 交易决策完成，共0个决策
2026-01-09 15:11:29,806 - qmt_strategy - INFO - 2025-12-01生成了0个交易决策
2026-01-09 15:11:29,806 - qmt_strategy - INFO - 进行风险控制检查
2026-01-09 15:11:29,807 - qmt_strategy - WARNING - 交易决策为空，跳过风险控制检查
2026-01-09 15:11:29,807 - qmt_strategy - INFO - 2025-12-01通过风险控制的决策数量：0
2026-01-09 15:11:29,807 - qmt_strategy - INFO - 2025-12-01没有通过风险控制的交易决策
2026-01-09 15:11:29,807 - qmt_strategy - INFO - 处理日期：2025-12-02，当日数据行数：100
2026-01-09 15:11:29,808 - qmt_strategy - INFO - 当日包含 100 只股票：['000001.SZ' '000002.SZ' '000003.SZ' '000004.SZ' '000005.SZ']...
2026-01-09 15:11:29,808 - qmt_strategy - INFO - 模拟2025-12-02的交易
2026-01-09 15:11:29,809 - qmt_strategy - INFO - 过滤后用于预测的数值特征数量：100
2026-01-09 15:11:29,809 - qmt_strategy - INFO - 使用模型进行预测
2026-01-09 15:11:29,874 - qmt_strategy - INFO - 模型预测完成
2026-01-09 15:11:29,874 - qmt_strategy - INFO - 预测结果类型：<class 'dict'>
2026-01-09 15:11:29,874 - qmt_strategy - INFO - 预测结果内容：{'predictions': array([0, 0, 0, 0, 0, 0, 0, 0, 0, 0, 0, 0, 0, 0, 0, 0, 0, 0, 0, 0, 0, 0,
       0, 0, 0, 0, 0, 0, 0, 0, 0, 0, 0, 0, 0, 0, 0, 0, 0, 0, 0, 0, 0, 0,
       0, 0, 0, 0, 0, 0, 0, 0, 0, 0, 0, 0, 0, 0, 0, 0, 0, 0, 0, 0, 0, 0,
       0, 0, 0, 0, 0, 0, 0, 0, 0, 0, 0, 0, 0, 0, 0, 0, 0, 0, 0, 0, 0, 0,
       0, 0, 0, 0, 0, 0, 0, 0, 0, 0, 0, 0]), 'probabilities': array([0., 0., 0., 0., 0., 0., 0., 0., 0., 0., 0., 0., 0., 0., 0., 0., 0.,
       0., 0., 0., 0., 0., 0., 0., 0., 0., 0., 0., 0., 0., 0., 0., 0., 0.,
       0., 0., 0., 0., 0., 0., 0., 0., 0., 0., 0., 0., 0., 0., 0., 0., 0.,
       0., 0., 0., 0., 0., 0., 0., 0., 0., 0., 0., 0., 0., 0., 0., 0., 0.,
       0., 0., 0., 0., 0., 0., 0., 0., 0., 0., 0., 0., 0., 0., 0., 0., 0.,
       0., 0., 0., 0., 0., 0., 0., 0., 0., 0., 0., 0., 0., 0., 0.])}
2026-01-09 15:11:29,875 - qmt_strategy - INFO - 预测结果长度：100
2026-01-09 15:11:29,875 - qmt_strategy - INFO - 开始做出交易决策
2026-01-09 15:11:29,875 - qmt_strategy - INFO - 进行动态买点决策
2026-01-09 15:11:29,878 - qmt_strategy - DEBUG - 处理股票：000001.SZ，预测结果：0，预测概率：0.0，综合评分：33.0
2026-01-09 15:11:29,879 - qmt_strategy - DEBUG - 股票000001.SZ不满足买入条件，概率：0.0 < 阈值：0.3
2026-01-09 15:11:29,879 - qmt_strategy - DEBUG - 处理股票：000004.SZ，预测结果：0，预测概率：0.0，综合评分：33.0
2026-01-09 15:11:29,879 - qmt_strategy - DEBUG - 股票000004.SZ不满足买入条件，概率：0.0 < 阈值：0.3
2026-01-09 15:11:29,879 - qmt_strategy - DEBUG - 处理股票：000005.SZ，预测结果：0，预测概率：0.0，综合评分：33.0
2026-01-09 15:11:29,880 - qmt_strategy - DEBUG - 股票000005.SZ不满足买入条件，概率：0.0 < 阈值：0.3
2026-01-09 15:11:29,880 - qmt_strategy - DEBUG - 处理股票：000012.SZ，预测结果：0，预测概率：0.0，综合评分：33.0
2026-01-09 15:11:29,880 - qmt_strategy - DEBUG - 股票000012.SZ不满足买入条件，概率：0.0 < 阈值：0.3
2026-01-09 15:11:29,880 - qmt_strategy - DEBUG - 处理股票：000024.SZ，预测结果：0，预测概率：0.0，综合评分：33.0
2026-01-09 15:11:29,881 - qmt_strategy - DEBUG - 股票000024.SZ不满足买入条件，概率：0.0 < 阈值：0.3
2026-01-09 15:11:29,881 - qmt_strategy - INFO - 进行自适应卖点决策
2026-01-09 15:11:29,881 - qmt_strategy - INFO - 交易决策完成，共0个决策
2026-01-09 15:11:29,881 - qmt_strategy - INFO - 2025-12-02生成了0个交易决策
2026-01-09 15:11:29,881 - qmt_strategy - INFO - 进行风险控制检查
2026-01-09 15:11:29,882 - qmt_strategy - WARNING - 交易决策为空，跳过风险控制检查
2026-01-09 15:11:29,882 - qmt_strategy - INFO - 2025-12-02通过风险控制的决策数量：0
2026-01-09 15:11:29,882 - qmt_strategy - INFO - 2025-12-02没有通过风险控制的交易决策
2026-01-09 15:11:29,882 - qmt_strategy - INFO - 处理日期：2025-12-03，当日数据行数：100
2026-01-09 15:11:29,883 - qmt_strategy - INFO - 当日包含 100 只股票：['000001.SZ' '000002.SZ' '000003.SZ' '000004.SZ' '000005.SZ']...
2026-01-09 15:11:29,883 - qmt_strategy - INFO - 模拟2025-12-03的交易
2026-01-09 15:11:29,884 - qmt_strategy - INFO - 过滤后用于预测的数值特征数量：100
2026-01-09 15:11:29,884 - qmt_strategy - INFO - 使用模型进行预测
2026-01-09 15:11:29,934 - qmt_strategy - INFO - 模型预测完成
2026-01-09 15:11:29,934 - qmt_strategy - INFO - 预测结果类型：<class 'dict'>
2026-01-09 15:11:29,934 - qmt_strategy - INFO - 预测结果内容：{'predictions': array([0, 0, 0, 0, 0, 0, 0, 0, 0, 0, 0, 0, 0, 0, 0, 0, 0, 0, 0, 0, 0, 0,
       0, 0, 0, 0, 0, 0, 0, 0, 0, 0, 0, 0, 0, 0, 0, 0, 0, 0, 0, 0, 0, 0,
       0, 0, 0, 0, 0, 0, 0, 0, 0, 0, 0, 0, 0, 0, 0, 0, 0, 0, 0, 0, 0, 0,
       0, 0, 0, 0, 0, 0, 0, 0, 0, 0, 0, 0, 0, 0, 0, 0, 0, 0, 0, 0, 0, 0,
       0, 0, 0, 0, 0, 0, 0, 0, 0, 0, 0, 0]), 'probabilities': array([0., 0., 0., 0., 0., 0., 0., 0., 0., 0., 0., 0., 0., 0., 0., 0., 0.,
       0., 0., 0., 0., 0., 0., 0., 0., 0., 0., 0., 0., 0., 0., 0., 0., 0.,
       0., 0., 0., 0., 0., 0., 0., 0., 0., 0., 0., 0., 0., 0., 0., 0., 0.,
       0., 0., 0., 0., 0., 0., 0., 0., 0., 0., 0., 0., 0., 0., 0., 0., 0.,
       0., 0., 0., 0., 0., 0., 0., 0., 0., 0., 0., 0., 0., 0., 0., 0., 0.,
       0., 0., 0., 0., 0., 0., 0., 0., 0., 0., 0., 0., 0., 0., 0.])}
2026-01-09 15:11:29,935 - qmt_strategy - INFO - 预测结果长度：100
2026-01-09 15:11:29,935 - qmt_strategy - INFO - 开始做出交易决策
2026-01-09 15:11:29,935 - qmt_strategy - INFO - 进行动态买点决策
2026-01-09 15:11:29,939 - qmt_strategy - DEBUG - 处理股票：000001.SZ，预测结果：0，预测概率：0.0，综合评分：33.0
2026-01-09 15:11:29,939 - qmt_strategy - DEBUG - 股票000001.SZ不满足买入条件，概率：0.0 < 阈值：0.3
2026-01-09 15:11:29,939 - qmt_strategy - DEBUG - 处理股票：000004.SZ，预测结果：0，预测概率：0.0，综合评分：33.0
2026-01-09 15:11:29,939 - qmt_strategy - DEBUG - 股票000004.SZ不满足买入条件，概率：0.0 < 阈值：0.3
2026-01-09 15:11:29,939 - qmt_strategy - DEBUG - 处理股票：000012.SZ，预测结果：0，预测概率：0.0，综合评分：33.0
2026-01-09 15:11:29,939 - qmt_strategy - DEBUG - 股票000012.SZ不满足买入条件，概率：0.0 < 阈值：0.3
2026-01-09 15:11:29,940 - qmt_strategy - DEBUG - 处理股票：000015.SZ，预测结果：0，预测概率：0.0，综合评分：33.0
2026-01-09 15:11:29,940 - qmt_strategy - DEBUG - 股票000015.SZ不满足买入条件，概率：0.0 < 阈值：0.3
2026-01-09 15:11:29,940 - qmt_strategy - DEBUG - 处理股票：000019.SZ，预测结果：0，预测概率：0.0，综合评分：33.0
2026-01-09 15:11:29,940 - qmt_strategy - DEBUG - 股票000019.SZ不满足买入条件，概率：0.0 < 阈值：0.3
2026-01-09 15:11:29,940 - qmt_strategy - INFO - 进行自适应卖点决策
2026-01-09 15:11:29,940 - qmt_strategy - INFO - 交易决策完成，共0个决策
2026-01-09 15:11:29,940 - qmt_strategy - INFO - 2025-12-03生成了0个交易决策
2026-01-09 15:11:29,941 - qmt_strategy - INFO - 进行风险控制检查
2026-01-09 15:11:29,941 - qmt_strategy - WARNING - 交易决策为空，跳过风险控制检查
2026-01-09 15:11:29,941 - qmt_strategy - INFO - 2025-12-03通过风险控制的决策数量：0
2026-01-09 15:11:29,941 - qmt_strategy - INFO - 2025-12-03没有通过风险控制的交易决策
2026-01-09 15:11:29,941 - qmt_strategy - INFO - 处理日期：2025-12-04，当日数据行数：100
2026-01-09 15:11:29,941 - qmt_strategy - INFO - 当日包含 100 只股票：['000001.SZ' '000002.SZ' '000003.SZ' '000004.SZ' '000005.SZ']...
2026-01-09 15:11:29,941 - qmt_strategy - INFO - 模拟2025-12-04的交易
2026-01-09 15:11:29,942 - qmt_strategy - INFO - 过滤后用于预测的数值特征数量：100
2026-01-09 15:11:29,943 - qmt_strategy - INFO - 使用模型进行预测
2026-01-09 15:11:30,009 - qmt_strategy - INFO - 模型预测完成
2026-01-09 15:11:30,009 - qmt_strategy - INFO - 预测结果类型：<class 'dict'>
2026-01-09 15:11:30,010 - qmt_strategy - INFO - 预测结果内容：{'predictions': array([0, 0, 0, 0, 0, 0, 0, 0, 0, 0, 0, 0, 0, 0, 0, 0, 0, 0, 0, 0, 0, 0,
       0, 0, 0, 0, 0, 0, 0, 0, 0, 0, 0, 0, 0, 0, 0, 0, 0, 0, 0, 0, 0, 0,
       0, 0, 0, 0, 0, 0, 0, 0, 0, 0, 0, 0, 0, 0, 0, 0, 0, 0, 0, 0, 0, 0,
       0, 0, 0, 0, 0, 0, 0, 0, 0, 0, 0, 0, 0, 0, 0, 0, 0, 0, 0, 0, 0, 0,
       0, 0, 0, 0, 0, 0, 0, 0, 0, 0, 0, 0]), 'probabilities': array([0., 0., 0., 0., 0., 0., 0., 0., 0., 0., 0., 0., 0., 0., 0., 0., 0.,
       0., 0., 0., 0., 0., 0., 0., 0., 0., 0., 0., 0., 0., 0., 0., 0., 0.,
       0., 0., 0., 0., 0., 0., 0., 0., 0., 0., 0., 0., 0., 0., 0., 0., 0.,
       0., 0., 0., 0., 0., 0., 0., 0., 0., 0., 0., 0., 0., 0., 0., 0., 0.,
       0., 0., 0., 0., 0., 0., 0., 0., 0., 0., 0., 0., 0., 0., 0., 0., 0.,
       0., 0., 0., 0., 0., 0., 0., 0., 0., 0., 0., 0., 0., 0., 0.])}
2026-01-09 15:11:30,010 - qmt_strategy - INFO - 预测结果长度：100
2026-01-09 15:11:30,010 - qmt_strategy - INFO - 开始做出交易决策
2026-01-09 15:11:30,011 - qmt_strategy - INFO - 进行动态买点决策
2026-01-09 15:11:30,015 - qmt_strategy - DEBUG - 处理股票：000012.SZ，预测结果：0，预测概率：0.0，综合评分：33.0
2026-01-09 15:11:30,015 - qmt_strategy - DEBUG - 股票000012.SZ不满足买入条件，概率：0.0 < 阈值：0.3
2026-01-09 15:11:30,015 - qmt_strategy - DEBUG - 处理股票：000016.SZ，预测结果：0，预测概率：0.0，综合评分：33.0
2026-01-09 15:11:30,016 - qmt_strategy - DEBUG - 股票000016.SZ不满足买入条件，概率：0.0 < 阈值：0.3
2026-01-09 15:11:30,016 - qmt_strategy - DEBUG - 处理股票：000019.SZ，预测结果：0，预测概率：0.0，综合评分：33.0
2026-01-09 15:11:30,016 - qmt_strategy - DEBUG - 股票000019.SZ不满足买入条件，概率：0.0 < 阈值：0.3
2026-01-09 15:11:30,016 - qmt_strategy - DEBUG - 处理股票：000024.SZ，预测结果：0，预测概率：0.0，综合评分：33.0
2026-01-09 15:11:30,016 - qmt_strategy - DEBUG - 股票000024.SZ不满足买入条件，概率：0.0 < 阈值：0.3
2026-01-09 15:11:30,016 - qmt_strategy - DEBUG - 处理股票：000026.SZ，预测结果：0，预测概率：0.0，综合评分：33.0
2026-01-09 15:11:30,017 - qmt_strategy - DEBUG - 股票000026.SZ不满足买入条件，概率：0.0 < 阈值：0.3
2026-01-09 15:11:30,017 - qmt_strategy - INFO - 进行自适应卖点决策
2026-01-09 15:11:30,017 - qmt_strategy - INFO - 交易决策完成，共0个决策
2026-01-09 15:11:30,017 - qmt_strategy - INFO - 2025-12-04生成了0个交易决策
2026-01-09 15:11:30,017 - qmt_strategy - INFO - 进行风险控制检查
2026-01-09 15:11:30,017 - qmt_strategy - WARNING - 交易决策为空，跳过风险控制检查
2026-01-09 15:11:30,017 - qmt_strategy - INFO - 2025-12-04通过风险控制的决策数量：0
2026-01-09 15:11:30,017 - qmt_strategy - INFO - 2025-12-04没有通过风险控制的交易决策
2026-01-09 15:11:30,018 - qmt_strategy - INFO - 处理日期：2025-12-05，当日数据行数：100
2026-01-09 15:11:30,018 - qmt_strategy - INFO - 当日包含 100 只股票：['000001.SZ' '000002.SZ' '000003.SZ' '000004.SZ' '000005.SZ']...
2026-01-09 15:11:30,018 - qmt_strategy - INFO - 模拟2025-12-05的交易
2026-01-09 15:11:30,019 - qmt_strategy - INFO - 过滤后用于预测的数值特征数量：100
2026-01-09 15:11:30,019 - qmt_strategy - INFO - 使用模型进行预测
2026-01-09 15:11:30,067 - qmt_strategy - INFO - 模型预测完成
2026-01-09 15:11:30,067 - qmt_strategy - INFO - 预测结果类型：<class 'dict'>
2026-01-09 15:11:30,068 - qmt_strategy - INFO - 预测结果内容：{'predictions': array([0, 0, 0, 0, 0, 0, 0, 0, 0, 0, 0, 0, 0, 0, 0, 0, 0, 0, 0, 0, 0, 0,
       0, 0, 0, 0, 0, 0, 0, 0, 0, 0, 0, 0, 0, 0, 0, 0, 0, 0, 0, 0, 0, 0,
       0, 0, 0, 0, 0, 0, 0, 0, 0, 0, 0, 0, 0, 0, 0, 0, 0, 0, 0, 0, 0, 0,
       0, 0, 0, 0, 0, 0, 0, 0, 0, 0, 0, 0, 0, 0, 0, 0, 0, 0, 0, 0, 0, 0,
       0, 0, 0, 0, 0, 0, 0, 0, 0, 0, 0, 0]), 'probabilities': array([0., 0., 0., 0., 0., 0., 0., 0., 0., 0., 0., 0., 0., 0., 0., 0., 0.,
       0., 0., 0., 0., 0., 0., 0., 0., 0., 0., 0., 0., 0., 0., 0., 0., 0.,
       0., 0., 0., 0., 0., 0., 0., 0., 0., 0., 0., 0., 0., 0., 0., 0., 0.,
       0., 0., 0., 0., 0., 0., 0., 0., 0., 0., 0., 0., 0., 0., 0., 0., 0.,
       0., 0., 0., 0., 0., 0., 0., 0., 0., 0., 0., 0., 0., 0., 0., 0., 0.,
       0., 0., 0., 0., 0., 0., 0., 0., 0., 0., 0., 0., 0., 0., 0.])}
2026-01-09 15:11:30,068 - qmt_strategy - INFO - 预测结果长度：100
2026-01-09 15:11:30,068 - qmt_strategy - INFO - 开始做出交易决策
2026-01-09 15:11:30,068 - qmt_strategy - INFO - 进行动态买点决策
2026-01-09 15:11:30,071 - qmt_strategy - DEBUG - 处理股票：000012.SZ，预测结果：0，预测概率：0.0，综合评分：33.0
2026-01-09 15:11:30,071 - qmt_strategy - DEBUG - 股票000012.SZ不满足买入条件，概率：0.0 < 阈值：0.3
2026-01-09 15:11:30,072 - qmt_strategy - DEBUG - 处理股票：000016.SZ，预测结果：0，预测概率：0.0，综合评分：33.0
2026-01-09 15:11:30,072 - qmt_strategy - DEBUG - 股票000016.SZ不满足买入条件，概率：0.0 < 阈值：0.3
2026-01-09 15:11:30,072 - qmt_strategy - DEBUG - 处理股票：000024.SZ，预测结果：0，预测概率：0.0，综合评分：33.0
2026-01-09 15:11:30,072 - qmt_strategy - DEBUG - 股票000024.SZ不满足买入条件，概率：0.0 < 阈值：0.3
2026-01-09 15:11:30,072 - qmt_strategy - DEBUG - 处理股票：000026.SZ，预测结果：0，预测概率：0.0，综合评分：33.0
2026-01-09 15:11:30,073 - qmt_strategy - DEBUG - 股票000026.SZ不满足买入条件，概率：0.0 < 阈值：0.3
2026-01-09 15:11:30,073 - qmt_strategy - DEBUG - 处理股票：000027.SZ，预测结果：0，预测概率：0.0，综合评分：33.0
2026-01-09 15:11:30,073 - qmt_strategy - DEBUG - 股票000027.SZ不满足买入条件，概率：0.0 < 阈值：0.3
2026-01-09 15:11:30,073 - qmt_strategy - INFO - 进行自适应卖点决策
2026-01-09 15:11:30,073 - qmt_strategy - INFO - 交易决策完成，共0个决策
2026-01-09 15:11:30,073 - qmt_strategy - INFO - 2025-12-05生成了0个交易决策
2026-01-09 15:11:30,073 - qmt_strategy - INFO - 进行风险控制检查
2026-01-09 15:11:30,074 - qmt_strategy - WARNING - 交易决策为空，跳过风险控制检查
2026-01-09 15:11:30,074 - qmt_strategy - INFO - 2025-12-05通过风险控制的决策数量：0
2026-01-09 15:11:30,074 - qmt_strategy - INFO - 2025-12-05没有通过风险控制的交易决策
2026-01-09 15:11:30,074 - qmt_strategy - INFO - 处理日期：2025-12-08，当日数据行数：100
2026-01-09 15:11:30,075 - qmt_strategy - INFO - 当日包含 100 只股票：['000001.SZ' '000002.SZ' '000003.SZ' '000004.SZ' '000005.SZ']...
2026-01-09 15:11:30,075 - qmt_strategy - INFO - 模拟2025-12-08的交易
2026-01-09 15:11:30,076 - qmt_strategy - INFO - 过滤后用于预测的数值特征数量：100
2026-01-09 15:11:30,076 - qmt_strategy - INFO - 使用模型进行预测
2026-01-09 15:11:30,115 - qmt_strategy - INFO - 模型预测完成
2026-01-09 15:11:30,115 - qmt_strategy - INFO - 预测结果类型：<class 'dict'>
2026-01-09 15:11:30,116 - qmt_strategy - INFO - 预测结果内容：{'predictions': array([0, 0, 0, 0, 0, 0, 0, 0, 0, 0, 0, 0, 0, 0, 0, 0, 0, 0, 0, 0, 0, 0,
       0, 0, 0, 0, 0, 0, 0, 0, 0, 0, 0, 0, 0, 0, 0, 0, 0, 0, 0, 0, 0, 0,
       0, 0, 0, 0, 0, 0, 0, 0, 0, 0, 0, 0, 0, 0, 0, 0, 0, 0, 0, 0, 0, 0,
       0, 0, 0, 0, 0, 0, 0, 0, 0, 0, 0, 0, 0, 0, 0, 0, 0, 0, 0, 0, 0, 0,
       0, 0, 0, 0, 0, 0, 0, 0, 0, 0, 0, 0]), 'probabilities': array([0., 0., 0., 0., 0., 0., 0., 0., 0., 0., 0., 0., 0., 0., 0., 0., 0.,
       0., 0., 0., 0., 0., 0., 0., 0., 0., 0., 0., 0., 0., 0., 0., 0., 0.,
       0., 0., 0., 0., 0., 0., 0., 0., 0., 0., 0., 0., 0., 0., 0., 0., 0.,
       0., 0., 0., 0., 0., 0., 0., 0., 0., 0., 0., 0., 0., 0., 0., 0., 0.,
       0., 0., 0., 0., 0., 0., 0., 0., 0., 0., 0., 0., 0., 0., 0., 0., 0.,
       0., 0., 0., 0., 0., 0., 0., 0., 0., 0., 0., 0., 0., 0., 0.])}
2026-01-09 15:11:30,116 - qmt_strategy - INFO - 预测结果长度：100
2026-01-09 15:11:30,116 - qmt_strategy - INFO - 开始做出交易决策
2026-01-09 15:11:30,117 - qmt_strategy - INFO - 进行动态买点决策
2026-01-09 15:11:30,120 - qmt_strategy - DEBUG - 处理股票：000008.SZ，预测结果：0，预测概率：0.0，综合评分：33.0
2026-01-09 15:11:30,120 - qmt_strategy - DEBUG - 股票000008.SZ不满足买入条件，概率：0.0 < 阈值：0.3
2026-01-09 15:11:30,120 - qmt_strategy - DEBUG - 处理股票：000015.SZ，预测结果：0，预测概率：0.0，综合评分：33.0
2026-01-09 15:11:30,120 - qmt_strategy - DEBUG - 股票000015.SZ不满足买入条件，概率：0.0 < 阈值：0.3
2026-01-09 15:11:30,120 - qmt_strategy - DEBUG - 处理股票：000016.SZ，预测结果：0，预测概率：0.0，综合评分：33.0
2026-01-09 15:11:30,120 - qmt_strategy - DEBUG - 股票000016.SZ不满足买入条件，概率：0.0 < 阈值：0.3
2026-01-09 15:11:30,121 - qmt_strategy - DEBUG - 处理股票：000017.SZ，预测结果：0，预测概率：0.0，综合评分：33.0
2026-01-09 15:11:30,121 - qmt_strategy - DEBUG - 股票000017.SZ不满足买入条件，概率：0.0 < 阈值：0.3
2026-01-09 15:11:30,121 - qmt_strategy - DEBUG - 处理股票：000021.SZ，预测结果：0，预测概率：0.0，综合评分：33.0
2026-01-09 15:11:30,121 - qmt_strategy - DEBUG - 股票000021.SZ不满足买入条件，概率：0.0 < 阈值：0.3
2026-01-09 15:11:30,121 - qmt_strategy - INFO - 进行自适应卖点决策
2026-01-09 15:11:30,121 - qmt_strategy - INFO - 交易决策完成，共0个决策
2026-01-09 15:11:30,121 - qmt_strategy - INFO - 2025-12-08生成了0个交易决策
2026-01-09 15:11:30,121 - qmt_strategy - INFO - 进行风险控制检查
2026-01-09 15:11:30,122 - qmt_strategy - WARNING - 交易决策为空，跳过风险控制检查
2026-01-09 15:11:30,122 - qmt_strategy - INFO - 2025-12-08通过风险控制的决策数量：0
2026-01-09 15:11:30,122 - qmt_strategy - INFO - 2025-12-08没有通过风险控制的交易决策
2026-01-09 15:11:30,122 - qmt_strategy - INFO - 处理日期：2025-12-09，当日数据行数：100
2026-01-09 15:11:30,122 - qmt_strategy - INFO - 当日包含 100 只股票：['000001.SZ' '000002.SZ' '000003.SZ' '000004.SZ' '000005.SZ']...
2026-01-09 15:11:30,122 - qmt_strategy - INFO - 模拟2025-12-09的交易
2026-01-09 15:11:30,123 - qmt_strategy - INFO - 过滤后用于预测的数值特征数量：100
2026-01-09 15:11:30,123 - qmt_strategy - INFO - 使用模型进行预测
2026-01-09 15:11:30,161 - qmt_strategy - INFO - 模型预测完成
2026-01-09 15:11:30,161 - qmt_strategy - INFO - 预测结果类型：<class 'dict'>
2026-01-09 15:11:30,161 - qmt_strategy - INFO - 预测结果内容：{'predictions': array([0, 0, 0, 0, 0, 0, 0, 0, 0, 0, 0, 0, 0, 0, 0, 0, 0, 0, 0, 0, 0, 0,
       0, 0, 0, 0, 0, 0, 0, 0, 0, 0, 0, 0, 0, 0, 0, 0, 0, 0, 0, 0, 0, 0,
       0, 0, 0, 0, 0, 0, 0, 0, 0, 0, 0, 0, 0, 0, 0, 0, 0, 0, 0, 0, 0, 0,
       0, 0, 0, 0, 0, 0, 0, 0, 0, 0, 0, 0, 0, 0, 0, 0, 0, 0, 0, 0, 0, 0,
       0, 0, 0, 0, 0, 0, 0, 0, 0, 0, 0, 0]), 'probabilities': array([0., 0., 0., 0., 0., 0., 0., 0., 0., 0., 0., 0., 0., 0., 0., 0., 0.,
       0., 0., 0., 0., 0., 0., 0., 0., 0., 0., 0., 0., 0., 0., 0., 0., 0.,
       0., 0., 0., 0., 0., 0., 0., 0., 0., 0., 0., 0., 0., 0., 0., 0., 0.,
       0., 0., 0., 0., 0., 0., 0., 0., 0., 0., 0., 0., 0., 0., 0., 0., 0.,
       0., 0., 0., 0., 0., 0., 0., 0., 0., 0., 0., 0., 0., 0., 0., 0., 0.,
       0., 0., 0., 0., 0., 0., 0., 0., 0., 0., 0., 0., 0., 0., 0.])}
2026-01-09 15:11:30,162 - qmt_strategy - INFO - 预测结果长度：100
2026-01-09 15:11:30,162 - qmt_strategy - INFO - 开始做出交易决策
2026-01-09 15:11:30,162 - qmt_strategy - INFO - 进行动态买点决策
2026-01-09 15:11:30,166 - qmt_strategy - DEBUG - 处理股票：000003.SZ，预测结果：0，预测概率：0.0，综合评分：33.0
2026-01-09 15:11:30,166 - qmt_strategy - DEBUG - 股票000003.SZ不满足买入条件，概率：0.0 < 阈值：0.3
2026-01-09 15:11:30,166 - qmt_strategy - DEBUG - 处理股票：000008.SZ，预测结果：0，预测概率：0.0，综合评分：33.0
2026-01-09 15:11:30,167 - qmt_strategy - DEBUG - 股票000008.SZ不满足买入条件，概率：0.0 < 阈值：0.3
2026-01-09 15:11:30,167 - qmt_strategy - DEBUG - 处理股票：000015.SZ，预测结果：0，预测概率：0.0，综合评分：33.0
2026-01-09 15:11:30,167 - qmt_strategy - DEBUG - 股票000015.SZ不满足买入条件，概率：0.0 < 阈值：0.3
2026-01-09 15:11:30,167 - qmt_strategy - DEBUG - 处理股票：000016.SZ，预测结果：0，预测概率：0.0，综合评分：33.0
2026-01-09 15:11:30,167 - qmt_strategy - DEBUG - 股票000016.SZ不满足买入条件，概率：0.0 < 阈值：0.3
2026-01-09 15:11:30,167 - qmt_strategy - DEBUG - 处理股票：000017.SZ，预测结果：0，预测概率：0.0，综合评分：33.0
2026-01-09 15:11:30,167 - qmt_strategy - DEBUG - 股票000017.SZ不满足买入条件，概率：0.0 < 阈值：0.3
2026-01-09 15:11:30,168 - qmt_strategy - INFO - 进行自适应卖点决策
2026-01-09 15:11:30,168 - qmt_strategy - INFO - 交易决策完成，共0个决策
2026-01-09 15:11:30,168 - qmt_strategy - INFO - 2025-12-09生成了0个交易决策
2026-01-09 15:11:30,168 - qmt_strategy - INFO - 进行风险控制检查
2026-01-09 15:11:30,168 - qmt_strategy - WARNING - 交易决策为空，跳过风险控制检查
2026-01-09 15:11:30,168 - qmt_strategy - INFO - 2025-12-09通过风险控制的决策数量：0
2026-01-09 15:11:30,168 - qmt_strategy - INFO - 2025-12-09没有通过风险控制的交易决策
2026-01-09 15:11:30,168 - qmt_strategy - INFO - 处理日期：2025-12-10，当日数据行数：100
2026-01-09 15:11:30,169 - qmt_strategy - INFO - 当日包含 100 只股票：['000001.SZ' '000002.SZ' '000003.SZ' '000004.SZ' '000005.SZ']...
2026-01-09 15:11:30,169 - qmt_strategy - INFO - 模拟2025-12-10的交易
2026-01-09 15:11:30,170 - qmt_strategy - INFO - 过滤后用于预测的数值特征数量：100
2026-01-09 15:11:30,170 - qmt_strategy - INFO - 使用模型进行预测
2026-01-09 15:11:30,217 - qmt_strategy - INFO - 模型预测完成
2026-01-09 15:11:30,217 - qmt_strategy - INFO - 预测结果类型：<class 'dict'>
2026-01-09 15:11:30,218 - qmt_strategy - INFO - 预测结果内容：{'predictions': array([0, 0, 0, 0, 0, 0, 0, 0, 0, 0, 0, 0, 0, 0, 0, 0, 0, 0, 0, 0, 0, 0,
       0, 0, 0, 0, 0, 0, 0, 0, 0, 0, 0, 0, 0, 0, 0, 0, 0, 0, 0, 0, 0, 0,
       0, 0, 0, 0, 0, 0, 0, 0, 0, 0, 0, 0, 0, 0, 0, 0, 0, 0, 0, 0, 0, 0,
       0, 0, 0, 0, 0, 0, 0, 0, 0, 0, 0, 0, 0, 0, 0, 0, 0, 0, 0, 0, 0, 0,
       0, 0, 0, 0, 0, 0, 0, 0, 0, 0, 0, 0]), 'probabilities': array([0., 0., 0., 0., 0., 0., 0., 0., 0., 0., 0., 0., 0., 0., 0., 0., 0.,
       0., 0., 0., 0., 0., 0., 0., 0., 0., 0., 0., 0., 0., 0., 0., 0., 0.,
       0., 0., 0., 0., 0., 0., 0., 0., 0., 0., 0., 0., 0., 0., 0., 0., 0.,
       0., 0., 0., 0., 0., 0., 0., 0., 0., 0., 0., 0., 0., 0., 0., 0., 0.,
       0., 0., 0., 0., 0., 0., 0., 0., 0., 0., 0., 0., 0., 0., 0., 0., 0.,
       0., 0., 0., 0., 0., 0., 0., 0., 0., 0., 0., 0., 0., 0., 0.])}
2026-01-09 15:11:30,218 - qmt_strategy - INFO - 预测结果长度：100
2026-01-09 15:11:30,218 - qmt_strategy - INFO - 开始做出交易决策
2026-01-09 15:11:30,218 - qmt_strategy - INFO - 进行动态买点决策
2026-01-09 15:11:30,222 - qmt_strategy - DEBUG - 处理股票：000003.SZ，预测结果：0，预测概率：0.0，综合评分：33.0
2026-01-09 15:11:30,222 - qmt_strategy - DEBUG - 股票000003.SZ不满足买入条件，概率：0.0 < 阈值：0.3
2026-01-09 15:11:30,222 - qmt_strategy - DEBUG - 处理股票：000015.SZ，预测结果：0，预测概率：0.0，综合评分：33.0
2026-01-09 15:11:30,222 - qmt_strategy - DEBUG - 股票000015.SZ不满足买入条件，概率：0.0 < 阈值：0.3
2026-01-09 15:11:30,223 - qmt_strategy - DEBUG - 处理股票：000016.SZ，预测结果：0，预测概率：0.0，综合评分：33.0
2026-01-09 15:11:30,223 - qmt_strategy - DEBUG - 股票000016.SZ不满足买入条件，概率：0.0 < 阈值：0.3
2026-01-09 15:11:30,223 - qmt_strategy - DEBUG - 处理股票：000017.SZ，预测结果：0，预测概率：0.0，综合评分：33.0
2026-01-09 15:11:30,223 - qmt_strategy - DEBUG - 股票000017.SZ不满足买入条件，概率：0.0 < 阈值：0.3
2026-01-09 15:11:30,223 - qmt_strategy - DEBUG - 处理股票：000021.SZ，预测结果：0，预测概率：0.0，综合评分：33.0
2026-01-09 15:11:30,223 - qmt_strategy - DEBUG - 股票000021.SZ不满足买入条件，概率：0.0 < 阈值：0.3
2026-01-09 15:11:30,223 - qmt_strategy - INFO - 进行自适应卖点决策
2026-01-09 15:11:30,223 - qmt_strategy - INFO - 交易决策完成，共0个决策
2026-01-09 15:11:30,223 - qmt_strategy - INFO - 2025-12-10生成了0个交易决策
2026-01-09 15:11:30,223 - qmt_strategy - INFO - 进行风险控制检查
2026-01-09 15:11:30,224 - qmt_strategy - WARNING - 交易决策为空，跳过风险控制检查
2026-01-09 15:11:30,224 - qmt_strategy - INFO - 2025-12-10通过风险控制的决策数量：0
2026-01-09 15:11:30,224 - qmt_strategy - INFO - 2025-12-10没有通过风险控制的交易决策
2026-01-09 15:11:30,224 - qmt_strategy - INFO - 处理日期：2025-12-11，当日数据行数：100
2026-01-09 15:11:30,224 - qmt_strategy - INFO - 当日包含 100 只股票：['000001.SZ' '000002.SZ' '000003.SZ' '000004.SZ' '000005.SZ']...
2026-01-09 15:11:30,224 - qmt_strategy - INFO - 模拟2025-12-11的交易
2026-01-09 15:11:30,225 - qmt_strategy - INFO - 过滤后用于预测的数值特征数量：100
2026-01-09 15:11:30,225 - qmt_strategy - INFO - 使用模型进行预测
2026-01-09 15:11:30,263 - qmt_strategy - INFO - 模型预测完成
2026-01-09 15:11:30,263 - qmt_strategy - INFO - 预测结果类型：<class 'dict'>
2026-01-09 15:11:30,264 - qmt_strategy - INFO - 预测结果内容：{'predictions': array([0, 0, 0, 0, 0, 0, 0, 0, 0, 0, 0, 0, 0, 0, 0, 0, 0, 0, 0, 0, 0, 0,
       0, 0, 0, 0, 0, 0, 0, 0, 0, 0, 0, 0, 0, 0, 0, 0, 0, 0, 0, 0, 0, 0,
       0, 0, 0, 0, 0, 0, 0, 0, 0, 0, 0, 0, 0, 0, 0, 0, 0, 0, 0, 0, 0, 0,
       0, 0, 0, 0, 0, 0, 0, 0, 0, 0, 0, 0, 0, 0, 0, 0, 0, 0, 0, 0, 0, 0,
       0, 0, 0, 0, 0, 0, 0, 0, 0, 0, 0, 0]), 'probabilities': array([0., 0., 0., 0., 0., 0., 0., 0., 0., 0., 0., 0., 0., 0., 0., 0., 0.,
       0., 0., 0., 0., 0., 0., 0., 0., 0., 0., 0., 0., 0., 0., 0., 0., 0.,
       0., 0., 0., 0., 0., 0., 0., 0., 0., 0., 0., 0., 0., 0., 0., 0., 0.,
       0., 0., 0., 0., 0., 0., 0., 0., 0., 0., 0., 0., 0., 0., 0., 0., 0.,
       0., 0., 0., 0., 0., 0., 0., 0., 0., 0., 0., 0., 0., 0., 0., 0., 0.,
       0., 0., 0., 0., 0., 0., 0., 0., 0., 0., 0., 0., 0., 0., 0.])}
2026-01-09 15:11:30,264 - qmt_strategy - INFO - 预测结果长度：100
2026-01-09 15:11:30,264 - qmt_strategy - INFO - 开始做出交易决策
2026-01-09 15:11:30,265 - qmt_strategy - INFO - 进行动态买点决策
2026-01-09 15:11:30,268 - qmt_strategy - DEBUG - 处理股票：000003.SZ，预测结果：0，预测概率：0.0，综合评分：33.0
2026-01-09 15:11:30,268 - qmt_strategy - DEBUG - 股票000003.SZ不满足买入条件，概率：0.0 < 阈值：0.3
2026-01-09 15:11:30,268 - qmt_strategy - DEBUG - 处理股票：000015.SZ，预测结果：0，预测概率：0.0，综合评分：33.0
2026-01-09 15:11:30,268 - qmt_strategy - DEBUG - 股票000015.SZ不满足买入条件，概率：0.0 < 阈值：0.3
2026-01-09 15:11:30,268 - qmt_strategy - DEBUG - 处理股票：000017.SZ，预测结果：0，预测概率：0.0，综合评分：33.0
2026-01-09 15:11:30,269 - qmt_strategy - DEBUG - 股票000017.SZ不满足买入条件，概率：0.0 < 阈值：0.3
2026-01-09 15:11:30,269 - qmt_strategy - DEBUG - 处理股票：000022.SZ，预测结果：0，预测概率：0.0，综合评分：33.0
2026-01-09 15:11:30,269 - qmt_strategy - DEBUG - 股票000022.SZ不满足买入条件，概率：0.0 < 阈值：0.3
2026-01-09 15:11:30,270 - qmt_strategy - DEBUG - 处理股票：000026.SZ，预测结果：0，预测概率：0.0，综合评分：33.0
2026-01-09 15:11:30,270 - qmt_strategy - DEBUG - 股票000026.SZ不满足买入条件，概率：0.0 < 阈值：0.3
2026-01-09 15:11:30,270 - qmt_strategy - INFO - 进行自适应卖点决策
2026-01-09 15:11:30,270 - qmt_strategy - INFO - 交易决策完成，共0个决策
2026-01-09 15:11:30,270 - qmt_strategy - INFO - 2025-12-11生成了0个交易决策
2026-01-09 15:11:30,270 - qmt_strategy - INFO - 进行风险控制检查
2026-01-09 15:11:30,270 - qmt_strategy - WARNING - 交易决策为空，跳过风险控制检查
2026-01-09 15:11:30,271 - qmt_strategy - INFO - 2025-12-11通过风险控制的决策数量：0
2026-01-09 15:11:30,271 - qmt_strategy - INFO - 2025-12-11没有通过风险控制的交易决策
2026-01-09 15:11:30,271 - qmt_strategy - INFO - 处理日期：2025-12-12，当日数据行数：100
2026-01-09 15:11:30,271 - qmt_strategy - INFO - 当日包含 100 只股票：['000001.SZ' '000002.SZ' '000003.SZ' '000004.SZ' '000005.SZ']...
2026-01-09 15:11:30,271 - qmt_strategy - INFO - 模拟2025-12-12的交易
2026-01-09 15:11:30,272 - qmt_strategy - INFO - 过滤后用于预测的数值特征数量：100
2026-01-09 15:11:30,272 - qmt_strategy - INFO - 使用模型进行预测
2026-01-09 15:11:30,308 - qmt_strategy - INFO - 模型预测完成
2026-01-09 15:11:30,308 - qmt_strategy - INFO - 预测结果类型：<class 'dict'>
2026-01-09 15:11:30,309 - qmt_strategy - INFO - 预测结果内容：{'predictions': array([0, 0, 0, 0, 0, 0, 0, 0, 0, 0, 0, 0, 0, 0, 0, 0, 0, 0, 0, 0, 0, 0,
       0, 0, 0, 0, 0, 0, 0, 0, 0, 0, 0, 0, 0, 0, 0, 0, 0, 0, 0, 0, 0, 0,
       0, 0, 0, 0, 0, 0, 0, 0, 0, 0, 0, 0, 0, 0, 0, 0, 0, 0, 0, 0, 0, 0,
       0, 0, 0, 0, 0, 0, 0, 0, 0, 0, 0, 0, 0, 0, 0, 0, 0, 0, 0, 0, 0, 0,
       0, 0, 0, 0, 0, 0, 0, 0, 0, 0, 0, 0]), 'probabilities': array([0., 0., 0., 0., 0., 0., 0., 0., 0., 0., 0., 0., 0., 0., 0., 0., 0.,
       0., 0., 0., 0., 0., 0., 0., 0., 0., 0., 0., 0., 0., 0., 0., 0., 0.,
       0., 0., 0., 0., 0., 0., 0., 0., 0., 0., 0., 0., 0., 0., 0., 0., 0.,
       0., 0., 0., 0., 0., 0., 0., 0., 0., 0., 0., 0., 0., 0., 0., 0., 0.,
       0., 0., 0., 0., 0., 0., 0., 0., 0., 0., 0., 0., 0., 0., 0., 0., 0.,
       0., 0., 0., 0., 0., 0., 0., 0., 0., 0., 0., 0., 0., 0., 0.])}
2026-01-09 15:11:30,309 - qmt_strategy - INFO - 预测结果长度：100
2026-01-09 15:11:30,309 - qmt_strategy - INFO - 开始做出交易决策
2026-01-09 15:11:30,309 - qmt_strategy - INFO - 进行动态买点决策
2026-01-09 15:11:30,312 - qmt_strategy - DEBUG - 处理股票：000003.SZ，预测结果：0，预测概率：0.0，综合评分：33.0
2026-01-09 15:11:30,312 - qmt_strategy - DEBUG - 股票000003.SZ不满足买入条件，概率：0.0 < 阈值：0.3
2026-01-09 15:11:30,313 - qmt_strategy - DEBUG - 处理股票：000011.SZ，预测结果：0，预测概率：0.0，综合评分：33.0
2026-01-09 15:11:30,313 - qmt_strategy - DEBUG - 股票000011.SZ不满足买入条件，概率：0.0 < 阈值：0.3
2026-01-09 15:11:30,313 - qmt_strategy - DEBUG - 处理股票：000012.SZ，预测结果：0，预测概率：0.0，综合评分：33.0
2026-01-09 15:11:30,313 - qmt_strategy - DEBUG - 股票000012.SZ不满足买入条件，概率：0.0 < 阈值：0.3
2026-01-09 15:11:30,313 - qmt_strategy - DEBUG - 处理股票：000022.SZ，预测结果：0，预测概率：0.0，综合评分：33.0
2026-01-09 15:11:30,314 - qmt_strategy - DEBUG - 股票000022.SZ不满足买入条件，概率：0.0 < 阈值：0.3
2026-01-09 15:11:30,314 - qmt_strategy - DEBUG - 处理股票：000024.SZ，预测结果：0，预测概率：0.0，综合评分：33.0
2026-01-09 15:11:30,314 - qmt_strategy - DEBUG - 股票000024.SZ不满足买入条件，概率：0.0 < 阈值：0.3
2026-01-09 15:11:30,314 - qmt_strategy - INFO - 进行自适应卖点决策
2026-01-09 15:11:30,314 - qmt_strategy - INFO - 交易决策完成，共0个决策
2026-01-09 15:11:30,314 - qmt_strategy - INFO - 2025-12-12生成了0个交易决策
2026-01-09 15:11:30,314 - qmt_strategy - INFO - 进行风险控制检查
2026-01-09 15:11:30,315 - qmt_strategy - WARNING - 交易决策为空，跳过风险控制检查
2026-01-09 15:11:30,315 - qmt_strategy - INFO - 2025-12-12通过风险控制的决策数量：0
2026-01-09 15:11:30,315 - qmt_strategy - INFO - 2025-12-12没有通过风险控制的交易决策
2026-01-09 15:11:30,315 - qmt_strategy - INFO - 处理日期：2025-12-15，当日数据行数：100
2026-01-09 15:11:30,315 - qmt_strategy - INFO - 当日包含 100 只股票：['000001.SZ' '000002.SZ' '000003.SZ' '000004.SZ' '000005.SZ']...
2026-01-09 15:11:30,316 - qmt_strategy - INFO - 模拟2025-12-15的交易
2026-01-09 15:11:30,317 - qmt_strategy - INFO - 过滤后用于预测的数值特征数量：100
2026-01-09 15:11:30,317 - qmt_strategy - INFO - 使用模型进行预测
2026-01-09 15:11:30,353 - qmt_strategy - INFO - 模型预测完成
2026-01-09 15:11:30,353 - qmt_strategy - INFO - 预测结果类型：<class 'dict'>
2026-01-09 15:11:30,354 - qmt_strategy - INFO - 预测结果内容：{'predictions': array([0, 0, 0, 0, 0, 0, 0, 0, 0, 0, 0, 0, 0, 0, 0, 0, 0, 0, 0, 0, 0, 0,
       0, 0, 0, 0, 0, 0, 0, 0, 0, 0, 0, 0, 0, 0, 0, 0, 0, 0, 0, 0, 0, 0,
       0, 0, 0, 0, 0, 0, 0, 0, 0, 0, 0, 0, 0, 0, 0, 0, 0, 0, 0, 0, 0, 0,
       0, 0, 0, 0, 0, 0, 0, 0, 0, 0, 0, 0, 0, 0, 0, 0, 0, 0, 0, 0, 0, 0,
       0, 0, 0, 0, 0, 0, 0, 0, 0, 0, 0, 0]), 'probabilities': array([0., 0., 0., 0., 0., 0., 0., 0., 0., 0., 0., 0., 0., 0., 0., 0., 0.,
       0., 0., 0., 0., 0., 0., 0., 0., 0., 0., 0., 0., 0., 0., 0., 0., 0.,
       0., 0., 0., 0., 0., 0., 0., 0., 0., 0., 0., 0., 0., 0., 0., 0., 0.,
       0., 0., 0., 0., 0., 0., 0., 0., 0., 0., 0., 0., 0., 0., 0., 0., 0.,
       0., 0., 0., 0., 0., 0., 0., 0., 0., 0., 0., 0., 0., 0., 0., 0., 0.,
       0., 0., 0., 0., 0., 0., 0., 0., 0., 0., 0., 0., 0., 0., 0.])}
2026-01-09 15:11:30,354 - qmt_strategy - INFO - 预测结果长度：100
2026-01-09 15:11:30,354 - qmt_strategy - INFO - 开始做出交易决策
2026-01-09 15:11:30,354 - qmt_strategy - INFO - 进行动态买点决策
2026-01-09 15:11:30,357 - qmt_strategy - DEBUG - 处理股票：000003.SZ，预测结果：0，预测概率：0.0，综合评分：33.0
2026-01-09 15:11:30,357 - qmt_strategy - DEBUG - 股票000003.SZ不满足买入条件，概率：0.0 < 阈值：0.3
2026-01-09 15:11:30,357 - qmt_strategy - DEBUG - 处理股票：000009.SZ，预测结果：0，预测概率：0.0，综合评分：33.0
2026-01-09 15:11:30,357 - qmt_strategy - DEBUG - 股票000009.SZ不满足买入条件，概率：0.0 < 阈值：0.3
2026-01-09 15:11:30,357 - qmt_strategy - DEBUG - 处理股票：000012.SZ，预测结果：0，预测概率：0.0，综合评分：33.0
2026-01-09 15:11:30,358 - qmt_strategy - DEBUG - 股票000012.SZ不满足买入条件，概率：0.0 < 阈值：0.3
2026-01-09 15:11:30,358 - qmt_strategy - DEBUG - 处理股票：000013.SZ，预测结果：0，预测概率：0.0，综合评分：33.0
2026-01-09 15:11:30,358 - qmt_strategy - DEBUG - 股票000013.SZ不满足买入条件，概率：0.0 < 阈值：0.3
2026-01-09 15:11:30,358 - qmt_strategy - DEBUG - 处理股票：000022.SZ，预测结果：0，预测概率：0.0，综合评分：33.0
2026-01-09 15:11:30,358 - qmt_strategy - DEBUG - 股票000022.SZ不满足买入条件，概率：0.0 < 阈值：0.3
2026-01-09 15:11:30,358 - qmt_strategy - INFO - 进行自适应卖点决策
2026-01-09 15:11:30,358 - qmt_strategy - INFO - 交易决策完成，共0个决策
2026-01-09 15:11:30,358 - qmt_strategy - INFO - 2025-12-15生成了0个交易决策
2026-01-09 15:11:30,359 - qmt_strategy - INFO - 进行风险控制检查
2026-01-09 15:11:30,359 - qmt_strategy - WARNING - 交易决策为空，跳过风险控制检查
2026-01-09 15:11:30,359 - qmt_strategy - INFO - 2025-12-15通过风险控制的决策数量：0
2026-01-09 15:11:30,359 - qmt_strategy - INFO - 2025-12-15没有通过风险控制的交易决策
2026-01-09 15:11:30,359 - qmt_strategy - INFO - 处理日期：2025-12-16，当日数据行数：100
2026-01-09 15:11:30,359 - qmt_strategy - INFO - 当日包含 100 只股票：['000001.SZ' '000002.SZ' '000003.SZ' '000004.SZ' '000005.SZ']...
2026-01-09 15:11:30,359 - qmt_strategy - INFO - 模拟2025-12-16的交易
2026-01-09 15:11:30,360 - qmt_strategy - INFO - 过滤后用于预测的数值特征数量：100
2026-01-09 15:11:30,360 - qmt_strategy - INFO - 使用模型进行预测
2026-01-09 15:11:30,397 - qmt_strategy - INFO - 模型预测完成
2026-01-09 15:11:30,398 - qmt_strategy - INFO - 预测结果类型：<class 'dict'>
2026-01-09 15:11:30,398 - qmt_strategy - INFO - 预测结果内容：{'predictions': array([0, 0, 0, 0, 0, 0, 0, 0, 0, 0, 0, 0, 0, 0, 0, 0, 0, 0, 0, 0, 0, 0,
       0, 0, 0, 0, 0, 0, 0, 0, 0, 0, 0, 0, 0, 0, 0, 0, 0, 0, 0, 0, 0, 0,
       0, 0, 0, 0, 0, 0, 0, 0, 0, 0, 0, 0, 0, 0, 0, 0, 0, 0, 0, 0, 0, 0,
       0, 0, 0, 0, 0, 0, 0, 0, 0, 0, 0, 0, 0, 0, 0, 0, 0, 0, 0, 0, 0, 0,
       0, 0, 0, 0, 0, 0, 0, 0, 0, 0, 0, 0]), 'probabilities': array([0., 0., 0., 0., 0., 0., 0., 0., 0., 0., 0., 0., 0., 0., 0., 0., 0.,
       0., 0., 0., 0., 0., 0., 0., 0., 0., 0., 0., 0., 0., 0., 0., 0., 0.,
       0., 0., 0., 0., 0., 0., 0., 0., 0., 0., 0., 0., 0., 0., 0., 0., 0.,
       0., 0., 0., 0., 0., 0., 0., 0., 0., 0., 0., 0., 0., 0., 0., 0., 0.,
       0., 0., 0., 0., 0., 0., 0., 0., 0., 0., 0., 0., 0., 0., 0., 0., 0.,
       0., 0., 0., 0., 0., 0., 0., 0., 0., 0., 0., 0., 0., 0., 0.])}
2026-01-09 15:11:30,399 - qmt_strategy - INFO - 预测结果长度：100
2026-01-09 15:11:30,399 - qmt_strategy - INFO - 开始做出交易决策
2026-01-09 15:11:30,399 - qmt_strategy - INFO - 进行动态买点决策
2026-01-09 15:11:30,402 - qmt_strategy - DEBUG - 处理股票：000006.SZ，预测结果：0，预测概率：0.0，综合评分：33.0
2026-01-09 15:11:30,402 - qmt_strategy - DEBUG - 股票000006.SZ不满足买入条件，概率：0.0 < 阈值：0.3
2026-01-09 15:11:30,402 - qmt_strategy - DEBUG - 处理股票：000009.SZ，预测结果：0，预测概率：0.0，综合评分：33.0
2026-01-09 15:11:30,402 - qmt_strategy - DEBUG - 股票000009.SZ不满足买入条件，概率：0.0 < 阈值：0.3
2026-01-09 15:11:30,402 - qmt_strategy - DEBUG - 处理股票：000012.SZ，预测结果：0，预测概率：0.0，综合评分：33.0
2026-01-09 15:11:30,402 - qmt_strategy - DEBUG - 股票000012.SZ不满足买入条件，概率：0.0 < 阈值：0.3
2026-01-09 15:11:30,403 - qmt_strategy - DEBUG - 处理股票：000013.SZ，预测结果：0，预测概率：0.0，综合评分：33.0
2026-01-09 15:11:30,403 - qmt_strategy - DEBUG - 股票000013.SZ不满足买入条件，概率：0.0 < 阈值：0.3
2026-01-09 15:11:30,403 - qmt_strategy - DEBUG - 处理股票：000019.SZ，预测结果：0，预测概率：0.0，综合评分：33.0
2026-01-09 15:11:30,403 - qmt_strategy - DEBUG - 股票000019.SZ不满足买入条件，概率：0.0 < 阈值：0.3
2026-01-09 15:11:30,403 - qmt_strategy - INFO - 进行自适应卖点决策
2026-01-09 15:11:30,403 - qmt_strategy - INFO - 交易决策完成，共0个决策
2026-01-09 15:11:30,403 - qmt_strategy - INFO - 2025-12-16生成了0个交易决策
2026-01-09 15:11:30,403 - qmt_strategy - INFO - 进行风险控制检查
2026-01-09 15:11:30,404 - qmt_strategy - WARNING - 交易决策为空，跳过风险控制检查
2026-01-09 15:11:30,404 - qmt_strategy - INFO - 2025-12-16通过风险控制的决策数量：0
2026-01-09 15:11:30,404 - qmt_strategy - INFO - 2025-12-16没有通过风险控制的交易决策
2026-01-09 15:11:30,404 - qmt_strategy - INFO - 处理日期：2025-12-17，当日数据行数：100
2026-01-09 15:11:30,404 - qmt_strategy - INFO - 当日包含 100 只股票：['000001.SZ' '000002.SZ' '000003.SZ' '000004.SZ' '000005.SZ']...
2026-01-09 15:11:30,404 - qmt_strategy - INFO - 模拟2025-12-17的交易
2026-01-09 15:11:30,405 - qmt_strategy - INFO - 过滤后用于预测的数值特征数量：100
2026-01-09 15:11:30,405 - qmt_strategy - INFO - 使用模型进行预测
2026-01-09 15:11:30,440 - qmt_strategy - INFO - 模型预测完成
2026-01-09 15:11:30,440 - qmt_strategy - INFO - 预测结果类型：<class 'dict'>
2026-01-09 15:11:30,441 - qmt_strategy - INFO - 预测结果内容：{'predictions': array([0, 0, 0, 0, 0, 0, 0, 0, 0, 0, 0, 0, 0, 0, 0, 0, 0, 0, 0, 0, 0, 0,
       0, 0, 0, 0, 0, 0, 0, 0, 0, 0, 0, 0, 0, 0, 0, 0, 0, 0, 0, 0, 0, 0,
       0, 0, 0, 0, 0, 0, 0, 0, 0, 0, 0, 0, 0, 0, 0, 0, 0, 0, 0, 0, 0, 0,
       0, 0, 0, 0, 0, 0, 0, 0, 0, 0, 0, 0, 0, 0, 0, 0, 0, 0, 0, 0, 0, 0,
       0, 0, 0, 0, 0, 0, 0, 0, 0, 0, 0, 0]), 'probabilities': array([0., 0., 0., 0., 0., 0., 0., 0., 0., 0., 0., 0., 0., 0., 0., 0., 0.,
       0., 0., 0., 0., 0., 0., 0., 0., 0., 0., 0., 0., 0., 0., 0., 0., 0.,
       0., 0., 0., 0., 0., 0., 0., 0., 0., 0., 0., 0., 0., 0., 0., 0., 0.,
       0., 0., 0., 0., 0., 0., 0., 0., 0., 0., 0., 0., 0., 0., 0., 0., 0.,
       0., 0., 0., 0., 0., 0., 0., 0., 0., 0., 0., 0., 0., 0., 0., 0., 0.,
       0., 0., 0., 0., 0., 0., 0., 0., 0., 0., 0., 0., 0., 0., 0.])}
2026-01-09 15:11:30,441 - qmt_strategy - INFO - 预测结果长度：100
2026-01-09 15:11:30,441 - qmt_strategy - INFO - 开始做出交易决策
2026-01-09 15:11:30,441 - qmt_strategy - INFO - 进行动态买点决策
2026-01-09 15:11:30,444 - qmt_strategy - DEBUG - 处理股票：000006.SZ，预测结果：0，预测概率：0.0，综合评分：33.0
2026-01-09 15:11:30,444 - qmt_strategy - DEBUG - 股票000006.SZ不满足买入条件，概率：0.0 < 阈值：0.3
2026-01-09 15:11:30,444 - qmt_strategy - DEBUG - 处理股票：000008.SZ，预测结果：0，预测概率：0.0，综合评分：33.0
2026-01-09 15:11:30,445 - qmt_strategy - DEBUG - 股票000008.SZ不满足买入条件，概率：0.0 < 阈值：0.3
2026-01-09 15:11:30,445 - qmt_strategy - DEBUG - 处理股票：000009.SZ，预测结果：0，预测概率：0.0，综合评分：33.0
2026-01-09 15:11:30,445 - qmt_strategy - DEBUG - 股票000009.SZ不满足买入条件，概率：0.0 < 阈值：0.3
2026-01-09 15:11:30,445 - qmt_strategy - DEBUG - 处理股票：000011.SZ，预测结果：0，预测概率：0.0，综合评分：33.0
2026-01-09 15:11:30,445 - qmt_strategy - DEBUG - 股票000011.SZ不满足买入条件，概率：0.0 < 阈值：0.3
2026-01-09 15:11:30,445 - qmt_strategy - DEBUG - 处理股票：000012.SZ，预测结果：0，预测概率：0.0，综合评分：33.0
2026-01-09 15:11:30,446 - qmt_strategy - DEBUG - 股票000012.SZ不满足买入条件，概率：0.0 < 阈值：0.3
2026-01-09 15:11:30,446 - qmt_strategy - INFO - 进行自适应卖点决策
2026-01-09 15:11:30,446 - qmt_strategy - INFO - 交易决策完成，共0个决策
2026-01-09 15:11:30,446 - qmt_strategy - INFO - 2025-12-17生成了0个交易决策
2026-01-09 15:11:30,446 - qmt_strategy - INFO - 进行风险控制检查
2026-01-09 15:11:30,447 - qmt_strategy - WARNING - 交易决策为空，跳过风险控制检查
2026-01-09 15:11:30,447 - qmt_strategy - INFO - 2025-12-17通过风险控制的决策数量：0
2026-01-09 15:11:30,447 - qmt_strategy - INFO - 2025-12-17没有通过风险控制的交易决策
2026-01-09 15:11:30,447 - qmt_strategy - INFO - 处理日期：2025-12-18，当日数据行数：100
2026-01-09 15:11:30,447 - qmt_strategy - INFO - 当日包含 100 只股票：['000001.SZ' '000002.SZ' '000003.SZ' '000004.SZ' '000005.SZ']...
2026-01-09 15:11:30,448 - qmt_strategy - INFO - 模拟2025-12-18的交易
2026-01-09 15:11:30,449 - qmt_strategy - INFO - 过滤后用于预测的数值特征数量：100
2026-01-09 15:11:30,449 - qmt_strategy - INFO - 使用模型进行预测
2026-01-09 15:11:30,484 - qmt_strategy - INFO - 模型预测完成
2026-01-09 15:11:30,484 - qmt_strategy - INFO - 预测结果类型：<class 'dict'>
2026-01-09 15:11:30,485 - qmt_strategy - INFO - 预测结果内容：{'predictions': array([0, 0, 0, 0, 0, 0, 0, 0, 0, 0, 0, 0, 0, 0, 0, 0, 0, 0, 0, 0, 0, 0,
       0, 0, 0, 0, 0, 0, 0, 0, 0, 0, 0, 0, 0, 0, 0, 0, 0, 0, 0, 0, 0, 0,
       0, 0, 0, 0, 0, 0, 0, 0, 0, 0, 0, 0, 0, 0, 0, 0, 0, 0, 0, 0, 0, 0,
       0, 0, 0, 0, 0, 0, 0, 0, 0, 0, 0, 0, 0, 0, 0, 0, 0, 0, 0, 0, 0, 0,
       0, 0, 0, 0, 0, 0, 0, 0, 0, 0, 0, 0]), 'probabilities': array([0., 0., 0., 0., 0., 0., 0., 0., 0., 0., 0., 0., 0., 0., 0., 0., 0.,
       0., 0., 0., 0., 0., 0., 0., 0., 0., 0., 0., 0., 0., 0., 0., 0., 0.,
       0., 0., 0., 0., 0., 0., 0., 0., 0., 0., 0., 0., 0., 0., 0., 0., 0.,
       0., 0., 0., 0., 0., 0., 0., 0., 0., 0., 0., 0., 0., 0., 0., 0., 0.,
       0., 0., 0., 0., 0., 0., 0., 0., 0., 0., 0., 0., 0., 0., 0., 0., 0.,
       0., 0., 0., 0., 0., 0., 0., 0., 0., 0., 0., 0., 0., 0., 0.])}
2026-01-09 15:11:30,485 - qmt_strategy - INFO - 预测结果长度：100
2026-01-09 15:11:30,485 - qmt_strategy - INFO - 开始做出交易决策
2026-01-09 15:11:30,485 - qmt_strategy - INFO - 进行动态买点决策
2026-01-09 15:11:30,488 - qmt_strategy - DEBUG - 处理股票：000006.SZ，预测结果：0，预测概率：0.0，综合评分：33.0
2026-01-09 15:11:30,489 - qmt_strategy - DEBUG - 股票000006.SZ不满足买入条件，概率：0.0 < 阈值：0.3
2026-01-09 15:11:30,489 - qmt_strategy - DEBUG - 处理股票：000008.SZ，预测结果：0，预测概率：0.0，综合评分：33.0
2026-01-09 15:11:30,489 - qmt_strategy - DEBUG - 股票000008.SZ不满足买入条件，概率：0.0 < 阈值：0.3
2026-01-09 15:11:30,489 - qmt_strategy - DEBUG - 处理股票：000009.SZ，预测结果：0，预测概率：0.0，综合评分：33.0
2026-01-09 15:11:30,489 - qmt_strategy - DEBUG - 股票000009.SZ不满足买入条件，概率：0.0 < 阈值：0.3
2026-01-09 15:11:30,489 - qmt_strategy - DEBUG - 处理股票：000012.SZ，预测结果：0，预测概率：0.0，综合评分：33.0
2026-01-09 15:11:30,489 - qmt_strategy - DEBUG - 股票000012.SZ不满足买入条件，概率：0.0 < 阈值：0.3
2026-01-09 15:11:30,489 - qmt_strategy - DEBUG - 处理股票：000019.SZ，预测结果：0，预测概率：0.0，综合评分：33.0
2026-01-09 15:11:30,489 - qmt_strategy - DEBUG - 股票000019.SZ不满足买入条件，概率：0.0 < 阈值：0.3
2026-01-09 15:11:30,490 - qmt_strategy - INFO - 进行自适应卖点决策
2026-01-09 15:11:30,490 - qmt_strategy - INFO - 交易决策完成，共0个决策
2026-01-09 15:11:30,490 - qmt_strategy - INFO - 2025-12-18生成了0个交易决策
2026-01-09 15:11:30,490 - qmt_strategy - INFO - 进行风险控制检查
2026-01-09 15:11:30,490 - qmt_strategy - WARNING - 交易决策为空，跳过风险控制检查
2026-01-09 15:11:30,490 - qmt_strategy - INFO - 2025-12-18通过风险控制的决策数量：0
2026-01-09 15:11:30,490 - qmt_strategy - INFO - 2025-12-18没有通过风险控制的交易决策
2026-01-09 15:11:30,490 - qmt_strategy - INFO - 处理日期：2025-12-19，当日数据行数：100
2026-01-09 15:11:30,491 - qmt_strategy - INFO - 当日包含 100 只股票：['000001.SZ' '000002.SZ' '000003.SZ' '000004.SZ' '000005.SZ']...
2026-01-09 15:11:30,491 - qmt_strategy - INFO - 模拟2025-12-19的交易
2026-01-09 15:11:30,491 - qmt_strategy - INFO - 过滤后用于预测的数值特征数量：100
2026-01-09 15:11:30,492 - qmt_strategy - INFO - 使用模型进行预测
2026-01-09 15:11:30,531 - qmt_strategy - INFO - 模型预测完成
2026-01-09 15:11:30,531 - qmt_strategy - INFO - 预测结果类型：<class 'dict'>
2026-01-09 15:11:30,532 - qmt_strategy - INFO - 预测结果内容：{'predictions': array([0, 0, 0, 0, 0, 0, 0, 0, 0, 0, 0, 0, 0, 0, 0, 0, 0, 0, 0, 0, 0, 0,
       0, 0, 0, 0, 0, 0, 0, 0, 0, 0, 0, 0, 0, 0, 0, 0, 0, 0, 0, 0, 0, 0,
       0, 0, 0, 0, 0, 0, 0, 0, 0, 0, 0, 0, 0, 0, 0, 0, 0, 0, 0, 0, 0, 0,
       0, 0, 0, 0, 0, 0, 0, 0, 0, 0, 0, 0, 0, 0, 0, 0, 0, 0, 0, 0, 0, 0,
       0, 0, 0, 0, 0, 0, 0, 0, 0, 0, 0, 0]), 'probabilities': array([0., 0., 0., 0., 0., 0., 0., 0., 0., 0., 0., 0., 0., 0., 0., 0., 0.,
       0., 0., 0., 0., 0., 0., 0., 0., 0., 0., 0., 0., 0., 0., 0., 0., 0.,
       0., 0., 0., 0., 0., 0., 0., 0., 0., 0., 0., 0., 0., 0., 0., 0., 0.,
       0., 0., 0., 0., 0., 0., 0., 0., 0., 0., 0., 0., 0., 0., 0., 0., 0.,
       0., 0., 0., 0., 0., 0., 0., 0., 0., 0., 0., 0., 0., 0., 0., 0., 0.,
       0., 0., 0., 0., 0., 0., 0., 0., 0., 0., 0., 0., 0., 0., 0.])}
2026-01-09 15:11:30,532 - qmt_strategy - INFO - 预测结果长度：100
2026-01-09 15:11:30,532 - qmt_strategy - INFO - 开始做出交易决策
2026-01-09 15:11:30,533 - qmt_strategy - INFO - 进行动态买点决策
2026-01-09 15:11:30,536 - qmt_strategy - DEBUG - 处理股票：000006.SZ，预测结果：0，预测概率：0.0，综合评分：33.0
2026-01-09 15:11:30,536 - qmt_strategy - DEBUG - 股票000006.SZ不满足买入条件，概率：0.0 < 阈值：0.3
2026-01-09 15:11:30,536 - qmt_strategy - DEBUG - 处理股票：000008.SZ，预测结果：0，预测概率：0.0，综合评分：33.0
2026-01-09 15:11:30,536 - qmt_strategy - DEBUG - 股票000008.SZ不满足买入条件，概率：0.0 < 阈值：0.3
2026-01-09 15:11:30,536 - qmt_strategy - DEBUG - 处理股票：000012.SZ，预测结果：0，预测概率：0.0，综合评分：33.0
2026-01-09 15:11:30,537 - qmt_strategy - DEBUG - 股票000012.SZ不满足买入条件，概率：0.0 < 阈值：0.3
2026-01-09 15:11:30,537 - qmt_strategy - DEBUG - 处理股票：000019.SZ，预测结果：0，预测概率：0.0，综合评分：33.0
2026-01-09 15:11:30,537 - qmt_strategy - DEBUG - 股票000019.SZ不满足买入条件，概率：0.0 < 阈值：0.3
2026-01-09 15:11:30,537 - qmt_strategy - DEBUG - 处理股票：000020.SZ，预测结果：0，预测概率：0.0，综合评分：33.0
2026-01-09 15:11:30,537 - qmt_strategy - DEBUG - 股票000020.SZ不满足买入条件，概率：0.0 < 阈值：0.3
2026-01-09 15:11:30,537 - qmt_strategy - INFO - 进行自适应卖点决策
2026-01-09 15:11:30,537 - qmt_strategy - INFO - 交易决策完成，共0个决策
2026-01-09 15:11:30,537 - qmt_strategy - INFO - 2025-12-19生成了0个交易决策
2026-01-09 15:11:30,537 - qmt_strategy - INFO - 进行风险控制检查
2026-01-09 15:11:30,538 - qmt_strategy - WARNING - 交易决策为空，跳过风险控制检查
2026-01-09 15:11:30,538 - qmt_strategy - INFO - 2025-12-19通过风险控制的决策数量：0
2026-01-09 15:11:30,538 - qmt_strategy - INFO - 2025-12-19没有通过风险控制的交易决策
2026-01-09 15:11:30,538 - qmt_strategy - INFO - 处理日期：2025-12-22，当日数据行数：100
2026-01-09 15:11:30,538 - qmt_strategy - INFO - 当日包含 100 只股票：['000001.SZ' '000002.SZ' '000003.SZ' '000004.SZ' '000005.SZ']...
2026-01-09 15:11:30,538 - qmt_strategy - INFO - 模拟2025-12-22的交易
2026-01-09 15:11:30,539 - qmt_strategy - INFO - 过滤后用于预测的数值特征数量：100
2026-01-09 15:11:30,539 - qmt_strategy - INFO - 使用模型进行预测
2026-01-09 15:11:30,574 - qmt_strategy - INFO - 模型预测完成
2026-01-09 15:11:30,574 - qmt_strategy - INFO - 预测结果类型：<class 'dict'>
2026-01-09 15:11:30,575 - qmt_strategy - INFO - 预测结果内容：{'predictions': array([0, 0, 0, 0, 0, 0, 0, 0, 0, 0, 0, 0, 0, 0, 0, 0, 0, 0, 0, 0, 0, 0,
       0, 0, 0, 0, 0, 0, 0, 0, 0, 0, 0, 0, 0, 0, 0, 0, 0, 0, 0, 0, 0, 0,
       0, 0, 0, 0, 0, 0, 0, 0, 0, 0, 0, 0, 0, 0, 0, 0, 0, 0, 0, 0, 0, 0,
       0, 0, 0, 0, 0, 0, 0, 0, 0, 0, 0, 0, 0, 0, 0, 0, 0, 0, 0, 0, 0, 0,
       0, 0, 0, 0, 0, 0, 0, 0, 0, 0, 0, 0]), 'probabilities': array([0., 0., 0., 0., 0., 0., 0., 0., 0., 0., 0., 0., 0., 0., 0., 0., 0.,
       0., 0., 0., 0., 0., 0., 0., 0., 0., 0., 0., 0., 0., 0., 0., 0., 0.,
       0., 0., 0., 0., 0., 0., 0., 0., 0., 0., 0., 0., 0., 0., 0., 0., 0.,
       0., 0., 0., 0., 0., 0., 0., 0., 0., 0., 0., 0., 0., 0., 0., 0., 0.,
       0., 0., 0., 0., 0., 0., 0., 0., 0., 0., 0., 0., 0., 0., 0., 0., 0.,
       0., 0., 0., 0., 0., 0., 0., 0., 0., 0., 0., 0., 0., 0., 0.])}
2026-01-09 15:11:30,575 - qmt_strategy - INFO - 预测结果长度：100
2026-01-09 15:11:30,575 - qmt_strategy - INFO - 开始做出交易决策
2026-01-09 15:11:30,575 - qmt_strategy - INFO - 进行动态买点决策
2026-01-09 15:11:30,578 - qmt_strategy - DEBUG - 处理股票：000006.SZ，预测结果：0，预测概率：0.0，综合评分：33.0
2026-01-09 15:11:30,578 - qmt_strategy - DEBUG - 股票000006.SZ不满足买入条件，概率：0.0 < 阈值：0.3
2026-01-09 15:11:30,578 - qmt_strategy - DEBUG - 处理股票：000008.SZ，预测结果：0，预测概率：0.0，综合评分：33.0
2026-01-09 15:11:30,578 - qmt_strategy - DEBUG - 股票000008.SZ不满足买入条件，概率：0.0 < 阈值：0.3
2026-01-09 15:11:30,578 - qmt_strategy - DEBUG - 处理股票：000012.SZ，预测结果：0，预测概率：0.0，综合评分：33.0
2026-01-09 15:11:30,579 - qmt_strategy - DEBUG - 股票000012.SZ不满足买入条件，概率：0.0 < 阈值：0.3
2026-01-09 15:11:30,579 - qmt_strategy - DEBUG - 处理股票：000022.SZ，预测结果：0，预测概率：0.0，综合评分：33.0
2026-01-09 15:11:30,579 - qmt_strategy - DEBUG - 股票000022.SZ不满足买入条件，概率：0.0 < 阈值：0.3
2026-01-09 15:11:30,580 - qmt_strategy - DEBUG - 处理股票：000047.SZ，预测结果：0，预测概率：0.0，综合评分：33.0
2026-01-09 15:11:30,580 - qmt_strategy - DEBUG - 股票000047.SZ不满足买入条件，概率：0.0 < 阈值：0.3
2026-01-09 15:11:30,580 - qmt_strategy - INFO - 进行自适应卖点决策
2026-01-09 15:11:30,580 - qmt_strategy - INFO - 交易决策完成，共0个决策
2026-01-09 15:11:30,581 - qmt_strategy - INFO - 2025-12-22生成了0个交易决策
2026-01-09 15:11:30,581 - qmt_strategy - INFO - 进行风险控制检查
2026-01-09 15:11:30,581 - qmt_strategy - WARNING - 交易决策为空，跳过风险控制检查
2026-01-09 15:11:30,581 - qmt_strategy - INFO - 2025-12-22通过风险控制的决策数量：0
2026-01-09 15:11:30,581 - qmt_strategy - INFO - 2025-12-22没有通过风险控制的交易决策
2026-01-09 15:11:30,582 - qmt_strategy - INFO - 处理日期：2025-12-23，当日数据行数：100
2026-01-09 15:11:30,582 - qmt_strategy - INFO - 当日包含 100 只股票：['000001.SZ' '000002.SZ' '000003.SZ' '000004.SZ' '000005.SZ']...
2026-01-09 15:11:30,583 - qmt_strategy - INFO - 模拟2025-12-23的交易
2026-01-09 15:11:30,584 - qmt_strategy - INFO - 过滤后用于预测的数值特征数量：100
2026-01-09 15:11:30,584 - qmt_strategy - INFO - 使用模型进行预测
2026-01-09 15:11:30,618 - qmt_strategy - INFO - 模型预测完成
2026-01-09 15:11:30,618 - qmt_strategy - INFO - 预测结果类型：<class 'dict'>
2026-01-09 15:11:30,619 - qmt_strategy - INFO - 预测结果内容：{'predictions': array([0, 0, 0, 0, 0, 0, 0, 0, 0, 0, 0, 0, 0, 0, 0, 0, 0, 0, 0, 0, 0, 0,
       0, 0, 0, 0, 0, 0, 0, 0, 0, 0, 0, 0, 0, 0, 0, 0, 0, 0, 0, 0, 0, 0,
       0, 0, 0, 0, 0, 0, 0, 0, 0, 0, 0, 0, 0, 0, 0, 0, 0, 0, 0, 0, 0, 0,
       0, 0, 0, 0, 0, 0, 0, 0, 0, 0, 0, 0, 0, 0, 0, 0, 0, 0, 0, 0, 0, 0,
       0, 0, 0, 0, 0, 0, 0, 0, 0, 0, 0, 0]), 'probabilities': array([0., 0., 0., 0., 0., 0., 0., 0., 0., 0., 0., 0., 0., 0., 0., 0., 0.,
       0., 0., 0., 0., 0., 0., 0., 0., 0., 0., 0., 0., 0., 0., 0., 0., 0.,
       0., 0., 0., 0., 0., 0., 0., 0., 0., 0., 0., 0., 0., 0., 0., 0., 0.,
       0., 0., 0., 0., 0., 0., 0., 0., 0., 0., 0., 0., 0., 0., 0., 0., 0.,
       0., 0., 0., 0., 0., 0., 0., 0., 0., 0., 0., 0., 0., 0., 0., 0., 0.,
       0., 0., 0., 0., 0., 0., 0., 0., 0., 0., 0., 0., 0., 0., 0.])}
2026-01-09 15:11:30,619 - qmt_strategy - INFO - 预测结果长度：100
2026-01-09 15:11:30,619 - qmt_strategy - INFO - 开始做出交易决策
2026-01-09 15:11:30,619 - qmt_strategy - INFO - 进行动态买点决策
2026-01-09 15:11:30,622 - qmt_strategy - DEBUG - 处理股票：000003.SZ，预测结果：0，预测概率：0.0，综合评分：33.0
2026-01-09 15:11:30,622 - qmt_strategy - DEBUG - 股票000003.SZ不满足买入条件，概率：0.0 < 阈值：0.3
2026-01-09 15:11:30,622 - qmt_strategy - DEBUG - 处理股票：000004.SZ，预测结果：0，预测概率：0.0，综合评分：33.0
2026-01-09 15:11:30,622 - qmt_strategy - DEBUG - 股票000004.SZ不满足买入条件，概率：0.0 < 阈值：0.3
2026-01-09 15:11:30,622 - qmt_strategy - DEBUG - 处理股票：000006.SZ，预测结果：0，预测概率：0.0，综合评分：33.0
2026-01-09 15:11:30,622 - qmt_strategy - DEBUG - 股票000006.SZ不满足买入条件，概率：0.0 < 阈值：0.3
2026-01-09 15:11:30,623 - qmt_strategy - DEBUG - 处理股票：000012.SZ，预测结果：0，预测概率：0.0，综合评分：33.0
2026-01-09 15:11:30,623 - qmt_strategy - DEBUG - 股票000012.SZ不满足买入条件，概率：0.0 < 阈值：0.3
2026-01-09 15:11:30,623 - qmt_strategy - DEBUG - 处理股票：000016.SZ，预测结果：0，预测概率：0.0，综合评分：33.0
2026-01-09 15:11:30,623 - qmt_strategy - DEBUG - 股票000016.SZ不满足买入条件，概率：0.0 < 阈值：0.3
2026-01-09 15:11:30,623 - qmt_strategy - INFO - 进行自适应卖点决策
2026-01-09 15:11:30,623 - qmt_strategy - INFO - 交易决策完成，共0个决策
2026-01-09 15:11:30,623 - qmt_strategy - INFO - 2025-12-23生成了0个交易决策
2026-01-09 15:11:30,624 - qmt_strategy - INFO - 进行风险控制检查
2026-01-09 15:11:30,624 - qmt_strategy - WARNING - 交易决策为空，跳过风险控制检查
2026-01-09 15:11:30,624 - qmt_strategy - INFO - 2025-12-23通过风险控制的决策数量：0
2026-01-09 15:11:30,624 - qmt_strategy - INFO - 2025-12-23没有通过风险控制的交易决策
2026-01-09 15:11:30,624 - qmt_strategy - INFO - 处理日期：2025-12-24，当日数据行数：100
2026-01-09 15:11:30,625 - qmt_strategy - INFO - 当日包含 100 只股票：['000001.SZ' '000002.SZ' '000003.SZ' '000004.SZ' '000005.SZ']...
2026-01-09 15:11:30,625 - qmt_strategy - INFO - 模拟2025-12-24的交易
2026-01-09 15:11:30,626 - qmt_strategy - INFO - 过滤后用于预测的数值特征数量：100
2026-01-09 15:11:30,626 - qmt_strategy - INFO - 使用模型进行预测
2026-01-09 15:11:30,665 - qmt_strategy - INFO - 模型预测完成
2026-01-09 15:11:30,665 - qmt_strategy - INFO - 预测结果类型：<class 'dict'>
2026-01-09 15:11:30,666 - qmt_strategy - INFO - 预测结果内容：{'predictions': array([0, 0, 0, 0, 0, 0, 0, 0, 0, 0, 0, 0, 0, 0, 0, 0, 0, 0, 0, 0, 0, 0,
       0, 0, 0, 0, 0, 0, 0, 0, 0, 0, 0, 0, 0, 0, 0, 0, 0, 0, 0, 0, 0, 0,
       0, 0, 0, 0, 0, 0, 0, 0, 0, 0, 0, 0, 0, 0, 0, 0, 0, 0, 0, 0, 0, 0,
       0, 0, 0, 0, 0, 0, 0, 0, 0, 0, 0, 0, 0, 0, 0, 0, 0, 0, 0, 0, 0, 0,
       0, 0, 0, 0, 0, 0, 0, 0, 0, 0, 0, 0]), 'probabilities': array([0., 0., 0., 0., 0., 0., 0., 0., 0., 0., 0., 0., 0., 0., 0., 0., 0.,
       0., 0., 0., 0., 0., 0., 0., 0., 0., 0., 0., 0., 0., 0., 0., 0., 0.,
       0., 0., 0., 0., 0., 0., 0., 0., 0., 0., 0., 0., 0., 0., 0., 0., 0.,
       0., 0., 0., 0., 0., 0., 0., 0., 0., 0., 0., 0., 0., 0., 0., 0., 0.,
       0., 0., 0., 0., 0., 0., 0., 0., 0., 0., 0., 0., 0., 0., 0., 0., 0.,
       0., 0., 0., 0., 0., 0., 0., 0., 0., 0., 0., 0., 0., 0., 0.])}
2026-01-09 15:11:30,666 - qmt_strategy - INFO - 预测结果长度：100
2026-01-09 15:11:30,666 - qmt_strategy - INFO - 开始做出交易决策
2026-01-09 15:11:30,666 - qmt_strategy - INFO - 进行动态买点决策
2026-01-09 15:11:30,669 - qmt_strategy - DEBUG - 处理股票：000003.SZ，预测结果：0，预测概率：0.0，综合评分：33.0
2026-01-09 15:11:30,670 - qmt_strategy - DEBUG - 股票000003.SZ不满足买入条件，概率：0.0 < 阈值：0.3
2026-01-09 15:11:30,670 - qmt_strategy - DEBUG - 处理股票：000004.SZ，预测结果：0，预测概率：0.0，综合评分：33.0
2026-01-09 15:11:30,670 - qmt_strategy - DEBUG - 股票000004.SZ不满足买入条件，概率：0.0 < 阈值：0.3
2026-01-09 15:11:30,670 - qmt_strategy - DEBUG - 处理股票：000006.SZ，预测结果：0，预测概率：0.0，综合评分：33.0
2026-01-09 15:11:30,670 - qmt_strategy - DEBUG - 股票000006.SZ不满足买入条件，概率：0.0 < 阈值：0.3
2026-01-09 15:11:30,670 - qmt_strategy - DEBUG - 处理股票：000016.SZ，预测结果：0，预测概率：0.0，综合评分：33.0
2026-01-09 15:11:30,670 - qmt_strategy - DEBUG - 股票000016.SZ不满足买入条件，概率：0.0 < 阈值：0.3
2026-01-09 15:11:30,670 - qmt_strategy - DEBUG - 处理股票：000042.SZ，预测结果：0，预测概率：0.0，综合评分：33.0
2026-01-09 15:11:30,670 - qmt_strategy - DEBUG - 股票000042.SZ不满足买入条件，概率：0.0 < 阈值：0.3
2026-01-09 15:11:30,671 - qmt_strategy - INFO - 进行自适应卖点决策
2026-01-09 15:11:30,671 - qmt_strategy - INFO - 交易决策完成，共0个决策
2026-01-09 15:11:30,671 - qmt_strategy - INFO - 2025-12-24生成了0个交易决策
2026-01-09 15:11:30,671 - qmt_strategy - INFO - 进行风险控制检查
2026-01-09 15:11:30,671 - qmt_strategy - WARNING - 交易决策为空，跳过风险控制检查
2026-01-09 15:11:30,671 - qmt_strategy - INFO - 2025-12-24通过风险控制的决策数量：0
2026-01-09 15:11:30,671 - qmt_strategy - INFO - 2025-12-24没有通过风险控制的交易决策
2026-01-09 15:11:30,671 - qmt_strategy - INFO - 处理日期：2025-12-25，当日数据行数：100
2026-01-09 15:11:30,672 - qmt_strategy - INFO - 当日包含 100 只股票：['000001.SZ' '000002.SZ' '000003.SZ' '000004.SZ' '000005.SZ']...
2026-01-09 15:11:30,672 - qmt_strategy - INFO - 模拟2025-12-25的交易
2026-01-09 15:11:30,672 - qmt_strategy - INFO - 过滤后用于预测的数值特征数量：100
2026-01-09 15:11:30,673 - qmt_strategy - INFO - 使用模型进行预测
2026-01-09 15:11:30,708 - qmt_strategy - INFO - 模型预测完成
2026-01-09 15:11:30,708 - qmt_strategy - INFO - 预测结果类型：<class 'dict'>
2026-01-09 15:11:30,709 - qmt_strategy - INFO - 预测结果内容：{'predictions': array([0, 0, 0, 0, 0, 0, 0, 0, 0, 0, 0, 0, 0, 0, 0, 0, 0, 0, 0, 0, 0, 0,
       0, 0, 0, 0, 0, 0, 0, 0, 0, 0, 0, 0, 0, 0, 0, 0, 0, 0, 0, 0, 0, 0,
       0, 0, 0, 0, 0, 0, 0, 0, 0, 0, 0, 0, 0, 0, 0, 0, 0, 0, 0, 0, 0, 0,
       0, 0, 0, 0, 0, 0, 0, 0, 0, 0, 0, 0, 0, 0, 0, 0, 0, 0, 0, 0, 0, 0,
       0, 0, 0, 0, 0, 0, 0, 0, 0, 0, 0, 0]), 'probabilities': array([0., 0., 0., 0., 0., 0., 0., 0., 0., 0., 0., 0., 0., 0., 0., 0., 0.,
       0., 0., 0., 0., 0., 0., 0., 0., 0., 0., 0., 0., 0., 0., 0., 0., 0.,
       0., 0., 0., 0., 0., 0., 0., 0., 0., 0., 0., 0., 0., 0., 0., 0., 0.,
       0., 0., 0., 0., 0., 0., 0., 0., 0., 0., 0., 0., 0., 0., 0., 0., 0.,
       0., 0., 0., 0., 0., 0., 0., 0., 0., 0., 0., 0., 0., 0., 0., 0., 0.,
       0., 0., 0., 0., 0., 0., 0., 0., 0., 0., 0., 0., 0., 0., 0.])}
2026-01-09 15:11:30,709 - qmt_strategy - INFO - 预测结果长度：100
2026-01-09 15:11:30,709 - qmt_strategy - INFO - 开始做出交易决策
2026-01-09 15:11:30,709 - qmt_strategy - INFO - 进行动态买点决策
2026-01-09 15:11:30,712 - qmt_strategy - DEBUG - 处理股票：000003.SZ，预测结果：0，预测概率：0.0，综合评分：33.0
2026-01-09 15:11:30,712 - qmt_strategy - DEBUG - 股票000003.SZ不满足买入条件，概率：0.0 < 阈值：0.3
2026-01-09 15:11:30,712 - qmt_strategy - DEBUG - 处理股票：000006.SZ，预测结果：0，预测概率：0.0，综合评分：33.0
2026-01-09 15:11:30,713 - qmt_strategy - DEBUG - 股票000006.SZ不满足买入条件，概率：0.0 < 阈值：0.3
2026-01-09 15:11:30,713 - qmt_strategy - DEBUG - 处理股票：000009.SZ，预测结果：0，预测概率：0.0，综合评分：33.0
2026-01-09 15:11:30,713 - qmt_strategy - DEBUG - 股票000009.SZ不满足买入条件，概率：0.0 < 阈值：0.3
2026-01-09 15:11:30,713 - qmt_strategy - DEBUG - 处理股票：000021.SZ，预测结果：0，预测概率：0.0，综合评分：33.0
2026-01-09 15:11:30,713 - qmt_strategy - DEBUG - 股票000021.SZ不满足买入条件，概率：0.0 < 阈值：0.3
2026-01-09 15:11:30,713 - qmt_strategy - DEBUG - 处理股票：000035.SZ，预测结果：0，预测概率：0.0，综合评分：33.0
2026-01-09 15:11:30,714 - qmt_strategy - DEBUG - 股票000035.SZ不满足买入条件，概率：0.0 < 阈值：0.3
2026-01-09 15:11:30,714 - qmt_strategy - INFO - 进行自适应卖点决策
2026-01-09 15:11:30,714 - qmt_strategy - INFO - 交易决策完成，共0个决策
2026-01-09 15:11:30,714 - qmt_strategy - INFO - 2025-12-25生成了0个交易决策
2026-01-09 15:11:30,714 - qmt_strategy - INFO - 进行风险控制检查
2026-01-09 15:11:30,714 - qmt_strategy - WARNING - 交易决策为空，跳过风险控制检查
2026-01-09 15:11:30,715 - qmt_strategy - INFO - 2025-12-25通过风险控制的决策数量：0
2026-01-09 15:11:30,715 - qmt_strategy - INFO - 2025-12-25没有通过风险控制的交易决策
2026-01-09 15:11:30,715 - qmt_strategy - INFO - 处理日期：2025-12-26，当日数据行数：100
2026-01-09 15:11:30,716 - qmt_strategy - INFO - 当日包含 100 只股票：['000001.SZ' '000002.SZ' '000003.SZ' '000004.SZ' '000005.SZ']...
2026-01-09 15:11:30,716 - qmt_strategy - INFO - 模拟2025-12-26的交易
2026-01-09 15:11:30,717 - qmt_strategy - INFO - 过滤后用于预测的数值特征数量：100
2026-01-09 15:11:30,717 - qmt_strategy - INFO - 使用模型进行预测
2026-01-09 15:11:30,767 - qmt_strategy - INFO - 模型预测完成
2026-01-09 15:11:30,768 - qmt_strategy - INFO - 预测结果类型：<class 'dict'>
2026-01-09 15:11:30,768 - qmt_strategy - INFO - 预测结果内容：{'predictions': array([0, 0, 0, 0, 0, 0, 0, 0, 0, 0, 0, 0, 0, 0, 0, 0, 0, 0, 0, 0, 0, 0,
       0, 0, 0, 0, 0, 0, 0, 0, 0, 0, 0, 0, 0, 0, 0, 0, 0, 0, 0, 0, 0, 0,
       0, 0, 0, 0, 0, 0, 0, 0, 0, 0, 0, 0, 0, 0, 0, 0, 0, 0, 0, 0, 0, 0,
       0, 0, 0, 0, 0, 0, 0, 0, 0, 0, 0, 0, 0, 0, 0, 0, 0, 0, 0, 0, 0, 0,
       0, 0, 0, 0, 0, 0, 0, 0, 0, 0, 0, 0]), 'probabilities': array([0., 0., 0., 0., 0., 0., 0., 0., 0., 0., 0., 0., 0., 0., 0., 0., 0.,
       0., 0., 0., 0., 0., 0., 0., 0., 0., 0., 0., 0., 0., 0., 0., 0., 0.,
       0., 0., 0., 0., 0., 0., 0., 0., 0., 0., 0., 0., 0., 0., 0., 0., 0.,
       0., 0., 0., 0., 0., 0., 0., 0., 0., 0., 0., 0., 0., 0., 0., 0., 0.,
       0., 0., 0., 0., 0., 0., 0., 0., 0., 0., 0., 0., 0., 0., 0., 0., 0.,
       0., 0., 0., 0., 0., 0., 0., 0., 0., 0., 0., 0., 0., 0., 0.])}
2026-01-09 15:11:30,769 - qmt_strategy - INFO - 预测结果长度：100
2026-01-09 15:11:30,769 - qmt_strategy - INFO - 开始做出交易决策
2026-01-09 15:11:30,769 - qmt_strategy - INFO - 进行动态买点决策
2026-01-09 15:11:30,772 - qmt_strategy - DEBUG - 处理股票：000003.SZ，预测结果：0，预测概率：0.0，综合评分：33.0
2026-01-09 15:11:30,772 - qmt_strategy - DEBUG - 股票000003.SZ不满足买入条件，概率：0.0 < 阈值：0.3
2026-01-09 15:11:30,772 - qmt_strategy - DEBUG - 处理股票：000004.SZ，预测结果：0，预测概率：0.0，综合评分：33.0
2026-01-09 15:11:30,772 - qmt_strategy - DEBUG - 股票000004.SZ不满足买入条件，概率：0.0 < 阈值：0.3
2026-01-09 15:11:30,772 - qmt_strategy - DEBUG - 处理股票：000006.SZ，预测结果：0，预测概率：0.0，综合评分：33.0
2026-01-09 15:11:30,773 - qmt_strategy - DEBUG - 股票000006.SZ不满足买入条件，概率：0.0 < 阈值：0.3
2026-01-09 15:11:30,773 - qmt_strategy - DEBUG - 处理股票：000009.SZ，预测结果：0，预测概率：0.0，综合评分：33.0
2026-01-09 15:11:30,773 - qmt_strategy - DEBUG - 股票000009.SZ不满足买入条件，概率：0.0 < 阈值：0.3
2026-01-09 15:11:30,773 - qmt_strategy - DEBUG - 处理股票：000010.SZ，预测结果：0，预测概率：0.0，综合评分：33.0
2026-01-09 15:11:30,773 - qmt_strategy - DEBUG - 股票000010.SZ不满足买入条件，概率：0.0 < 阈值：0.3
2026-01-09 15:11:30,773 - qmt_strategy - INFO - 进行自适应卖点决策
2026-01-09 15:11:30,773 - qmt_strategy - INFO - 交易决策完成，共0个决策
2026-01-09 15:11:30,773 - qmt_strategy - INFO - 2025-12-26生成了0个交易决策
2026-01-09 15:11:30,773 - qmt_strategy - INFO - 进行风险控制检查
2026-01-09 15:11:30,773 - qmt_strategy - WARNING - 交易决策为空，跳过风险控制检查
2026-01-09 15:11:30,774 - qmt_strategy - INFO - 2025-12-26通过风险控制的决策数量：0
2026-01-09 15:11:30,774 - qmt_strategy - INFO - 2025-12-26没有通过风险控制的交易决策
2026-01-09 15:11:30,774 - qmt_strategy - INFO - 处理日期：2025-12-29，当日数据行数：100
2026-01-09 15:11:30,774 - qmt_strategy - INFO - 当日包含 100 只股票：['000001.SZ' '000002.SZ' '000003.SZ' '000004.SZ' '000005.SZ']...
2026-01-09 15:11:30,774 - qmt_strategy - INFO - 模拟2025-12-29的交易
2026-01-09 15:11:30,775 - qmt_strategy - INFO - 过滤后用于预测的数值特征数量：100
2026-01-09 15:11:30,775 - qmt_strategy - INFO - 使用模型进行预测
2026-01-09 15:11:30,814 - qmt_strategy - INFO - 模型预测完成
2026-01-09 15:11:30,814 - qmt_strategy - INFO - 预测结果类型：<class 'dict'>
2026-01-09 15:11:30,816 - qmt_strategy - INFO - 预测结果内容：{'predictions': array([0, 0, 0, 0, 0, 0, 0, 0, 0, 0, 0, 0, 0, 0, 0, 0, 0, 0, 0, 0, 0, 0,
       0, 0, 0, 0, 0, 0, 0, 0, 0, 0, 0, 0, 0, 0, 0, 0, 0, 0, 0, 0, 0, 0,
       0, 0, 0, 0, 0, 0, 0, 0, 0, 0, 0, 0, 0, 0, 0, 0, 0, 0, 0, 0, 0, 0,
       0, 0, 0, 0, 0, 0, 0, 0, 0, 0, 0, 0, 0, 0, 0, 0, 0, 0, 0, 0, 0, 0,
       0, 0, 0, 0, 0, 0, 0, 0, 0, 0, 0, 0]), 'probabilities': array([0., 0., 0., 0., 0., 0., 0., 0., 0., 0., 0., 0., 0., 0., 0., 0., 0.,
       0., 0., 0., 0., 0., 0., 0., 0., 0., 0., 0., 0., 0., 0., 0., 0., 0.,
       0., 0., 0., 0., 0., 0., 0., 0., 0., 0., 0., 0., 0., 0., 0., 0., 0.,
       0., 0., 0., 0., 0., 0., 0., 0., 0., 0., 0., 0., 0., 0., 0., 0., 0.,
       0., 0., 0., 0., 0., 0., 0., 0., 0., 0., 0., 0., 0., 0., 0., 0., 0.,
       0., 0., 0., 0., 0., 0., 0., 0., 0., 0., 0., 0., 0., 0., 0.])}
2026-01-09 15:11:30,816 - qmt_strategy - INFO - 预测结果长度：100
2026-01-09 15:11:30,816 - qmt_strategy - INFO - 开始做出交易决策
2026-01-09 15:11:30,816 - qmt_strategy - INFO - 进行动态买点决策
2026-01-09 15:11:30,819 - qmt_strategy - DEBUG - 处理股票：000006.SZ，预测结果：0，预测概率：0.0，综合评分：33.0
2026-01-09 15:11:30,820 - qmt_strategy - DEBUG - 股票000006.SZ不满足买入条件，概率：0.0 < 阈值：0.3
2026-01-09 15:11:30,820 - qmt_strategy - DEBUG - 处理股票：000009.SZ，预测结果：0，预测概率：0.0，综合评分：33.0
2026-01-09 15:11:30,820 - qmt_strategy - DEBUG - 股票000009.SZ不满足买入条件，概率：0.0 < 阈值：0.3
2026-01-09 15:11:30,820 - qmt_strategy - DEBUG - 处理股票：000010.SZ，预测结果：0，预测概率：0.0，综合评分：33.0
2026-01-09 15:11:30,820 - qmt_strategy - DEBUG - 股票000010.SZ不满足买入条件，概率：0.0 < 阈值：0.3
2026-01-09 15:11:30,820 - qmt_strategy - DEBUG - 处理股票：000020.SZ，预测结果：0，预测概率：0.0，综合评分：33.0
2026-01-09 15:11:30,821 - qmt_strategy - DEBUG - 股票000020.SZ不满足买入条件，概率：0.0 < 阈值：0.3
2026-01-09 15:11:30,821 - qmt_strategy - DEBUG - 处理股票：000021.SZ，预测结果：0，预测概率：0.0，综合评分：33.0
2026-01-09 15:11:30,821 - qmt_strategy - DEBUG - 股票000021.SZ不满足买入条件，概率：0.0 < 阈值：0.3
2026-01-09 15:11:30,821 - qmt_strategy - INFO - 进行自适应卖点决策
2026-01-09 15:11:30,821 - qmt_strategy - INFO - 交易决策完成，共0个决策
2026-01-09 15:11:30,821 - qmt_strategy - INFO - 2025-12-29生成了0个交易决策
2026-01-09 15:11:30,821 - qmt_strategy - INFO - 进行风险控制检查
2026-01-09 15:11:30,821 - qmt_strategy - WARNING - 交易决策为空，跳过风险控制检查
2026-01-09 15:11:30,822 - qmt_strategy - INFO - 2025-12-29通过风险控制的决策数量：0
2026-01-09 15:11:30,822 - qmt_strategy - INFO - 2025-12-29没有通过风险控制的交易决策
2026-01-09 15:11:30,822 - qmt_strategy - INFO - 处理日期：2025-12-30，当日数据行数：100
2026-01-09 15:11:30,822 - qmt_strategy - INFO - 当日包含 100 只股票：['000001.SZ' '000002.SZ' '000003.SZ' '000004.SZ' '000005.SZ']...
2026-01-09 15:11:30,822 - qmt_strategy - INFO - 模拟2025-12-30的交易
2026-01-09 15:11:30,823 - qmt_strategy - INFO - 过滤后用于预测的数值特征数量：100
2026-01-09 15:11:30,823 - qmt_strategy - INFO - 使用模型进行预测
2026-01-09 15:11:30,861 - qmt_strategy - INFO - 模型预测完成
2026-01-09 15:11:30,861 - qmt_strategy - INFO - 预测结果类型：<class 'dict'>
2026-01-09 15:11:30,862 - qmt_strategy - INFO - 预测结果内容：{'predictions': array([0, 0, 0, 0, 0, 0, 0, 0, 0, 0, 0, 0, 0, 0, 0, 0, 0, 0, 0, 0, 0, 0,
       0, 0, 0, 0, 0, 0, 0, 0, 0, 0, 0, 0, 0, 0, 0, 0, 0, 0, 0, 0, 0, 0,
       0, 0, 0, 0, 0, 0, 0, 0, 0, 0, 0, 0, 0, 0, 0, 0, 0, 0, 0, 0, 0, 0,
       0, 0, 0, 0, 0, 0, 0, 0, 0, 0, 0, 0, 0, 0, 0, 0, 0, 0, 0, 0, 0, 0,
       0, 0, 0, 0, 0, 0, 0, 0, 0, 0, 0, 0]), 'probabilities': array([0., 0., 0., 0., 0., 0., 0., 0., 0., 0., 0., 0., 0., 0., 0., 0., 0.,
       0., 0., 0., 0., 0., 0., 0., 0., 0., 0., 0., 0., 0., 0., 0., 0., 0.,
       0., 0., 0., 0., 0., 0., 0., 0., 0., 0., 0., 0., 0., 0., 0., 0., 0.,
       0., 0., 0., 0., 0., 0., 0., 0., 0., 0., 0., 0., 0., 0., 0., 0., 0.,
       0., 0., 0., 0., 0., 0., 0., 0., 0., 0., 0., 0., 0., 0., 0., 0., 0.,
       0., 0., 0., 0., 0., 0., 0., 0., 0., 0., 0., 0., 0., 0., 0.])}
2026-01-09 15:11:30,862 - qmt_strategy - INFO - 预测结果长度：100
2026-01-09 15:11:30,862 - qmt_strategy - INFO - 开始做出交易决策
2026-01-09 15:11:30,863 - qmt_strategy - INFO - 进行动态买点决策
2026-01-09 15:11:30,866 - qmt_strategy - DEBUG - 处理股票：000006.SZ，预测结果：0，预测概率：0.0，综合评分：33.0
2026-01-09 15:11:30,867 - qmt_strategy - DEBUG - 股票000006.SZ不满足买入条件，概率：0.0 < 阈值：0.3
2026-01-09 15:11:30,867 - qmt_strategy - DEBUG - 处理股票：000009.SZ，预测结果：0，预测概率：0.0，综合评分：33.0
2026-01-09 15:11:30,867 - qmt_strategy - DEBUG - 股票000009.SZ不满足买入条件，概率：0.0 < 阈值：0.3
2026-01-09 15:11:30,867 - qmt_strategy - DEBUG - 处理股票：000010.SZ，预测结果：0，预测概率：0.0，综合评分：33.0
2026-01-09 15:11:30,867 - qmt_strategy - DEBUG - 股票000010.SZ不满足买入条件，概率：0.0 < 阈值：0.3
2026-01-09 15:11:30,867 - qmt_strategy - DEBUG - 处理股票：000020.SZ，预测结果：0，预测概率：0.0，综合评分：33.0
2026-01-09 15:11:30,867 - qmt_strategy - DEBUG - 股票000020.SZ不满足买入条件，概率：0.0 < 阈值：0.3
2026-01-09 15:11:30,868 - qmt_strategy - DEBUG - 处理股票：000026.SZ，预测结果：0，预测概率：0.0，综合评分：33.0
2026-01-09 15:11:30,868 - qmt_strategy - DEBUG - 股票000026.SZ不满足买入条件，概率：0.0 < 阈值：0.3
2026-01-09 15:11:30,868 - qmt_strategy - INFO - 进行自适应卖点决策
2026-01-09 15:11:30,868 - qmt_strategy - INFO - 交易决策完成，共0个决策
2026-01-09 15:11:30,868 - qmt_strategy - INFO - 2025-12-30生成了0个交易决策
2026-01-09 15:11:30,868 - qmt_strategy - INFO - 进行风险控制检查
2026-01-09 15:11:30,868 - qmt_strategy - WARNING - 交易决策为空，跳过风险控制检查
2026-01-09 15:11:30,868 - qmt_strategy - INFO - 2025-12-30通过风险控制的决策数量：0
2026-01-09 15:11:30,869 - qmt_strategy - INFO - 2025-12-30没有通过风险控制的交易决策
2026-01-09 15:11:30,869 - qmt_strategy - INFO - 处理日期：2025-12-31，当日数据行数：100
2026-01-09 15:11:30,869 - qmt_strategy - INFO - 当日包含 100 只股票：['000001.SZ' '000002.SZ' '000003.SZ' '000004.SZ' '000005.SZ']...
2026-01-09 15:11:30,869 - qmt_strategy - INFO - 模拟2025-12-31的交易
2026-01-09 15:11:30,870 - qmt_strategy - INFO - 过滤后用于预测的数值特征数量：100
2026-01-09 15:11:30,870 - qmt_strategy - INFO - 使用模型进行预测
2026-01-09 15:11:30,906 - qmt_strategy - INFO - 模型预测完成
2026-01-09 15:11:30,906 - qmt_strategy - INFO - 预测结果类型：<class 'dict'>
2026-01-09 15:11:30,907 - qmt_strategy - INFO - 预测结果内容：{'predictions': array([0, 0, 0, 0, 0, 0, 0, 0, 0, 0, 0, 0, 0, 0, 0, 0, 0, 0, 0, 0, 0, 0,
       0, 0, 0, 0, 0, 0, 0, 0, 0, 0, 0, 0, 0, 0, 0, 0, 0, 0, 0, 0, 0, 0,
       0, 0, 0, 0, 0, 0, 0, 0, 0, 0, 0, 0, 0, 0, 0, 0, 0, 0, 0, 0, 0, 0,
       0, 0, 0, 0, 0, 0, 0, 0, 0, 0, 0, 0, 0, 0, 0, 0, 0, 0, 0, 0, 0, 0,
       0, 0, 0, 0, 0, 0, 0, 0, 0, 0, 0, 0]), 'probabilities': array([0., 0., 0., 0., 0., 0., 0., 0., 0., 0., 0., 0., 0., 0., 0., 0., 0.,
       0., 0., 0., 0., 0., 0., 0., 0., 0., 0., 0., 0., 0., 0., 0., 0., 0.,
       0., 0., 0., 0., 0., 0., 0., 0., 0., 0., 0., 0., 0., 0., 0., 0., 0.,
       0., 0., 0., 0., 0., 0., 0., 0., 0., 0., 0., 0., 0., 0., 0., 0., 0.,
       0., 0., 0., 0., 0., 0., 0., 0., 0., 0., 0., 0., 0., 0., 0., 0., 0.,
       0., 0., 0., 0., 0., 0., 0., 0., 0., 0., 0., 0., 0., 0., 0.])}
2026-01-09 15:11:30,907 - qmt_strategy - INFO - 预测结果长度：100
2026-01-09 15:11:30,907 - qmt_strategy - INFO - 开始做出交易决策
2026-01-09 15:11:30,907 - qmt_strategy - INFO - 进行动态买点决策
2026-01-09 15:11:30,910 - qmt_strategy - DEBUG - 处理股票：000006.SZ，预测结果：0，预测概率：0.0，综合评分：33.0
2026-01-09 15:11:30,910 - qmt_strategy - DEBUG - 股票000006.SZ不满足买入条件，概率：0.0 < 阈值：0.3
2026-01-09 15:11:30,910 - qmt_strategy - DEBUG - 处理股票：000010.SZ，预测结果：0，预测概率：0.0，综合评分：33.0
2026-01-09 15:11:30,910 - qmt_strategy - DEBUG - 股票000010.SZ不满足买入条件，概率：0.0 < 阈值：0.3
2026-01-09 15:11:30,910 - qmt_strategy - DEBUG - 处理股票：000029.SZ，预测结果：0，预测概率：0.0，综合评分：33.0
2026-01-09 15:11:30,911 - qmt_strategy - DEBUG - 股票000029.SZ不满足买入条件，概率：0.0 < 阈值：0.3
2026-01-09 15:11:30,911 - qmt_strategy - DEBUG - 处理股票：000030.SZ，预测结果：0，预测概率：0.0，综合评分：33.0
2026-01-09 15:11:30,911 - qmt_strategy - DEBUG - 股票000030.SZ不满足买入条件，概率：0.0 < 阈值：0.3
2026-01-09 15:11:30,911 - qmt_strategy - DEBUG - 处理股票：000031.SZ，预测结果：0，预测概率：0.0，综合评分：33.0
2026-01-09 15:11:30,911 - qmt_strategy - DEBUG - 股票000031.SZ不满足买入条件，概率：0.0 < 阈值：0.3
2026-01-09 15:11:30,911 - qmt_strategy - INFO - 进行自适应卖点决策
2026-01-09 15:11:30,911 - qmt_strategy - INFO - 交易决策完成，共0个决策
2026-01-09 15:11:30,911 - qmt_strategy - INFO - 2025-12-31生成了0个交易决策
2026-01-09 15:11:30,911 - qmt_strategy - INFO - 进行风险控制检查
2026-01-09 15:11:30,911 - qmt_strategy - WARNING - 交易决策为空，跳过风险控制检查
2026-01-09 15:11:30,911 - qmt_strategy - INFO - 2025-12-31通过风险控制的决策数量：0
2026-01-09 15:11:30,911 - qmt_strategy - INFO - 2025-12-31没有通过风险控制的交易决策
2026-01-09 15:11:30,912 - qmt_strategy - INFO - 模拟交易完成
2026-01-09 15:11:30,912 - qmt_strategy - INFO - 计算回测指标
2026-01-09 15:11:30,914 - qmt_strategy - INFO - 回测指标计算完成，结果：{'total_return': 0.0, 'annual_return': 0.0, 'sharpe_ratio': np.float64(-6.890664735756348e+16), 'max_drawdown': np.float64(0.0), 'annual_volatility': np.float64(0.0), 'calmar_ratio': 0.0, 'sortino_ratio': 0.0, 'win_rate': 0.0, 'profit_loss_ratio': 0.0, 'trade_count': 0, 'profit_trades': 0, 'loss_trades': 0, 'break_even_trades': 0, 'total_pnl': 0.0, 'avg_pnl_per_trade': 0.0, 'max_consecutive_wins': 0, 'max_consecutive_losses': 0, 'avg_holding_days': 0.0, 'avg_daily_trades': 0.0}
2026-01-09 15:11:30,914 - qmt_strategy - INFO - 生成回测报告
2026-01-09 15:11:30,914 - qmt_strategy - ERROR - 回测失败：'Backtester' object has no attribute 'max_daily_transactions'
2026-01-09 15:11:30,916 - qmt_strategy - ERROR - 异常堆栈：Traceback (most recent call last):
  File "F:\projects\qmt\qmt_strategy_optimized\strategy\backtest.py", line 160, in run
    self._generate_backtest_report()
    ~~~~~~~~~~~~~~~~~~~~~~~~~~~~~~^^
  File "F:\projects\qmt\qmt_strategy_optimized\strategy\backtest.py", line 614, in _generate_backtest_report
    self._generate_full_report(report_dir)
    ~~~~~~~~~~~~~~~~~~~~~~~~~~^^^^^^^^^^^^
  File "F:\projects\qmt\qmt_strategy_optimized\strategy\backtest.py", line 648, in _generate_full_report
    'max_daily_transactions': self.max_daily_transactions,
                              ^^^^^^^^^^^^^^^^^^^^^^^^^^^
AttributeError: 'Backtester' object has no attribute 'max_daily_transactions'

2026-01-09 15:11:30,917 - qmt_strategy - INFO - === 回测完成 ===
2026-01-09 15:11:30,917 - qmt_strategy - INFO - === 回测结果 ===
2026-01-09 15:11:30,917 - qmt_strategy - INFO - total_return: 0.0
2026-01-09 15:11:30,917 - qmt_strategy - INFO - annual_return: 0.0
2026-01-09 15:11:30,917 - qmt_strategy - INFO - sharpe_ratio: -6.890664735756348e+16
2026-01-09 15:11:30,918 - qmt_strategy - INFO - max_drawdown: 0.0
2026-01-09 15:11:30,918 - qmt_strategy - INFO - annual_volatility: 0.0
2026-01-09 15:11:30,918 - qmt_strategy - INFO - calmar_ratio: 0.0
2026-01-09 15:11:30,918 - qmt_strategy - INFO - sortino_ratio: 0.0
2026-01-09 15:11:30,918 - qmt_strategy - INFO - win_rate: 0.0
2026-01-09 15:11:30,918 - qmt_strategy - INFO - profit_loss_ratio: 0.0
2026-01-09 15:11:30,918 - qmt_strategy - INFO - trade_count: 0
2026-01-09 15:11:30,918 - qmt_strategy - INFO - profit_trades: 0
2026-01-09 15:11:30,918 - qmt_strategy - INFO - loss_trades: 0
2026-01-09 15:11:30,919 - qmt_strategy - INFO - break_even_trades: 0
2026-01-09 15:11:30,919 - qmt_strategy - INFO - total_pnl: 0.0
2026-01-09 15:11:30,919 - qmt_strategy - INFO - avg_pnl_per_trade: 0.0
2026-01-09 15:11:30,919 - qmt_strategy - INFO - max_consecutive_wins: 0
2026-01-09 15:11:30,919 - qmt_strategy - INFO - max_consecutive_losses: 0
2026-01-09 15:11:30,919 - qmt_strategy - INFO - avg_holding_days: 0.0
2026-01-09 15:11:30,919 - qmt_strategy - INFO - avg_daily_trades: 0.0
2026-01-09 15:11:30,919 - qmt_strategy - INFO - === 回测验证流程完成 ===
2026-01-09 15:12:23,940 - qmt_strategy - INFO - === 开始回测验证流程 ===
2026-01-09 15:12:23,941 - qmt_strategy - INFO - 加载历史数据
2026-01-09 15:12:23,942 - qmt_strategy - INFO - 加载了100只股票的数据
2026-01-09 15:12:23,942 - qmt_strategy - INFO - 历史数据示例：['600001.SH', '600002.SH', '600003.SH', '600004.SH', '600005.SH']
2026-01-09 15:12:23,942 - qmt_strategy - INFO - 原始数据包含100只股票，处理全量股票池
2026-01-09 15:12:23,942 - qmt_strategy - INFO - 准备回测数据
2026-01-09 15:12:23,942 - qmt_strategy - INFO - 开始处理100只股票的数据
2026-01-09 15:12:24,052 - qmt_strategy - INFO - 总共有0个涨停日，总交易天数：4300
2026-01-09 15:12:24,053 - qmt_strategy - INFO - 处理了100只股票
2026-01-09 15:12:24,053 - qmt_strategy - WARNING - 没有检测到涨停股票，这可能导致模型无法学习到有效的涨停模式
2026-01-09 15:12:24,056 - qmt_strategy - INFO - 合并后的数据总行数：4300
2026-01-09 15:12:24,057 - qmt_strategy - INFO - 开始提取特征
2026-01-09 15:12:24,057 - qmt_strategy - INFO - 初始化特征工程师
2026-01-09 15:12:24,059 - qmt_strategy - INFO - 开始简化特征提取
2026-01-09 15:12:24,059 - qmt_strategy - INFO - 提取集合竞价特征
2026-01-09 15:12:24,064 - qmt_strategy - INFO - 提取板块热度特征
2026-01-09 15:12:24,065 - qmt_strategy - INFO - 提取市场情绪特征
2026-01-09 15:12:24,068 - qmt_strategy - INFO - 提取个股基本面特征
2026-01-09 15:12:24,069 - qmt_strategy - INFO - 提取技术指标特征
2026-01-09 15:12:24,086 - qmt_strategy - INFO - 合并所有特征
2026-01-09 15:12:24,087 - qmt_strategy - INFO - 简化特征提取完成
2026-01-09 15:12:24,089 - qmt_strategy - INFO - 开始简化特征提取
2026-01-09 15:12:24,089 - qmt_strategy - INFO - 提取集合竞价特征
2026-01-09 15:12:24,092 - qmt_strategy - INFO - 提取板块热度特征
2026-01-09 15:12:24,093 - qmt_strategy - INFO - 提取市场情绪特征
2026-01-09 15:12:24,096 - qmt_strategy - INFO - 提取个股基本面特征
2026-01-09 15:12:24,098 - qmt_strategy - INFO - 提取技术指标特征
2026-01-09 15:12:24,113 - qmt_strategy - INFO - 合并所有特征
2026-01-09 15:12:24,115 - qmt_strategy - INFO - 简化特征提取完成
2026-01-09 15:12:24,116 - qmt_strategy - INFO - 开始简化特征提取
2026-01-09 15:12:24,117 - qmt_strategy - INFO - 提取集合竞价特征
2026-01-09 15:12:24,119 - qmt_strategy - INFO - 提取板块热度特征
2026-01-09 15:12:24,120 - qmt_strategy - INFO - 提取市场情绪特征
2026-01-09 15:12:24,121 - qmt_strategy - INFO - 提取个股基本面特征
2026-01-09 15:12:24,122 - qmt_strategy - INFO - 提取技术指标特征
2026-01-09 15:12:24,137 - qmt_strategy - INFO - 合并所有特征
2026-01-09 15:12:24,138 - qmt_strategy - INFO - 简化特征提取完成
2026-01-09 15:12:24,139 - qmt_strategy - INFO - 开始简化特征提取
2026-01-09 15:12:24,139 - qmt_strategy - INFO - 提取集合竞价特征
2026-01-09 15:12:24,141 - qmt_strategy - INFO - 提取板块热度特征
2026-01-09 15:12:24,142 - qmt_strategy - INFO - 提取市场情绪特征
2026-01-09 15:12:24,145 - qmt_strategy - INFO - 提取个股基本面特征
2026-01-09 15:12:24,146 - qmt_strategy - INFO - 提取技术指标特征
2026-01-09 15:12:24,158 - qmt_strategy - INFO - 合并所有特征
2026-01-09 15:12:24,159 - qmt_strategy - INFO - 简化特征提取完成
2026-01-09 15:12:24,161 - qmt_strategy - INFO - 开始简化特征提取
2026-01-09 15:12:24,162 - qmt_strategy - INFO - 提取集合竞价特征
2026-01-09 15:12:24,165 - qmt_strategy - INFO - 提取板块热度特征
2026-01-09 15:12:24,166 - qmt_strategy - INFO - 提取市场情绪特征
2026-01-09 15:12:24,168 - qmt_strategy - INFO - 提取个股基本面特征
2026-01-09 15:12:24,169 - qmt_strategy - INFO - 提取技术指标特征
2026-01-09 15:12:24,186 - qmt_strategy - INFO - 合并所有特征
2026-01-09 15:12:24,187 - qmt_strategy - INFO - 简化特征提取完成
2026-01-09 15:12:24,189 - qmt_strategy - INFO - 开始简化特征提取
2026-01-09 15:12:24,189 - qmt_strategy - INFO - 提取集合竞价特征
2026-01-09 15:12:24,192 - qmt_strategy - INFO - 提取板块热度特征
2026-01-09 15:12:24,194 - qmt_strategy - INFO - 提取市场情绪特征
2026-01-09 15:12:24,197 - qmt_strategy - INFO - 提取个股基本面特征
2026-01-09 15:12:24,198 - qmt_strategy - INFO - 提取技术指标特征
2026-01-09 15:12:24,215 - qmt_strategy - INFO - 合并所有特征
2026-01-09 15:12:24,216 - qmt_strategy - INFO - 简化特征提取完成
2026-01-09 15:12:24,218 - qmt_strategy - INFO - 开始简化特征提取
2026-01-09 15:12:24,218 - qmt_strategy - INFO - 提取集合竞价特征
2026-01-09 15:12:24,222 - qmt_strategy - INFO - 提取板块热度特征
2026-01-09 15:12:24,223 - qmt_strategy - INFO - 提取市场情绪特征
2026-01-09 15:12:24,226 - qmt_strategy - INFO - 提取个股基本面特征
2026-01-09 15:12:24,228 - qmt_strategy - INFO - 提取技术指标特征
2026-01-09 15:12:24,244 - qmt_strategy - INFO - 合并所有特征
2026-01-09 15:12:24,246 - qmt_strategy - INFO - 简化特征提取完成
2026-01-09 15:12:24,247 - qmt_strategy - INFO - 开始简化特征提取
2026-01-09 15:12:24,247 - qmt_strategy - INFO - 提取集合竞价特征
2026-01-09 15:12:24,250 - qmt_strategy - INFO - 提取板块热度特征
2026-01-09 15:12:24,251 - qmt_strategy - INFO - 提取市场情绪特征
2026-01-09 15:12:24,253 - qmt_strategy - INFO - 提取个股基本面特征
2026-01-09 15:12:24,254 - qmt_strategy - INFO - 提取技术指标特征
2026-01-09 15:12:24,267 - qmt_strategy - INFO - 合并所有特征
2026-01-09 15:12:24,268 - qmt_strategy - INFO - 简化特征提取完成
2026-01-09 15:12:24,270 - qmt_strategy - INFO - 开始简化特征提取
2026-01-09 15:12:24,270 - qmt_strategy - INFO - 提取集合竞价特征
2026-01-09 15:12:24,273 - qmt_strategy - INFO - 提取板块热度特征
2026-01-09 15:12:24,274 - qmt_strategy - INFO - 提取市场情绪特征
2026-01-09 15:12:24,277 - qmt_strategy - INFO - 提取个股基本面特征
2026-01-09 15:12:24,279 - qmt_strategy - INFO - 提取技术指标特征
2026-01-09 15:12:24,291 - qmt_strategy - INFO - 合并所有特征
2026-01-09 15:12:24,292 - qmt_strategy - INFO - 简化特征提取完成
2026-01-09 15:12:24,295 - qmt_strategy - INFO - 开始简化特征提取
2026-01-09 15:12:24,295 - qmt_strategy - INFO - 提取集合竞价特征
2026-01-09 15:12:24,298 - qmt_strategy - INFO - 提取板块热度特征
2026-01-09 15:12:24,300 - qmt_strategy - INFO - 提取市场情绪特征
2026-01-09 15:12:24,302 - qmt_strategy - INFO - 提取个股基本面特征
2026-01-09 15:12:24,303 - qmt_strategy - INFO - 提取技术指标特征
2026-01-09 15:12:24,321 - qmt_strategy - INFO - 合并所有特征
2026-01-09 15:12:24,322 - qmt_strategy - INFO - 简化特征提取完成
2026-01-09 15:12:24,323 - qmt_strategy - INFO - 开始简化特征提取
2026-01-09 15:12:24,324 - qmt_strategy - INFO - 提取集合竞价特征
2026-01-09 15:12:24,329 - qmt_strategy - INFO - 提取板块热度特征
2026-01-09 15:12:24,330 - qmt_strategy - INFO - 提取市场情绪特征
2026-01-09 15:12:24,333 - qmt_strategy - INFO - 提取个股基本面特征
2026-01-09 15:12:24,335 - qmt_strategy - INFO - 提取技术指标特征
2026-01-09 15:12:24,355 - qmt_strategy - INFO - 合并所有特征
2026-01-09 15:12:24,357 - qmt_strategy - INFO - 简化特征提取完成
2026-01-09 15:12:24,358 - qmt_strategy - INFO - 开始简化特征提取
2026-01-09 15:12:24,359 - qmt_strategy - INFO - 提取集合竞价特征
2026-01-09 15:12:24,363 - qmt_strategy - INFO - 提取板块热度特征
2026-01-09 15:12:24,364 - qmt_strategy - INFO - 提取市场情绪特征
2026-01-09 15:12:24,367 - qmt_strategy - INFO - 提取个股基本面特征
2026-01-09 15:12:24,368 - qmt_strategy - INFO - 提取技术指标特征
2026-01-09 15:12:24,385 - qmt_strategy - INFO - 合并所有特征
2026-01-09 15:12:24,386 - qmt_strategy - INFO - 简化特征提取完成
2026-01-09 15:12:24,387 - qmt_strategy - INFO - 开始简化特征提取
2026-01-09 15:12:24,387 - qmt_strategy - INFO - 提取集合竞价特征
2026-01-09 15:12:24,392 - qmt_strategy - INFO - 提取板块热度特征
2026-01-09 15:12:24,395 - qmt_strategy - INFO - 提取市场情绪特征
2026-01-09 15:12:24,399 - qmt_strategy - INFO - 提取个股基本面特征
2026-01-09 15:12:24,400 - qmt_strategy - INFO - 提取技术指标特征
2026-01-09 15:12:24,419 - qmt_strategy - INFO - 合并所有特征
2026-01-09 15:12:24,420 - qmt_strategy - INFO - 简化特征提取完成
2026-01-09 15:12:24,421 - qmt_strategy - INFO - 开始简化特征提取
2026-01-09 15:12:24,422 - qmt_strategy - INFO - 提取集合竞价特征
2026-01-09 15:12:24,425 - qmt_strategy - INFO - 提取板块热度特征
2026-01-09 15:12:24,426 - qmt_strategy - INFO - 提取市场情绪特征
2026-01-09 15:12:24,429 - qmt_strategy - INFO - 提取个股基本面特征
2026-01-09 15:12:24,430 - qmt_strategy - INFO - 提取技术指标特征
2026-01-09 15:12:24,443 - qmt_strategy - INFO - 合并所有特征
2026-01-09 15:12:24,447 - qmt_strategy - INFO - 简化特征提取完成
2026-01-09 15:12:24,449 - qmt_strategy - INFO - 开始简化特征提取
2026-01-09 15:12:24,449 - qmt_strategy - INFO - 提取集合竞价特征
2026-01-09 15:12:24,452 - qmt_strategy - INFO - 提取板块热度特征
2026-01-09 15:12:24,453 - qmt_strategy - INFO - 提取市场情绪特征
2026-01-09 15:12:24,455 - qmt_strategy - INFO - 提取个股基本面特征
2026-01-09 15:12:24,456 - qmt_strategy - INFO - 提取技术指标特征
2026-01-09 15:12:24,472 - qmt_strategy - INFO - 合并所有特征
2026-01-09 15:12:24,474 - qmt_strategy - INFO - 简化特征提取完成
2026-01-09 15:12:24,476 - qmt_strategy - INFO - 开始简化特征提取
2026-01-09 15:12:24,476 - qmt_strategy - INFO - 提取集合竞价特征
2026-01-09 15:12:24,480 - qmt_strategy - INFO - 提取板块热度特征
2026-01-09 15:12:24,481 - qmt_strategy - INFO - 提取市场情绪特征
2026-01-09 15:12:24,483 - qmt_strategy - INFO - 提取个股基本面特征
2026-01-09 15:12:24,485 - qmt_strategy - INFO - 提取技术指标特征
2026-01-09 15:12:24,500 - qmt_strategy - INFO - 合并所有特征
2026-01-09 15:12:24,501 - qmt_strategy - INFO - 简化特征提取完成
2026-01-09 15:12:24,502 - qmt_strategy - INFO - 开始简化特征提取
2026-01-09 15:12:24,503 - qmt_strategy - INFO - 提取集合竞价特征
2026-01-09 15:12:24,505 - qmt_strategy - INFO - 提取板块热度特征
2026-01-09 15:12:24,506 - qmt_strategy - INFO - 提取市场情绪特征
2026-01-09 15:12:24,508 - qmt_strategy - INFO - 提取个股基本面特征
2026-01-09 15:12:24,509 - qmt_strategy - INFO - 提取技术指标特征
2026-01-09 15:12:24,522 - qmt_strategy - INFO - 合并所有特征
2026-01-09 15:12:24,523 - qmt_strategy - INFO - 简化特征提取完成
2026-01-09 15:12:24,524 - qmt_strategy - INFO - 开始简化特征提取
2026-01-09 15:12:24,524 - qmt_strategy - INFO - 提取集合竞价特征
2026-01-09 15:12:24,527 - qmt_strategy - INFO - 提取板块热度特征
2026-01-09 15:12:24,528 - qmt_strategy - INFO - 提取市场情绪特征
2026-01-09 15:12:24,530 - qmt_strategy - INFO - 提取个股基本面特征
2026-01-09 15:12:24,532 - qmt_strategy - INFO - 提取技术指标特征
2026-01-09 15:12:24,550 - qmt_strategy - INFO - 合并所有特征
2026-01-09 15:12:24,551 - qmt_strategy - INFO - 简化特征提取完成
2026-01-09 15:12:24,552 - qmt_strategy - INFO - 开始简化特征提取
2026-01-09 15:12:24,553 - qmt_strategy - INFO - 提取集合竞价特征
2026-01-09 15:12:24,555 - qmt_strategy - INFO - 提取板块热度特征
2026-01-09 15:12:24,555 - qmt_strategy - INFO - 提取市场情绪特征
2026-01-09 15:12:24,557 - qmt_strategy - INFO - 提取个股基本面特征
2026-01-09 15:12:24,558 - qmt_strategy - INFO - 提取技术指标特征
2026-01-09 15:12:24,571 - qmt_strategy - INFO - 合并所有特征
2026-01-09 15:12:24,572 - qmt_strategy - INFO - 简化特征提取完成
2026-01-09 15:12:24,573 - qmt_strategy - INFO - 开始简化特征提取
2026-01-09 15:12:24,574 - qmt_strategy - INFO - 提取集合竞价特征
2026-01-09 15:12:24,576 - qmt_strategy - INFO - 提取板块热度特征
2026-01-09 15:12:24,577 - qmt_strategy - INFO - 提取市场情绪特征
2026-01-09 15:12:24,580 - qmt_strategy - INFO - 提取个股基本面特征
2026-01-09 15:12:24,581 - qmt_strategy - INFO - 提取技术指标特征
2026-01-09 15:12:24,592 - qmt_strategy - INFO - 合并所有特征
2026-01-09 15:12:24,594 - qmt_strategy - INFO - 简化特征提取完成
2026-01-09 15:12:24,596 - qmt_strategy - INFO - 开始简化特征提取
2026-01-09 15:12:24,596 - qmt_strategy - INFO - 提取集合竞价特征
2026-01-09 15:12:24,599 - qmt_strategy - INFO - 提取板块热度特征
2026-01-09 15:12:24,600 - qmt_strategy - INFO - 提取市场情绪特征
2026-01-09 15:12:24,602 - qmt_strategy - INFO - 提取个股基本面特征
2026-01-09 15:12:24,603 - qmt_strategy - INFO - 提取技术指标特征
2026-01-09 15:12:24,617 - qmt_strategy - INFO - 合并所有特征
2026-01-09 15:12:24,619 - qmt_strategy - INFO - 简化特征提取完成
2026-01-09 15:12:24,620 - qmt_strategy - INFO - 开始简化特征提取
2026-01-09 15:12:24,620 - qmt_strategy - INFO - 提取集合竞价特征
2026-01-09 15:12:24,623 - qmt_strategy - INFO - 提取板块热度特征
2026-01-09 15:12:24,624 - qmt_strategy - INFO - 提取市场情绪特征
2026-01-09 15:12:24,625 - qmt_strategy - INFO - 提取个股基本面特征
2026-01-09 15:12:24,626 - qmt_strategy - INFO - 提取技术指标特征
2026-01-09 15:12:24,641 - qmt_strategy - INFO - 合并所有特征
2026-01-09 15:12:24,642 - qmt_strategy - INFO - 简化特征提取完成
2026-01-09 15:12:24,643 - qmt_strategy - INFO - 开始简化特征提取
2026-01-09 15:12:24,643 - qmt_strategy - INFO - 提取集合竞价特征
2026-01-09 15:12:24,646 - qmt_strategy - INFO - 提取板块热度特征
2026-01-09 15:12:24,647 - qmt_strategy - INFO - 提取市场情绪特征
2026-01-09 15:12:24,650 - qmt_strategy - INFO - 提取个股基本面特征
2026-01-09 15:12:24,651 - qmt_strategy - INFO - 提取技术指标特征
2026-01-09 15:12:24,663 - qmt_strategy - INFO - 合并所有特征
2026-01-09 15:12:24,664 - qmt_strategy - INFO - 简化特征提取完成
2026-01-09 15:12:24,666 - qmt_strategy - INFO - 开始简化特征提取
2026-01-09 15:12:24,666 - qmt_strategy - INFO - 提取集合竞价特征
2026-01-09 15:12:24,669 - qmt_strategy - INFO - 提取板块热度特征
2026-01-09 15:12:24,669 - qmt_strategy - INFO - 提取市场情绪特征
2026-01-09 15:12:24,671 - qmt_strategy - INFO - 提取个股基本面特征
2026-01-09 15:12:24,671 - qmt_strategy - INFO - 提取技术指标特征
2026-01-09 15:12:24,686 - qmt_strategy - INFO - 合并所有特征
2026-01-09 15:12:24,687 - qmt_strategy - INFO - 简化特征提取完成
2026-01-09 15:12:24,687 - qmt_strategy - INFO - 开始简化特征提取
2026-01-09 15:12:24,688 - qmt_strategy - INFO - 提取集合竞价特征
2026-01-09 15:12:24,690 - qmt_strategy - INFO - 提取板块热度特征
2026-01-09 15:12:24,690 - qmt_strategy - INFO - 提取市场情绪特征
2026-01-09 15:12:24,692 - qmt_strategy - INFO - 提取个股基本面特征
2026-01-09 15:12:24,692 - qmt_strategy - INFO - 提取技术指标特征
2026-01-09 15:12:24,706 - qmt_strategy - INFO - 合并所有特征
2026-01-09 15:12:24,707 - qmt_strategy - INFO - 简化特征提取完成
2026-01-09 15:12:24,708 - qmt_strategy - INFO - 开始简化特征提取
2026-01-09 15:12:24,708 - qmt_strategy - INFO - 提取集合竞价特征
2026-01-09 15:12:24,713 - qmt_strategy - INFO - 提取板块热度特征
2026-01-09 15:12:24,714 - qmt_strategy - INFO - 提取市场情绪特征
2026-01-09 15:12:24,716 - qmt_strategy - INFO - 提取个股基本面特征
2026-01-09 15:12:24,717 - qmt_strategy - INFO - 提取技术指标特征
2026-01-09 15:12:24,730 - qmt_strategy - INFO - 合并所有特征
2026-01-09 15:12:24,731 - qmt_strategy - INFO - 简化特征提取完成
2026-01-09 15:12:24,732 - qmt_strategy - INFO - 开始简化特征提取
2026-01-09 15:12:24,732 - qmt_strategy - INFO - 提取集合竞价特征
2026-01-09 15:12:24,735 - qmt_strategy - INFO - 提取板块热度特征
2026-01-09 15:12:24,735 - qmt_strategy - INFO - 提取市场情绪特征
2026-01-09 15:12:24,737 - qmt_strategy - INFO - 提取个股基本面特征
2026-01-09 15:12:24,738 - qmt_strategy - INFO - 提取技术指标特征
2026-01-09 15:12:24,751 - qmt_strategy - INFO - 合并所有特征
2026-01-09 15:12:24,752 - qmt_strategy - INFO - 简化特征提取完成
2026-01-09 15:12:24,753 - qmt_strategy - INFO - 开始简化特征提取
2026-01-09 15:12:24,754 - qmt_strategy - INFO - 提取集合竞价特征
2026-01-09 15:12:24,756 - qmt_strategy - INFO - 提取板块热度特征
2026-01-09 15:12:24,756 - qmt_strategy - INFO - 提取市场情绪特征
2026-01-09 15:12:24,758 - qmt_strategy - INFO - 提取个股基本面特征
2026-01-09 15:12:24,759 - qmt_strategy - INFO - 提取技术指标特征
2026-01-09 15:12:24,773 - qmt_strategy - INFO - 合并所有特征
2026-01-09 15:12:24,774 - qmt_strategy - INFO - 简化特征提取完成
2026-01-09 15:12:24,777 - qmt_strategy - INFO - 开始简化特征提取
2026-01-09 15:12:24,777 - qmt_strategy - INFO - 提取集合竞价特征
2026-01-09 15:12:24,781 - qmt_strategy - INFO - 提取板块热度特征
2026-01-09 15:12:24,782 - qmt_strategy - INFO - 提取市场情绪特征
2026-01-09 15:12:24,784 - qmt_strategy - INFO - 提取个股基本面特征
2026-01-09 15:12:24,785 - qmt_strategy - INFO - 提取技术指标特征
2026-01-09 15:12:24,799 - qmt_strategy - INFO - 合并所有特征
2026-01-09 15:12:24,800 - qmt_strategy - INFO - 简化特征提取完成
2026-01-09 15:12:24,801 - qmt_strategy - INFO - 开始简化特征提取
2026-01-09 15:12:24,801 - qmt_strategy - INFO - 提取集合竞价特征
2026-01-09 15:12:24,804 - qmt_strategy - INFO - 提取板块热度特征
2026-01-09 15:12:24,804 - qmt_strategy - INFO - 提取市场情绪特征
2026-01-09 15:12:24,806 - qmt_strategy - INFO - 提取个股基本面特征
2026-01-09 15:12:24,808 - qmt_strategy - INFO - 提取技术指标特征
2026-01-09 15:12:24,820 - qmt_strategy - INFO - 合并所有特征
2026-01-09 15:12:24,822 - qmt_strategy - INFO - 简化特征提取完成
2026-01-09 15:12:24,822 - qmt_strategy - INFO - 开始简化特征提取
2026-01-09 15:12:24,823 - qmt_strategy - INFO - 提取集合竞价特征
2026-01-09 15:12:24,828 - qmt_strategy - INFO - 提取板块热度特征
2026-01-09 15:12:24,829 - qmt_strategy - INFO - 提取市场情绪特征
2026-01-09 15:12:24,831 - qmt_strategy - INFO - 提取个股基本面特征
2026-01-09 15:12:24,832 - qmt_strategy - INFO - 提取技术指标特征
2026-01-09 15:12:24,846 - qmt_strategy - INFO - 合并所有特征
2026-01-09 15:12:24,848 - qmt_strategy - INFO - 简化特征提取完成
2026-01-09 15:12:24,849 - qmt_strategy - INFO - 开始简化特征提取
2026-01-09 15:12:24,849 - qmt_strategy - INFO - 提取集合竞价特征
2026-01-09 15:12:24,851 - qmt_strategy - INFO - 提取板块热度特征
2026-01-09 15:12:24,852 - qmt_strategy - INFO - 提取市场情绪特征
2026-01-09 15:12:24,854 - qmt_strategy - INFO - 提取个股基本面特征
2026-01-09 15:12:24,855 - qmt_strategy - INFO - 提取技术指标特征
2026-01-09 15:12:24,869 - qmt_strategy - INFO - 合并所有特征
2026-01-09 15:12:24,870 - qmt_strategy - INFO - 简化特征提取完成
2026-01-09 15:12:24,871 - qmt_strategy - INFO - 开始简化特征提取
2026-01-09 15:12:24,871 - qmt_strategy - INFO - 提取集合竞价特征
2026-01-09 15:12:24,873 - qmt_strategy - INFO - 提取板块热度特征
2026-01-09 15:12:24,874 - qmt_strategy - INFO - 提取市场情绪特征
2026-01-09 15:12:24,876 - qmt_strategy - INFO - 提取个股基本面特征
2026-01-09 15:12:24,878 - qmt_strategy - INFO - 提取技术指标特征
2026-01-09 15:12:24,889 - qmt_strategy - INFO - 合并所有特征
2026-01-09 15:12:24,890 - qmt_strategy - INFO - 简化特征提取完成
2026-01-09 15:12:24,891 - qmt_strategy - INFO - 开始简化特征提取
2026-01-09 15:12:24,891 - qmt_strategy - INFO - 提取集合竞价特征
2026-01-09 15:12:24,895 - qmt_strategy - INFO - 提取板块热度特征
2026-01-09 15:12:24,896 - qmt_strategy - INFO - 提取市场情绪特征
2026-01-09 15:12:24,898 - qmt_strategy - INFO - 提取个股基本面特征
2026-01-09 15:12:24,899 - qmt_strategy - INFO - 提取技术指标特征
2026-01-09 15:12:24,912 - qmt_strategy - INFO - 合并所有特征
2026-01-09 15:12:24,914 - qmt_strategy - INFO - 简化特征提取完成
2026-01-09 15:12:24,915 - qmt_strategy - INFO - 开始简化特征提取
2026-01-09 15:12:24,915 - qmt_strategy - INFO - 提取集合竞价特征
2026-01-09 15:12:24,917 - qmt_strategy - INFO - 提取板块热度特征
2026-01-09 15:12:24,918 - qmt_strategy - INFO - 提取市场情绪特征
2026-01-09 15:12:24,920 - qmt_strategy - INFO - 提取个股基本面特征
2026-01-09 15:12:24,920 - qmt_strategy - INFO - 提取技术指标特征
2026-01-09 15:12:24,935 - qmt_strategy - INFO - 合并所有特征
2026-01-09 15:12:24,936 - qmt_strategy - INFO - 简化特征提取完成
2026-01-09 15:12:24,937 - qmt_strategy - INFO - 开始简化特征提取
2026-01-09 15:12:24,937 - qmt_strategy - INFO - 提取集合竞价特征
2026-01-09 15:12:24,940 - qmt_strategy - INFO - 提取板块热度特征
2026-01-09 15:12:24,940 - qmt_strategy - INFO - 提取市场情绪特征
2026-01-09 15:12:24,942 - qmt_strategy - INFO - 提取个股基本面特征
2026-01-09 15:12:24,942 - qmt_strategy - INFO - 提取技术指标特征
2026-01-09 15:12:24,955 - qmt_strategy - INFO - 合并所有特征
2026-01-09 15:12:24,956 - qmt_strategy - INFO - 简化特征提取完成
2026-01-09 15:12:24,957 - qmt_strategy - INFO - 开始简化特征提取
2026-01-09 15:12:24,957 - qmt_strategy - INFO - 提取集合竞价特征
2026-01-09 15:12:24,961 - qmt_strategy - INFO - 提取板块热度特征
2026-01-09 15:12:24,962 - qmt_strategy - INFO - 提取市场情绪特征
2026-01-09 15:12:24,964 - qmt_strategy - INFO - 提取个股基本面特征
2026-01-09 15:12:24,966 - qmt_strategy - INFO - 提取技术指标特征
2026-01-09 15:12:24,978 - qmt_strategy - INFO - 合并所有特征
2026-01-09 15:12:24,979 - qmt_strategy - INFO - 简化特征提取完成
2026-01-09 15:12:24,981 - qmt_strategy - INFO - 开始简化特征提取
2026-01-09 15:12:24,981 - qmt_strategy - INFO - 提取集合竞价特征
2026-01-09 15:12:24,983 - qmt_strategy - INFO - 提取板块热度特征
2026-01-09 15:12:24,984 - qmt_strategy - INFO - 提取市场情绪特征
2026-01-09 15:12:24,986 - qmt_strategy - INFO - 提取个股基本面特征
2026-01-09 15:12:24,986 - qmt_strategy - INFO - 提取技术指标特征
2026-01-09 15:12:25,000 - qmt_strategy - INFO - 合并所有特征
2026-01-09 15:12:25,001 - qmt_strategy - INFO - 简化特征提取完成
2026-01-09 15:12:25,003 - qmt_strategy - INFO - 开始简化特征提取
2026-01-09 15:12:25,003 - qmt_strategy - INFO - 提取集合竞价特征
2026-01-09 15:12:25,005 - qmt_strategy - INFO - 提取板块热度特征
2026-01-09 15:12:25,006 - qmt_strategy - INFO - 提取市场情绪特征
2026-01-09 15:12:25,008 - qmt_strategy - INFO - 提取个股基本面特征
2026-01-09 15:12:25,009 - qmt_strategy - INFO - 提取技术指标特征
2026-01-09 15:12:25,022 - qmt_strategy - INFO - 合并所有特征
2026-01-09 15:12:25,023 - qmt_strategy - INFO - 简化特征提取完成
2026-01-09 15:12:25,025 - qmt_strategy - INFO - 开始简化特征提取
2026-01-09 15:12:25,025 - qmt_strategy - INFO - 提取集合竞价特征
2026-01-09 15:12:25,030 - qmt_strategy - INFO - 提取板块热度特征
2026-01-09 15:12:25,032 - qmt_strategy - INFO - 提取市场情绪特征
2026-01-09 15:12:25,034 - qmt_strategy - INFO - 提取个股基本面特征
2026-01-09 15:12:25,035 - qmt_strategy - INFO - 提取技术指标特征
2026-01-09 15:12:25,051 - qmt_strategy - INFO - 合并所有特征
2026-01-09 15:12:25,053 - qmt_strategy - INFO - 简化特征提取完成
2026-01-09 15:12:25,054 - qmt_strategy - INFO - 开始简化特征提取
2026-01-09 15:12:25,055 - qmt_strategy - INFO - 提取集合竞价特征
2026-01-09 15:12:25,057 - qmt_strategy - INFO - 提取板块热度特征
2026-01-09 15:12:25,058 - qmt_strategy - INFO - 提取市场情绪特征
2026-01-09 15:12:25,061 - qmt_strategy - INFO - 提取个股基本面特征
2026-01-09 15:12:25,062 - qmt_strategy - INFO - 提取技术指标特征
2026-01-09 15:12:25,074 - qmt_strategy - INFO - 合并所有特征
2026-01-09 15:12:25,076 - qmt_strategy - INFO - 简化特征提取完成
2026-01-09 15:12:25,078 - qmt_strategy - INFO - 开始简化特征提取
2026-01-09 15:12:25,078 - qmt_strategy - INFO - 提取集合竞价特征
2026-01-09 15:12:25,081 - qmt_strategy - INFO - 提取板块热度特征
2026-01-09 15:12:25,082 - qmt_strategy - INFO - 提取市场情绪特征
2026-01-09 15:12:25,085 - qmt_strategy - INFO - 提取个股基本面特征
2026-01-09 15:12:25,086 - qmt_strategy - INFO - 提取技术指标特征
2026-01-09 15:12:25,104 - qmt_strategy - INFO - 合并所有特征
2026-01-09 15:12:25,105 - qmt_strategy - INFO - 简化特征提取完成
2026-01-09 15:12:25,107 - qmt_strategy - INFO - 开始简化特征提取
2026-01-09 15:12:25,108 - qmt_strategy - INFO - 提取集合竞价特征
2026-01-09 15:12:25,113 - qmt_strategy - INFO - 提取板块热度特征
2026-01-09 15:12:25,114 - qmt_strategy - INFO - 提取市场情绪特征
2026-01-09 15:12:25,115 - qmt_strategy - INFO - 提取个股基本面特征
2026-01-09 15:12:25,116 - qmt_strategy - INFO - 提取技术指标特征
2026-01-09 15:12:25,131 - qmt_strategy - INFO - 合并所有特征
2026-01-09 15:12:25,133 - qmt_strategy - INFO - 简化特征提取完成
2026-01-09 15:12:25,134 - qmt_strategy - INFO - 开始简化特征提取
2026-01-09 15:12:25,134 - qmt_strategy - INFO - 提取集合竞价特征
2026-01-09 15:12:25,137 - qmt_strategy - INFO - 提取板块热度特征
2026-01-09 15:12:25,138 - qmt_strategy - INFO - 提取市场情绪特征
2026-01-09 15:12:25,141 - qmt_strategy - INFO - 提取个股基本面特征
2026-01-09 15:12:25,144 - qmt_strategy - INFO - 提取技术指标特征
2026-01-09 15:12:25,158 - qmt_strategy - INFO - 合并所有特征
2026-01-09 15:12:25,160 - qmt_strategy - INFO - 简化特征提取完成
2026-01-09 15:12:25,162 - qmt_strategy - INFO - 开始简化特征提取
2026-01-09 15:12:25,162 - qmt_strategy - INFO - 提取集合竞价特征
2026-01-09 15:12:25,166 - qmt_strategy - INFO - 提取板块热度特征
2026-01-09 15:12:25,167 - qmt_strategy - INFO - 提取市场情绪特征
2026-01-09 15:12:25,168 - qmt_strategy - INFO - 提取个股基本面特征
2026-01-09 15:12:25,170 - qmt_strategy - INFO - 提取技术指标特征
2026-01-09 15:12:25,188 - qmt_strategy - INFO - 合并所有特征
2026-01-09 15:12:25,189 - qmt_strategy - INFO - 简化特征提取完成
2026-01-09 15:12:25,190 - qmt_strategy - INFO - 开始简化特征提取
2026-01-09 15:12:25,191 - qmt_strategy - INFO - 提取集合竞价特征
2026-01-09 15:12:25,196 - qmt_strategy - INFO - 提取板块热度特征
2026-01-09 15:12:25,197 - qmt_strategy - INFO - 提取市场情绪特征
2026-01-09 15:12:25,199 - qmt_strategy - INFO - 提取个股基本面特征
2026-01-09 15:12:25,199 - qmt_strategy - INFO - 提取技术指标特征
2026-01-09 15:12:25,212 - qmt_strategy - INFO - 合并所有特征
2026-01-09 15:12:25,214 - qmt_strategy - INFO - 简化特征提取完成
2026-01-09 15:12:25,215 - qmt_strategy - INFO - 开始简化特征提取
2026-01-09 15:12:25,215 - qmt_strategy - INFO - 提取集合竞价特征
2026-01-09 15:12:25,218 - qmt_strategy - INFO - 提取板块热度特征
2026-01-09 15:12:25,219 - qmt_strategy - INFO - 提取市场情绪特征
2026-01-09 15:12:25,222 - qmt_strategy - INFO - 提取个股基本面特征
2026-01-09 15:12:25,223 - qmt_strategy - INFO - 提取技术指标特征
2026-01-09 15:12:25,237 - qmt_strategy - INFO - 合并所有特征
2026-01-09 15:12:25,238 - qmt_strategy - INFO - 简化特征提取完成
2026-01-09 15:12:25,239 - qmt_strategy - INFO - 开始简化特征提取
2026-01-09 15:12:25,239 - qmt_strategy - INFO - 提取集合竞价特征
2026-01-09 15:12:25,242 - qmt_strategy - INFO - 提取板块热度特征
2026-01-09 15:12:25,242 - qmt_strategy - INFO - 提取市场情绪特征
2026-01-09 15:12:25,245 - qmt_strategy - INFO - 提取个股基本面特征
2026-01-09 15:12:25,246 - qmt_strategy - INFO - 提取技术指标特征
2026-01-09 15:12:25,259 - qmt_strategy - INFO - 合并所有特征
2026-01-09 15:12:25,261 - qmt_strategy - INFO - 简化特征提取完成
2026-01-09 15:12:25,263 - qmt_strategy - INFO - 开始简化特征提取
2026-01-09 15:12:25,263 - qmt_strategy - INFO - 提取集合竞价特征
2026-01-09 15:12:25,266 - qmt_strategy - INFO - 提取板块热度特征
2026-01-09 15:12:25,267 - qmt_strategy - INFO - 提取市场情绪特征
2026-01-09 15:12:25,269 - qmt_strategy - INFO - 提取个股基本面特征
2026-01-09 15:12:25,270 - qmt_strategy - INFO - 提取技术指标特征
2026-01-09 15:12:25,283 - qmt_strategy - INFO - 合并所有特征
2026-01-09 15:12:25,284 - qmt_strategy - INFO - 简化特征提取完成
2026-01-09 15:12:25,286 - qmt_strategy - INFO - 开始简化特征提取
2026-01-09 15:12:25,286 - qmt_strategy - INFO - 提取集合竞价特征
2026-01-09 15:12:25,288 - qmt_strategy - INFO - 提取板块热度特征
2026-01-09 15:12:25,289 - qmt_strategy - INFO - 提取市场情绪特征
2026-01-09 15:12:25,290 - qmt_strategy - INFO - 提取个股基本面特征
2026-01-09 15:12:25,291 - qmt_strategy - INFO - 提取技术指标特征
2026-01-09 15:12:25,305 - qmt_strategy - INFO - 合并所有特征
2026-01-09 15:12:25,306 - qmt_strategy - INFO - 简化特征提取完成
2026-01-09 15:12:25,307 - qmt_strategy - INFO - 开始简化特征提取
2026-01-09 15:12:25,307 - qmt_strategy - INFO - 提取集合竞价特征
2026-01-09 15:12:25,310 - qmt_strategy - INFO - 提取板块热度特征
2026-01-09 15:12:25,311 - qmt_strategy - INFO - 提取市场情绪特征
2026-01-09 15:12:25,313 - qmt_strategy - INFO - 提取个股基本面特征
2026-01-09 15:12:25,315 - qmt_strategy - INFO - 提取技术指标特征
2026-01-09 15:12:25,330 - qmt_strategy - INFO - 合并所有特征
2026-01-09 15:12:25,333 - qmt_strategy - INFO - 简化特征提取完成
2026-01-09 15:12:25,334 - qmt_strategy - INFO - 开始简化特征提取
2026-01-09 15:12:25,334 - qmt_strategy - INFO - 提取集合竞价特征
2026-01-09 15:12:25,337 - qmt_strategy - INFO - 提取板块热度特征
2026-01-09 15:12:25,338 - qmt_strategy - INFO - 提取市场情绪特征
2026-01-09 15:12:25,339 - qmt_strategy - INFO - 提取个股基本面特征
2026-01-09 15:12:25,340 - qmt_strategy - INFO - 提取技术指标特征
2026-01-09 15:12:25,354 - qmt_strategy - INFO - 合并所有特征
2026-01-09 15:12:25,355 - qmt_strategy - INFO - 简化特征提取完成
2026-01-09 15:12:25,356 - qmt_strategy - INFO - 开始简化特征提取
2026-01-09 15:12:25,356 - qmt_strategy - INFO - 提取集合竞价特征
2026-01-09 15:12:25,361 - qmt_strategy - INFO - 提取板块热度特征
2026-01-09 15:12:25,363 - qmt_strategy - INFO - 提取市场情绪特征
2026-01-09 15:12:25,364 - qmt_strategy - INFO - 提取个股基本面特征
2026-01-09 15:12:25,365 - qmt_strategy - INFO - 提取技术指标特征
2026-01-09 15:12:25,379 - qmt_strategy - INFO - 合并所有特征
2026-01-09 15:12:25,381 - qmt_strategy - INFO - 简化特征提取完成
2026-01-09 15:12:25,382 - qmt_strategy - INFO - 开始简化特征提取
2026-01-09 15:12:25,382 - qmt_strategy - INFO - 提取集合竞价特征
2026-01-09 15:12:25,386 - qmt_strategy - INFO - 提取板块热度特征
2026-01-09 15:12:25,386 - qmt_strategy - INFO - 提取市场情绪特征
2026-01-09 15:12:25,388 - qmt_strategy - INFO - 提取个股基本面特征
2026-01-09 15:12:25,389 - qmt_strategy - INFO - 提取技术指标特征
2026-01-09 15:12:25,402 - qmt_strategy - INFO - 合并所有特征
2026-01-09 15:12:25,403 - qmt_strategy - INFO - 简化特征提取完成
2026-01-09 15:12:25,404 - qmt_strategy - INFO - 开始简化特征提取
2026-01-09 15:12:25,404 - qmt_strategy - INFO - 提取集合竞价特征
2026-01-09 15:12:25,406 - qmt_strategy - INFO - 提取板块热度特征
2026-01-09 15:12:25,407 - qmt_strategy - INFO - 提取市场情绪特征
2026-01-09 15:12:25,409 - qmt_strategy - INFO - 提取个股基本面特征
2026-01-09 15:12:25,410 - qmt_strategy - INFO - 提取技术指标特征
2026-01-09 15:12:25,424 - qmt_strategy - INFO - 合并所有特征
2026-01-09 15:12:25,425 - qmt_strategy - INFO - 简化特征提取完成
2026-01-09 15:12:25,427 - qmt_strategy - INFO - 开始简化特征提取
2026-01-09 15:12:25,427 - qmt_strategy - INFO - 提取集合竞价特征
2026-01-09 15:12:25,431 - qmt_strategy - INFO - 提取板块热度特征
2026-01-09 15:12:25,431 - qmt_strategy - INFO - 提取市场情绪特征
2026-01-09 15:12:25,434 - qmt_strategy - INFO - 提取个股基本面特征
2026-01-09 15:12:25,435 - qmt_strategy - INFO - 提取技术指标特征
2026-01-09 15:12:25,447 - qmt_strategy - INFO - 合并所有特征
2026-01-09 15:12:25,448 - qmt_strategy - INFO - 简化特征提取完成
2026-01-09 15:12:25,449 - qmt_strategy - INFO - 开始简化特征提取
2026-01-09 15:12:25,450 - qmt_strategy - INFO - 提取集合竞价特征
2026-01-09 15:12:25,452 - qmt_strategy - INFO - 提取板块热度特征
2026-01-09 15:12:25,453 - qmt_strategy - INFO - 提取市场情绪特征
2026-01-09 15:12:25,454 - qmt_strategy - INFO - 提取个股基本面特征
2026-01-09 15:12:25,455 - qmt_strategy - INFO - 提取技术指标特征
2026-01-09 15:12:25,469 - qmt_strategy - INFO - 合并所有特征
2026-01-09 15:12:25,470 - qmt_strategy - INFO - 简化特征提取完成
2026-01-09 15:12:25,470 - qmt_strategy - INFO - 开始简化特征提取
2026-01-09 15:12:25,471 - qmt_strategy - INFO - 提取集合竞价特征
2026-01-09 15:12:25,473 - qmt_strategy - INFO - 提取板块热度特征
2026-01-09 15:12:25,474 - qmt_strategy - INFO - 提取市场情绪特征
2026-01-09 15:12:25,476 - qmt_strategy - INFO - 提取个股基本面特征
2026-01-09 15:12:25,478 - qmt_strategy - INFO - 提取技术指标特征
2026-01-09 15:12:25,492 - qmt_strategy - INFO - 合并所有特征
2026-01-09 15:12:25,495 - qmt_strategy - INFO - 简化特征提取完成
2026-01-09 15:12:25,497 - qmt_strategy - INFO - 开始简化特征提取
2026-01-09 15:12:25,498 - qmt_strategy - INFO - 提取集合竞价特征
2026-01-09 15:12:25,501 - qmt_strategy - INFO - 提取板块热度特征
2026-01-09 15:12:25,502 - qmt_strategy - INFO - 提取市场情绪特征
2026-01-09 15:12:25,504 - qmt_strategy - INFO - 提取个股基本面特征
2026-01-09 15:12:25,505 - qmt_strategy - INFO - 提取技术指标特征
2026-01-09 15:12:25,518 - qmt_strategy - INFO - 合并所有特征
2026-01-09 15:12:25,519 - qmt_strategy - INFO - 简化特征提取完成
2026-01-09 15:12:25,521 - qmt_strategy - INFO - 开始简化特征提取
2026-01-09 15:12:25,521 - qmt_strategy - INFO - 提取集合竞价特征
2026-01-09 15:12:25,523 - qmt_strategy - INFO - 提取板块热度特征
2026-01-09 15:12:25,524 - qmt_strategy - INFO - 提取市场情绪特征
2026-01-09 15:12:25,525 - qmt_strategy - INFO - 提取个股基本面特征
2026-01-09 15:12:25,526 - qmt_strategy - INFO - 提取技术指标特征
2026-01-09 15:12:25,540 - qmt_strategy - INFO - 合并所有特征
2026-01-09 15:12:25,541 - qmt_strategy - INFO - 简化特征提取完成
2026-01-09 15:12:25,542 - qmt_strategy - INFO - 开始简化特征提取
2026-01-09 15:12:25,542 - qmt_strategy - INFO - 提取集合竞价特征
2026-01-09 15:12:25,546 - qmt_strategy - INFO - 提取板块热度特征
2026-01-09 15:12:25,547 - qmt_strategy - INFO - 提取市场情绪特征
2026-01-09 15:12:25,550 - qmt_strategy - INFO - 提取个股基本面特征
2026-01-09 15:12:25,551 - qmt_strategy - INFO - 提取技术指标特征
2026-01-09 15:12:25,565 - qmt_strategy - INFO - 合并所有特征
2026-01-09 15:12:25,566 - qmt_strategy - INFO - 简化特征提取完成
2026-01-09 15:12:25,567 - qmt_strategy - INFO - 开始简化特征提取
2026-01-09 15:12:25,567 - qmt_strategy - INFO - 提取集合竞价特征
2026-01-09 15:12:25,570 - qmt_strategy - INFO - 提取板块热度特征
2026-01-09 15:12:25,570 - qmt_strategy - INFO - 提取市场情绪特征
2026-01-09 15:12:25,572 - qmt_strategy - INFO - 提取个股基本面特征
2026-01-09 15:12:25,572 - qmt_strategy - INFO - 提取技术指标特征
2026-01-09 15:12:25,586 - qmt_strategy - INFO - 合并所有特征
2026-01-09 15:12:25,587 - qmt_strategy - INFO - 简化特征提取完成
2026-01-09 15:12:25,588 - qmt_strategy - INFO - 开始简化特征提取
2026-01-09 15:12:25,588 - qmt_strategy - INFO - 提取集合竞价特征
2026-01-09 15:12:25,590 - qmt_strategy - INFO - 提取板块热度特征
2026-01-09 15:12:25,591 - qmt_strategy - INFO - 提取市场情绪特征
2026-01-09 15:12:25,593 - qmt_strategy - INFO - 提取个股基本面特征
2026-01-09 15:12:25,595 - qmt_strategy - INFO - 提取技术指标特征
2026-01-09 15:12:25,607 - qmt_strategy - INFO - 合并所有特征
2026-01-09 15:12:25,608 - qmt_strategy - INFO - 简化特征提取完成
2026-01-09 15:12:25,609 - qmt_strategy - INFO - 开始简化特征提取
2026-01-09 15:12:25,609 - qmt_strategy - INFO - 提取集合竞价特征
2026-01-09 15:12:25,613 - qmt_strategy - INFO - 提取板块热度特征
2026-01-09 15:12:25,614 - qmt_strategy - INFO - 提取市场情绪特征
2026-01-09 15:12:25,616 - qmt_strategy - INFO - 提取个股基本面特征
2026-01-09 15:12:25,617 - qmt_strategy - INFO - 提取技术指标特征
2026-01-09 15:12:25,628 - qmt_strategy - INFO - 合并所有特征
2026-01-09 15:12:25,629 - qmt_strategy - INFO - 简化特征提取完成
2026-01-09 15:12:25,630 - qmt_strategy - INFO - 开始简化特征提取
2026-01-09 15:12:25,631 - qmt_strategy - INFO - 提取集合竞价特征
2026-01-09 15:12:25,633 - qmt_strategy - INFO - 提取板块热度特征
2026-01-09 15:12:25,634 - qmt_strategy - INFO - 提取市场情绪特征
2026-01-09 15:12:25,637 - qmt_strategy - INFO - 提取个股基本面特征
2026-01-09 15:12:25,638 - qmt_strategy - INFO - 提取技术指标特征
2026-01-09 15:12:25,651 - qmt_strategy - INFO - 合并所有特征
2026-01-09 15:12:25,653 - qmt_strategy - INFO - 简化特征提取完成
2026-01-09 15:12:25,654 - qmt_strategy - INFO - 开始简化特征提取
2026-01-09 15:12:25,654 - qmt_strategy - INFO - 提取集合竞价特征
2026-01-09 15:12:25,657 - qmt_strategy - INFO - 提取板块热度特征
2026-01-09 15:12:25,657 - qmt_strategy - INFO - 提取市场情绪特征
2026-01-09 15:12:25,659 - qmt_strategy - INFO - 提取个股基本面特征
2026-01-09 15:12:25,661 - qmt_strategy - INFO - 提取技术指标特征
2026-01-09 15:12:25,673 - qmt_strategy - INFO - 合并所有特征
2026-01-09 15:12:25,675 - qmt_strategy - INFO - 简化特征提取完成
2026-01-09 15:12:25,676 - qmt_strategy - INFO - 开始简化特征提取
2026-01-09 15:12:25,676 - qmt_strategy - INFO - 提取集合竞价特征
2026-01-09 15:12:25,680 - qmt_strategy - INFO - 提取板块热度特征
2026-01-09 15:12:25,681 - qmt_strategy - INFO - 提取市场情绪特征
2026-01-09 15:12:25,683 - qmt_strategy - INFO - 提取个股基本面特征
2026-01-09 15:12:25,685 - qmt_strategy - INFO - 提取技术指标特征
2026-01-09 15:12:25,698 - qmt_strategy - INFO - 合并所有特征
2026-01-09 15:12:25,699 - qmt_strategy - INFO - 简化特征提取完成
2026-01-09 15:12:25,700 - qmt_strategy - INFO - 开始简化特征提取
2026-01-09 15:12:25,700 - qmt_strategy - INFO - 提取集合竞价特征
2026-01-09 15:12:25,705 - qmt_strategy - INFO - 提取板块热度特征
2026-01-09 15:12:25,706 - qmt_strategy - INFO - 提取市场情绪特征
2026-01-09 15:12:25,707 - qmt_strategy - INFO - 提取个股基本面特征
2026-01-09 15:12:25,709 - qmt_strategy - INFO - 提取技术指标特征
2026-01-09 15:12:25,723 - qmt_strategy - INFO - 合并所有特征
2026-01-09 15:12:25,725 - qmt_strategy - INFO - 简化特征提取完成
2026-01-09 15:12:25,726 - qmt_strategy - INFO - 开始简化特征提取
2026-01-09 15:12:25,726 - qmt_strategy - INFO - 提取集合竞价特征
2026-01-09 15:12:25,730 - qmt_strategy - INFO - 提取板块热度特征
2026-01-09 15:12:25,730 - qmt_strategy - INFO - 提取市场情绪特征
2026-01-09 15:12:25,733 - qmt_strategy - INFO - 提取个股基本面特征
2026-01-09 15:12:25,735 - qmt_strategy - INFO - 提取技术指标特征
2026-01-09 15:12:25,746 - qmt_strategy - INFO - 合并所有特征
2026-01-09 15:12:25,748 - qmt_strategy - INFO - 简化特征提取完成
2026-01-09 15:12:25,749 - qmt_strategy - INFO - 开始简化特征提取
2026-01-09 15:12:25,749 - qmt_strategy - INFO - 提取集合竞价特征
2026-01-09 15:12:25,752 - qmt_strategy - INFO - 提取板块热度特征
2026-01-09 15:12:25,753 - qmt_strategy - INFO - 提取市场情绪特征
2026-01-09 15:12:25,755 - qmt_strategy - INFO - 提取个股基本面特征
2026-01-09 15:12:25,756 - qmt_strategy - INFO - 提取技术指标特征
2026-01-09 15:12:25,770 - qmt_strategy - INFO - 合并所有特征
2026-01-09 15:12:25,771 - qmt_strategy - INFO - 简化特征提取完成
2026-01-09 15:12:25,772 - qmt_strategy - INFO - 开始简化特征提取
2026-01-09 15:12:25,772 - qmt_strategy - INFO - 提取集合竞价特征
2026-01-09 15:12:25,775 - qmt_strategy - INFO - 提取板块热度特征
2026-01-09 15:12:25,775 - qmt_strategy - INFO - 提取市场情绪特征
2026-01-09 15:12:25,777 - qmt_strategy - INFO - 提取个股基本面特征
2026-01-09 15:12:25,778 - qmt_strategy - INFO - 提取技术指标特征
2026-01-09 15:12:25,790 - qmt_strategy - INFO - 合并所有特征
2026-01-09 15:12:25,791 - qmt_strategy - INFO - 简化特征提取完成
2026-01-09 15:12:25,792 - qmt_strategy - INFO - 开始简化特征提取
2026-01-09 15:12:25,792 - qmt_strategy - INFO - 提取集合竞价特征
2026-01-09 15:12:25,796 - qmt_strategy - INFO - 提取板块热度特征
2026-01-09 15:12:25,797 - qmt_strategy - INFO - 提取市场情绪特征
2026-01-09 15:12:25,799 - qmt_strategy - INFO - 提取个股基本面特征
2026-01-09 15:12:25,800 - qmt_strategy - INFO - 提取技术指标特征
2026-01-09 15:12:25,813 - qmt_strategy - INFO - 合并所有特征
2026-01-09 15:12:25,814 - qmt_strategy - INFO - 简化特征提取完成
2026-01-09 15:12:25,816 - qmt_strategy - INFO - 开始简化特征提取
2026-01-09 15:12:25,816 - qmt_strategy - INFO - 提取集合竞价特征
2026-01-09 15:12:25,818 - qmt_strategy - INFO - 提取板块热度特征
2026-01-09 15:12:25,819 - qmt_strategy - INFO - 提取市场情绪特征
2026-01-09 15:12:25,821 - qmt_strategy - INFO - 提取个股基本面特征
2026-01-09 15:12:25,822 - qmt_strategy - INFO - 提取技术指标特征
2026-01-09 15:12:25,836 - qmt_strategy - INFO - 合并所有特征
2026-01-09 15:12:25,837 - qmt_strategy - INFO - 简化特征提取完成
2026-01-09 15:12:25,838 - qmt_strategy - INFO - 开始简化特征提取
2026-01-09 15:12:25,838 - qmt_strategy - INFO - 提取集合竞价特征
2026-01-09 15:12:25,841 - qmt_strategy - INFO - 提取板块热度特征
2026-01-09 15:12:25,841 - qmt_strategy - INFO - 提取市场情绪特征
2026-01-09 15:12:25,844 - qmt_strategy - INFO - 提取个股基本面特征
2026-01-09 15:12:25,845 - qmt_strategy - INFO - 提取技术指标特征
2026-01-09 15:12:25,857 - qmt_strategy - INFO - 合并所有特征
2026-01-09 15:12:25,858 - qmt_strategy - INFO - 简化特征提取完成
2026-01-09 15:12:25,859 - qmt_strategy - INFO - 开始简化特征提取
2026-01-09 15:12:25,860 - qmt_strategy - INFO - 提取集合竞价特征
2026-01-09 15:12:25,863 - qmt_strategy - INFO - 提取板块热度特征
2026-01-09 15:12:25,864 - qmt_strategy - INFO - 提取市场情绪特征
2026-01-09 15:12:25,865 - qmt_strategy - INFO - 提取个股基本面特征
2026-01-09 15:12:25,866 - qmt_strategy - INFO - 提取技术指标特征
2026-01-09 15:12:25,879 - qmt_strategy - INFO - 合并所有特征
2026-01-09 15:12:25,881 - qmt_strategy - INFO - 简化特征提取完成
2026-01-09 15:12:25,882 - qmt_strategy - INFO - 开始简化特征提取
2026-01-09 15:12:25,882 - qmt_strategy - INFO - 提取集合竞价特征
2026-01-09 15:12:25,885 - qmt_strategy - INFO - 提取板块热度特征
2026-01-09 15:12:25,886 - qmt_strategy - INFO - 提取市场情绪特征
2026-01-09 15:12:25,888 - qmt_strategy - INFO - 提取个股基本面特征
2026-01-09 15:12:25,889 - qmt_strategy - INFO - 提取技术指标特征
2026-01-09 15:12:25,902 - qmt_strategy - INFO - 合并所有特征
2026-01-09 15:12:25,903 - qmt_strategy - INFO - 简化特征提取完成
2026-01-09 15:12:25,904 - qmt_strategy - INFO - 开始简化特征提取
2026-01-09 15:12:25,904 - qmt_strategy - INFO - 提取集合竞价特征
2026-01-09 15:12:25,907 - qmt_strategy - INFO - 提取板块热度特征
2026-01-09 15:12:25,907 - qmt_strategy - INFO - 提取市场情绪特征
2026-01-09 15:12:25,908 - qmt_strategy - INFO - 提取个股基本面特征
2026-01-09 15:12:25,909 - qmt_strategy - INFO - 提取技术指标特征
2026-01-09 15:12:25,922 - qmt_strategy - INFO - 合并所有特征
2026-01-09 15:12:25,923 - qmt_strategy - INFO - 简化特征提取完成
2026-01-09 15:12:25,924 - qmt_strategy - INFO - 开始简化特征提取
2026-01-09 15:12:25,924 - qmt_strategy - INFO - 提取集合竞价特征
2026-01-09 15:12:25,928 - qmt_strategy - INFO - 提取板块热度特征
2026-01-09 15:12:25,929 - qmt_strategy - INFO - 提取市场情绪特征
2026-01-09 15:12:25,931 - qmt_strategy - INFO - 提取个股基本面特征
2026-01-09 15:12:25,932 - qmt_strategy - INFO - 提取技术指标特征
2026-01-09 15:12:25,943 - qmt_strategy - INFO - 合并所有特征
2026-01-09 15:12:25,945 - qmt_strategy - INFO - 简化特征提取完成
2026-01-09 15:12:25,947 - qmt_strategy - INFO - 开始简化特征提取
2026-01-09 15:12:25,947 - qmt_strategy - INFO - 提取集合竞价特征
2026-01-09 15:12:25,949 - qmt_strategy - INFO - 提取板块热度特征
2026-01-09 15:12:25,950 - qmt_strategy - INFO - 提取市场情绪特征
2026-01-09 15:12:25,952 - qmt_strategy - INFO - 提取个股基本面特征
2026-01-09 15:12:25,953 - qmt_strategy - INFO - 提取技术指标特征
2026-01-09 15:12:25,967 - qmt_strategy - INFO - 合并所有特征
2026-01-09 15:12:25,968 - qmt_strategy - INFO - 简化特征提取完成
2026-01-09 15:12:25,969 - qmt_strategy - INFO - 开始简化特征提取
2026-01-09 15:12:25,969 - qmt_strategy - INFO - 提取集合竞价特征
2026-01-09 15:12:25,972 - qmt_strategy - INFO - 提取板块热度特征
2026-01-09 15:12:25,972 - qmt_strategy - INFO - 提取市场情绪特征
2026-01-09 15:12:25,974 - qmt_strategy - INFO - 提取个股基本面特征
2026-01-09 15:12:25,974 - qmt_strategy - INFO - 提取技术指标特征
2026-01-09 15:12:25,988 - qmt_strategy - INFO - 合并所有特征
2026-01-09 15:12:25,989 - qmt_strategy - INFO - 简化特征提取完成
2026-01-09 15:12:25,990 - qmt_strategy - INFO - 开始简化特征提取
2026-01-09 15:12:25,990 - qmt_strategy - INFO - 提取集合竞价特征
2026-01-09 15:12:25,992 - qmt_strategy - INFO - 提取板块热度特征
2026-01-09 15:12:25,994 - qmt_strategy - INFO - 提取市场情绪特征
2026-01-09 15:12:25,996 - qmt_strategy - INFO - 提取个股基本面特征
2026-01-09 15:12:25,997 - qmt_strategy - INFO - 提取技术指标特征
2026-01-09 15:12:26,008 - qmt_strategy - INFO - 合并所有特征
2026-01-09 15:12:26,011 - qmt_strategy - INFO - 简化特征提取完成
2026-01-09 15:12:26,013 - qmt_strategy - INFO - 开始简化特征提取
2026-01-09 15:12:26,013 - qmt_strategy - INFO - 提取集合竞价特征
2026-01-09 15:12:26,016 - qmt_strategy - INFO - 提取板块热度特征
2026-01-09 15:12:26,017 - qmt_strategy - INFO - 提取市场情绪特征
2026-01-09 15:12:26,019 - qmt_strategy - INFO - 提取个股基本面特征
2026-01-09 15:12:26,020 - qmt_strategy - INFO - 提取技术指标特征
2026-01-09 15:12:26,033 - qmt_strategy - INFO - 合并所有特征
2026-01-09 15:12:26,034 - qmt_strategy - INFO - 简化特征提取完成
2026-01-09 15:12:26,035 - qmt_strategy - INFO - 开始简化特征提取
2026-01-09 15:12:26,036 - qmt_strategy - INFO - 提取集合竞价特征
2026-01-09 15:12:26,038 - qmt_strategy - INFO - 提取板块热度特征
2026-01-09 15:12:26,039 - qmt_strategy - INFO - 提取市场情绪特征
2026-01-09 15:12:26,040 - qmt_strategy - INFO - 提取个股基本面特征
2026-01-09 15:12:26,041 - qmt_strategy - INFO - 提取技术指标特征
2026-01-09 15:12:26,056 - qmt_strategy - INFO - 合并所有特征
2026-01-09 15:12:26,058 - qmt_strategy - INFO - 简化特征提取完成
2026-01-09 15:12:26,059 - qmt_strategy - INFO - 开始简化特征提取
2026-01-09 15:12:26,060 - qmt_strategy - INFO - 提取集合竞价特征
2026-01-09 15:12:26,063 - qmt_strategy - INFO - 提取板块热度特征
2026-01-09 15:12:26,064 - qmt_strategy - INFO - 提取市场情绪特征
2026-01-09 15:12:26,066 - qmt_strategy - INFO - 提取个股基本面特征
2026-01-09 15:12:26,067 - qmt_strategy - INFO - 提取技术指标特征
2026-01-09 15:12:26,080 - qmt_strategy - INFO - 合并所有特征
2026-01-09 15:12:26,081 - qmt_strategy - INFO - 简化特征提取完成
2026-01-09 15:12:26,083 - qmt_strategy - INFO - 开始简化特征提取
2026-01-09 15:12:26,083 - qmt_strategy - INFO - 提取集合竞价特征
2026-01-09 15:12:26,085 - qmt_strategy - INFO - 提取板块热度特征
2026-01-09 15:12:26,086 - qmt_strategy - INFO - 提取市场情绪特征
2026-01-09 15:12:26,088 - qmt_strategy - INFO - 提取个股基本面特征
2026-01-09 15:12:26,088 - qmt_strategy - INFO - 提取技术指标特征
2026-01-09 15:12:26,100 - qmt_strategy - INFO - 合并所有特征
2026-01-09 15:12:26,102 - qmt_strategy - INFO - 简化特征提取完成
2026-01-09 15:12:26,103 - qmt_strategy - INFO - 开始简化特征提取
2026-01-09 15:12:26,104 - qmt_strategy - INFO - 提取集合竞价特征
2026-01-09 15:12:26,106 - qmt_strategy - INFO - 提取板块热度特征
2026-01-09 15:12:26,107 - qmt_strategy - INFO - 提取市场情绪特征
2026-01-09 15:12:26,108 - qmt_strategy - INFO - 提取个股基本面特征
2026-01-09 15:12:26,109 - qmt_strategy - INFO - 提取技术指标特征
2026-01-09 15:12:26,123 - qmt_strategy - INFO - 合并所有特征
2026-01-09 15:12:26,124 - qmt_strategy - INFO - 简化特征提取完成
2026-01-09 15:12:26,125 - qmt_strategy - INFO - 开始简化特征提取
2026-01-09 15:12:26,125 - qmt_strategy - INFO - 提取集合竞价特征
2026-01-09 15:12:26,128 - qmt_strategy - INFO - 提取板块热度特征
2026-01-09 15:12:26,130 - qmt_strategy - INFO - 提取市场情绪特征
2026-01-09 15:12:26,131 - qmt_strategy - INFO - 提取个股基本面特征
2026-01-09 15:12:26,132 - qmt_strategy - INFO - 提取技术指标特征
2026-01-09 15:12:26,142 - qmt_strategy - INFO - 合并所有特征
2026-01-09 15:12:26,143 - qmt_strategy - INFO - 简化特征提取完成
2026-01-09 15:12:26,144 - qmt_strategy - INFO - 开始简化特征提取
2026-01-09 15:12:26,145 - qmt_strategy - INFO - 提取集合竞价特征
2026-01-09 15:12:26,147 - qmt_strategy - INFO - 提取板块热度特征
2026-01-09 15:12:26,148 - qmt_strategy - INFO - 提取市场情绪特征
2026-01-09 15:12:26,152 - qmt_strategy - INFO - 提取个股基本面特征
2026-01-09 15:12:26,153 - qmt_strategy - INFO - 提取技术指标特征
2026-01-09 15:12:26,167 - qmt_strategy - INFO - 合并所有特征
2026-01-09 15:12:26,168 - qmt_strategy - INFO - 简化特征提取完成
2026-01-09 15:12:26,169 - qmt_strategy - INFO - 开始简化特征提取
2026-01-09 15:12:26,170 - qmt_strategy - INFO - 提取集合竞价特征
2026-01-09 15:12:26,173 - qmt_strategy - INFO - 提取板块热度特征
2026-01-09 15:12:26,173 - qmt_strategy - INFO - 提取市场情绪特征
2026-01-09 15:12:26,175 - qmt_strategy - INFO - 提取个股基本面特征
2026-01-09 15:12:26,176 - qmt_strategy - INFO - 提取技术指标特征
2026-01-09 15:12:26,191 - qmt_strategy - INFO - 合并所有特征
2026-01-09 15:12:26,192 - qmt_strategy - INFO - 简化特征提取完成
2026-01-09 15:12:26,193 - qmt_strategy - INFO - 开始简化特征提取
2026-01-09 15:12:26,194 - qmt_strategy - INFO - 提取集合竞价特征
2026-01-09 15:12:26,197 - qmt_strategy - INFO - 提取板块热度特征
2026-01-09 15:12:26,198 - qmt_strategy - INFO - 提取市场情绪特征
2026-01-09 15:12:26,200 - qmt_strategy - INFO - 提取个股基本面特征
2026-01-09 15:12:26,201 - qmt_strategy - INFO - 提取技术指标特征
2026-01-09 15:12:26,214 - qmt_strategy - INFO - 合并所有特征
2026-01-09 15:12:26,215 - qmt_strategy - INFO - 简化特征提取完成
2026-01-09 15:12:26,217 - qmt_strategy - INFO - 开始简化特征提取
2026-01-09 15:12:26,217 - qmt_strategy - INFO - 提取集合竞价特征
2026-01-09 15:12:26,220 - qmt_strategy - INFO - 提取板块热度特征
2026-01-09 15:12:26,220 - qmt_strategy - INFO - 提取市场情绪特征
2026-01-09 15:12:26,222 - qmt_strategy - INFO - 提取个股基本面特征
2026-01-09 15:12:26,223 - qmt_strategy - INFO - 提取技术指标特征
2026-01-09 15:12:26,236 - qmt_strategy - INFO - 合并所有特征
2026-01-09 15:12:26,237 - qmt_strategy - INFO - 简化特征提取完成
2026-01-09 15:12:26,238 - qmt_strategy - INFO - 开始简化特征提取
2026-01-09 15:12:26,238 - qmt_strategy - INFO - 提取集合竞价特征
2026-01-09 15:12:26,241 - qmt_strategy - INFO - 提取板块热度特征
2026-01-09 15:12:26,242 - qmt_strategy - INFO - 提取市场情绪特征
2026-01-09 15:12:26,245 - qmt_strategy - INFO - 提取个股基本面特征
2026-01-09 15:12:26,248 - qmt_strategy - INFO - 提取技术指标特征
2026-01-09 15:12:26,260 - qmt_strategy - INFO - 合并所有特征
2026-01-09 15:12:26,262 - qmt_strategy - INFO - 简化特征提取完成
2026-01-09 15:12:26,263 - qmt_strategy - INFO - 开始简化特征提取
2026-01-09 15:12:26,263 - qmt_strategy - INFO - 提取集合竞价特征
2026-01-09 15:12:26,266 - qmt_strategy - INFO - 提取板块热度特征
2026-01-09 15:12:26,268 - qmt_strategy - INFO - 提取市场情绪特征
2026-01-09 15:12:26,272 - qmt_strategy - INFO - 提取个股基本面特征
2026-01-09 15:12:26,273 - qmt_strategy - INFO - 提取技术指标特征
2026-01-09 15:12:26,291 - qmt_strategy - INFO - 合并所有特征
2026-01-09 15:12:26,292 - qmt_strategy - INFO - 简化特征提取完成
2026-01-09 15:12:26,295 - qmt_strategy - INFO - 开始简化特征提取
2026-01-09 15:12:26,295 - qmt_strategy - INFO - 提取集合竞价特征
2026-01-09 15:12:26,298 - qmt_strategy - INFO - 提取板块热度特征
2026-01-09 15:12:26,300 - qmt_strategy - INFO - 提取市场情绪特征
2026-01-09 15:12:26,302 - qmt_strategy - INFO - 提取个股基本面特征
2026-01-09 15:12:26,303 - qmt_strategy - INFO - 提取技术指标特征
2026-01-09 15:12:26,319 - qmt_strategy - INFO - 合并所有特征
2026-01-09 15:12:26,320 - qmt_strategy - INFO - 简化特征提取完成
2026-01-09 15:12:26,321 - qmt_strategy - INFO - 开始简化特征提取
2026-01-09 15:12:26,322 - qmt_strategy - INFO - 提取集合竞价特征
2026-01-09 15:12:26,325 - qmt_strategy - INFO - 提取板块热度特征
2026-01-09 15:12:26,326 - qmt_strategy - INFO - 提取市场情绪特征
2026-01-09 15:12:26,329 - qmt_strategy - INFO - 提取个股基本面特征
2026-01-09 15:12:26,330 - qmt_strategy - INFO - 提取技术指标特征
2026-01-09 15:12:26,341 - qmt_strategy - INFO - 合并所有特征
2026-01-09 15:12:26,342 - qmt_strategy - INFO - 简化特征提取完成
2026-01-09 15:12:26,343 - qmt_strategy - INFO - 开始简化特征提取
2026-01-09 15:12:26,343 - qmt_strategy - INFO - 提取集合竞价特征
2026-01-09 15:12:26,347 - qmt_strategy - INFO - 提取板块热度特征
2026-01-09 15:12:26,348 - qmt_strategy - INFO - 提取市场情绪特征
2026-01-09 15:12:26,350 - qmt_strategy - INFO - 提取个股基本面特征
2026-01-09 15:12:26,351 - qmt_strategy - INFO - 提取技术指标特征
2026-01-09 15:12:26,364 - qmt_strategy - INFO - 合并所有特征
2026-01-09 15:12:26,365 - qmt_strategy - INFO - 简化特征提取完成
2026-01-09 15:12:26,366 - qmt_strategy - INFO - 开始简化特征提取
2026-01-09 15:12:26,366 - qmt_strategy - INFO - 提取集合竞价特征
2026-01-09 15:12:26,368 - qmt_strategy - INFO - 提取板块热度特征
2026-01-09 15:12:26,369 - qmt_strategy - INFO - 提取市场情绪特征
2026-01-09 15:12:26,370 - qmt_strategy - INFO - 提取个股基本面特征
2026-01-09 15:12:26,371 - qmt_strategy - INFO - 提取技术指标特征
2026-01-09 15:12:26,383 - qmt_strategy - INFO - 合并所有特征
2026-01-09 15:12:26,384 - qmt_strategy - INFO - 简化特征提取完成
2026-01-09 15:12:26,385 - qmt_strategy - INFO - 开始简化特征提取
2026-01-09 15:12:26,385 - qmt_strategy - INFO - 提取集合竞价特征
2026-01-09 15:12:26,388 - qmt_strategy - INFO - 提取板块热度特征
2026-01-09 15:12:26,388 - qmt_strategy - INFO - 提取市场情绪特征
2026-01-09 15:12:26,390 - qmt_strategy - INFO - 提取个股基本面特征
2026-01-09 15:12:26,391 - qmt_strategy - INFO - 提取技术指标特征
2026-01-09 15:12:26,404 - qmt_strategy - INFO - 合并所有特征
2026-01-09 15:12:26,406 - qmt_strategy - INFO - 简化特征提取完成
2026-01-09 15:12:26,407 - qmt_strategy - INFO - 开始简化特征提取
2026-01-09 15:12:26,407 - qmt_strategy - INFO - 提取集合竞价特征
2026-01-09 15:12:26,411 - qmt_strategy - INFO - 提取板块热度特征
2026-01-09 15:12:26,412 - qmt_strategy - INFO - 提取市场情绪特征
2026-01-09 15:12:26,414 - qmt_strategy - INFO - 提取个股基本面特征
2026-01-09 15:12:26,415 - qmt_strategy - INFO - 提取技术指标特征
2026-01-09 15:12:26,430 - qmt_strategy - INFO - 合并所有特征
2026-01-09 15:12:26,431 - qmt_strategy - INFO - 简化特征提取完成
2026-01-09 15:12:26,432 - qmt_strategy - INFO - 开始简化特征提取
2026-01-09 15:12:26,432 - qmt_strategy - INFO - 提取集合竞价特征
2026-01-09 15:12:26,435 - qmt_strategy - INFO - 提取板块热度特征
2026-01-09 15:12:26,436 - qmt_strategy - INFO - 提取市场情绪特征
2026-01-09 15:12:26,438 - qmt_strategy - INFO - 提取个股基本面特征
2026-01-09 15:12:26,440 - qmt_strategy - INFO - 提取技术指标特征
2026-01-09 15:12:26,454 - qmt_strategy - INFO - 合并所有特征
2026-01-09 15:12:26,455 - qmt_strategy - INFO - 简化特征提取完成
2026-01-09 15:12:26,466 - qmt_strategy - INFO - 生成了4300条回测特征数据
2026-01-09 15:12:26,467 - qmt_strategy - INFO - 特征数据中涨停标签数量：0
2026-01-09 15:12:26,470 - qmt_strategy - INFO - === 开始回测验证 ===
2026-01-09 15:12:26,470 - qmt_strategy - INFO - 初始化回测器
2026-01-09 15:12:27,184 - qmt_strategy - INFO - 初始化策略决策器
2026-01-09 15:12:27,185 - qmt_strategy - INFO - 初始化模型训练器
2026-01-09 15:12:27,185 - qmt_strategy - INFO - 初始化风险控制器
2026-01-09 15:12:27,185 - qmt_strategy - INFO - 加载预训练模型
2026-01-09 15:12:27,185 - qmt_strategy - INFO - 加载模型
2026-01-09 15:12:27,186 - qmt_strategy - WARNING - 模型目录中没有找到模型文件
2026-01-09 15:12:27,186 - qmt_strategy - WARNING - 预训练模型加载失败，将在回测时自动训练简单模型
2026-01-09 15:12:27,186 - qmt_strategy - INFO - 开始运行历史回测
2026-01-09 15:12:27,186 - qmt_strategy - INFO - 输入特征数据总行数：4300
2026-01-09 15:12:27,186 - qmt_strategy - INFO - 输入特征数据列：['bid_price_change', 'bid_price_volatility', 'bid_price_change_920_925', 'bid_price_change_abs_920_925', 'bid_price_change_915_920', 'bid_volume_change', 'bid_volume_abs_change', 'bid_volume_change_920_925', 'bid_volume_abs_change_920_925', 'bid_volume_ratio_920_925', 'bid_volume_ratio', 'bid_volume_yesterday_ratio', 'bid_intensity', 'bid_intensity_normalized', 'buy_order_size_925', 'buy_order_size_change', 'buy_order_size_ratio', 'buy_order_size_volume_ratio', 'price_volume_fit', 'open_bid_price_diff', 'bid_turnover_rate', 'bid_price_volatility_915_920', 'bid_price_volatility_920_925', 'total_bid_volume', 'bid_price_to_prev_close', 'price_volume_fit_920_925', 'bid_volume_to_day_ratio', 'sector_change', 'sector_money_flow', 'sector_rank', 'sector_limit_up_count', 'index_change', 'index_volatility', 'up_down_ratio', 'up_down_ratio_change', 'profit_effect', 'profit_effect_change', 'market_volume', 'market_volume_change', 'market_volume_ratio', 'vix', 'limit_up_count', 'limit_up_ratio', 'limit_down_count', 'limit_down_ratio', 'market_turnover', 'market_turnover_change', 'margin_balance_change', 'short_balance_change', 'margin_short_ratio', 'circulating_market_cap', 'current_price', 'volatility_5d', 'pe_ratio', 'pb_ratio', 'earnings_announcement', 'turnover_rate', 'price_ma5_ratio', 'price_ma10_ratio', 'macd_diff', 'rsi_14', 'volume_ratio', 'volume_change_rate', 'kdj_k', 'kdj_d', 'kdj_j', 'obv', 'atr', 'adx', 'plus_di', 'minus_di', 'break_prev_5d_high', 'break_prev_10d_high', 'break_prev_20d_high', 'distance_to_support_10d', 'distance_to_resistance_10d', 'trend_5d', 'trend_20d', 'trend_60d', 'bullish_ma_arrangement', 'bearish_ma_arrangement', 'ma_cohesion', 'hammer_pattern', 'inverted_hammer_pattern', 'doji_pattern', 'bullish_engulfing', 'bearish_engulfing', 'macd_golden_cross', 'macd_death_cross', 'rsi_overbought', 'rsi_oversold', 'kdj_golden_cross', 'kdj_death_cross', 'kdj_overbought', 'kdj_oversold', 'volume_new_high', 'volume_new_low', 'volume_price_fit', 'price_volatility_5d', 'price_volatility_10d', 'stock_code', 'date', 'label']
2026-01-09 15:12:27,187 - qmt_strategy - INFO - 特征数据中label列的分布：{0: 4300}
2026-01-09 15:12:27,187 - qmt_strategy - INFO - 初始化回测状态
2026-01-09 15:12:27,187 - qmt_strategy - INFO - 回测状态初始化完成
2026-01-09 15:12:27,187 - qmt_strategy - INFO - 标签分布：{0: 4300}
2026-01-09 15:12:27,192 - qmt_strategy - INFO - 移除非数值特征后，保留100个数值特征用于模型训练
2026-01-09 15:12:27,192 - qmt_strategy - INFO - 开始训练模型用于回测
2026-01-09 15:12:27,316 - qmt_strategy - INFO - 模型训练完成
2026-01-09 15:12:27,316 - qmt_strategy - INFO - 模拟交易过程
2026-01-09 15:12:27,316 - qmt_strategy - INFO - 特征数据总行数：4300
2026-01-09 15:12:27,317 - qmt_strategy - INFO - 特征数据列：['bid_price_change', 'bid_price_volatility', 'bid_price_change_920_925', 'bid_price_change_abs_920_925', 'bid_price_change_915_920', 'bid_volume_change', 'bid_volume_abs_change', 'bid_volume_change_920_925', 'bid_volume_abs_change_920_925', 'bid_volume_ratio_920_925', 'bid_volume_ratio', 'bid_volume_yesterday_ratio', 'bid_intensity', 'bid_intensity_normalized', 'buy_order_size_925', 'buy_order_size_change', 'buy_order_size_ratio', 'buy_order_size_volume_ratio', 'price_volume_fit', 'open_bid_price_diff', 'bid_turnover_rate', 'bid_price_volatility_915_920', 'bid_price_volatility_920_925', 'total_bid_volume', 'bid_price_to_prev_close', 'price_volume_fit_920_925', 'bid_volume_to_day_ratio', 'sector_change', 'sector_money_flow', 'sector_rank', 'sector_limit_up_count', 'index_change', 'index_volatility', 'up_down_ratio', 'up_down_ratio_change', 'profit_effect', 'profit_effect_change', 'market_volume', 'market_volume_change', 'market_volume_ratio', 'vix', 'limit_up_count', 'limit_up_ratio', 'limit_down_count', 'limit_down_ratio', 'market_turnover', 'market_turnover_change', 'margin_balance_change', 'short_balance_change', 'margin_short_ratio', 'circulating_market_cap', 'current_price', 'volatility_5d', 'pe_ratio', 'pb_ratio', 'earnings_announcement', 'turnover_rate', 'price_ma5_ratio', 'price_ma10_ratio', 'macd_diff', 'rsi_14', 'volume_ratio', 'volume_change_rate', 'kdj_k', 'kdj_d', 'kdj_j', 'obv', 'atr', 'adx', 'plus_di', 'minus_di', 'break_prev_5d_high', 'break_prev_10d_high', 'break_prev_20d_high', 'distance_to_support_10d', 'distance_to_resistance_10d', 'trend_5d', 'trend_20d', 'trend_60d', 'bullish_ma_arrangement', 'bearish_ma_arrangement', 'ma_cohesion', 'hammer_pattern', 'inverted_hammer_pattern', 'doji_pattern', 'bullish_engulfing', 'bearish_engulfing', 'macd_golden_cross', 'macd_death_cross', 'rsi_overbought', 'rsi_oversold', 'kdj_golden_cross', 'kdj_death_cross', 'kdj_overbought', 'kdj_oversold', 'volume_new_high', 'volume_new_low', 'volume_price_fit', 'price_volatility_5d', 'price_volatility_10d', 'stock_code', 'date', 'label']
2026-01-09 15:12:27,317 - qmt_strategy - INFO - 日期列存在，日期范围：2025-11-03 到 2025-12-31
2026-01-09 15:12:27,318 - qmt_strategy - INFO - 唯一日期数量：43
2026-01-09 15:12:27,319 - qmt_strategy - INFO - 按日期分组后得到 43 个日期组
2026-01-09 15:12:27,320 - qmt_strategy - INFO - 处理日期：2025-11-03，当日数据行数：100
2026-01-09 15:12:27,320 - qmt_strategy - INFO - 当日包含 100 只股票：['000001.SZ' '000002.SZ' '000003.SZ' '000004.SZ' '000005.SZ']...
2026-01-09 15:12:27,320 - qmt_strategy - INFO - 模拟2025-11-03的交易
2026-01-09 15:12:27,321 - qmt_strategy - INFO - 过滤后用于预测的数值特征数量：100
2026-01-09 15:12:27,321 - qmt_strategy - INFO - 使用模型进行预测
2026-01-09 15:12:27,368 - qmt_strategy - INFO - 模型预测完成
2026-01-09 15:12:27,369 - qmt_strategy - INFO - 预测结果类型：<class 'dict'>
2026-01-09 15:12:27,369 - qmt_strategy - INFO - 预测结果内容：{'predictions': array([0, 0, 0, 0, 0, 0, 0, 0, 0, 0, 0, 0, 0, 0, 0, 0, 0, 0, 0, 0, 0, 0,
       0, 0, 0, 0, 0, 0, 0, 0, 0, 0, 0, 0, 0, 0, 0, 0, 0, 0, 0, 0, 0, 0,
       0, 0, 0, 0, 0, 0, 0, 0, 0, 0, 0, 0, 0, 0, 0, 0, 0, 0, 0, 0, 0, 0,
       0, 0, 0, 0, 0, 0, 0, 0, 0, 0, 0, 0, 0, 0, 0, 0, 0, 0, 0, 0, 0, 0,
       0, 0, 0, 0, 0, 0, 0, 0, 0, 0, 0, 0]), 'probabilities': array([0., 0., 0., 0., 0., 0., 0., 0., 0., 0., 0., 0., 0., 0., 0., 0., 0.,
       0., 0., 0., 0., 0., 0., 0., 0., 0., 0., 0., 0., 0., 0., 0., 0., 0.,
       0., 0., 0., 0., 0., 0., 0., 0., 0., 0., 0., 0., 0., 0., 0., 0., 0.,
       0., 0., 0., 0., 0., 0., 0., 0., 0., 0., 0., 0., 0., 0., 0., 0., 0.,
       0., 0., 0., 0., 0., 0., 0., 0., 0., 0., 0., 0., 0., 0., 0., 0., 0.,
       0., 0., 0., 0., 0., 0., 0., 0., 0., 0., 0., 0., 0., 0., 0.])}
2026-01-09 15:12:27,369 - qmt_strategy - INFO - 预测结果长度：100
2026-01-09 15:12:27,369 - qmt_strategy - INFO - 开始做出交易决策
2026-01-09 15:12:27,369 - qmt_strategy - INFO - 进行动态买点决策
2026-01-09 15:12:27,372 - qmt_strategy - DEBUG - 处理股票：000001.SZ，预测结果：0，预测概率：0.0，综合评分：23.0
2026-01-09 15:12:27,372 - qmt_strategy - DEBUG - 股票000001.SZ不满足买入条件，概率：0.0 < 阈值：0.3
2026-01-09 15:12:27,373 - qmt_strategy - DEBUG - 处理股票：000002.SZ，预测结果：0，预测概率：0.0，综合评分：23.0
2026-01-09 15:12:27,373 - qmt_strategy - DEBUG - 股票000002.SZ不满足买入条件，概率：0.0 < 阈值：0.3
2026-01-09 15:12:27,373 - qmt_strategy - DEBUG - 处理股票：000003.SZ，预测结果：0，预测概率：0.0，综合评分：23.0
2026-01-09 15:12:27,373 - qmt_strategy - DEBUG - 股票000003.SZ不满足买入条件，概率：0.0 < 阈值：0.3
2026-01-09 15:12:27,373 - qmt_strategy - DEBUG - 处理股票：000004.SZ，预测结果：0，预测概率：0.0，综合评分：23.0
2026-01-09 15:12:27,373 - qmt_strategy - DEBUG - 股票000004.SZ不满足买入条件，概率：0.0 < 阈值：0.3
2026-01-09 15:12:27,373 - qmt_strategy - DEBUG - 处理股票：000005.SZ，预测结果：0，预测概率：0.0，综合评分：23.0
2026-01-09 15:12:27,373 - qmt_strategy - DEBUG - 股票000005.SZ不满足买入条件，概率：0.0 < 阈值：0.3
2026-01-09 15:12:27,373 - qmt_strategy - INFO - 进行自适应卖点决策
2026-01-09 15:12:27,374 - qmt_strategy - INFO - 交易决策完成，共0个决策
2026-01-09 15:12:27,374 - qmt_strategy - INFO - 2025-11-03生成了0个交易决策
2026-01-09 15:12:27,374 - qmt_strategy - INFO - 进行风险控制检查
2026-01-09 15:12:27,374 - qmt_strategy - WARNING - 交易决策为空，跳过风险控制检查
2026-01-09 15:12:27,374 - qmt_strategy - INFO - 2025-11-03通过风险控制的决策数量：0
2026-01-09 15:12:27,374 - qmt_strategy - INFO - 2025-11-03没有通过风险控制的交易决策
2026-01-09 15:12:27,374 - qmt_strategy - INFO - 处理日期：2025-11-04，当日数据行数：100
2026-01-09 15:12:27,375 - qmt_strategy - INFO - 当日包含 100 只股票：['000001.SZ' '000002.SZ' '000003.SZ' '000004.SZ' '000005.SZ']...
2026-01-09 15:12:27,375 - qmt_strategy - INFO - 模拟2025-11-04的交易
2026-01-09 15:12:27,375 - qmt_strategy - INFO - 过滤后用于预测的数值特征数量：100
2026-01-09 15:12:27,376 - qmt_strategy - INFO - 使用模型进行预测
2026-01-09 15:12:27,413 - qmt_strategy - INFO - 模型预测完成
2026-01-09 15:12:27,414 - qmt_strategy - INFO - 预测结果类型：<class 'dict'>
2026-01-09 15:12:27,414 - qmt_strategy - INFO - 预测结果内容：{'predictions': array([0, 0, 0, 0, 0, 0, 0, 0, 0, 0, 0, 0, 0, 0, 0, 0, 0, 0, 0, 0, 0, 0,
       0, 0, 0, 0, 0, 0, 0, 0, 0, 0, 0, 0, 0, 0, 0, 0, 0, 0, 0, 0, 0, 0,
       0, 0, 0, 0, 0, 0, 0, 0, 0, 0, 0, 0, 0, 0, 0, 0, 0, 0, 0, 0, 0, 0,
       0, 0, 0, 0, 0, 0, 0, 0, 0, 0, 0, 0, 0, 0, 0, 0, 0, 0, 0, 0, 0, 0,
       0, 0, 0, 0, 0, 0, 0, 0, 0, 0, 0, 0]), 'probabilities': array([0., 0., 0., 0., 0., 0., 0., 0., 0., 0., 0., 0., 0., 0., 0., 0., 0.,
       0., 0., 0., 0., 0., 0., 0., 0., 0., 0., 0., 0., 0., 0., 0., 0., 0.,
       0., 0., 0., 0., 0., 0., 0., 0., 0., 0., 0., 0., 0., 0., 0., 0., 0.,
       0., 0., 0., 0., 0., 0., 0., 0., 0., 0., 0., 0., 0., 0., 0., 0., 0.,
       0., 0., 0., 0., 0., 0., 0., 0., 0., 0., 0., 0., 0., 0., 0., 0., 0.,
       0., 0., 0., 0., 0., 0., 0., 0., 0., 0., 0., 0., 0., 0., 0.])}
2026-01-09 15:12:27,414 - qmt_strategy - INFO - 预测结果长度：100
2026-01-09 15:12:27,415 - qmt_strategy - INFO - 开始做出交易决策
2026-01-09 15:12:27,415 - qmt_strategy - INFO - 进行动态买点决策
2026-01-09 15:12:27,418 - qmt_strategy - DEBUG - 处理股票：000001.SZ，预测结果：0，预测概率：0.0，综合评分：23.0
2026-01-09 15:12:27,418 - qmt_strategy - DEBUG - 股票000001.SZ不满足买入条件，概率：0.0 < 阈值：0.3
2026-01-09 15:12:27,418 - qmt_strategy - DEBUG - 处理股票：000002.SZ，预测结果：0，预测概率：0.0，综合评分：23.0
2026-01-09 15:12:27,418 - qmt_strategy - DEBUG - 股票000002.SZ不满足买入条件，概率：0.0 < 阈值：0.3
2026-01-09 15:12:27,418 - qmt_strategy - DEBUG - 处理股票：000003.SZ，预测结果：0，预测概率：0.0，综合评分：23.0
2026-01-09 15:12:27,418 - qmt_strategy - DEBUG - 股票000003.SZ不满足买入条件，概率：0.0 < 阈值：0.3
2026-01-09 15:12:27,418 - qmt_strategy - DEBUG - 处理股票：000004.SZ，预测结果：0，预测概率：0.0，综合评分：23.0
2026-01-09 15:12:27,418 - qmt_strategy - DEBUG - 股票000004.SZ不满足买入条件，概率：0.0 < 阈值：0.3
2026-01-09 15:12:27,419 - qmt_strategy - DEBUG - 处理股票：000005.SZ，预测结果：0，预测概率：0.0，综合评分：23.0
2026-01-09 15:12:27,419 - qmt_strategy - DEBUG - 股票000005.SZ不满足买入条件，概率：0.0 < 阈值：0.3
2026-01-09 15:12:27,419 - qmt_strategy - INFO - 进行自适应卖点决策
2026-01-09 15:12:27,419 - qmt_strategy - INFO - 交易决策完成，共0个决策
2026-01-09 15:12:27,419 - qmt_strategy - INFO - 2025-11-04生成了0个交易决策
2026-01-09 15:12:27,419 - qmt_strategy - INFO - 进行风险控制检查
2026-01-09 15:12:27,419 - qmt_strategy - WARNING - 交易决策为空，跳过风险控制检查
2026-01-09 15:12:27,419 - qmt_strategy - INFO - 2025-11-04通过风险控制的决策数量：0
2026-01-09 15:12:27,419 - qmt_strategy - INFO - 2025-11-04没有通过风险控制的交易决策
2026-01-09 15:12:27,419 - qmt_strategy - INFO - 处理日期：2025-11-05，当日数据行数：100
2026-01-09 15:12:27,420 - qmt_strategy - INFO - 当日包含 100 只股票：['000001.SZ' '000002.SZ' '000003.SZ' '000004.SZ' '000005.SZ']...
2026-01-09 15:12:27,420 - qmt_strategy - INFO - 模拟2025-11-05的交易
2026-01-09 15:12:27,421 - qmt_strategy - INFO - 过滤后用于预测的数值特征数量：100
2026-01-09 15:12:27,421 - qmt_strategy - INFO - 使用模型进行预测
2026-01-09 15:12:27,457 - qmt_strategy - INFO - 模型预测完成
2026-01-09 15:12:27,458 - qmt_strategy - INFO - 预测结果类型：<class 'dict'>
2026-01-09 15:12:27,458 - qmt_strategy - INFO - 预测结果内容：{'predictions': array([0, 0, 0, 0, 0, 0, 0, 0, 0, 0, 0, 0, 0, 0, 0, 0, 0, 0, 0, 0, 0, 0,
       0, 0, 0, 0, 0, 0, 0, 0, 0, 0, 0, 0, 0, 0, 0, 0, 0, 0, 0, 0, 0, 0,
       0, 0, 0, 0, 0, 0, 0, 0, 0, 0, 0, 0, 0, 0, 0, 0, 0, 0, 0, 0, 0, 0,
       0, 0, 0, 0, 0, 0, 0, 0, 0, 0, 0, 0, 0, 0, 0, 0, 0, 0, 0, 0, 0, 0,
       0, 0, 0, 0, 0, 0, 0, 0, 0, 0, 0, 0]), 'probabilities': array([0., 0., 0., 0., 0., 0., 0., 0., 0., 0., 0., 0., 0., 0., 0., 0., 0.,
       0., 0., 0., 0., 0., 0., 0., 0., 0., 0., 0., 0., 0., 0., 0., 0., 0.,
       0., 0., 0., 0., 0., 0., 0., 0., 0., 0., 0., 0., 0., 0., 0., 0., 0.,
       0., 0., 0., 0., 0., 0., 0., 0., 0., 0., 0., 0., 0., 0., 0., 0., 0.,
       0., 0., 0., 0., 0., 0., 0., 0., 0., 0., 0., 0., 0., 0., 0., 0., 0.,
       0., 0., 0., 0., 0., 0., 0., 0., 0., 0., 0., 0., 0., 0., 0.])}
2026-01-09 15:12:27,458 - qmt_strategy - INFO - 预测结果长度：100
2026-01-09 15:12:27,459 - qmt_strategy - INFO - 开始做出交易决策
2026-01-09 15:12:27,459 - qmt_strategy - INFO - 进行动态买点决策
2026-01-09 15:12:27,464 - qmt_strategy - DEBUG - 处理股票：000001.SZ，预测结果：0，预测概率：0.0，综合评分：23.0
2026-01-09 15:12:27,465 - qmt_strategy - DEBUG - 股票000001.SZ不满足买入条件，概率：0.0 < 阈值：0.3
2026-01-09 15:12:27,465 - qmt_strategy - DEBUG - 处理股票：000002.SZ，预测结果：0，预测概率：0.0，综合评分：23.0
2026-01-09 15:12:27,465 - qmt_strategy - DEBUG - 股票000002.SZ不满足买入条件，概率：0.0 < 阈值：0.3
2026-01-09 15:12:27,465 - qmt_strategy - DEBUG - 处理股票：000003.SZ，预测结果：0，预测概率：0.0，综合评分：23.0
2026-01-09 15:12:27,465 - qmt_strategy - DEBUG - 股票000003.SZ不满足买入条件，概率：0.0 < 阈值：0.3
2026-01-09 15:12:27,465 - qmt_strategy - DEBUG - 处理股票：000004.SZ，预测结果：0，预测概率：0.0，综合评分：23.0
2026-01-09 15:12:27,466 - qmt_strategy - DEBUG - 股票000004.SZ不满足买入条件，概率：0.0 < 阈值：0.3
2026-01-09 15:12:27,466 - qmt_strategy - DEBUG - 处理股票：000005.SZ，预测结果：0，预测概率：0.0，综合评分：23.0
2026-01-09 15:12:27,466 - qmt_strategy - DEBUG - 股票000005.SZ不满足买入条件，概率：0.0 < 阈值：0.3
2026-01-09 15:12:27,466 - qmt_strategy - INFO - 进行自适应卖点决策
2026-01-09 15:12:27,466 - qmt_strategy - INFO - 交易决策完成，共0个决策
2026-01-09 15:12:27,466 - qmt_strategy - INFO - 2025-11-05生成了0个交易决策
2026-01-09 15:12:27,466 - qmt_strategy - INFO - 进行风险控制检查
2026-01-09 15:12:27,466 - qmt_strategy - WARNING - 交易决策为空，跳过风险控制检查
2026-01-09 15:12:27,466 - qmt_strategy - INFO - 2025-11-05通过风险控制的决策数量：0
2026-01-09 15:12:27,466 - qmt_strategy - INFO - 2025-11-05没有通过风险控制的交易决策
2026-01-09 15:12:27,467 - qmt_strategy - INFO - 处理日期：2025-11-06，当日数据行数：100
2026-01-09 15:12:27,467 - qmt_strategy - INFO - 当日包含 100 只股票：['000001.SZ' '000002.SZ' '000003.SZ' '000004.SZ' '000005.SZ']...
2026-01-09 15:12:27,467 - qmt_strategy - INFO - 模拟2025-11-06的交易
2026-01-09 15:12:27,468 - qmt_strategy - INFO - 过滤后用于预测的数值特征数量：100
2026-01-09 15:12:27,468 - qmt_strategy - INFO - 使用模型进行预测
2026-01-09 15:12:27,515 - qmt_strategy - INFO - 模型预测完成
2026-01-09 15:12:27,515 - qmt_strategy - INFO - 预测结果类型：<class 'dict'>
2026-01-09 15:12:27,516 - qmt_strategy - INFO - 预测结果内容：{'predictions': array([0, 0, 0, 0, 0, 0, 0, 0, 0, 0, 0, 0, 0, 0, 0, 0, 0, 0, 0, 0, 0, 0,
       0, 0, 0, 0, 0, 0, 0, 0, 0, 0, 0, 0, 0, 0, 0, 0, 0, 0, 0, 0, 0, 0,
       0, 0, 0, 0, 0, 0, 0, 0, 0, 0, 0, 0, 0, 0, 0, 0, 0, 0, 0, 0, 0, 0,
       0, 0, 0, 0, 0, 0, 0, 0, 0, 0, 0, 0, 0, 0, 0, 0, 0, 0, 0, 0, 0, 0,
       0, 0, 0, 0, 0, 0, 0, 0, 0, 0, 0, 0]), 'probabilities': array([0., 0., 0., 0., 0., 0., 0., 0., 0., 0., 0., 0., 0., 0., 0., 0., 0.,
       0., 0., 0., 0., 0., 0., 0., 0., 0., 0., 0., 0., 0., 0., 0., 0., 0.,
       0., 0., 0., 0., 0., 0., 0., 0., 0., 0., 0., 0., 0., 0., 0., 0., 0.,
       0., 0., 0., 0., 0., 0., 0., 0., 0., 0., 0., 0., 0., 0., 0., 0., 0.,
       0., 0., 0., 0., 0., 0., 0., 0., 0., 0., 0., 0., 0., 0., 0., 0., 0.,
       0., 0., 0., 0., 0., 0., 0., 0., 0., 0., 0., 0., 0., 0., 0.])}
2026-01-09 15:12:27,516 - qmt_strategy - INFO - 预测结果长度：100
2026-01-09 15:12:27,516 - qmt_strategy - INFO - 开始做出交易决策
2026-01-09 15:12:27,517 - qmt_strategy - INFO - 进行动态买点决策
2026-01-09 15:12:27,519 - qmt_strategy - DEBUG - 处理股票：000001.SZ，预测结果：0，预测概率：0.0，综合评分：23.0
2026-01-09 15:12:27,520 - qmt_strategy - DEBUG - 股票000001.SZ不满足买入条件，概率：0.0 < 阈值：0.3
2026-01-09 15:12:27,520 - qmt_strategy - DEBUG - 处理股票：000002.SZ，预测结果：0，预测概率：0.0，综合评分：23.0
2026-01-09 15:12:27,520 - qmt_strategy - DEBUG - 股票000002.SZ不满足买入条件，概率：0.0 < 阈值：0.3
2026-01-09 15:12:27,520 - qmt_strategy - DEBUG - 处理股票：000003.SZ，预测结果：0，预测概率：0.0，综合评分：23.0
2026-01-09 15:12:27,520 - qmt_strategy - DEBUG - 股票000003.SZ不满足买入条件，概率：0.0 < 阈值：0.3
2026-01-09 15:12:27,521 - qmt_strategy - DEBUG - 处理股票：000004.SZ，预测结果：0，预测概率：0.0，综合评分：23.0
2026-01-09 15:12:27,521 - qmt_strategy - DEBUG - 股票000004.SZ不满足买入条件，概率：0.0 < 阈值：0.3
2026-01-09 15:12:27,521 - qmt_strategy - DEBUG - 处理股票：000005.SZ，预测结果：0，预测概率：0.0，综合评分：23.0
2026-01-09 15:12:27,521 - qmt_strategy - DEBUG - 股票000005.SZ不满足买入条件，概率：0.0 < 阈值：0.3
2026-01-09 15:12:27,521 - qmt_strategy - INFO - 进行自适应卖点决策
2026-01-09 15:12:27,522 - qmt_strategy - INFO - 交易决策完成，共0个决策
2026-01-09 15:12:27,522 - qmt_strategy - INFO - 2025-11-06生成了0个交易决策
2026-01-09 15:12:27,522 - qmt_strategy - INFO - 进行风险控制检查
2026-01-09 15:12:27,522 - qmt_strategy - WARNING - 交易决策为空，跳过风险控制检查
2026-01-09 15:12:27,523 - qmt_strategy - INFO - 2025-11-06通过风险控制的决策数量：0
2026-01-09 15:12:27,523 - qmt_strategy - INFO - 2025-11-06没有通过风险控制的交易决策
2026-01-09 15:12:27,523 - qmt_strategy - INFO - 处理日期：2025-11-07，当日数据行数：100
2026-01-09 15:12:27,523 - qmt_strategy - INFO - 当日包含 100 只股票：['000001.SZ' '000002.SZ' '000003.SZ' '000004.SZ' '000005.SZ']...
2026-01-09 15:12:27,524 - qmt_strategy - INFO - 模拟2025-11-07的交易
2026-01-09 15:12:27,525 - qmt_strategy - INFO - 过滤后用于预测的数值特征数量：100
2026-01-09 15:12:27,525 - qmt_strategy - INFO - 使用模型进行预测
2026-01-09 15:12:27,579 - qmt_strategy - INFO - 模型预测完成
2026-01-09 15:12:27,579 - qmt_strategy - INFO - 预测结果类型：<class 'dict'>
2026-01-09 15:12:27,580 - qmt_strategy - INFO - 预测结果内容：{'predictions': array([0, 0, 0, 0, 0, 0, 0, 0, 0, 0, 0, 0, 0, 0, 0, 0, 0, 0, 0, 0, 0, 0,
       0, 0, 0, 0, 0, 0, 0, 0, 0, 0, 0, 0, 0, 0, 0, 0, 0, 0, 0, 0, 0, 0,
       0, 0, 0, 0, 0, 0, 0, 0, 0, 0, 0, 0, 0, 0, 0, 0, 0, 0, 0, 0, 0, 0,
       0, 0, 0, 0, 0, 0, 0, 0, 0, 0, 0, 0, 0, 0, 0, 0, 0, 0, 0, 0, 0, 0,
       0, 0, 0, 0, 0, 0, 0, 0, 0, 0, 0, 0]), 'probabilities': array([0., 0., 0., 0., 0., 0., 0., 0., 0., 0., 0., 0., 0., 0., 0., 0., 0.,
       0., 0., 0., 0., 0., 0., 0., 0., 0., 0., 0., 0., 0., 0., 0., 0., 0.,
       0., 0., 0., 0., 0., 0., 0., 0., 0., 0., 0., 0., 0., 0., 0., 0., 0.,
       0., 0., 0., 0., 0., 0., 0., 0., 0., 0., 0., 0., 0., 0., 0., 0., 0.,
       0., 0., 0., 0., 0., 0., 0., 0., 0., 0., 0., 0., 0., 0., 0., 0., 0.,
       0., 0., 0., 0., 0., 0., 0., 0., 0., 0., 0., 0., 0., 0., 0.])}
2026-01-09 15:12:27,581 - qmt_strategy - INFO - 预测结果长度：100
2026-01-09 15:12:27,581 - qmt_strategy - INFO - 开始做出交易决策
2026-01-09 15:12:27,581 - qmt_strategy - INFO - 进行动态买点决策
2026-01-09 15:12:27,584 - qmt_strategy - DEBUG - 处理股票：000004.SZ，预测结果：0，预测概率：0.0，综合评分：28.0
2026-01-09 15:12:27,584 - qmt_strategy - DEBUG - 股票000004.SZ不满足买入条件，概率：0.0 < 阈值：0.3
2026-01-09 15:12:27,584 - qmt_strategy - DEBUG - 处理股票：000012.SZ，预测结果：0，预测概率：0.0，综合评分：28.0
2026-01-09 15:12:27,584 - qmt_strategy - DEBUG - 股票000012.SZ不满足买入条件，概率：0.0 < 阈值：0.3
2026-01-09 15:12:27,584 - qmt_strategy - DEBUG - 处理股票：000020.SZ，预测结果：0，预测概率：0.0，综合评分：28.0
2026-01-09 15:12:27,584 - qmt_strategy - DEBUG - 股票000020.SZ不满足买入条件，概率：0.0 < 阈值：0.3
2026-01-09 15:12:27,584 - qmt_strategy - DEBUG - 处理股票：000021.SZ，预测结果：0，预测概率：0.0，综合评分：28.0
2026-01-09 15:12:27,585 - qmt_strategy - DEBUG - 股票000021.SZ不满足买入条件，概率：0.0 < 阈值：0.3
2026-01-09 15:12:27,585 - qmt_strategy - DEBUG - 处理股票：000029.SZ，预测结果：0，预测概率：0.0，综合评分：28.0
2026-01-09 15:12:27,585 - qmt_strategy - DEBUG - 股票000029.SZ不满足买入条件，概率：0.0 < 阈值：0.3
2026-01-09 15:12:27,585 - qmt_strategy - INFO - 进行自适应卖点决策
2026-01-09 15:12:27,585 - qmt_strategy - INFO - 交易决策完成，共0个决策
2026-01-09 15:12:27,585 - qmt_strategy - INFO - 2025-11-07生成了0个交易决策
2026-01-09 15:12:27,585 - qmt_strategy - INFO - 进行风险控制检查
2026-01-09 15:12:27,585 - qmt_strategy - WARNING - 交易决策为空，跳过风险控制检查
2026-01-09 15:12:27,586 - qmt_strategy - INFO - 2025-11-07通过风险控制的决策数量：0
2026-01-09 15:12:27,586 - qmt_strategy - INFO - 2025-11-07没有通过风险控制的交易决策
2026-01-09 15:12:27,586 - qmt_strategy - INFO - 处理日期：2025-11-10，当日数据行数：100
2026-01-09 15:12:27,586 - qmt_strategy - INFO - 当日包含 100 只股票：['000001.SZ' '000002.SZ' '000003.SZ' '000004.SZ' '000005.SZ']...
2026-01-09 15:12:27,586 - qmt_strategy - INFO - 模拟2025-11-10的交易
2026-01-09 15:12:27,587 - qmt_strategy - INFO - 过滤后用于预测的数值特征数量：100
2026-01-09 15:12:27,587 - qmt_strategy - INFO - 使用模型进行预测
2026-01-09 15:12:27,621 - qmt_strategy - INFO - 模型预测完成
2026-01-09 15:12:27,621 - qmt_strategy - INFO - 预测结果类型：<class 'dict'>
2026-01-09 15:12:27,622 - qmt_strategy - INFO - 预测结果内容：{'predictions': array([0, 0, 0, 0, 0, 0, 0, 0, 0, 0, 0, 0, 0, 0, 0, 0, 0, 0, 0, 0, 0, 0,
       0, 0, 0, 0, 0, 0, 0, 0, 0, 0, 0, 0, 0, 0, 0, 0, 0, 0, 0, 0, 0, 0,
       0, 0, 0, 0, 0, 0, 0, 0, 0, 0, 0, 0, 0, 0, 0, 0, 0, 0, 0, 0, 0, 0,
       0, 0, 0, 0, 0, 0, 0, 0, 0, 0, 0, 0, 0, 0, 0, 0, 0, 0, 0, 0, 0, 0,
       0, 0, 0, 0, 0, 0, 0, 0, 0, 0, 0, 0]), 'probabilities': array([0., 0., 0., 0., 0., 0., 0., 0., 0., 0., 0., 0., 0., 0., 0., 0., 0.,
       0., 0., 0., 0., 0., 0., 0., 0., 0., 0., 0., 0., 0., 0., 0., 0., 0.,
       0., 0., 0., 0., 0., 0., 0., 0., 0., 0., 0., 0., 0., 0., 0., 0., 0.,
       0., 0., 0., 0., 0., 0., 0., 0., 0., 0., 0., 0., 0., 0., 0., 0., 0.,
       0., 0., 0., 0., 0., 0., 0., 0., 0., 0., 0., 0., 0., 0., 0., 0., 0.,
       0., 0., 0., 0., 0., 0., 0., 0., 0., 0., 0., 0., 0., 0., 0.])}
2026-01-09 15:12:27,622 - qmt_strategy - INFO - 预测结果长度：100
2026-01-09 15:12:27,622 - qmt_strategy - INFO - 开始做出交易决策
2026-01-09 15:12:27,622 - qmt_strategy - INFO - 进行动态买点决策
2026-01-09 15:12:27,625 - qmt_strategy - DEBUG - 处理股票：000004.SZ，预测结果：0，预测概率：0.0，综合评分：28.0
2026-01-09 15:12:27,625 - qmt_strategy - DEBUG - 股票000004.SZ不满足买入条件，概率：0.0 < 阈值：0.3
2026-01-09 15:12:27,626 - qmt_strategy - DEBUG - 处理股票：000005.SZ，预测结果：0，预测概率：0.0，综合评分：28.0
2026-01-09 15:12:27,626 - qmt_strategy - DEBUG - 股票000005.SZ不满足买入条件，概率：0.0 < 阈值：0.3
2026-01-09 15:12:27,626 - qmt_strategy - DEBUG - 处理股票：000021.SZ，预测结果：0，预测概率：0.0，综合评分：28.0
2026-01-09 15:12:27,626 - qmt_strategy - DEBUG - 股票000021.SZ不满足买入条件，概率：0.0 < 阈值：0.3
2026-01-09 15:12:27,626 - qmt_strategy - DEBUG - 处理股票：000024.SZ，预测结果：0，预测概率：0.0，综合评分：28.0
2026-01-09 15:12:27,627 - qmt_strategy - DEBUG - 股票000024.SZ不满足买入条件，概率：0.0 < 阈值：0.3
2026-01-09 15:12:27,627 - qmt_strategy - DEBUG - 处理股票：000027.SZ，预测结果：0，预测概率：0.0，综合评分：28.0
2026-01-09 15:12:27,627 - qmt_strategy - DEBUG - 股票000027.SZ不满足买入条件，概率：0.0 < 阈值：0.3
2026-01-09 15:12:27,627 - qmt_strategy - INFO - 进行自适应卖点决策
2026-01-09 15:12:27,628 - qmt_strategy - INFO - 交易决策完成，共0个决策
2026-01-09 15:12:27,628 - qmt_strategy - INFO - 2025-11-10生成了0个交易决策
2026-01-09 15:12:27,628 - qmt_strategy - INFO - 进行风险控制检查
2026-01-09 15:12:27,629 - qmt_strategy - WARNING - 交易决策为空，跳过风险控制检查
2026-01-09 15:12:27,629 - qmt_strategy - INFO - 2025-11-10通过风险控制的决策数量：0
2026-01-09 15:12:27,629 - qmt_strategy - INFO - 2025-11-10没有通过风险控制的交易决策
2026-01-09 15:12:27,629 - qmt_strategy - INFO - 处理日期：2025-11-11，当日数据行数：100
2026-01-09 15:12:27,630 - qmt_strategy - INFO - 当日包含 100 只股票：['000001.SZ' '000002.SZ' '000003.SZ' '000004.SZ' '000005.SZ']...
2026-01-09 15:12:27,630 - qmt_strategy - INFO - 模拟2025-11-11的交易
2026-01-09 15:12:27,631 - qmt_strategy - INFO - 过滤后用于预测的数值特征数量：100
2026-01-09 15:12:27,631 - qmt_strategy - INFO - 使用模型进行预测
2026-01-09 15:12:27,667 - qmt_strategy - INFO - 模型预测完成
2026-01-09 15:12:27,667 - qmt_strategy - INFO - 预测结果类型：<class 'dict'>
2026-01-09 15:12:27,668 - qmt_strategy - INFO - 预测结果内容：{'predictions': array([0, 0, 0, 0, 0, 0, 0, 0, 0, 0, 0, 0, 0, 0, 0, 0, 0, 0, 0, 0, 0, 0,
       0, 0, 0, 0, 0, 0, 0, 0, 0, 0, 0, 0, 0, 0, 0, 0, 0, 0, 0, 0, 0, 0,
       0, 0, 0, 0, 0, 0, 0, 0, 0, 0, 0, 0, 0, 0, 0, 0, 0, 0, 0, 0, 0, 0,
       0, 0, 0, 0, 0, 0, 0, 0, 0, 0, 0, 0, 0, 0, 0, 0, 0, 0, 0, 0, 0, 0,
       0, 0, 0, 0, 0, 0, 0, 0, 0, 0, 0, 0]), 'probabilities': array([0., 0., 0., 0., 0., 0., 0., 0., 0., 0., 0., 0., 0., 0., 0., 0., 0.,
       0., 0., 0., 0., 0., 0., 0., 0., 0., 0., 0., 0., 0., 0., 0., 0., 0.,
       0., 0., 0., 0., 0., 0., 0., 0., 0., 0., 0., 0., 0., 0., 0., 0., 0.,
       0., 0., 0., 0., 0., 0., 0., 0., 0., 0., 0., 0., 0., 0., 0., 0., 0.,
       0., 0., 0., 0., 0., 0., 0., 0., 0., 0., 0., 0., 0., 0., 0., 0., 0.,
       0., 0., 0., 0., 0., 0., 0., 0., 0., 0., 0., 0., 0., 0., 0.])}
2026-01-09 15:12:27,668 - qmt_strategy - INFO - 预测结果长度：100
2026-01-09 15:12:27,668 - qmt_strategy - INFO - 开始做出交易决策
2026-01-09 15:12:27,668 - qmt_strategy - INFO - 进行动态买点决策
2026-01-09 15:12:27,671 - qmt_strategy - DEBUG - 处理股票：000021.SZ，预测结果：0，预测概率：0.0，综合评分：28.0
2026-01-09 15:12:27,671 - qmt_strategy - DEBUG - 股票000021.SZ不满足买入条件，概率：0.0 < 阈值：0.3
2026-01-09 15:12:27,671 - qmt_strategy - DEBUG - 处理股票：000029.SZ，预测结果：0，预测概率：0.0，综合评分：28.0
2026-01-09 15:12:27,671 - qmt_strategy - DEBUG - 股票000029.SZ不满足买入条件，概率：0.0 < 阈值：0.3
2026-01-09 15:12:27,671 - qmt_strategy - DEBUG - 处理股票：000036.SZ，预测结果：0，预测概率：0.0，综合评分：28.0
2026-01-09 15:12:27,671 - qmt_strategy - DEBUG - 股票000036.SZ不满足买入条件，概率：0.0 < 阈值：0.3
2026-01-09 15:12:27,672 - qmt_strategy - DEBUG - 处理股票：000038.SZ，预测结果：0，预测概率：0.0，综合评分：28.0
2026-01-09 15:12:27,672 - qmt_strategy - DEBUG - 股票000038.SZ不满足买入条件，概率：0.0 < 阈值：0.3
2026-01-09 15:12:27,672 - qmt_strategy - DEBUG - 处理股票：000039.SZ，预测结果：0，预测概率：0.0，综合评分：28.0
2026-01-09 15:12:27,672 - qmt_strategy - DEBUG - 股票000039.SZ不满足买入条件，概率：0.0 < 阈值：0.3
2026-01-09 15:12:27,672 - qmt_strategy - INFO - 进行自适应卖点决策
2026-01-09 15:12:27,672 - qmt_strategy - INFO - 交易决策完成，共0个决策
2026-01-09 15:12:27,672 - qmt_strategy - INFO - 2025-11-11生成了0个交易决策
2026-01-09 15:12:27,672 - qmt_strategy - INFO - 进行风险控制检查
2026-01-09 15:12:27,672 - qmt_strategy - WARNING - 交易决策为空，跳过风险控制检查
2026-01-09 15:12:27,672 - qmt_strategy - INFO - 2025-11-11通过风险控制的决策数量：0
2026-01-09 15:12:27,672 - qmt_strategy - INFO - 2025-11-11没有通过风险控制的交易决策
2026-01-09 15:12:27,673 - qmt_strategy - INFO - 处理日期：2025-11-12，当日数据行数：100
2026-01-09 15:12:27,673 - qmt_strategy - INFO - 当日包含 100 只股票：['000001.SZ' '000002.SZ' '000003.SZ' '000004.SZ' '000005.SZ']...
2026-01-09 15:12:27,673 - qmt_strategy - INFO - 模拟2025-11-12的交易
2026-01-09 15:12:27,674 - qmt_strategy - INFO - 过滤后用于预测的数值特征数量：100
2026-01-09 15:12:27,674 - qmt_strategy - INFO - 使用模型进行预测
2026-01-09 15:12:27,714 - qmt_strategy - INFO - 模型预测完成
2026-01-09 15:12:27,714 - qmt_strategy - INFO - 预测结果类型：<class 'dict'>
2026-01-09 15:12:27,715 - qmt_strategy - INFO - 预测结果内容：{'predictions': array([0, 0, 0, 0, 0, 0, 0, 0, 0, 0, 0, 0, 0, 0, 0, 0, 0, 0, 0, 0, 0, 0,
       0, 0, 0, 0, 0, 0, 0, 0, 0, 0, 0, 0, 0, 0, 0, 0, 0, 0, 0, 0, 0, 0,
       0, 0, 0, 0, 0, 0, 0, 0, 0, 0, 0, 0, 0, 0, 0, 0, 0, 0, 0, 0, 0, 0,
       0, 0, 0, 0, 0, 0, 0, 0, 0, 0, 0, 0, 0, 0, 0, 0, 0, 0, 0, 0, 0, 0,
       0, 0, 0, 0, 0, 0, 0, 0, 0, 0, 0, 0]), 'probabilities': array([0., 0., 0., 0., 0., 0., 0., 0., 0., 0., 0., 0., 0., 0., 0., 0., 0.,
       0., 0., 0., 0., 0., 0., 0., 0., 0., 0., 0., 0., 0., 0., 0., 0., 0.,
       0., 0., 0., 0., 0., 0., 0., 0., 0., 0., 0., 0., 0., 0., 0., 0., 0.,
       0., 0., 0., 0., 0., 0., 0., 0., 0., 0., 0., 0., 0., 0., 0., 0., 0.,
       0., 0., 0., 0., 0., 0., 0., 0., 0., 0., 0., 0., 0., 0., 0., 0., 0.,
       0., 0., 0., 0., 0., 0., 0., 0., 0., 0., 0., 0., 0., 0., 0.])}
2026-01-09 15:12:27,715 - qmt_strategy - INFO - 预测结果长度：100
2026-01-09 15:12:27,715 - qmt_strategy - INFO - 开始做出交易决策
2026-01-09 15:12:27,715 - qmt_strategy - INFO - 进行动态买点决策
2026-01-09 15:12:27,719 - qmt_strategy - DEBUG - 处理股票：000003.SZ，预测结果：0，预测概率：0.0，综合评分：28.0
2026-01-09 15:12:27,719 - qmt_strategy - DEBUG - 股票000003.SZ不满足买入条件，概率：0.0 < 阈值：0.3
2026-01-09 15:12:27,719 - qmt_strategy - DEBUG - 处理股票：000005.SZ，预测结果：0，预测概率：0.0，综合评分：28.0
2026-01-09 15:12:27,719 - qmt_strategy - DEBUG - 股票000005.SZ不满足买入条件，概率：0.0 < 阈值：0.3
2026-01-09 15:12:27,719 - qmt_strategy - DEBUG - 处理股票：000021.SZ，预测结果：0，预测概率：0.0，综合评分：28.0
2026-01-09 15:12:27,719 - qmt_strategy - DEBUG - 股票000021.SZ不满足买入条件，概率：0.0 < 阈值：0.3
2026-01-09 15:12:27,720 - qmt_strategy - DEBUG - 处理股票：000023.SZ，预测结果：0，预测概率：0.0，综合评分：28.0
2026-01-09 15:12:27,720 - qmt_strategy - DEBUG - 股票000023.SZ不满足买入条件，概率：0.0 < 阈值：0.3
2026-01-09 15:12:27,720 - qmt_strategy - DEBUG - 处理股票：000024.SZ，预测结果：0，预测概率：0.0，综合评分：28.0
2026-01-09 15:12:27,720 - qmt_strategy - DEBUG - 股票000024.SZ不满足买入条件，概率：0.0 < 阈值：0.3
2026-01-09 15:12:27,720 - qmt_strategy - INFO - 进行自适应卖点决策
2026-01-09 15:12:27,720 - qmt_strategy - INFO - 交易决策完成，共0个决策
2026-01-09 15:12:27,721 - qmt_strategy - INFO - 2025-11-12生成了0个交易决策
2026-01-09 15:12:27,721 - qmt_strategy - INFO - 进行风险控制检查
2026-01-09 15:12:27,721 - qmt_strategy - WARNING - 交易决策为空，跳过风险控制检查
2026-01-09 15:12:27,721 - qmt_strategy - INFO - 2025-11-12通过风险控制的决策数量：0
2026-01-09 15:12:27,721 - qmt_strategy - INFO - 2025-11-12没有通过风险控制的交易决策
2026-01-09 15:12:27,721 - qmt_strategy - INFO - 处理日期：2025-11-13，当日数据行数：100
2026-01-09 15:12:27,721 - qmt_strategy - INFO - 当日包含 100 只股票：['000001.SZ' '000002.SZ' '000003.SZ' '000004.SZ' '000005.SZ']...
2026-01-09 15:12:27,722 - qmt_strategy - INFO - 模拟2025-11-13的交易
2026-01-09 15:12:27,722 - qmt_strategy - INFO - 过滤后用于预测的数值特征数量：100
2026-01-09 15:12:27,722 - qmt_strategy - INFO - 使用模型进行预测
2026-01-09 15:12:27,781 - qmt_strategy - INFO - 模型预测完成
2026-01-09 15:12:27,781 - qmt_strategy - INFO - 预测结果类型：<class 'dict'>
2026-01-09 15:12:27,782 - qmt_strategy - INFO - 预测结果内容：{'predictions': array([0, 0, 0, 0, 0, 0, 0, 0, 0, 0, 0, 0, 0, 0, 0, 0, 0, 0, 0, 0, 0, 0,
       0, 0, 0, 0, 0, 0, 0, 0, 0, 0, 0, 0, 0, 0, 0, 0, 0, 0, 0, 0, 0, 0,
       0, 0, 0, 0, 0, 0, 0, 0, 0, 0, 0, 0, 0, 0, 0, 0, 0, 0, 0, 0, 0, 0,
       0, 0, 0, 0, 0, 0, 0, 0, 0, 0, 0, 0, 0, 0, 0, 0, 0, 0, 0, 0, 0, 0,
       0, 0, 0, 0, 0, 0, 0, 0, 0, 0, 0, 0]), 'probabilities': array([0., 0., 0., 0., 0., 0., 0., 0., 0., 0., 0., 0., 0., 0., 0., 0., 0.,
       0., 0., 0., 0., 0., 0., 0., 0., 0., 0., 0., 0., 0., 0., 0., 0., 0.,
       0., 0., 0., 0., 0., 0., 0., 0., 0., 0., 0., 0., 0., 0., 0., 0., 0.,
       0., 0., 0., 0., 0., 0., 0., 0., 0., 0., 0., 0., 0., 0., 0., 0., 0.,
       0., 0., 0., 0., 0., 0., 0., 0., 0., 0., 0., 0., 0., 0., 0., 0., 0.,
       0., 0., 0., 0., 0., 0., 0., 0., 0., 0., 0., 0., 0., 0., 0.])}
2026-01-09 15:12:27,782 - qmt_strategy - INFO - 预测结果长度：100
2026-01-09 15:12:27,782 - qmt_strategy - INFO - 开始做出交易决策
2026-01-09 15:12:27,782 - qmt_strategy - INFO - 进行动态买点决策
2026-01-09 15:12:27,785 - qmt_strategy - DEBUG - 处理股票：000003.SZ，预测结果：0，预测概率：0.0，综合评分：28.0
2026-01-09 15:12:27,785 - qmt_strategy - DEBUG - 股票000003.SZ不满足买入条件，概率：0.0 < 阈值：0.3
2026-01-09 15:12:27,785 - qmt_strategy - DEBUG - 处理股票：000023.SZ，预测结果：0，预测概率：0.0，综合评分：28.0
2026-01-09 15:12:27,785 - qmt_strategy - DEBUG - 股票000023.SZ不满足买入条件，概率：0.0 < 阈值：0.3
2026-01-09 15:12:27,785 - qmt_strategy - DEBUG - 处理股票：000024.SZ，预测结果：0，预测概率：0.0，综合评分：28.0
2026-01-09 15:12:27,786 - qmt_strategy - DEBUG - 股票000024.SZ不满足买入条件，概率：0.0 < 阈值：0.3
2026-01-09 15:12:27,786 - qmt_strategy - DEBUG - 处理股票：000033.SZ，预测结果：0，预测概率：0.0，综合评分：28.0
2026-01-09 15:12:27,786 - qmt_strategy - DEBUG - 股票000033.SZ不满足买入条件，概率：0.0 < 阈值：0.3
2026-01-09 15:12:27,786 - qmt_strategy - DEBUG - 处理股票：000036.SZ，预测结果：0，预测概率：0.0，综合评分：28.0
2026-01-09 15:12:27,786 - qmt_strategy - DEBUG - 股票000036.SZ不满足买入条件，概率：0.0 < 阈值：0.3
2026-01-09 15:12:27,786 - qmt_strategy - INFO - 进行自适应卖点决策
2026-01-09 15:12:27,786 - qmt_strategy - INFO - 交易决策完成，共0个决策
2026-01-09 15:12:27,786 - qmt_strategy - INFO - 2025-11-13生成了0个交易决策
2026-01-09 15:12:27,786 - qmt_strategy - INFO - 进行风险控制检查
2026-01-09 15:12:27,786 - qmt_strategy - WARNING - 交易决策为空，跳过风险控制检查
2026-01-09 15:12:27,787 - qmt_strategy - INFO - 2025-11-13通过风险控制的决策数量：0
2026-01-09 15:12:27,787 - qmt_strategy - INFO - 2025-11-13没有通过风险控制的交易决策
2026-01-09 15:12:27,787 - qmt_strategy - INFO - 处理日期：2025-11-14，当日数据行数：100
2026-01-09 15:12:27,787 - qmt_strategy - INFO - 当日包含 100 只股票：['000001.SZ' '000002.SZ' '000003.SZ' '000004.SZ' '000005.SZ']...
2026-01-09 15:12:27,787 - qmt_strategy - INFO - 模拟2025-11-14的交易
2026-01-09 15:12:27,788 - qmt_strategy - INFO - 过滤后用于预测的数值特征数量：100
2026-01-09 15:12:27,788 - qmt_strategy - INFO - 使用模型进行预测
2026-01-09 15:12:27,822 - qmt_strategy - INFO - 模型预测完成
2026-01-09 15:12:27,823 - qmt_strategy - INFO - 预测结果类型：<class 'dict'>
2026-01-09 15:12:27,823 - qmt_strategy - INFO - 预测结果内容：{'predictions': array([0, 0, 0, 0, 0, 0, 0, 0, 0, 0, 0, 0, 0, 0, 0, 0, 0, 0, 0, 0, 0, 0,
       0, 0, 0, 0, 0, 0, 0, 0, 0, 0, 0, 0, 0, 0, 0, 0, 0, 0, 0, 0, 0, 0,
       0, 0, 0, 0, 0, 0, 0, 0, 0, 0, 0, 0, 0, 0, 0, 0, 0, 0, 0, 0, 0, 0,
       0, 0, 0, 0, 0, 0, 0, 0, 0, 0, 0, 0, 0, 0, 0, 0, 0, 0, 0, 0, 0, 0,
       0, 0, 0, 0, 0, 0, 0, 0, 0, 0, 0, 0]), 'probabilities': array([0., 0., 0., 0., 0., 0., 0., 0., 0., 0., 0., 0., 0., 0., 0., 0., 0.,
       0., 0., 0., 0., 0., 0., 0., 0., 0., 0., 0., 0., 0., 0., 0., 0., 0.,
       0., 0., 0., 0., 0., 0., 0., 0., 0., 0., 0., 0., 0., 0., 0., 0., 0.,
       0., 0., 0., 0., 0., 0., 0., 0., 0., 0., 0., 0., 0., 0., 0., 0., 0.,
       0., 0., 0., 0., 0., 0., 0., 0., 0., 0., 0., 0., 0., 0., 0., 0., 0.,
       0., 0., 0., 0., 0., 0., 0., 0., 0., 0., 0., 0., 0., 0., 0.])}
2026-01-09 15:12:27,823 - qmt_strategy - INFO - 预测结果长度：100
2026-01-09 15:12:27,823 - qmt_strategy - INFO - 开始做出交易决策
2026-01-09 15:12:27,824 - qmt_strategy - INFO - 进行动态买点决策
2026-01-09 15:12:27,827 - qmt_strategy - DEBUG - 处理股票：000003.SZ，预测结果：0，预测概率：0.0，综合评分：28.0
2026-01-09 15:12:27,827 - qmt_strategy - DEBUG - 股票000003.SZ不满足买入条件，概率：0.0 < 阈值：0.3
2026-01-09 15:12:27,827 - qmt_strategy - DEBUG - 处理股票：000005.SZ，预测结果：0，预测概率：0.0，综合评分：28.0
2026-01-09 15:12:27,827 - qmt_strategy - DEBUG - 股票000005.SZ不满足买入条件，概率：0.0 < 阈值：0.3
2026-01-09 15:12:27,827 - qmt_strategy - DEBUG - 处理股票：000008.SZ，预测结果：0，预测概率：0.0，综合评分：28.0
2026-01-09 15:12:27,828 - qmt_strategy - DEBUG - 股票000008.SZ不满足买入条件，概率：0.0 < 阈值：0.3
2026-01-09 15:12:27,829 - qmt_strategy - DEBUG - 处理股票：000010.SZ，预测结果：0，预测概率：0.0，综合评分：28.0
2026-01-09 15:12:27,829 - qmt_strategy - DEBUG - 股票000010.SZ不满足买入条件，概率：0.0 < 阈值：0.3
2026-01-09 15:12:27,829 - qmt_strategy - DEBUG - 处理股票：000015.SZ，预测结果：0，预测概率：0.0，综合评分：28.0
2026-01-09 15:12:27,829 - qmt_strategy - DEBUG - 股票000015.SZ不满足买入条件，概率：0.0 < 阈值：0.3
2026-01-09 15:12:27,829 - qmt_strategy - INFO - 进行自适应卖点决策
2026-01-09 15:12:27,830 - qmt_strategy - INFO - 交易决策完成，共0个决策
2026-01-09 15:12:27,830 - qmt_strategy - INFO - 2025-11-14生成了0个交易决策
2026-01-09 15:12:27,830 - qmt_strategy - INFO - 进行风险控制检查
2026-01-09 15:12:27,830 - qmt_strategy - WARNING - 交易决策为空，跳过风险控制检查
2026-01-09 15:12:27,830 - qmt_strategy - INFO - 2025-11-14通过风险控制的决策数量：0
2026-01-09 15:12:27,830 - qmt_strategy - INFO - 2025-11-14没有通过风险控制的交易决策
2026-01-09 15:12:27,831 - qmt_strategy - INFO - 处理日期：2025-11-17，当日数据行数：100
2026-01-09 15:12:27,831 - qmt_strategy - INFO - 当日包含 100 只股票：['000001.SZ' '000002.SZ' '000003.SZ' '000004.SZ' '000005.SZ']...
2026-01-09 15:12:27,832 - qmt_strategy - INFO - 模拟2025-11-17的交易
2026-01-09 15:12:27,833 - qmt_strategy - INFO - 过滤后用于预测的数值特征数量：100
2026-01-09 15:12:27,833 - qmt_strategy - INFO - 使用模型进行预测
2026-01-09 15:12:27,881 - qmt_strategy - INFO - 模型预测完成
2026-01-09 15:12:27,881 - qmt_strategy - INFO - 预测结果类型：<class 'dict'>
2026-01-09 15:12:27,882 - qmt_strategy - INFO - 预测结果内容：{'predictions': array([0, 0, 0, 0, 0, 0, 0, 0, 0, 0, 0, 0, 0, 0, 0, 0, 0, 0, 0, 0, 0, 0,
       0, 0, 0, 0, 0, 0, 0, 0, 0, 0, 0, 0, 0, 0, 0, 0, 0, 0, 0, 0, 0, 0,
       0, 0, 0, 0, 0, 0, 0, 0, 0, 0, 0, 0, 0, 0, 0, 0, 0, 0, 0, 0, 0, 0,
       0, 0, 0, 0, 0, 0, 0, 0, 0, 0, 0, 0, 0, 0, 0, 0, 0, 0, 0, 0, 0, 0,
       0, 0, 0, 0, 0, 0, 0, 0, 0, 0, 0, 0]), 'probabilities': array([0., 0., 0., 0., 0., 0., 0., 0., 0., 0., 0., 0., 0., 0., 0., 0., 0.,
       0., 0., 0., 0., 0., 0., 0., 0., 0., 0., 0., 0., 0., 0., 0., 0., 0.,
       0., 0., 0., 0., 0., 0., 0., 0., 0., 0., 0., 0., 0., 0., 0., 0., 0.,
       0., 0., 0., 0., 0., 0., 0., 0., 0., 0., 0., 0., 0., 0., 0., 0., 0.,
       0., 0., 0., 0., 0., 0., 0., 0., 0., 0., 0., 0., 0., 0., 0., 0., 0.,
       0., 0., 0., 0., 0., 0., 0., 0., 0., 0., 0., 0., 0., 0., 0.])}
2026-01-09 15:12:27,882 - qmt_strategy - INFO - 预测结果长度：100
2026-01-09 15:12:27,882 - qmt_strategy - INFO - 开始做出交易决策
2026-01-09 15:12:27,883 - qmt_strategy - INFO - 进行动态买点决策
2026-01-09 15:12:27,886 - qmt_strategy - DEBUG - 处理股票：000003.SZ，预测结果：0，预测概率：0.0，综合评分：28.0
2026-01-09 15:12:27,886 - qmt_strategy - DEBUG - 股票000003.SZ不满足买入条件，概率：0.0 < 阈值：0.3
2026-01-09 15:12:27,886 - qmt_strategy - DEBUG - 处理股票：000004.SZ，预测结果：0，预测概率：0.0，综合评分：28.0
2026-01-09 15:12:27,886 - qmt_strategy - DEBUG - 股票000004.SZ不满足买入条件，概率：0.0 < 阈值：0.3
2026-01-09 15:12:27,886 - qmt_strategy - DEBUG - 处理股票：000005.SZ，预测结果：0，预测概率：0.0，综合评分：28.0
2026-01-09 15:12:27,887 - qmt_strategy - DEBUG - 股票000005.SZ不满足买入条件，概率：0.0 < 阈值：0.3
2026-01-09 15:12:27,887 - qmt_strategy - DEBUG - 处理股票：000008.SZ，预测结果：0，预测概率：0.0，综合评分：28.0
2026-01-09 15:12:27,887 - qmt_strategy - DEBUG - 股票000008.SZ不满足买入条件，概率：0.0 < 阈值：0.3
2026-01-09 15:12:27,887 - qmt_strategy - DEBUG - 处理股票：000012.SZ，预测结果：0，预测概率：0.0，综合评分：28.0
2026-01-09 15:12:27,887 - qmt_strategy - DEBUG - 股票000012.SZ不满足买入条件，概率：0.0 < 阈值：0.3
2026-01-09 15:12:27,887 - qmt_strategy - INFO - 进行自适应卖点决策
2026-01-09 15:12:27,887 - qmt_strategy - INFO - 交易决策完成，共0个决策
2026-01-09 15:12:27,887 - qmt_strategy - INFO - 2025-11-17生成了0个交易决策
2026-01-09 15:12:27,887 - qmt_strategy - INFO - 进行风险控制检查
2026-01-09 15:12:27,888 - qmt_strategy - WARNING - 交易决策为空，跳过风险控制检查
2026-01-09 15:12:27,888 - qmt_strategy - INFO - 2025-11-17通过风险控制的决策数量：0
2026-01-09 15:12:27,888 - qmt_strategy - INFO - 2025-11-17没有通过风险控制的交易决策
2026-01-09 15:12:27,888 - qmt_strategy - INFO - 处理日期：2025-11-18，当日数据行数：100
2026-01-09 15:12:27,889 - qmt_strategy - INFO - 当日包含 100 只股票：['000001.SZ' '000002.SZ' '000003.SZ' '000004.SZ' '000005.SZ']...
2026-01-09 15:12:27,889 - qmt_strategy - INFO - 模拟2025-11-18的交易
2026-01-09 15:12:27,890 - qmt_strategy - INFO - 过滤后用于预测的数值特征数量：100
2026-01-09 15:12:27,890 - qmt_strategy - INFO - 使用模型进行预测
2026-01-09 15:12:27,926 - qmt_strategy - INFO - 模型预测完成
2026-01-09 15:12:27,927 - qmt_strategy - INFO - 预测结果类型：<class 'dict'>
2026-01-09 15:12:27,927 - qmt_strategy - INFO - 预测结果内容：{'predictions': array([0, 0, 0, 0, 0, 0, 0, 0, 0, 0, 0, 0, 0, 0, 0, 0, 0, 0, 0, 0, 0, 0,
       0, 0, 0, 0, 0, 0, 0, 0, 0, 0, 0, 0, 0, 0, 0, 0, 0, 0, 0, 0, 0, 0,
       0, 0, 0, 0, 0, 0, 0, 0, 0, 0, 0, 0, 0, 0, 0, 0, 0, 0, 0, 0, 0, 0,
       0, 0, 0, 0, 0, 0, 0, 0, 0, 0, 0, 0, 0, 0, 0, 0, 0, 0, 0, 0, 0, 0,
       0, 0, 0, 0, 0, 0, 0, 0, 0, 0, 0, 0]), 'probabilities': array([0., 0., 0., 0., 0., 0., 0., 0., 0., 0., 0., 0., 0., 0., 0., 0., 0.,
       0., 0., 0., 0., 0., 0., 0., 0., 0., 0., 0., 0., 0., 0., 0., 0., 0.,
       0., 0., 0., 0., 0., 0., 0., 0., 0., 0., 0., 0., 0., 0., 0., 0., 0.,
       0., 0., 0., 0., 0., 0., 0., 0., 0., 0., 0., 0., 0., 0., 0., 0., 0.,
       0., 0., 0., 0., 0., 0., 0., 0., 0., 0., 0., 0., 0., 0., 0., 0., 0.,
       0., 0., 0., 0., 0., 0., 0., 0., 0., 0., 0., 0., 0., 0., 0.])}
2026-01-09 15:12:27,928 - qmt_strategy - INFO - 预测结果长度：100
2026-01-09 15:12:27,928 - qmt_strategy - INFO - 开始做出交易决策
2026-01-09 15:12:27,928 - qmt_strategy - INFO - 进行动态买点决策
2026-01-09 15:12:27,931 - qmt_strategy - DEBUG - 处理股票：000003.SZ，预测结果：0，预测概率：0.0，综合评分：28.0
2026-01-09 15:12:27,931 - qmt_strategy - DEBUG - 股票000003.SZ不满足买入条件，概率：0.0 < 阈值：0.3
2026-01-09 15:12:27,931 - qmt_strategy - DEBUG - 处理股票：000004.SZ，预测结果：0，预测概率：0.0，综合评分：28.0
2026-01-09 15:12:27,932 - qmt_strategy - DEBUG - 股票000004.SZ不满足买入条件，概率：0.0 < 阈值：0.3
2026-01-09 15:12:27,932 - qmt_strategy - DEBUG - 处理股票：000008.SZ，预测结果：0，预测概率：0.0，综合评分：28.0
2026-01-09 15:12:27,932 - qmt_strategy - DEBUG - 股票000008.SZ不满足买入条件，概率：0.0 < 阈值：0.3
2026-01-09 15:12:27,932 - qmt_strategy - DEBUG - 处理股票：000012.SZ，预测结果：0，预测概率：0.0，综合评分：28.0
2026-01-09 15:12:27,932 - qmt_strategy - DEBUG - 股票000012.SZ不满足买入条件，概率：0.0 < 阈值：0.3
2026-01-09 15:12:27,932 - qmt_strategy - DEBUG - 处理股票：000017.SZ，预测结果：0，预测概率：0.0，综合评分：28.0
2026-01-09 15:12:27,932 - qmt_strategy - DEBUG - 股票000017.SZ不满足买入条件，概率：0.0 < 阈值：0.3
2026-01-09 15:12:27,932 - qmt_strategy - INFO - 进行自适应卖点决策
2026-01-09 15:12:27,933 - qmt_strategy - INFO - 交易决策完成，共0个决策
2026-01-09 15:12:27,933 - qmt_strategy - INFO - 2025-11-18生成了0个交易决策
2026-01-09 15:12:27,933 - qmt_strategy - INFO - 进行风险控制检查
2026-01-09 15:12:27,933 - qmt_strategy - WARNING - 交易决策为空，跳过风险控制检查
2026-01-09 15:12:27,933 - qmt_strategy - INFO - 2025-11-18通过风险控制的决策数量：0
2026-01-09 15:12:27,933 - qmt_strategy - INFO - 2025-11-18没有通过风险控制的交易决策
2026-01-09 15:12:27,933 - qmt_strategy - INFO - 处理日期：2025-11-19，当日数据行数：100
2026-01-09 15:12:27,933 - qmt_strategy - INFO - 当日包含 100 只股票：['000001.SZ' '000002.SZ' '000003.SZ' '000004.SZ' '000005.SZ']...
2026-01-09 15:12:27,934 - qmt_strategy - INFO - 模拟2025-11-19的交易
2026-01-09 15:12:27,934 - qmt_strategy - INFO - 过滤后用于预测的数值特征数量：100
2026-01-09 15:12:27,935 - qmt_strategy - INFO - 使用模型进行预测
2026-01-09 15:12:27,981 - qmt_strategy - INFO - 模型预测完成
2026-01-09 15:12:27,981 - qmt_strategy - INFO - 预测结果类型：<class 'dict'>
2026-01-09 15:12:27,982 - qmt_strategy - INFO - 预测结果内容：{'predictions': array([0, 0, 0, 0, 0, 0, 0, 0, 0, 0, 0, 0, 0, 0, 0, 0, 0, 0, 0, 0, 0, 0,
       0, 0, 0, 0, 0, 0, 0, 0, 0, 0, 0, 0, 0, 0, 0, 0, 0, 0, 0, 0, 0, 0,
       0, 0, 0, 0, 0, 0, 0, 0, 0, 0, 0, 0, 0, 0, 0, 0, 0, 0, 0, 0, 0, 0,
       0, 0, 0, 0, 0, 0, 0, 0, 0, 0, 0, 0, 0, 0, 0, 0, 0, 0, 0, 0, 0, 0,
       0, 0, 0, 0, 0, 0, 0, 0, 0, 0, 0, 0]), 'probabilities': array([0., 0., 0., 0., 0., 0., 0., 0., 0., 0., 0., 0., 0., 0., 0., 0., 0.,
       0., 0., 0., 0., 0., 0., 0., 0., 0., 0., 0., 0., 0., 0., 0., 0., 0.,
       0., 0., 0., 0., 0., 0., 0., 0., 0., 0., 0., 0., 0., 0., 0., 0., 0.,
       0., 0., 0., 0., 0., 0., 0., 0., 0., 0., 0., 0., 0., 0., 0., 0., 0.,
       0., 0., 0., 0., 0., 0., 0., 0., 0., 0., 0., 0., 0., 0., 0., 0., 0.,
       0., 0., 0., 0., 0., 0., 0., 0., 0., 0., 0., 0., 0., 0., 0.])}
2026-01-09 15:12:27,982 - qmt_strategy - INFO - 预测结果长度：100
2026-01-09 15:12:27,982 - qmt_strategy - INFO - 开始做出交易决策
2026-01-09 15:12:27,982 - qmt_strategy - INFO - 进行动态买点决策
2026-01-09 15:12:27,985 - qmt_strategy - DEBUG - 处理股票：000004.SZ，预测结果：0，预测概率：0.0，综合评分：28.0
2026-01-09 15:12:27,985 - qmt_strategy - DEBUG - 股票000004.SZ不满足买入条件，概率：0.0 < 阈值：0.3
2026-01-09 15:12:27,985 - qmt_strategy - DEBUG - 处理股票：000005.SZ，预测结果：0，预测概率：0.0，综合评分：28.0
2026-01-09 15:12:27,985 - qmt_strategy - DEBUG - 股票000005.SZ不满足买入条件，概率：0.0 < 阈值：0.3
2026-01-09 15:12:27,986 - qmt_strategy - DEBUG - 处理股票：000008.SZ，预测结果：0，预测概率：0.0，综合评分：28.0
2026-01-09 15:12:27,986 - qmt_strategy - DEBUG - 股票000008.SZ不满足买入条件，概率：0.0 < 阈值：0.3
2026-01-09 15:12:27,986 - qmt_strategy - DEBUG - 处理股票：000017.SZ，预测结果：0，预测概率：0.0，综合评分：28.0
2026-01-09 15:12:27,986 - qmt_strategy - DEBUG - 股票000017.SZ不满足买入条件，概率：0.0 < 阈值：0.3
2026-01-09 15:12:27,986 - qmt_strategy - DEBUG - 处理股票：000018.SZ，预测结果：0，预测概率：0.0，综合评分：28.0
2026-01-09 15:12:27,986 - qmt_strategy - DEBUG - 股票000018.SZ不满足买入条件，概率：0.0 < 阈值：0.3
2026-01-09 15:12:27,986 - qmt_strategy - INFO - 进行自适应卖点决策
2026-01-09 15:12:27,986 - qmt_strategy - INFO - 交易决策完成，共0个决策
2026-01-09 15:12:27,986 - qmt_strategy - INFO - 2025-11-19生成了0个交易决策
2026-01-09 15:12:27,987 - qmt_strategy - INFO - 进行风险控制检查
2026-01-09 15:12:27,987 - qmt_strategy - WARNING - 交易决策为空，跳过风险控制检查
2026-01-09 15:12:27,987 - qmt_strategy - INFO - 2025-11-19通过风险控制的决策数量：0
2026-01-09 15:12:27,987 - qmt_strategy - INFO - 2025-11-19没有通过风险控制的交易决策
2026-01-09 15:12:27,987 - qmt_strategy - INFO - 处理日期：2025-11-20，当日数据行数：100
2026-01-09 15:12:27,987 - qmt_strategy - INFO - 当日包含 100 只股票：['000001.SZ' '000002.SZ' '000003.SZ' '000004.SZ' '000005.SZ']...
2026-01-09 15:12:27,988 - qmt_strategy - INFO - 模拟2025-11-20的交易
2026-01-09 15:12:27,988 - qmt_strategy - INFO - 过滤后用于预测的数值特征数量：100
2026-01-09 15:12:27,988 - qmt_strategy - INFO - 使用模型进行预测
2026-01-09 15:12:28,029 - qmt_strategy - INFO - 模型预测完成
2026-01-09 15:12:28,029 - qmt_strategy - INFO - 预测结果类型：<class 'dict'>
2026-01-09 15:12:28,030 - qmt_strategy - INFO - 预测结果内容：{'predictions': array([0, 0, 0, 0, 0, 0, 0, 0, 0, 0, 0, 0, 0, 0, 0, 0, 0, 0, 0, 0, 0, 0,
       0, 0, 0, 0, 0, 0, 0, 0, 0, 0, 0, 0, 0, 0, 0, 0, 0, 0, 0, 0, 0, 0,
       0, 0, 0, 0, 0, 0, 0, 0, 0, 0, 0, 0, 0, 0, 0, 0, 0, 0, 0, 0, 0, 0,
       0, 0, 0, 0, 0, 0, 0, 0, 0, 0, 0, 0, 0, 0, 0, 0, 0, 0, 0, 0, 0, 0,
       0, 0, 0, 0, 0, 0, 0, 0, 0, 0, 0, 0]), 'probabilities': array([0., 0., 0., 0., 0., 0., 0., 0., 0., 0., 0., 0., 0., 0., 0., 0., 0.,
       0., 0., 0., 0., 0., 0., 0., 0., 0., 0., 0., 0., 0., 0., 0., 0., 0.,
       0., 0., 0., 0., 0., 0., 0., 0., 0., 0., 0., 0., 0., 0., 0., 0., 0.,
       0., 0., 0., 0., 0., 0., 0., 0., 0., 0., 0., 0., 0., 0., 0., 0., 0.,
       0., 0., 0., 0., 0., 0., 0., 0., 0., 0., 0., 0., 0., 0., 0., 0., 0.,
       0., 0., 0., 0., 0., 0., 0., 0., 0., 0., 0., 0., 0., 0., 0.])}
2026-01-09 15:12:28,030 - qmt_strategy - INFO - 预测结果长度：100
2026-01-09 15:12:28,030 - qmt_strategy - INFO - 开始做出交易决策
2026-01-09 15:12:28,031 - qmt_strategy - INFO - 进行动态买点决策
2026-01-09 15:12:28,033 - qmt_strategy - DEBUG - 处理股票：000005.SZ，预测结果：0，预测概率：0.0，综合评分：28.0
2026-01-09 15:12:28,034 - qmt_strategy - DEBUG - 股票000005.SZ不满足买入条件，概率：0.0 < 阈值：0.3
2026-01-09 15:12:28,034 - qmt_strategy - DEBUG - 处理股票：000008.SZ，预测结果：0，预测概率：0.0，综合评分：28.0
2026-01-09 15:12:28,034 - qmt_strategy - DEBUG - 股票000008.SZ不满足买入条件，概率：0.0 < 阈值：0.3
2026-01-09 15:12:28,034 - qmt_strategy - DEBUG - 处理股票：000018.SZ，预测结果：0，预测概率：0.0，综合评分：28.0
2026-01-09 15:12:28,034 - qmt_strategy - DEBUG - 股票000018.SZ不满足买入条件，概率：0.0 < 阈值：0.3
2026-01-09 15:12:28,034 - qmt_strategy - DEBUG - 处理股票：000019.SZ，预测结果：0，预测概率：0.0，综合评分：28.0
2026-01-09 15:12:28,034 - qmt_strategy - DEBUG - 股票000019.SZ不满足买入条件，概率：0.0 < 阈值：0.3
2026-01-09 15:12:28,034 - qmt_strategy - DEBUG - 处理股票：000021.SZ，预测结果：0，预测概率：0.0，综合评分：28.0
2026-01-09 15:12:28,034 - qmt_strategy - DEBUG - 股票000021.SZ不满足买入条件，概率：0.0 < 阈值：0.3
2026-01-09 15:12:28,035 - qmt_strategy - INFO - 进行自适应卖点决策
2026-01-09 15:12:28,035 - qmt_strategy - INFO - 交易决策完成，共0个决策
2026-01-09 15:12:28,035 - qmt_strategy - INFO - 2025-11-20生成了0个交易决策
2026-01-09 15:12:28,035 - qmt_strategy - INFO - 进行风险控制检查
2026-01-09 15:12:28,035 - qmt_strategy - WARNING - 交易决策为空，跳过风险控制检查
2026-01-09 15:12:28,035 - qmt_strategy - INFO - 2025-11-20通过风险控制的决策数量：0
2026-01-09 15:12:28,035 - qmt_strategy - INFO - 2025-11-20没有通过风险控制的交易决策
2026-01-09 15:12:28,035 - qmt_strategy - INFO - 处理日期：2025-11-21，当日数据行数：100
2026-01-09 15:12:28,036 - qmt_strategy - INFO - 当日包含 100 只股票：['000001.SZ' '000002.SZ' '000003.SZ' '000004.SZ' '000005.SZ']...
2026-01-09 15:12:28,036 - qmt_strategy - INFO - 模拟2025-11-21的交易
2026-01-09 15:12:28,036 - qmt_strategy - INFO - 过滤后用于预测的数值特征数量：100
2026-01-09 15:12:28,037 - qmt_strategy - INFO - 使用模型进行预测
2026-01-09 15:12:28,093 - qmt_strategy - INFO - 模型预测完成
2026-01-09 15:12:28,094 - qmt_strategy - INFO - 预测结果类型：<class 'dict'>
2026-01-09 15:12:28,095 - qmt_strategy - INFO - 预测结果内容：{'predictions': array([0, 0, 0, 0, 0, 0, 0, 0, 0, 0, 0, 0, 0, 0, 0, 0, 0, 0, 0, 0, 0, 0,
       0, 0, 0, 0, 0, 0, 0, 0, 0, 0, 0, 0, 0, 0, 0, 0, 0, 0, 0, 0, 0, 0,
       0, 0, 0, 0, 0, 0, 0, 0, 0, 0, 0, 0, 0, 0, 0, 0, 0, 0, 0, 0, 0, 0,
       0, 0, 0, 0, 0, 0, 0, 0, 0, 0, 0, 0, 0, 0, 0, 0, 0, 0, 0, 0, 0, 0,
       0, 0, 0, 0, 0, 0, 0, 0, 0, 0, 0, 0]), 'probabilities': array([0., 0., 0., 0., 0., 0., 0., 0., 0., 0., 0., 0., 0., 0., 0., 0., 0.,
       0., 0., 0., 0., 0., 0., 0., 0., 0., 0., 0., 0., 0., 0., 0., 0., 0.,
       0., 0., 0., 0., 0., 0., 0., 0., 0., 0., 0., 0., 0., 0., 0., 0., 0.,
       0., 0., 0., 0., 0., 0., 0., 0., 0., 0., 0., 0., 0., 0., 0., 0., 0.,
       0., 0., 0., 0., 0., 0., 0., 0., 0., 0., 0., 0., 0., 0., 0., 0., 0.,
       0., 0., 0., 0., 0., 0., 0., 0., 0., 0., 0., 0., 0., 0., 0.])}
2026-01-09 15:12:28,095 - qmt_strategy - INFO - 预测结果长度：100
2026-01-09 15:12:28,095 - qmt_strategy - INFO - 开始做出交易决策
2026-01-09 15:12:28,095 - qmt_strategy - INFO - 进行动态买点决策
2026-01-09 15:12:28,098 - qmt_strategy - DEBUG - 处理股票：000005.SZ，预测结果：0，预测概率：0.0，综合评分：28.0
2026-01-09 15:12:28,099 - qmt_strategy - DEBUG - 股票000005.SZ不满足买入条件，概率：0.0 < 阈值：0.3
2026-01-09 15:12:28,099 - qmt_strategy - DEBUG - 处理股票：000008.SZ，预测结果：0，预测概率：0.0，综合评分：28.0
2026-01-09 15:12:28,099 - qmt_strategy - DEBUG - 股票000008.SZ不满足买入条件，概率：0.0 < 阈值：0.3
2026-01-09 15:12:28,099 - qmt_strategy - DEBUG - 处理股票：000018.SZ，预测结果：0，预测概率：0.0，综合评分：28.0
2026-01-09 15:12:28,099 - qmt_strategy - DEBUG - 股票000018.SZ不满足买入条件，概率：0.0 < 阈值：0.3
2026-01-09 15:12:28,099 - qmt_strategy - DEBUG - 处理股票：000019.SZ，预测结果：0，预测概率：0.0，综合评分：28.0
2026-01-09 15:12:28,099 - qmt_strategy - DEBUG - 股票000019.SZ不满足买入条件，概率：0.0 < 阈值：0.3
2026-01-09 15:12:28,099 - qmt_strategy - DEBUG - 处理股票：000021.SZ，预测结果：0，预测概率：0.0，综合评分：28.0
2026-01-09 15:12:28,100 - qmt_strategy - DEBUG - 股票000021.SZ不满足买入条件，概率：0.0 < 阈值：0.3
2026-01-09 15:12:28,100 - qmt_strategy - INFO - 进行自适应卖点决策
2026-01-09 15:12:28,100 - qmt_strategy - INFO - 交易决策完成，共0个决策
2026-01-09 15:12:28,100 - qmt_strategy - INFO - 2025-11-21生成了0个交易决策
2026-01-09 15:12:28,100 - qmt_strategy - INFO - 进行风险控制检查
2026-01-09 15:12:28,100 - qmt_strategy - WARNING - 交易决策为空，跳过风险控制检查
2026-01-09 15:12:28,100 - qmt_strategy - INFO - 2025-11-21通过风险控制的决策数量：0
2026-01-09 15:12:28,100 - qmt_strategy - INFO - 2025-11-21没有通过风险控制的交易决策
2026-01-09 15:12:28,100 - qmt_strategy - INFO - 处理日期：2025-11-24，当日数据行数：100
2026-01-09 15:12:28,101 - qmt_strategy - INFO - 当日包含 100 只股票：['000001.SZ' '000002.SZ' '000003.SZ' '000004.SZ' '000005.SZ']...
2026-01-09 15:12:28,101 - qmt_strategy - INFO - 模拟2025-11-24的交易
2026-01-09 15:12:28,102 - qmt_strategy - INFO - 过滤后用于预测的数值特征数量：100
2026-01-09 15:12:28,102 - qmt_strategy - INFO - 使用模型进行预测
2026-01-09 15:12:28,137 - qmt_strategy - INFO - 模型预测完成
2026-01-09 15:12:28,137 - qmt_strategy - INFO - 预测结果类型：<class 'dict'>
2026-01-09 15:12:28,138 - qmt_strategy - INFO - 预测结果内容：{'predictions': array([0, 0, 0, 0, 0, 0, 0, 0, 0, 0, 0, 0, 0, 0, 0, 0, 0, 0, 0, 0, 0, 0,
       0, 0, 0, 0, 0, 0, 0, 0, 0, 0, 0, 0, 0, 0, 0, 0, 0, 0, 0, 0, 0, 0,
       0, 0, 0, 0, 0, 0, 0, 0, 0, 0, 0, 0, 0, 0, 0, 0, 0, 0, 0, 0, 0, 0,
       0, 0, 0, 0, 0, 0, 0, 0, 0, 0, 0, 0, 0, 0, 0, 0, 0, 0, 0, 0, 0, 0,
       0, 0, 0, 0, 0, 0, 0, 0, 0, 0, 0, 0]), 'probabilities': array([0., 0., 0., 0., 0., 0., 0., 0., 0., 0., 0., 0., 0., 0., 0., 0., 0.,
       0., 0., 0., 0., 0., 0., 0., 0., 0., 0., 0., 0., 0., 0., 0., 0., 0.,
       0., 0., 0., 0., 0., 0., 0., 0., 0., 0., 0., 0., 0., 0., 0., 0., 0.,
       0., 0., 0., 0., 0., 0., 0., 0., 0., 0., 0., 0., 0., 0., 0., 0., 0.,
       0., 0., 0., 0., 0., 0., 0., 0., 0., 0., 0., 0., 0., 0., 0., 0., 0.,
       0., 0., 0., 0., 0., 0., 0., 0., 0., 0., 0., 0., 0., 0., 0.])}
2026-01-09 15:12:28,138 - qmt_strategy - INFO - 预测结果长度：100
2026-01-09 15:12:28,138 - qmt_strategy - INFO - 开始做出交易决策
2026-01-09 15:12:28,138 - qmt_strategy - INFO - 进行动态买点决策
2026-01-09 15:12:28,141 - qmt_strategy - DEBUG - 处理股票：000004.SZ，预测结果：0，预测概率：0.0，综合评分：28.0
2026-01-09 15:12:28,141 - qmt_strategy - DEBUG - 股票000004.SZ不满足买入条件，概率：0.0 < 阈值：0.3
2026-01-09 15:12:28,141 - qmt_strategy - DEBUG - 处理股票：000005.SZ，预测结果：0，预测概率：0.0，综合评分：28.0
2026-01-09 15:12:28,141 - qmt_strategy - DEBUG - 股票000005.SZ不满足买入条件，概率：0.0 < 阈值：0.3
2026-01-09 15:12:28,141 - qmt_strategy - DEBUG - 处理股票：000008.SZ，预测结果：0，预测概率：0.0，综合评分：28.0
2026-01-09 15:12:28,141 - qmt_strategy - DEBUG - 股票000008.SZ不满足买入条件，概率：0.0 < 阈值：0.3
2026-01-09 15:12:28,141 - qmt_strategy - DEBUG - 处理股票：000016.SZ，预测结果：0，预测概率：0.0，综合评分：28.0
2026-01-09 15:12:28,142 - qmt_strategy - DEBUG - 股票000016.SZ不满足买入条件，概率：0.0 < 阈值：0.3
2026-01-09 15:12:28,142 - qmt_strategy - DEBUG - 处理股票：000018.SZ，预测结果：0，预测概率：0.0，综合评分：28.0
2026-01-09 15:12:28,142 - qmt_strategy - DEBUG - 股票000018.SZ不满足买入条件，概率：0.0 < 阈值：0.3
2026-01-09 15:12:28,142 - qmt_strategy - INFO - 进行自适应卖点决策
2026-01-09 15:12:28,142 - qmt_strategy - INFO - 交易决策完成，共0个决策
2026-01-09 15:12:28,142 - qmt_strategy - INFO - 2025-11-24生成了0个交易决策
2026-01-09 15:12:28,142 - qmt_strategy - INFO - 进行风险控制检查
2026-01-09 15:12:28,142 - qmt_strategy - WARNING - 交易决策为空，跳过风险控制检查
2026-01-09 15:12:28,143 - qmt_strategy - INFO - 2025-11-24通过风险控制的决策数量：0
2026-01-09 15:12:28,143 - qmt_strategy - INFO - 2025-11-24没有通过风险控制的交易决策
2026-01-09 15:12:28,143 - qmt_strategy - INFO - 处理日期：2025-11-25，当日数据行数：100
2026-01-09 15:12:28,143 - qmt_strategy - INFO - 当日包含 100 只股票：['000001.SZ' '000002.SZ' '000003.SZ' '000004.SZ' '000005.SZ']...
2026-01-09 15:12:28,144 - qmt_strategy - INFO - 模拟2025-11-25的交易
2026-01-09 15:12:28,145 - qmt_strategy - INFO - 过滤后用于预测的数值特征数量：100
2026-01-09 15:12:28,146 - qmt_strategy - INFO - 使用模型进行预测
2026-01-09 15:12:28,181 - qmt_strategy - INFO - 模型预测完成
2026-01-09 15:12:28,181 - qmt_strategy - INFO - 预测结果类型：<class 'dict'>
2026-01-09 15:12:28,182 - qmt_strategy - INFO - 预测结果内容：{'predictions': array([0, 0, 0, 0, 0, 0, 0, 0, 0, 0, 0, 0, 0, 0, 0, 0, 0, 0, 0, 0, 0, 0,
       0, 0, 0, 0, 0, 0, 0, 0, 0, 0, 0, 0, 0, 0, 0, 0, 0, 0, 0, 0, 0, 0,
       0, 0, 0, 0, 0, 0, 0, 0, 0, 0, 0, 0, 0, 0, 0, 0, 0, 0, 0, 0, 0, 0,
       0, 0, 0, 0, 0, 0, 0, 0, 0, 0, 0, 0, 0, 0, 0, 0, 0, 0, 0, 0, 0, 0,
       0, 0, 0, 0, 0, 0, 0, 0, 0, 0, 0, 0]), 'probabilities': array([0., 0., 0., 0., 0., 0., 0., 0., 0., 0., 0., 0., 0., 0., 0., 0., 0.,
       0., 0., 0., 0., 0., 0., 0., 0., 0., 0., 0., 0., 0., 0., 0., 0., 0.,
       0., 0., 0., 0., 0., 0., 0., 0., 0., 0., 0., 0., 0., 0., 0., 0., 0.,
       0., 0., 0., 0., 0., 0., 0., 0., 0., 0., 0., 0., 0., 0., 0., 0., 0.,
       0., 0., 0., 0., 0., 0., 0., 0., 0., 0., 0., 0., 0., 0., 0., 0., 0.,
       0., 0., 0., 0., 0., 0., 0., 0., 0., 0., 0., 0., 0., 0., 0.])}
2026-01-09 15:12:28,182 - qmt_strategy - INFO - 预测结果长度：100
2026-01-09 15:12:28,182 - qmt_strategy - INFO - 开始做出交易决策
2026-01-09 15:12:28,182 - qmt_strategy - INFO - 进行动态买点决策
2026-01-09 15:12:28,186 - qmt_strategy - DEBUG - 处理股票：000005.SZ，预测结果：0，预测概率：0.0，综合评分：28.0
2026-01-09 15:12:28,186 - qmt_strategy - DEBUG - 股票000005.SZ不满足买入条件，概率：0.0 < 阈值：0.3
2026-01-09 15:12:28,186 - qmt_strategy - DEBUG - 处理股票：000006.SZ，预测结果：0，预测概率：0.0，综合评分：28.0
2026-01-09 15:12:28,186 - qmt_strategy - DEBUG - 股票000006.SZ不满足买入条件，概率：0.0 < 阈值：0.3
2026-01-09 15:12:28,186 - qmt_strategy - DEBUG - 处理股票：000008.SZ，预测结果：0，预测概率：0.0，综合评分：28.0
2026-01-09 15:12:28,187 - qmt_strategy - DEBUG - 股票000008.SZ不满足买入条件，概率：0.0 < 阈值：0.3
2026-01-09 15:12:28,187 - qmt_strategy - DEBUG - 处理股票：000016.SZ，预测结果：0，预测概率：0.0，综合评分：28.0
2026-01-09 15:12:28,187 - qmt_strategy - DEBUG - 股票000016.SZ不满足买入条件，概率：0.0 < 阈值：0.3
2026-01-09 15:12:28,187 - qmt_strategy - DEBUG - 处理股票：000024.SZ，预测结果：0，预测概率：0.0，综合评分：28.0
2026-01-09 15:12:28,187 - qmt_strategy - DEBUG - 股票000024.SZ不满足买入条件，概率：0.0 < 阈值：0.3
2026-01-09 15:12:28,187 - qmt_strategy - INFO - 进行自适应卖点决策
2026-01-09 15:12:28,187 - qmt_strategy - INFO - 交易决策完成，共0个决策
2026-01-09 15:12:28,187 - qmt_strategy - INFO - 2025-11-25生成了0个交易决策
2026-01-09 15:12:28,188 - qmt_strategy - INFO - 进行风险控制检查
2026-01-09 15:12:28,188 - qmt_strategy - WARNING - 交易决策为空，跳过风险控制检查
2026-01-09 15:12:28,188 - qmt_strategy - INFO - 2025-11-25通过风险控制的决策数量：0
2026-01-09 15:12:28,188 - qmt_strategy - INFO - 2025-11-25没有通过风险控制的交易决策
2026-01-09 15:12:28,188 - qmt_strategy - INFO - 处理日期：2025-11-26，当日数据行数：100
2026-01-09 15:12:28,188 - qmt_strategy - INFO - 当日包含 100 只股票：['000001.SZ' '000002.SZ' '000003.SZ' '000004.SZ' '000005.SZ']...
2026-01-09 15:12:28,188 - qmt_strategy - INFO - 模拟2025-11-26的交易
2026-01-09 15:12:28,189 - qmt_strategy - INFO - 过滤后用于预测的数值特征数量：100
2026-01-09 15:12:28,189 - qmt_strategy - INFO - 使用模型进行预测
2026-01-09 15:12:28,222 - qmt_strategy - INFO - 模型预测完成
2026-01-09 15:12:28,223 - qmt_strategy - INFO - 预测结果类型：<class 'dict'>
2026-01-09 15:12:28,223 - qmt_strategy - INFO - 预测结果内容：{'predictions': array([0, 0, 0, 0, 0, 0, 0, 0, 0, 0, 0, 0, 0, 0, 0, 0, 0, 0, 0, 0, 0, 0,
       0, 0, 0, 0, 0, 0, 0, 0, 0, 0, 0, 0, 0, 0, 0, 0, 0, 0, 0, 0, 0, 0,
       0, 0, 0, 0, 0, 0, 0, 0, 0, 0, 0, 0, 0, 0, 0, 0, 0, 0, 0, 0, 0, 0,
       0, 0, 0, 0, 0, 0, 0, 0, 0, 0, 0, 0, 0, 0, 0, 0, 0, 0, 0, 0, 0, 0,
       0, 0, 0, 0, 0, 0, 0, 0, 0, 0, 0, 0]), 'probabilities': array([0., 0., 0., 0., 0., 0., 0., 0., 0., 0., 0., 0., 0., 0., 0., 0., 0.,
       0., 0., 0., 0., 0., 0., 0., 0., 0., 0., 0., 0., 0., 0., 0., 0., 0.,
       0., 0., 0., 0., 0., 0., 0., 0., 0., 0., 0., 0., 0., 0., 0., 0., 0.,
       0., 0., 0., 0., 0., 0., 0., 0., 0., 0., 0., 0., 0., 0., 0., 0., 0.,
       0., 0., 0., 0., 0., 0., 0., 0., 0., 0., 0., 0., 0., 0., 0., 0., 0.,
       0., 0., 0., 0., 0., 0., 0., 0., 0., 0., 0., 0., 0., 0., 0.])}
2026-01-09 15:12:28,223 - qmt_strategy - INFO - 预测结果长度：100
2026-01-09 15:12:28,224 - qmt_strategy - INFO - 开始做出交易决策
2026-01-09 15:12:28,224 - qmt_strategy - INFO - 进行动态买点决策
2026-01-09 15:12:28,227 - qmt_strategy - DEBUG - 处理股票：000006.SZ，预测结果：0，预测概率：0.0，综合评分：28.0
2026-01-09 15:12:28,227 - qmt_strategy - DEBUG - 股票000006.SZ不满足买入条件，概率：0.0 < 阈值：0.3
2026-01-09 15:12:28,227 - qmt_strategy - DEBUG - 处理股票：000008.SZ，预测结果：0，预测概率：0.0，综合评分：28.0
2026-01-09 15:12:28,227 - qmt_strategy - DEBUG - 股票000008.SZ不满足买入条件，概率：0.0 < 阈值：0.3
2026-01-09 15:12:28,227 - qmt_strategy - DEBUG - 处理股票：000025.SZ，预测结果：0，预测概率：0.0，综合评分：28.0
2026-01-09 15:12:28,227 - qmt_strategy - DEBUG - 股票000025.SZ不满足买入条件，概率：0.0 < 阈值：0.3
2026-01-09 15:12:28,227 - qmt_strategy - DEBUG - 处理股票：000027.SZ，预测结果：0，预测概率：0.0，综合评分：28.0
2026-01-09 15:12:28,227 - qmt_strategy - DEBUG - 股票000027.SZ不满足买入条件，概率：0.0 < 阈值：0.3
2026-01-09 15:12:28,228 - qmt_strategy - DEBUG - 处理股票：000036.SZ，预测结果：0，预测概率：0.0，综合评分：28.0
2026-01-09 15:12:28,228 - qmt_strategy - DEBUG - 股票000036.SZ不满足买入条件，概率：0.0 < 阈值：0.3
2026-01-09 15:12:28,228 - qmt_strategy - INFO - 进行自适应卖点决策
2026-01-09 15:12:28,228 - qmt_strategy - INFO - 交易决策完成，共0个决策
2026-01-09 15:12:28,228 - qmt_strategy - INFO - 2025-11-26生成了0个交易决策
2026-01-09 15:12:28,228 - qmt_strategy - INFO - 进行风险控制检查
2026-01-09 15:12:28,229 - qmt_strategy - WARNING - 交易决策为空，跳过风险控制检查
2026-01-09 15:12:28,229 - qmt_strategy - INFO - 2025-11-26通过风险控制的决策数量：0
2026-01-09 15:12:28,229 - qmt_strategy - INFO - 2025-11-26没有通过风险控制的交易决策
2026-01-09 15:12:28,229 - qmt_strategy - INFO - 处理日期：2025-11-27，当日数据行数：100
2026-01-09 15:12:28,230 - qmt_strategy - INFO - 当日包含 100 只股票：['000001.SZ' '000002.SZ' '000003.SZ' '000004.SZ' '000005.SZ']...
2026-01-09 15:12:28,230 - qmt_strategy - INFO - 模拟2025-11-27的交易
2026-01-09 15:12:28,230 - qmt_strategy - INFO - 过滤后用于预测的数值特征数量：100
2026-01-09 15:12:28,231 - qmt_strategy - INFO - 使用模型进行预测
2026-01-09 15:12:28,279 - qmt_strategy - INFO - 模型预测完成
2026-01-09 15:12:28,279 - qmt_strategy - INFO - 预测结果类型：<class 'dict'>
2026-01-09 15:12:28,280 - qmt_strategy - INFO - 预测结果内容：{'predictions': array([0, 0, 0, 0, 0, 0, 0, 0, 0, 0, 0, 0, 0, 0, 0, 0, 0, 0, 0, 0, 0, 0,
       0, 0, 0, 0, 0, 0, 0, 0, 0, 0, 0, 0, 0, 0, 0, 0, 0, 0, 0, 0, 0, 0,
       0, 0, 0, 0, 0, 0, 0, 0, 0, 0, 0, 0, 0, 0, 0, 0, 0, 0, 0, 0, 0, 0,
       0, 0, 0, 0, 0, 0, 0, 0, 0, 0, 0, 0, 0, 0, 0, 0, 0, 0, 0, 0, 0, 0,
       0, 0, 0, 0, 0, 0, 0, 0, 0, 0, 0, 0]), 'probabilities': array([0., 0., 0., 0., 0., 0., 0., 0., 0., 0., 0., 0., 0., 0., 0., 0., 0.,
       0., 0., 0., 0., 0., 0., 0., 0., 0., 0., 0., 0., 0., 0., 0., 0., 0.,
       0., 0., 0., 0., 0., 0., 0., 0., 0., 0., 0., 0., 0., 0., 0., 0., 0.,
       0., 0., 0., 0., 0., 0., 0., 0., 0., 0., 0., 0., 0., 0., 0., 0., 0.,
       0., 0., 0., 0., 0., 0., 0., 0., 0., 0., 0., 0., 0., 0., 0., 0., 0.,
       0., 0., 0., 0., 0., 0., 0., 0., 0., 0., 0., 0., 0., 0., 0.])}
2026-01-09 15:12:28,280 - qmt_strategy - INFO - 预测结果长度：100
2026-01-09 15:12:28,281 - qmt_strategy - INFO - 开始做出交易决策
2026-01-09 15:12:28,281 - qmt_strategy - INFO - 进行动态买点决策
2026-01-09 15:12:28,284 - qmt_strategy - DEBUG - 处理股票：000001.SZ，预测结果：0，预测概率：0.0，综合评分：28.0
2026-01-09 15:12:28,284 - qmt_strategy - DEBUG - 股票000001.SZ不满足买入条件，概率：0.0 < 阈值：0.3
2026-01-09 15:12:28,284 - qmt_strategy - DEBUG - 处理股票：000006.SZ，预测结果：0，预测概率：0.0，综合评分：28.0
2026-01-09 15:12:28,284 - qmt_strategy - DEBUG - 股票000006.SZ不满足买入条件，概率：0.0 < 阈值：0.3
2026-01-09 15:12:28,284 - qmt_strategy - DEBUG - 处理股票：000008.SZ，预测结果：0，预测概率：0.0，综合评分：28.0
2026-01-09 15:12:28,284 - qmt_strategy - DEBUG - 股票000008.SZ不满足买入条件，概率：0.0 < 阈值：0.3
2026-01-09 15:12:28,285 - qmt_strategy - DEBUG - 处理股票：000025.SZ，预测结果：0，预测概率：0.0，综合评分：28.0
2026-01-09 15:12:28,285 - qmt_strategy - DEBUG - 股票000025.SZ不满足买入条件，概率：0.0 < 阈值：0.3
2026-01-09 15:12:28,285 - qmt_strategy - DEBUG - 处理股票：000029.SZ，预测结果：0，预测概率：0.0，综合评分：28.0
2026-01-09 15:12:28,285 - qmt_strategy - DEBUG - 股票000029.SZ不满足买入条件，概率：0.0 < 阈值：0.3
2026-01-09 15:12:28,285 - qmt_strategy - INFO - 进行自适应卖点决策
2026-01-09 15:12:28,285 - qmt_strategy - INFO - 交易决策完成，共0个决策
2026-01-09 15:12:28,285 - qmt_strategy - INFO - 2025-11-27生成了0个交易决策
2026-01-09 15:12:28,285 - qmt_strategy - INFO - 进行风险控制检查
2026-01-09 15:12:28,285 - qmt_strategy - WARNING - 交易决策为空，跳过风险控制检查
2026-01-09 15:12:28,286 - qmt_strategy - INFO - 2025-11-27通过风险控制的决策数量：0
2026-01-09 15:12:28,286 - qmt_strategy - INFO - 2025-11-27没有通过风险控制的交易决策
2026-01-09 15:12:28,286 - qmt_strategy - INFO - 处理日期：2025-11-28，当日数据行数：100
2026-01-09 15:12:28,286 - qmt_strategy - INFO - 当日包含 100 只股票：['000001.SZ' '000002.SZ' '000003.SZ' '000004.SZ' '000005.SZ']...
2026-01-09 15:12:28,286 - qmt_strategy - INFO - 模拟2025-11-28的交易
2026-01-09 15:12:28,287 - qmt_strategy - INFO - 过滤后用于预测的数值特征数量：100
2026-01-09 15:12:28,287 - qmt_strategy - INFO - 使用模型进行预测
2026-01-09 15:12:28,325 - qmt_strategy - INFO - 模型预测完成
2026-01-09 15:12:28,325 - qmt_strategy - INFO - 预测结果类型：<class 'dict'>
2026-01-09 15:12:28,325 - qmt_strategy - INFO - 预测结果内容：{'predictions': array([0, 0, 0, 0, 0, 0, 0, 0, 0, 0, 0, 0, 0, 0, 0, 0, 0, 0, 0, 0, 0, 0,
       0, 0, 0, 0, 0, 0, 0, 0, 0, 0, 0, 0, 0, 0, 0, 0, 0, 0, 0, 0, 0, 0,
       0, 0, 0, 0, 0, 0, 0, 0, 0, 0, 0, 0, 0, 0, 0, 0, 0, 0, 0, 0, 0, 0,
       0, 0, 0, 0, 0, 0, 0, 0, 0, 0, 0, 0, 0, 0, 0, 0, 0, 0, 0, 0, 0, 0,
       0, 0, 0, 0, 0, 0, 0, 0, 0, 0, 0, 0]), 'probabilities': array([0., 0., 0., 0., 0., 0., 0., 0., 0., 0., 0., 0., 0., 0., 0., 0., 0.,
       0., 0., 0., 0., 0., 0., 0., 0., 0., 0., 0., 0., 0., 0., 0., 0., 0.,
       0., 0., 0., 0., 0., 0., 0., 0., 0., 0., 0., 0., 0., 0., 0., 0., 0.,
       0., 0., 0., 0., 0., 0., 0., 0., 0., 0., 0., 0., 0., 0., 0., 0., 0.,
       0., 0., 0., 0., 0., 0., 0., 0., 0., 0., 0., 0., 0., 0., 0., 0., 0.,
       0., 0., 0., 0., 0., 0., 0., 0., 0., 0., 0., 0., 0., 0., 0.])}
2026-01-09 15:12:28,325 - qmt_strategy - INFO - 预测结果长度：100
2026-01-09 15:12:28,326 - qmt_strategy - INFO - 开始做出交易决策
2026-01-09 15:12:28,326 - qmt_strategy - INFO - 进行动态买点决策
2026-01-09 15:12:28,329 - qmt_strategy - DEBUG - 处理股票：000001.SZ，预测结果：0，预测概率：0.0，综合评分：33.0
2026-01-09 15:12:28,330 - qmt_strategy - DEBUG - 股票000001.SZ不满足买入条件，概率：0.0 < 阈值：0.3
2026-01-09 15:12:28,330 - qmt_strategy - DEBUG - 处理股票：000005.SZ，预测结果：0，预测概率：0.0，综合评分：33.0
2026-01-09 15:12:28,330 - qmt_strategy - DEBUG - 股票000005.SZ不满足买入条件，概率：0.0 < 阈值：0.3
2026-01-09 15:12:28,330 - qmt_strategy - DEBUG - 处理股票：000006.SZ，预测结果：0，预测概率：0.0，综合评分：33.0
2026-01-09 15:12:28,330 - qmt_strategy - DEBUG - 股票000006.SZ不满足买入条件，概率：0.0 < 阈值：0.3
2026-01-09 15:12:28,330 - qmt_strategy - DEBUG - 处理股票：000026.SZ，预测结果：0，预测概率：0.0，综合评分：33.0
2026-01-09 15:12:28,331 - qmt_strategy - DEBUG - 股票000026.SZ不满足买入条件，概率：0.0 < 阈值：0.3
2026-01-09 15:12:28,331 - qmt_strategy - DEBUG - 处理股票：000029.SZ，预测结果：0，预测概率：0.0，综合评分：33.0
2026-01-09 15:12:28,331 - qmt_strategy - DEBUG - 股票000029.SZ不满足买入条件，概率：0.0 < 阈值：0.3
2026-01-09 15:12:28,331 - qmt_strategy - INFO - 进行自适应卖点决策
2026-01-09 15:12:28,331 - qmt_strategy - INFO - 交易决策完成，共0个决策
2026-01-09 15:12:28,331 - qmt_strategy - INFO - 2025-11-28生成了0个交易决策
2026-01-09 15:12:28,331 - qmt_strategy - INFO - 进行风险控制检查
2026-01-09 15:12:28,332 - qmt_strategy - WARNING - 交易决策为空，跳过风险控制检查
2026-01-09 15:12:28,332 - qmt_strategy - INFO - 2025-11-28通过风险控制的决策数量：0
2026-01-09 15:12:28,332 - qmt_strategy - INFO - 2025-11-28没有通过风险控制的交易决策
2026-01-09 15:12:28,332 - qmt_strategy - INFO - 处理日期：2025-12-01，当日数据行数：100
2026-01-09 15:12:28,332 - qmt_strategy - INFO - 当日包含 100 只股票：['000001.SZ' '000002.SZ' '000003.SZ' '000004.SZ' '000005.SZ']...
2026-01-09 15:12:28,332 - qmt_strategy - INFO - 模拟2025-12-01的交易
2026-01-09 15:12:28,333 - qmt_strategy - INFO - 过滤后用于预测的数值特征数量：100
2026-01-09 15:12:28,333 - qmt_strategy - INFO - 使用模型进行预测
2026-01-09 15:12:28,380 - qmt_strategy - INFO - 模型预测完成
2026-01-09 15:12:28,380 - qmt_strategy - INFO - 预测结果类型：<class 'dict'>
2026-01-09 15:12:28,381 - qmt_strategy - INFO - 预测结果内容：{'predictions': array([0, 0, 0, 0, 0, 0, 0, 0, 0, 0, 0, 0, 0, 0, 0, 0, 0, 0, 0, 0, 0, 0,
       0, 0, 0, 0, 0, 0, 0, 0, 0, 0, 0, 0, 0, 0, 0, 0, 0, 0, 0, 0, 0, 0,
       0, 0, 0, 0, 0, 0, 0, 0, 0, 0, 0, 0, 0, 0, 0, 0, 0, 0, 0, 0, 0, 0,
       0, 0, 0, 0, 0, 0, 0, 0, 0, 0, 0, 0, 0, 0, 0, 0, 0, 0, 0, 0, 0, 0,
       0, 0, 0, 0, 0, 0, 0, 0, 0, 0, 0, 0]), 'probabilities': array([0., 0., 0., 0., 0., 0., 0., 0., 0., 0., 0., 0., 0., 0., 0., 0., 0.,
       0., 0., 0., 0., 0., 0., 0., 0., 0., 0., 0., 0., 0., 0., 0., 0., 0.,
       0., 0., 0., 0., 0., 0., 0., 0., 0., 0., 0., 0., 0., 0., 0., 0., 0.,
       0., 0., 0., 0., 0., 0., 0., 0., 0., 0., 0., 0., 0., 0., 0., 0., 0.,
       0., 0., 0., 0., 0., 0., 0., 0., 0., 0., 0., 0., 0., 0., 0., 0., 0.,
       0., 0., 0., 0., 0., 0., 0., 0., 0., 0., 0., 0., 0., 0., 0.])}
2026-01-09 15:12:28,381 - qmt_strategy - INFO - 预测结果长度：100
2026-01-09 15:12:28,381 - qmt_strategy - INFO - 开始做出交易决策
2026-01-09 15:12:28,381 - qmt_strategy - INFO - 进行动态买点决策
2026-01-09 15:12:28,384 - qmt_strategy - DEBUG - 处理股票：000001.SZ，预测结果：0，预测概率：0.0，综合评分：33.0
2026-01-09 15:12:28,385 - qmt_strategy - DEBUG - 股票000001.SZ不满足买入条件，概率：0.0 < 阈值：0.3
2026-01-09 15:12:28,385 - qmt_strategy - DEBUG - 处理股票：000005.SZ，预测结果：0，预测概率：0.0，综合评分：33.0
2026-01-09 15:12:28,385 - qmt_strategy - DEBUG - 股票000005.SZ不满足买入条件，概率：0.0 < 阈值：0.3
2026-01-09 15:12:28,385 - qmt_strategy - DEBUG - 处理股票：000026.SZ，预测结果：0，预测概率：0.0，综合评分：33.0
2026-01-09 15:12:28,385 - qmt_strategy - DEBUG - 股票000026.SZ不满足买入条件，概率：0.0 < 阈值：0.3
2026-01-09 15:12:28,385 - qmt_strategy - DEBUG - 处理股票：000027.SZ，预测结果：0，预测概率：0.0，综合评分：33.0
2026-01-09 15:12:28,385 - qmt_strategy - DEBUG - 股票000027.SZ不满足买入条件，概率：0.0 < 阈值：0.3
2026-01-09 15:12:28,386 - qmt_strategy - DEBUG - 处理股票：000028.SZ，预测结果：0，预测概率：0.0，综合评分：33.0
2026-01-09 15:12:28,386 - qmt_strategy - DEBUG - 股票000028.SZ不满足买入条件，概率：0.0 < 阈值：0.3
2026-01-09 15:12:28,386 - qmt_strategy - INFO - 进行自适应卖点决策
2026-01-09 15:12:28,386 - qmt_strategy - INFO - 交易决策完成，共0个决策
2026-01-09 15:12:28,386 - qmt_strategy - INFO - 2025-12-01生成了0个交易决策
2026-01-09 15:12:28,386 - qmt_strategy - INFO - 进行风险控制检查
2026-01-09 15:12:28,386 - qmt_strategy - WARNING - 交易决策为空，跳过风险控制检查
2026-01-09 15:12:28,386 - qmt_strategy - INFO - 2025-12-01通过风险控制的决策数量：0
2026-01-09 15:12:28,386 - qmt_strategy - INFO - 2025-12-01没有通过风险控制的交易决策
2026-01-09 15:12:28,387 - qmt_strategy - INFO - 处理日期：2025-12-02，当日数据行数：100
2026-01-09 15:12:28,387 - qmt_strategy - INFO - 当日包含 100 只股票：['000001.SZ' '000002.SZ' '000003.SZ' '000004.SZ' '000005.SZ']...
2026-01-09 15:12:28,387 - qmt_strategy - INFO - 模拟2025-12-02的交易
2026-01-09 15:12:28,388 - qmt_strategy - INFO - 过滤后用于预测的数值特征数量：100
2026-01-09 15:12:28,388 - qmt_strategy - INFO - 使用模型进行预测
2026-01-09 15:12:28,426 - qmt_strategy - INFO - 模型预测完成
2026-01-09 15:12:28,427 - qmt_strategy - INFO - 预测结果类型：<class 'dict'>
2026-01-09 15:12:28,428 - qmt_strategy - INFO - 预测结果内容：{'predictions': array([0, 0, 0, 0, 0, 0, 0, 0, 0, 0, 0, 0, 0, 0, 0, 0, 0, 0, 0, 0, 0, 0,
       0, 0, 0, 0, 0, 0, 0, 0, 0, 0, 0, 0, 0, 0, 0, 0, 0, 0, 0, 0, 0, 0,
       0, 0, 0, 0, 0, 0, 0, 0, 0, 0, 0, 0, 0, 0, 0, 0, 0, 0, 0, 0, 0, 0,
       0, 0, 0, 0, 0, 0, 0, 0, 0, 0, 0, 0, 0, 0, 0, 0, 0, 0, 0, 0, 0, 0,
       0, 0, 0, 0, 0, 0, 0, 0, 0, 0, 0, 0]), 'probabilities': array([0., 0., 0., 0., 0., 0., 0., 0., 0., 0., 0., 0., 0., 0., 0., 0., 0.,
       0., 0., 0., 0., 0., 0., 0., 0., 0., 0., 0., 0., 0., 0., 0., 0., 0.,
       0., 0., 0., 0., 0., 0., 0., 0., 0., 0., 0., 0., 0., 0., 0., 0., 0.,
       0., 0., 0., 0., 0., 0., 0., 0., 0., 0., 0., 0., 0., 0., 0., 0., 0.,
       0., 0., 0., 0., 0., 0., 0., 0., 0., 0., 0., 0., 0., 0., 0., 0., 0.,
       0., 0., 0., 0., 0., 0., 0., 0., 0., 0., 0., 0., 0., 0., 0.])}
2026-01-09 15:12:28,428 - qmt_strategy - INFO - 预测结果长度：100
2026-01-09 15:12:28,428 - qmt_strategy - INFO - 开始做出交易决策
2026-01-09 15:12:28,428 - qmt_strategy - INFO - 进行动态买点决策
2026-01-09 15:12:28,431 - qmt_strategy - DEBUG - 处理股票：000001.SZ，预测结果：0，预测概率：0.0，综合评分：33.0
2026-01-09 15:12:28,432 - qmt_strategy - DEBUG - 股票000001.SZ不满足买入条件，概率：0.0 < 阈值：0.3
2026-01-09 15:12:28,432 - qmt_strategy - DEBUG - 处理股票：000004.SZ，预测结果：0，预测概率：0.0，综合评分：33.0
2026-01-09 15:12:28,432 - qmt_strategy - DEBUG - 股票000004.SZ不满足买入条件，概率：0.0 < 阈值：0.3
2026-01-09 15:12:28,432 - qmt_strategy - DEBUG - 处理股票：000005.SZ，预测结果：0，预测概率：0.0，综合评分：33.0
2026-01-09 15:12:28,432 - qmt_strategy - DEBUG - 股票000005.SZ不满足买入条件，概率：0.0 < 阈值：0.3
2026-01-09 15:12:28,432 - qmt_strategy - DEBUG - 处理股票：000012.SZ，预测结果：0，预测概率：0.0，综合评分：33.0
2026-01-09 15:12:28,432 - qmt_strategy - DEBUG - 股票000012.SZ不满足买入条件，概率：0.0 < 阈值：0.3
2026-01-09 15:12:28,433 - qmt_strategy - DEBUG - 处理股票：000024.SZ，预测结果：0，预测概率：0.0，综合评分：33.0
2026-01-09 15:12:28,433 - qmt_strategy - DEBUG - 股票000024.SZ不满足买入条件，概率：0.0 < 阈值：0.3
2026-01-09 15:12:28,433 - qmt_strategy - INFO - 进行自适应卖点决策
2026-01-09 15:12:28,433 - qmt_strategy - INFO - 交易决策完成，共0个决策
2026-01-09 15:12:28,433 - qmt_strategy - INFO - 2025-12-02生成了0个交易决策
2026-01-09 15:12:28,433 - qmt_strategy - INFO - 进行风险控制检查
2026-01-09 15:12:28,433 - qmt_strategy - WARNING - 交易决策为空，跳过风险控制检查
2026-01-09 15:12:28,433 - qmt_strategy - INFO - 2025-12-02通过风险控制的决策数量：0
2026-01-09 15:12:28,434 - qmt_strategy - INFO - 2025-12-02没有通过风险控制的交易决策
2026-01-09 15:12:28,434 - qmt_strategy - INFO - 处理日期：2025-12-03，当日数据行数：100
2026-01-09 15:12:28,434 - qmt_strategy - INFO - 当日包含 100 只股票：['000001.SZ' '000002.SZ' '000003.SZ' '000004.SZ' '000005.SZ']...
2026-01-09 15:12:28,434 - qmt_strategy - INFO - 模拟2025-12-03的交易
2026-01-09 15:12:28,435 - qmt_strategy - INFO - 过滤后用于预测的数值特征数量：100
2026-01-09 15:12:28,435 - qmt_strategy - INFO - 使用模型进行预测
2026-01-09 15:12:28,484 - qmt_strategy - INFO - 模型预测完成
2026-01-09 15:12:28,485 - qmt_strategy - INFO - 预测结果类型：<class 'dict'>
2026-01-09 15:12:28,485 - qmt_strategy - INFO - 预测结果内容：{'predictions': array([0, 0, 0, 0, 0, 0, 0, 0, 0, 0, 0, 0, 0, 0, 0, 0, 0, 0, 0, 0, 0, 0,
       0, 0, 0, 0, 0, 0, 0, 0, 0, 0, 0, 0, 0, 0, 0, 0, 0, 0, 0, 0, 0, 0,
       0, 0, 0, 0, 0, 0, 0, 0, 0, 0, 0, 0, 0, 0, 0, 0, 0, 0, 0, 0, 0, 0,
       0, 0, 0, 0, 0, 0, 0, 0, 0, 0, 0, 0, 0, 0, 0, 0, 0, 0, 0, 0, 0, 0,
       0, 0, 0, 0, 0, 0, 0, 0, 0, 0, 0, 0]), 'probabilities': array([0., 0., 0., 0., 0., 0., 0., 0., 0., 0., 0., 0., 0., 0., 0., 0., 0.,
       0., 0., 0., 0., 0., 0., 0., 0., 0., 0., 0., 0., 0., 0., 0., 0., 0.,
       0., 0., 0., 0., 0., 0., 0., 0., 0., 0., 0., 0., 0., 0., 0., 0., 0.,
       0., 0., 0., 0., 0., 0., 0., 0., 0., 0., 0., 0., 0., 0., 0., 0., 0.,
       0., 0., 0., 0., 0., 0., 0., 0., 0., 0., 0., 0., 0., 0., 0., 0., 0.,
       0., 0., 0., 0., 0., 0., 0., 0., 0., 0., 0., 0., 0., 0., 0.])}
2026-01-09 15:12:28,486 - qmt_strategy - INFO - 预测结果长度：100
2026-01-09 15:12:28,486 - qmt_strategy - INFO - 开始做出交易决策
2026-01-09 15:12:28,486 - qmt_strategy - INFO - 进行动态买点决策
2026-01-09 15:12:28,489 - qmt_strategy - DEBUG - 处理股票：000001.SZ，预测结果：0，预测概率：0.0，综合评分：33.0
2026-01-09 15:12:28,489 - qmt_strategy - DEBUG - 股票000001.SZ不满足买入条件，概率：0.0 < 阈值：0.3
2026-01-09 15:12:28,489 - qmt_strategy - DEBUG - 处理股票：000004.SZ，预测结果：0，预测概率：0.0，综合评分：33.0
2026-01-09 15:12:28,490 - qmt_strategy - DEBUG - 股票000004.SZ不满足买入条件，概率：0.0 < 阈值：0.3
2026-01-09 15:12:28,490 - qmt_strategy - DEBUG - 处理股票：000012.SZ，预测结果：0，预测概率：0.0，综合评分：33.0
2026-01-09 15:12:28,490 - qmt_strategy - DEBUG - 股票000012.SZ不满足买入条件，概率：0.0 < 阈值：0.3
2026-01-09 15:12:28,490 - qmt_strategy - DEBUG - 处理股票：000015.SZ，预测结果：0，预测概率：0.0，综合评分：33.0
2026-01-09 15:12:28,491 - qmt_strategy - DEBUG - 股票000015.SZ不满足买入条件，概率：0.0 < 阈值：0.3
2026-01-09 15:12:28,491 - qmt_strategy - DEBUG - 处理股票：000019.SZ，预测结果：0，预测概率：0.0，综合评分：33.0
2026-01-09 15:12:28,491 - qmt_strategy - DEBUG - 股票000019.SZ不满足买入条件，概率：0.0 < 阈值：0.3
2026-01-09 15:12:28,491 - qmt_strategy - INFO - 进行自适应卖点决策
2026-01-09 15:12:28,491 - qmt_strategy - INFO - 交易决策完成，共0个决策
2026-01-09 15:12:28,491 - qmt_strategy - INFO - 2025-12-03生成了0个交易决策
2026-01-09 15:12:28,492 - qmt_strategy - INFO - 进行风险控制检查
2026-01-09 15:12:28,492 - qmt_strategy - WARNING - 交易决策为空，跳过风险控制检查
2026-01-09 15:12:28,492 - qmt_strategy - INFO - 2025-12-03通过风险控制的决策数量：0
2026-01-09 15:12:28,492 - qmt_strategy - INFO - 2025-12-03没有通过风险控制的交易决策
2026-01-09 15:12:28,492 - qmt_strategy - INFO - 处理日期：2025-12-04，当日数据行数：100
2026-01-09 15:12:28,493 - qmt_strategy - INFO - 当日包含 100 只股票：['000001.SZ' '000002.SZ' '000003.SZ' '000004.SZ' '000005.SZ']...
2026-01-09 15:12:28,493 - qmt_strategy - INFO - 模拟2025-12-04的交易
2026-01-09 15:12:28,494 - qmt_strategy - INFO - 过滤后用于预测的数值特征数量：100
2026-01-09 15:12:28,494 - qmt_strategy - INFO - 使用模型进行预测
2026-01-09 15:12:28,545 - qmt_strategy - INFO - 模型预测完成
2026-01-09 15:12:28,546 - qmt_strategy - INFO - 预测结果类型：<class 'dict'>
2026-01-09 15:12:28,546 - qmt_strategy - INFO - 预测结果内容：{'predictions': array([0, 0, 0, 0, 0, 0, 0, 0, 0, 0, 0, 0, 0, 0, 0, 0, 0, 0, 0, 0, 0, 0,
       0, 0, 0, 0, 0, 0, 0, 0, 0, 0, 0, 0, 0, 0, 0, 0, 0, 0, 0, 0, 0, 0,
       0, 0, 0, 0, 0, 0, 0, 0, 0, 0, 0, 0, 0, 0, 0, 0, 0, 0, 0, 0, 0, 0,
       0, 0, 0, 0, 0, 0, 0, 0, 0, 0, 0, 0, 0, 0, 0, 0, 0, 0, 0, 0, 0, 0,
       0, 0, 0, 0, 0, 0, 0, 0, 0, 0, 0, 0]), 'probabilities': array([0., 0., 0., 0., 0., 0., 0., 0., 0., 0., 0., 0., 0., 0., 0., 0., 0.,
       0., 0., 0., 0., 0., 0., 0., 0., 0., 0., 0., 0., 0., 0., 0., 0., 0.,
       0., 0., 0., 0., 0., 0., 0., 0., 0., 0., 0., 0., 0., 0., 0., 0., 0.,
       0., 0., 0., 0., 0., 0., 0., 0., 0., 0., 0., 0., 0., 0., 0., 0., 0.,
       0., 0., 0., 0., 0., 0., 0., 0., 0., 0., 0., 0., 0., 0., 0., 0., 0.,
       0., 0., 0., 0., 0., 0., 0., 0., 0., 0., 0., 0., 0., 0., 0.])}
2026-01-09 15:12:28,546 - qmt_strategy - INFO - 预测结果长度：100
2026-01-09 15:12:28,547 - qmt_strategy - INFO - 开始做出交易决策
2026-01-09 15:12:28,547 - qmt_strategy - INFO - 进行动态买点决策
2026-01-09 15:12:28,549 - qmt_strategy - DEBUG - 处理股票：000012.SZ，预测结果：0，预测概率：0.0，综合评分：33.0
2026-01-09 15:12:28,549 - qmt_strategy - DEBUG - 股票000012.SZ不满足买入条件，概率：0.0 < 阈值：0.3
2026-01-09 15:12:28,549 - qmt_strategy - DEBUG - 处理股票：000016.SZ，预测结果：0，预测概率：0.0，综合评分：33.0
2026-01-09 15:12:28,550 - qmt_strategy - DEBUG - 股票000016.SZ不满足买入条件，概率：0.0 < 阈值：0.3
2026-01-09 15:12:28,550 - qmt_strategy - DEBUG - 处理股票：000019.SZ，预测结果：0，预测概率：0.0，综合评分：33.0
2026-01-09 15:12:28,550 - qmt_strategy - DEBUG - 股票000019.SZ不满足买入条件，概率：0.0 < 阈值：0.3
2026-01-09 15:12:28,550 - qmt_strategy - DEBUG - 处理股票：000024.SZ，预测结果：0，预测概率：0.0，综合评分：33.0
2026-01-09 15:12:28,550 - qmt_strategy - DEBUG - 股票000024.SZ不满足买入条件，概率：0.0 < 阈值：0.3
2026-01-09 15:12:28,550 - qmt_strategy - DEBUG - 处理股票：000026.SZ，预测结果：0，预测概率：0.0，综合评分：33.0
2026-01-09 15:12:28,550 - qmt_strategy - DEBUG - 股票000026.SZ不满足买入条件，概率：0.0 < 阈值：0.3
2026-01-09 15:12:28,550 - qmt_strategy - INFO - 进行自适应卖点决策
2026-01-09 15:12:28,550 - qmt_strategy - INFO - 交易决策完成，共0个决策
2026-01-09 15:12:28,551 - qmt_strategy - INFO - 2025-12-04生成了0个交易决策
2026-01-09 15:12:28,551 - qmt_strategy - INFO - 进行风险控制检查
2026-01-09 15:12:28,551 - qmt_strategy - WARNING - 交易决策为空，跳过风险控制检查
2026-01-09 15:12:28,551 - qmt_strategy - INFO - 2025-12-04通过风险控制的决策数量：0
2026-01-09 15:12:28,551 - qmt_strategy - INFO - 2025-12-04没有通过风险控制的交易决策
2026-01-09 15:12:28,551 - qmt_strategy - INFO - 处理日期：2025-12-05，当日数据行数：100
2026-01-09 15:12:28,552 - qmt_strategy - INFO - 当日包含 100 只股票：['000001.SZ' '000002.SZ' '000003.SZ' '000004.SZ' '000005.SZ']...
2026-01-09 15:12:28,552 - qmt_strategy - INFO - 模拟2025-12-05的交易
2026-01-09 15:12:28,553 - qmt_strategy - INFO - 过滤后用于预测的数值特征数量：100
2026-01-09 15:12:28,553 - qmt_strategy - INFO - 使用模型进行预测
2026-01-09 15:12:28,589 - qmt_strategy - INFO - 模型预测完成
2026-01-09 15:12:28,589 - qmt_strategy - INFO - 预测结果类型：<class 'dict'>
2026-01-09 15:12:28,590 - qmt_strategy - INFO - 预测结果内容：{'predictions': array([0, 0, 0, 0, 0, 0, 0, 0, 0, 0, 0, 0, 0, 0, 0, 0, 0, 0, 0, 0, 0, 0,
       0, 0, 0, 0, 0, 0, 0, 0, 0, 0, 0, 0, 0, 0, 0, 0, 0, 0, 0, 0, 0, 0,
       0, 0, 0, 0, 0, 0, 0, 0, 0, 0, 0, 0, 0, 0, 0, 0, 0, 0, 0, 0, 0, 0,
       0, 0, 0, 0, 0, 0, 0, 0, 0, 0, 0, 0, 0, 0, 0, 0, 0, 0, 0, 0, 0, 0,
       0, 0, 0, 0, 0, 0, 0, 0, 0, 0, 0, 0]), 'probabilities': array([0., 0., 0., 0., 0., 0., 0., 0., 0., 0., 0., 0., 0., 0., 0., 0., 0.,
       0., 0., 0., 0., 0., 0., 0., 0., 0., 0., 0., 0., 0., 0., 0., 0., 0.,
       0., 0., 0., 0., 0., 0., 0., 0., 0., 0., 0., 0., 0., 0., 0., 0., 0.,
       0., 0., 0., 0., 0., 0., 0., 0., 0., 0., 0., 0., 0., 0., 0., 0., 0.,
       0., 0., 0., 0., 0., 0., 0., 0., 0., 0., 0., 0., 0., 0., 0., 0., 0.,
       0., 0., 0., 0., 0., 0., 0., 0., 0., 0., 0., 0., 0., 0., 0.])}
2026-01-09 15:12:28,590 - qmt_strategy - INFO - 预测结果长度：100
2026-01-09 15:12:28,590 - qmt_strategy - INFO - 开始做出交易决策
2026-01-09 15:12:28,590 - qmt_strategy - INFO - 进行动态买点决策
2026-01-09 15:12:28,594 - qmt_strategy - DEBUG - 处理股票：000012.SZ，预测结果：0，预测概率：0.0，综合评分：33.0
2026-01-09 15:12:28,594 - qmt_strategy - DEBUG - 股票000012.SZ不满足买入条件，概率：0.0 < 阈值：0.3
2026-01-09 15:12:28,595 - qmt_strategy - DEBUG - 处理股票：000016.SZ，预测结果：0，预测概率：0.0，综合评分：33.0
2026-01-09 15:12:28,595 - qmt_strategy - DEBUG - 股票000016.SZ不满足买入条件，概率：0.0 < 阈值：0.3
2026-01-09 15:12:28,595 - qmt_strategy - DEBUG - 处理股票：000024.SZ，预测结果：0，预测概率：0.0，综合评分：33.0
2026-01-09 15:12:28,595 - qmt_strategy - DEBUG - 股票000024.SZ不满足买入条件，概率：0.0 < 阈值：0.3
2026-01-09 15:12:28,596 - qmt_strategy - DEBUG - 处理股票：000026.SZ，预测结果：0，预测概率：0.0，综合评分：33.0
2026-01-09 15:12:28,596 - qmt_strategy - DEBUG - 股票000026.SZ不满足买入条件，概率：0.0 < 阈值：0.3
2026-01-09 15:12:28,596 - qmt_strategy - DEBUG - 处理股票：000027.SZ，预测结果：0，预测概率：0.0，综合评分：33.0
2026-01-09 15:12:28,596 - qmt_strategy - DEBUG - 股票000027.SZ不满足买入条件，概率：0.0 < 阈值：0.3
2026-01-09 15:12:28,596 - qmt_strategy - INFO - 进行自适应卖点决策
2026-01-09 15:12:28,597 - qmt_strategy - INFO - 交易决策完成，共0个决策
2026-01-09 15:12:28,597 - qmt_strategy - INFO - 2025-12-05生成了0个交易决策
2026-01-09 15:12:28,597 - qmt_strategy - INFO - 进行风险控制检查
2026-01-09 15:12:28,597 - qmt_strategy - WARNING - 交易决策为空，跳过风险控制检查
2026-01-09 15:12:28,597 - qmt_strategy - INFO - 2025-12-05通过风险控制的决策数量：0
2026-01-09 15:12:28,597 - qmt_strategy - INFO - 2025-12-05没有通过风险控制的交易决策
2026-01-09 15:12:28,597 - qmt_strategy - INFO - 处理日期：2025-12-08，当日数据行数：100
2026-01-09 15:12:28,598 - qmt_strategy - INFO - 当日包含 100 只股票：['000001.SZ' '000002.SZ' '000003.SZ' '000004.SZ' '000005.SZ']...
2026-01-09 15:12:28,598 - qmt_strategy - INFO - 模拟2025-12-08的交易
2026-01-09 15:12:28,599 - qmt_strategy - INFO - 过滤后用于预测的数值特征数量：100
2026-01-09 15:12:28,599 - qmt_strategy - INFO - 使用模型进行预测
2026-01-09 15:12:28,647 - qmt_strategy - INFO - 模型预测完成
2026-01-09 15:12:28,648 - qmt_strategy - INFO - 预测结果类型：<class 'dict'>
2026-01-09 15:12:28,648 - qmt_strategy - INFO - 预测结果内容：{'predictions': array([0, 0, 0, 0, 0, 0, 0, 0, 0, 0, 0, 0, 0, 0, 0, 0, 0, 0, 0, 0, 0, 0,
       0, 0, 0, 0, 0, 0, 0, 0, 0, 0, 0, 0, 0, 0, 0, 0, 0, 0, 0, 0, 0, 0,
       0, 0, 0, 0, 0, 0, 0, 0, 0, 0, 0, 0, 0, 0, 0, 0, 0, 0, 0, 0, 0, 0,
       0, 0, 0, 0, 0, 0, 0, 0, 0, 0, 0, 0, 0, 0, 0, 0, 0, 0, 0, 0, 0, 0,
       0, 0, 0, 0, 0, 0, 0, 0, 0, 0, 0, 0]), 'probabilities': array([0., 0., 0., 0., 0., 0., 0., 0., 0., 0., 0., 0., 0., 0., 0., 0., 0.,
       0., 0., 0., 0., 0., 0., 0., 0., 0., 0., 0., 0., 0., 0., 0., 0., 0.,
       0., 0., 0., 0., 0., 0., 0., 0., 0., 0., 0., 0., 0., 0., 0., 0., 0.,
       0., 0., 0., 0., 0., 0., 0., 0., 0., 0., 0., 0., 0., 0., 0., 0., 0.,
       0., 0., 0., 0., 0., 0., 0., 0., 0., 0., 0., 0., 0., 0., 0., 0., 0.,
       0., 0., 0., 0., 0., 0., 0., 0., 0., 0., 0., 0., 0., 0., 0.])}
2026-01-09 15:12:28,648 - qmt_strategy - INFO - 预测结果长度：100
2026-01-09 15:12:28,649 - qmt_strategy - INFO - 开始做出交易决策
2026-01-09 15:12:28,649 - qmt_strategy - INFO - 进行动态买点决策
2026-01-09 15:12:28,652 - qmt_strategy - DEBUG - 处理股票：000008.SZ，预测结果：0，预测概率：0.0，综合评分：33.0
2026-01-09 15:12:28,652 - qmt_strategy - DEBUG - 股票000008.SZ不满足买入条件，概率：0.0 < 阈值：0.3
2026-01-09 15:12:28,652 - qmt_strategy - DEBUG - 处理股票：000015.SZ，预测结果：0，预测概率：0.0，综合评分：33.0
2026-01-09 15:12:28,652 - qmt_strategy - DEBUG - 股票000015.SZ不满足买入条件，概率：0.0 < 阈值：0.3
2026-01-09 15:12:28,652 - qmt_strategy - DEBUG - 处理股票：000016.SZ，预测结果：0，预测概率：0.0，综合评分：33.0
2026-01-09 15:12:28,652 - qmt_strategy - DEBUG - 股票000016.SZ不满足买入条件，概率：0.0 < 阈值：0.3
2026-01-09 15:12:28,652 - qmt_strategy - DEBUG - 处理股票：000017.SZ，预测结果：0，预测概率：0.0，综合评分：33.0
2026-01-09 15:12:28,653 - qmt_strategy - DEBUG - 股票000017.SZ不满足买入条件，概率：0.0 < 阈值：0.3
2026-01-09 15:12:28,653 - qmt_strategy - DEBUG - 处理股票：000021.SZ，预测结果：0，预测概率：0.0，综合评分：33.0
2026-01-09 15:12:28,653 - qmt_strategy - DEBUG - 股票000021.SZ不满足买入条件，概率：0.0 < 阈值：0.3
2026-01-09 15:12:28,653 - qmt_strategy - INFO - 进行自适应卖点决策
2026-01-09 15:12:28,653 - qmt_strategy - INFO - 交易决策完成，共0个决策
2026-01-09 15:12:28,653 - qmt_strategy - INFO - 2025-12-08生成了0个交易决策
2026-01-09 15:12:28,653 - qmt_strategy - INFO - 进行风险控制检查
2026-01-09 15:12:28,653 - qmt_strategy - WARNING - 交易决策为空，跳过风险控制检查
2026-01-09 15:12:28,653 - qmt_strategy - INFO - 2025-12-08通过风险控制的决策数量：0
2026-01-09 15:12:28,653 - qmt_strategy - INFO - 2025-12-08没有通过风险控制的交易决策
2026-01-09 15:12:28,654 - qmt_strategy - INFO - 处理日期：2025-12-09，当日数据行数：100
2026-01-09 15:12:28,654 - qmt_strategy - INFO - 当日包含 100 只股票：['000001.SZ' '000002.SZ' '000003.SZ' '000004.SZ' '000005.SZ']...
2026-01-09 15:12:28,654 - qmt_strategy - INFO - 模拟2025-12-09的交易
2026-01-09 15:12:28,655 - qmt_strategy - INFO - 过滤后用于预测的数值特征数量：100
2026-01-09 15:12:28,655 - qmt_strategy - INFO - 使用模型进行预测
2026-01-09 15:12:28,692 - qmt_strategy - INFO - 模型预测完成
2026-01-09 15:12:28,693 - qmt_strategy - INFO - 预测结果类型：<class 'dict'>
2026-01-09 15:12:28,694 - qmt_strategy - INFO - 预测结果内容：{'predictions': array([0, 0, 0, 0, 0, 0, 0, 0, 0, 0, 0, 0, 0, 0, 0, 0, 0, 0, 0, 0, 0, 0,
       0, 0, 0, 0, 0, 0, 0, 0, 0, 0, 0, 0, 0, 0, 0, 0, 0, 0, 0, 0, 0, 0,
       0, 0, 0, 0, 0, 0, 0, 0, 0, 0, 0, 0, 0, 0, 0, 0, 0, 0, 0, 0, 0, 0,
       0, 0, 0, 0, 0, 0, 0, 0, 0, 0, 0, 0, 0, 0, 0, 0, 0, 0, 0, 0, 0, 0,
       0, 0, 0, 0, 0, 0, 0, 0, 0, 0, 0, 0]), 'probabilities': array([0., 0., 0., 0., 0., 0., 0., 0., 0., 0., 0., 0., 0., 0., 0., 0., 0.,
       0., 0., 0., 0., 0., 0., 0., 0., 0., 0., 0., 0., 0., 0., 0., 0., 0.,
       0., 0., 0., 0., 0., 0., 0., 0., 0., 0., 0., 0., 0., 0., 0., 0., 0.,
       0., 0., 0., 0., 0., 0., 0., 0., 0., 0., 0., 0., 0., 0., 0., 0., 0.,
       0., 0., 0., 0., 0., 0., 0., 0., 0., 0., 0., 0., 0., 0., 0., 0., 0.,
       0., 0., 0., 0., 0., 0., 0., 0., 0., 0., 0., 0., 0., 0., 0.])}
2026-01-09 15:12:28,694 - qmt_strategy - INFO - 预测结果长度：100
2026-01-09 15:12:28,694 - qmt_strategy - INFO - 开始做出交易决策
2026-01-09 15:12:28,694 - qmt_strategy - INFO - 进行动态买点决策
2026-01-09 15:12:28,698 - qmt_strategy - DEBUG - 处理股票：000003.SZ，预测结果：0，预测概率：0.0，综合评分：33.0
2026-01-09 15:12:28,698 - qmt_strategy - DEBUG - 股票000003.SZ不满足买入条件，概率：0.0 < 阈值：0.3
2026-01-09 15:12:28,698 - qmt_strategy - DEBUG - 处理股票：000008.SZ，预测结果：0，预测概率：0.0，综合评分：33.0
2026-01-09 15:12:28,698 - qmt_strategy - DEBUG - 股票000008.SZ不满足买入条件，概率：0.0 < 阈值：0.3
2026-01-09 15:12:28,698 - qmt_strategy - DEBUG - 处理股票：000015.SZ，预测结果：0，预测概率：0.0，综合评分：33.0
2026-01-09 15:12:28,699 - qmt_strategy - DEBUG - 股票000015.SZ不满足买入条件，概率：0.0 < 阈值：0.3
2026-01-09 15:12:28,699 - qmt_strategy - DEBUG - 处理股票：000016.SZ，预测结果：0，预测概率：0.0，综合评分：33.0
2026-01-09 15:12:28,699 - qmt_strategy - DEBUG - 股票000016.SZ不满足买入条件，概率：0.0 < 阈值：0.3
2026-01-09 15:12:28,699 - qmt_strategy - DEBUG - 处理股票：000017.SZ，预测结果：0，预测概率：0.0，综合评分：33.0
2026-01-09 15:12:28,699 - qmt_strategy - DEBUG - 股票000017.SZ不满足买入条件，概率：0.0 < 阈值：0.3
2026-01-09 15:12:28,699 - qmt_strategy - INFO - 进行自适应卖点决策
2026-01-09 15:12:28,699 - qmt_strategy - INFO - 交易决策完成，共0个决策
2026-01-09 15:12:28,699 - qmt_strategy - INFO - 2025-12-09生成了0个交易决策
2026-01-09 15:12:28,699 - qmt_strategy - INFO - 进行风险控制检查
2026-01-09 15:12:28,699 - qmt_strategy - WARNING - 交易决策为空，跳过风险控制检查
2026-01-09 15:12:28,700 - qmt_strategy - INFO - 2025-12-09通过风险控制的决策数量：0
2026-01-09 15:12:28,700 - qmt_strategy - INFO - 2025-12-09没有通过风险控制的交易决策
2026-01-09 15:12:28,700 - qmt_strategy - INFO - 处理日期：2025-12-10，当日数据行数：100
2026-01-09 15:12:28,700 - qmt_strategy - INFO - 当日包含 100 只股票：['000001.SZ' '000002.SZ' '000003.SZ' '000004.SZ' '000005.SZ']...
2026-01-09 15:12:28,701 - qmt_strategy - INFO - 模拟2025-12-10的交易
2026-01-09 15:12:28,701 - qmt_strategy - INFO - 过滤后用于预测的数值特征数量：100
2026-01-09 15:12:28,702 - qmt_strategy - INFO - 使用模型进行预测
2026-01-09 15:12:28,748 - qmt_strategy - INFO - 模型预测完成
2026-01-09 15:12:28,748 - qmt_strategy - INFO - 预测结果类型：<class 'dict'>
2026-01-09 15:12:28,749 - qmt_strategy - INFO - 预测结果内容：{'predictions': array([0, 0, 0, 0, 0, 0, 0, 0, 0, 0, 0, 0, 0, 0, 0, 0, 0, 0, 0, 0, 0, 0,
       0, 0, 0, 0, 0, 0, 0, 0, 0, 0, 0, 0, 0, 0, 0, 0, 0, 0, 0, 0, 0, 0,
       0, 0, 0, 0, 0, 0, 0, 0, 0, 0, 0, 0, 0, 0, 0, 0, 0, 0, 0, 0, 0, 0,
       0, 0, 0, 0, 0, 0, 0, 0, 0, 0, 0, 0, 0, 0, 0, 0, 0, 0, 0, 0, 0, 0,
       0, 0, 0, 0, 0, 0, 0, 0, 0, 0, 0, 0]), 'probabilities': array([0., 0., 0., 0., 0., 0., 0., 0., 0., 0., 0., 0., 0., 0., 0., 0., 0.,
       0., 0., 0., 0., 0., 0., 0., 0., 0., 0., 0., 0., 0., 0., 0., 0., 0.,
       0., 0., 0., 0., 0., 0., 0., 0., 0., 0., 0., 0., 0., 0., 0., 0., 0.,
       0., 0., 0., 0., 0., 0., 0., 0., 0., 0., 0., 0., 0., 0., 0., 0., 0.,
       0., 0., 0., 0., 0., 0., 0., 0., 0., 0., 0., 0., 0., 0., 0., 0., 0.,
       0., 0., 0., 0., 0., 0., 0., 0., 0., 0., 0., 0., 0., 0., 0.])}
2026-01-09 15:12:28,749 - qmt_strategy - INFO - 预测结果长度：100
2026-01-09 15:12:28,749 - qmt_strategy - INFO - 开始做出交易决策
2026-01-09 15:12:28,749 - qmt_strategy - INFO - 进行动态买点决策
2026-01-09 15:12:28,752 - qmt_strategy - DEBUG - 处理股票：000003.SZ，预测结果：0，预测概率：0.0，综合评分：33.0
2026-01-09 15:12:28,752 - qmt_strategy - DEBUG - 股票000003.SZ不满足买入条件，概率：0.0 < 阈值：0.3
2026-01-09 15:12:28,752 - qmt_strategy - DEBUG - 处理股票：000015.SZ，预测结果：0，预测概率：0.0，综合评分：33.0
2026-01-09 15:12:28,752 - qmt_strategy - DEBUG - 股票000015.SZ不满足买入条件，概率：0.0 < 阈值：0.3
2026-01-09 15:12:28,752 - qmt_strategy - DEBUG - 处理股票：000016.SZ，预测结果：0，预测概率：0.0，综合评分：33.0
2026-01-09 15:12:28,753 - qmt_strategy - DEBUG - 股票000016.SZ不满足买入条件，概率：0.0 < 阈值：0.3
2026-01-09 15:12:28,753 - qmt_strategy - DEBUG - 处理股票：000017.SZ，预测结果：0，预测概率：0.0，综合评分：33.0
2026-01-09 15:12:28,753 - qmt_strategy - DEBUG - 股票000017.SZ不满足买入条件，概率：0.0 < 阈值：0.3
2026-01-09 15:12:28,753 - qmt_strategy - DEBUG - 处理股票：000021.SZ，预测结果：0，预测概率：0.0，综合评分：33.0
2026-01-09 15:12:28,753 - qmt_strategy - DEBUG - 股票000021.SZ不满足买入条件，概率：0.0 < 阈值：0.3
2026-01-09 15:12:28,753 - qmt_strategy - INFO - 进行自适应卖点决策
2026-01-09 15:12:28,753 - qmt_strategy - INFO - 交易决策完成，共0个决策
2026-01-09 15:12:28,753 - qmt_strategy - INFO - 2025-12-10生成了0个交易决策
2026-01-09 15:12:28,753 - qmt_strategy - INFO - 进行风险控制检查
2026-01-09 15:12:28,753 - qmt_strategy - WARNING - 交易决策为空，跳过风险控制检查
2026-01-09 15:12:28,754 - qmt_strategy - INFO - 2025-12-10通过风险控制的决策数量：0
2026-01-09 15:12:28,754 - qmt_strategy - INFO - 2025-12-10没有通过风险控制的交易决策
2026-01-09 15:12:28,754 - qmt_strategy - INFO - 处理日期：2025-12-11，当日数据行数：100
2026-01-09 15:12:28,754 - qmt_strategy - INFO - 当日包含 100 只股票：['000001.SZ' '000002.SZ' '000003.SZ' '000004.SZ' '000005.SZ']...
2026-01-09 15:12:28,754 - qmt_strategy - INFO - 模拟2025-12-11的交易
2026-01-09 15:12:28,755 - qmt_strategy - INFO - 过滤后用于预测的数值特征数量：100
2026-01-09 15:12:28,755 - qmt_strategy - INFO - 使用模型进行预测
2026-01-09 15:12:28,789 - qmt_strategy - INFO - 模型预测完成
2026-01-09 15:12:28,790 - qmt_strategy - INFO - 预测结果类型：<class 'dict'>
2026-01-09 15:12:28,790 - qmt_strategy - INFO - 预测结果内容：{'predictions': array([0, 0, 0, 0, 0, 0, 0, 0, 0, 0, 0, 0, 0, 0, 0, 0, 0, 0, 0, 0, 0, 0,
       0, 0, 0, 0, 0, 0, 0, 0, 0, 0, 0, 0, 0, 0, 0, 0, 0, 0, 0, 0, 0, 0,
       0, 0, 0, 0, 0, 0, 0, 0, 0, 0, 0, 0, 0, 0, 0, 0, 0, 0, 0, 0, 0, 0,
       0, 0, 0, 0, 0, 0, 0, 0, 0, 0, 0, 0, 0, 0, 0, 0, 0, 0, 0, 0, 0, 0,
       0, 0, 0, 0, 0, 0, 0, 0, 0, 0, 0, 0]), 'probabilities': array([0., 0., 0., 0., 0., 0., 0., 0., 0., 0., 0., 0., 0., 0., 0., 0., 0.,
       0., 0., 0., 0., 0., 0., 0., 0., 0., 0., 0., 0., 0., 0., 0., 0., 0.,
       0., 0., 0., 0., 0., 0., 0., 0., 0., 0., 0., 0., 0., 0., 0., 0., 0.,
       0., 0., 0., 0., 0., 0., 0., 0., 0., 0., 0., 0., 0., 0., 0., 0., 0.,
       0., 0., 0., 0., 0., 0., 0., 0., 0., 0., 0., 0., 0., 0., 0., 0., 0.,
       0., 0., 0., 0., 0., 0., 0., 0., 0., 0., 0., 0., 0., 0., 0.])}
2026-01-09 15:12:28,790 - qmt_strategy - INFO - 预测结果长度：100
2026-01-09 15:12:28,790 - qmt_strategy - INFO - 开始做出交易决策
2026-01-09 15:12:28,790 - qmt_strategy - INFO - 进行动态买点决策
2026-01-09 15:12:28,793 - qmt_strategy - DEBUG - 处理股票：000003.SZ，预测结果：0，预测概率：0.0，综合评分：33.0
2026-01-09 15:12:28,795 - qmt_strategy - DEBUG - 股票000003.SZ不满足买入条件，概率：0.0 < 阈值：0.3
2026-01-09 15:12:28,795 - qmt_strategy - DEBUG - 处理股票：000015.SZ，预测结果：0，预测概率：0.0，综合评分：33.0
2026-01-09 15:12:28,795 - qmt_strategy - DEBUG - 股票000015.SZ不满足买入条件，概率：0.0 < 阈值：0.3
2026-01-09 15:12:28,796 - qmt_strategy - DEBUG - 处理股票：000017.SZ，预测结果：0，预测概率：0.0，综合评分：33.0
2026-01-09 15:12:28,796 - qmt_strategy - DEBUG - 股票000017.SZ不满足买入条件，概率：0.0 < 阈值：0.3
2026-01-09 15:12:28,796 - qmt_strategy - DEBUG - 处理股票：000022.SZ，预测结果：0，预测概率：0.0，综合评分：33.0
2026-01-09 15:12:28,796 - qmt_strategy - DEBUG - 股票000022.SZ不满足买入条件，概率：0.0 < 阈值：0.3
2026-01-09 15:12:28,796 - qmt_strategy - DEBUG - 处理股票：000026.SZ，预测结果：0，预测概率：0.0，综合评分：33.0
2026-01-09 15:12:28,796 - qmt_strategy - DEBUG - 股票000026.SZ不满足买入条件，概率：0.0 < 阈值：0.3
2026-01-09 15:12:28,796 - qmt_strategy - INFO - 进行自适应卖点决策
2026-01-09 15:12:28,797 - qmt_strategy - INFO - 交易决策完成，共0个决策
2026-01-09 15:12:28,797 - qmt_strategy - INFO - 2025-12-11生成了0个交易决策
2026-01-09 15:12:28,797 - qmt_strategy - INFO - 进行风险控制检查
2026-01-09 15:12:28,798 - qmt_strategy - WARNING - 交易决策为空，跳过风险控制检查
2026-01-09 15:12:28,798 - qmt_strategy - INFO - 2025-12-11通过风险控制的决策数量：0
2026-01-09 15:12:28,798 - qmt_strategy - INFO - 2025-12-11没有通过风险控制的交易决策
2026-01-09 15:12:28,798 - qmt_strategy - INFO - 处理日期：2025-12-12，当日数据行数：100
2026-01-09 15:12:28,798 - qmt_strategy - INFO - 当日包含 100 只股票：['000001.SZ' '000002.SZ' '000003.SZ' '000004.SZ' '000005.SZ']...
2026-01-09 15:12:28,798 - qmt_strategy - INFO - 模拟2025-12-12的交易
2026-01-09 15:12:28,799 - qmt_strategy - INFO - 过滤后用于预测的数值特征数量：100
2026-01-09 15:12:28,799 - qmt_strategy - INFO - 使用模型进行预测
2026-01-09 15:12:28,846 - qmt_strategy - INFO - 模型预测完成
2026-01-09 15:12:28,847 - qmt_strategy - INFO - 预测结果类型：<class 'dict'>
2026-01-09 15:12:28,847 - qmt_strategy - INFO - 预测结果内容：{'predictions': array([0, 0, 0, 0, 0, 0, 0, 0, 0, 0, 0, 0, 0, 0, 0, 0, 0, 0, 0, 0, 0, 0,
       0, 0, 0, 0, 0, 0, 0, 0, 0, 0, 0, 0, 0, 0, 0, 0, 0, 0, 0, 0, 0, 0,
       0, 0, 0, 0, 0, 0, 0, 0, 0, 0, 0, 0, 0, 0, 0, 0, 0, 0, 0, 0, 0, 0,
       0, 0, 0, 0, 0, 0, 0, 0, 0, 0, 0, 0, 0, 0, 0, 0, 0, 0, 0, 0, 0, 0,
       0, 0, 0, 0, 0, 0, 0, 0, 0, 0, 0, 0]), 'probabilities': array([0., 0., 0., 0., 0., 0., 0., 0., 0., 0., 0., 0., 0., 0., 0., 0., 0.,
       0., 0., 0., 0., 0., 0., 0., 0., 0., 0., 0., 0., 0., 0., 0., 0., 0.,
       0., 0., 0., 0., 0., 0., 0., 0., 0., 0., 0., 0., 0., 0., 0., 0., 0.,
       0., 0., 0., 0., 0., 0., 0., 0., 0., 0., 0., 0., 0., 0., 0., 0., 0.,
       0., 0., 0., 0., 0., 0., 0., 0., 0., 0., 0., 0., 0., 0., 0., 0., 0.,
       0., 0., 0., 0., 0., 0., 0., 0., 0., 0., 0., 0., 0., 0., 0.])}
2026-01-09 15:12:28,847 - qmt_strategy - INFO - 预测结果长度：100
2026-01-09 15:12:28,848 - qmt_strategy - INFO - 开始做出交易决策
2026-01-09 15:12:28,848 - qmt_strategy - INFO - 进行动态买点决策
2026-01-09 15:12:28,851 - qmt_strategy - DEBUG - 处理股票：000003.SZ，预测结果：0，预测概率：0.0，综合评分：33.0
2026-01-09 15:12:28,851 - qmt_strategy - DEBUG - 股票000003.SZ不满足买入条件，概率：0.0 < 阈值：0.3
2026-01-09 15:12:28,851 - qmt_strategy - DEBUG - 处理股票：000011.SZ，预测结果：0，预测概率：0.0，综合评分：33.0
2026-01-09 15:12:28,851 - qmt_strategy - DEBUG - 股票000011.SZ不满足买入条件，概率：0.0 < 阈值：0.3
2026-01-09 15:12:28,851 - qmt_strategy - DEBUG - 处理股票：000012.SZ，预测结果：0，预测概率：0.0，综合评分：33.0
2026-01-09 15:12:28,851 - qmt_strategy - DEBUG - 股票000012.SZ不满足买入条件，概率：0.0 < 阈值：0.3
2026-01-09 15:12:28,851 - qmt_strategy - DEBUG - 处理股票：000022.SZ，预测结果：0，预测概率：0.0，综合评分：33.0
2026-01-09 15:12:28,852 - qmt_strategy - DEBUG - 股票000022.SZ不满足买入条件，概率：0.0 < 阈值：0.3
2026-01-09 15:12:28,852 - qmt_strategy - DEBUG - 处理股票：000024.SZ，预测结果：0，预测概率：0.0，综合评分：33.0
2026-01-09 15:12:28,852 - qmt_strategy - DEBUG - 股票000024.SZ不满足买入条件，概率：0.0 < 阈值：0.3
2026-01-09 15:12:28,852 - qmt_strategy - INFO - 进行自适应卖点决策
2026-01-09 15:12:28,852 - qmt_strategy - INFO - 交易决策完成，共0个决策
2026-01-09 15:12:28,852 - qmt_strategy - INFO - 2025-12-12生成了0个交易决策
2026-01-09 15:12:28,852 - qmt_strategy - INFO - 进行风险控制检查
2026-01-09 15:12:28,852 - qmt_strategy - WARNING - 交易决策为空，跳过风险控制检查
2026-01-09 15:12:28,853 - qmt_strategy - INFO - 2025-12-12通过风险控制的决策数量：0
2026-01-09 15:12:28,853 - qmt_strategy - INFO - 2025-12-12没有通过风险控制的交易决策
2026-01-09 15:12:28,853 - qmt_strategy - INFO - 处理日期：2025-12-15，当日数据行数：100
2026-01-09 15:12:28,853 - qmt_strategy - INFO - 当日包含 100 只股票：['000001.SZ' '000002.SZ' '000003.SZ' '000004.SZ' '000005.SZ']...
2026-01-09 15:12:28,853 - qmt_strategy - INFO - 模拟2025-12-15的交易
2026-01-09 15:12:28,854 - qmt_strategy - INFO - 过滤后用于预测的数值特征数量：100
2026-01-09 15:12:28,854 - qmt_strategy - INFO - 使用模型进行预测
2026-01-09 15:12:28,894 - qmt_strategy - INFO - 模型预测完成
2026-01-09 15:12:28,894 - qmt_strategy - INFO - 预测结果类型：<class 'dict'>
2026-01-09 15:12:28,895 - qmt_strategy - INFO - 预测结果内容：{'predictions': array([0, 0, 0, 0, 0, 0, 0, 0, 0, 0, 0, 0, 0, 0, 0, 0, 0, 0, 0, 0, 0, 0,
       0, 0, 0, 0, 0, 0, 0, 0, 0, 0, 0, 0, 0, 0, 0, 0, 0, 0, 0, 0, 0, 0,
       0, 0, 0, 0, 0, 0, 0, 0, 0, 0, 0, 0, 0, 0, 0, 0, 0, 0, 0, 0, 0, 0,
       0, 0, 0, 0, 0, 0, 0, 0, 0, 0, 0, 0, 0, 0, 0, 0, 0, 0, 0, 0, 0, 0,
       0, 0, 0, 0, 0, 0, 0, 0, 0, 0, 0, 0]), 'probabilities': array([0., 0., 0., 0., 0., 0., 0., 0., 0., 0., 0., 0., 0., 0., 0., 0., 0.,
       0., 0., 0., 0., 0., 0., 0., 0., 0., 0., 0., 0., 0., 0., 0., 0., 0.,
       0., 0., 0., 0., 0., 0., 0., 0., 0., 0., 0., 0., 0., 0., 0., 0., 0.,
       0., 0., 0., 0., 0., 0., 0., 0., 0., 0., 0., 0., 0., 0., 0., 0., 0.,
       0., 0., 0., 0., 0., 0., 0., 0., 0., 0., 0., 0., 0., 0., 0., 0., 0.,
       0., 0., 0., 0., 0., 0., 0., 0., 0., 0., 0., 0., 0., 0., 0.])}
2026-01-09 15:12:28,895 - qmt_strategy - INFO - 预测结果长度：100
2026-01-09 15:12:28,896 - qmt_strategy - INFO - 开始做出交易决策
2026-01-09 15:12:28,896 - qmt_strategy - INFO - 进行动态买点决策
2026-01-09 15:12:28,899 - qmt_strategy - DEBUG - 处理股票：000003.SZ，预测结果：0，预测概率：0.0，综合评分：33.0
2026-01-09 15:12:28,899 - qmt_strategy - DEBUG - 股票000003.SZ不满足买入条件，概率：0.0 < 阈值：0.3
2026-01-09 15:12:28,899 - qmt_strategy - DEBUG - 处理股票：000009.SZ，预测结果：0，预测概率：0.0，综合评分：33.0
2026-01-09 15:12:28,900 - qmt_strategy - DEBUG - 股票000009.SZ不满足买入条件，概率：0.0 < 阈值：0.3
2026-01-09 15:12:28,900 - qmt_strategy - DEBUG - 处理股票：000012.SZ，预测结果：0，预测概率：0.0，综合评分：33.0
2026-01-09 15:12:28,900 - qmt_strategy - DEBUG - 股票000012.SZ不满足买入条件，概率：0.0 < 阈值：0.3
2026-01-09 15:12:28,900 - qmt_strategy - DEBUG - 处理股票：000013.SZ，预测结果：0，预测概率：0.0，综合评分：33.0
2026-01-09 15:12:28,900 - qmt_strategy - DEBUG - 股票000013.SZ不满足买入条件，概率：0.0 < 阈值：0.3
2026-01-09 15:12:28,900 - qmt_strategy - DEBUG - 处理股票：000022.SZ，预测结果：0，预测概率：0.0，综合评分：33.0
2026-01-09 15:12:28,900 - qmt_strategy - DEBUG - 股票000022.SZ不满足买入条件，概率：0.0 < 阈值：0.3
2026-01-09 15:12:28,901 - qmt_strategy - INFO - 进行自适应卖点决策
2026-01-09 15:12:28,901 - qmt_strategy - INFO - 交易决策完成，共0个决策
2026-01-09 15:12:28,901 - qmt_strategy - INFO - 2025-12-15生成了0个交易决策
2026-01-09 15:12:28,901 - qmt_strategy - INFO - 进行风险控制检查
2026-01-09 15:12:28,901 - qmt_strategy - WARNING - 交易决策为空，跳过风险控制检查
2026-01-09 15:12:28,901 - qmt_strategy - INFO - 2025-12-15通过风险控制的决策数量：0
2026-01-09 15:12:28,901 - qmt_strategy - INFO - 2025-12-15没有通过风险控制的交易决策
2026-01-09 15:12:28,901 - qmt_strategy - INFO - 处理日期：2025-12-16，当日数据行数：100
2026-01-09 15:12:28,902 - qmt_strategy - INFO - 当日包含 100 只股票：['000001.SZ' '000002.SZ' '000003.SZ' '000004.SZ' '000005.SZ']...
2026-01-09 15:12:28,902 - qmt_strategy - INFO - 模拟2025-12-16的交易
2026-01-09 15:12:28,903 - qmt_strategy - INFO - 过滤后用于预测的数值特征数量：100
2026-01-09 15:12:28,903 - qmt_strategy - INFO - 使用模型进行预测
2026-01-09 15:12:28,963 - qmt_strategy - INFO - 模型预测完成
2026-01-09 15:12:28,964 - qmt_strategy - INFO - 预测结果类型：<class 'dict'>
2026-01-09 15:12:28,965 - qmt_strategy - INFO - 预测结果内容：{'predictions': array([0, 0, 0, 0, 0, 0, 0, 0, 0, 0, 0, 0, 0, 0, 0, 0, 0, 0, 0, 0, 0, 0,
       0, 0, 0, 0, 0, 0, 0, 0, 0, 0, 0, 0, 0, 0, 0, 0, 0, 0, 0, 0, 0, 0,
       0, 0, 0, 0, 0, 0, 0, 0, 0, 0, 0, 0, 0, 0, 0, 0, 0, 0, 0, 0, 0, 0,
       0, 0, 0, 0, 0, 0, 0, 0, 0, 0, 0, 0, 0, 0, 0, 0, 0, 0, 0, 0, 0, 0,
       0, 0, 0, 0, 0, 0, 0, 0, 0, 0, 0, 0]), 'probabilities': array([0., 0., 0., 0., 0., 0., 0., 0., 0., 0., 0., 0., 0., 0., 0., 0., 0.,
       0., 0., 0., 0., 0., 0., 0., 0., 0., 0., 0., 0., 0., 0., 0., 0., 0.,
       0., 0., 0., 0., 0., 0., 0., 0., 0., 0., 0., 0., 0., 0., 0., 0., 0.,
       0., 0., 0., 0., 0., 0., 0., 0., 0., 0., 0., 0., 0., 0., 0., 0., 0.,
       0., 0., 0., 0., 0., 0., 0., 0., 0., 0., 0., 0., 0., 0., 0., 0., 0.,
       0., 0., 0., 0., 0., 0., 0., 0., 0., 0., 0., 0., 0., 0., 0.])}
2026-01-09 15:12:28,965 - qmt_strategy - INFO - 预测结果长度：100
2026-01-09 15:12:28,965 - qmt_strategy - INFO - 开始做出交易决策
2026-01-09 15:12:28,965 - qmt_strategy - INFO - 进行动态买点决策
2026-01-09 15:12:28,968 - qmt_strategy - DEBUG - 处理股票：000006.SZ，预测结果：0，预测概率：0.0，综合评分：33.0
2026-01-09 15:12:28,968 - qmt_strategy - DEBUG - 股票000006.SZ不满足买入条件，概率：0.0 < 阈值：0.3
2026-01-09 15:12:28,968 - qmt_strategy - DEBUG - 处理股票：000009.SZ，预测结果：0，预测概率：0.0，综合评分：33.0
2026-01-09 15:12:28,969 - qmt_strategy - DEBUG - 股票000009.SZ不满足买入条件，概率：0.0 < 阈值：0.3
2026-01-09 15:12:28,969 - qmt_strategy - DEBUG - 处理股票：000012.SZ，预测结果：0，预测概率：0.0，综合评分：33.0
2026-01-09 15:12:28,969 - qmt_strategy - DEBUG - 股票000012.SZ不满足买入条件，概率：0.0 < 阈值：0.3
2026-01-09 15:12:28,969 - qmt_strategy - DEBUG - 处理股票：000013.SZ，预测结果：0，预测概率：0.0，综合评分：33.0
2026-01-09 15:12:28,969 - qmt_strategy - DEBUG - 股票000013.SZ不满足买入条件，概率：0.0 < 阈值：0.3
2026-01-09 15:12:28,969 - qmt_strategy - DEBUG - 处理股票：000019.SZ，预测结果：0，预测概率：0.0，综合评分：33.0
2026-01-09 15:12:28,969 - qmt_strategy - DEBUG - 股票000019.SZ不满足买入条件，概率：0.0 < 阈值：0.3
2026-01-09 15:12:28,969 - qmt_strategy - INFO - 进行自适应卖点决策
2026-01-09 15:12:28,969 - qmt_strategy - INFO - 交易决策完成，共0个决策
2026-01-09 15:12:28,969 - qmt_strategy - INFO - 2025-12-16生成了0个交易决策
2026-01-09 15:12:28,970 - qmt_strategy - INFO - 进行风险控制检查
2026-01-09 15:12:28,970 - qmt_strategy - WARNING - 交易决策为空，跳过风险控制检查
2026-01-09 15:12:28,970 - qmt_strategy - INFO - 2025-12-16通过风险控制的决策数量：0
2026-01-09 15:12:28,970 - qmt_strategy - INFO - 2025-12-16没有通过风险控制的交易决策
2026-01-09 15:12:28,970 - qmt_strategy - INFO - 处理日期：2025-12-17，当日数据行数：100
2026-01-09 15:12:28,970 - qmt_strategy - INFO - 当日包含 100 只股票：['000001.SZ' '000002.SZ' '000003.SZ' '000004.SZ' '000005.SZ']...
2026-01-09 15:12:28,970 - qmt_strategy - INFO - 模拟2025-12-17的交易
2026-01-09 15:12:28,971 - qmt_strategy - INFO - 过滤后用于预测的数值特征数量：100
2026-01-09 15:12:28,971 - qmt_strategy - INFO - 使用模型进行预测
2026-01-09 15:12:29,012 - qmt_strategy - INFO - 模型预测完成
2026-01-09 15:12:29,013 - qmt_strategy - INFO - 预测结果类型：<class 'dict'>
2026-01-09 15:12:29,014 - qmt_strategy - INFO - 预测结果内容：{'predictions': array([0, 0, 0, 0, 0, 0, 0, 0, 0, 0, 0, 0, 0, 0, 0, 0, 0, 0, 0, 0, 0, 0,
       0, 0, 0, 0, 0, 0, 0, 0, 0, 0, 0, 0, 0, 0, 0, 0, 0, 0, 0, 0, 0, 0,
       0, 0, 0, 0, 0, 0, 0, 0, 0, 0, 0, 0, 0, 0, 0, 0, 0, 0, 0, 0, 0, 0,
       0, 0, 0, 0, 0, 0, 0, 0, 0, 0, 0, 0, 0, 0, 0, 0, 0, 0, 0, 0, 0, 0,
       0, 0, 0, 0, 0, 0, 0, 0, 0, 0, 0, 0]), 'probabilities': array([0., 0., 0., 0., 0., 0., 0., 0., 0., 0., 0., 0., 0., 0., 0., 0., 0.,
       0., 0., 0., 0., 0., 0., 0., 0., 0., 0., 0., 0., 0., 0., 0., 0., 0.,
       0., 0., 0., 0., 0., 0., 0., 0., 0., 0., 0., 0., 0., 0., 0., 0., 0.,
       0., 0., 0., 0., 0., 0., 0., 0., 0., 0., 0., 0., 0., 0., 0., 0., 0.,
       0., 0., 0., 0., 0., 0., 0., 0., 0., 0., 0., 0., 0., 0., 0., 0., 0.,
       0., 0., 0., 0., 0., 0., 0., 0., 0., 0., 0., 0., 0., 0., 0.])}
2026-01-09 15:12:29,014 - qmt_strategy - INFO - 预测结果长度：100
2026-01-09 15:12:29,014 - qmt_strategy - INFO - 开始做出交易决策
2026-01-09 15:12:29,014 - qmt_strategy - INFO - 进行动态买点决策
2026-01-09 15:12:29,018 - qmt_strategy - DEBUG - 处理股票：000006.SZ，预测结果：0，预测概率：0.0，综合评分：33.0
2026-01-09 15:12:29,018 - qmt_strategy - DEBUG - 股票000006.SZ不满足买入条件，概率：0.0 < 阈值：0.3
2026-01-09 15:12:29,018 - qmt_strategy - DEBUG - 处理股票：000008.SZ，预测结果：0，预测概率：0.0，综合评分：33.0
2026-01-09 15:12:29,019 - qmt_strategy - DEBUG - 股票000008.SZ不满足买入条件，概率：0.0 < 阈值：0.3
2026-01-09 15:12:29,019 - qmt_strategy - DEBUG - 处理股票：000009.SZ，预测结果：0，预测概率：0.0，综合评分：33.0
2026-01-09 15:12:29,019 - qmt_strategy - DEBUG - 股票000009.SZ不满足买入条件，概率：0.0 < 阈值：0.3
2026-01-09 15:12:29,019 - qmt_strategy - DEBUG - 处理股票：000011.SZ，预测结果：0，预测概率：0.0，综合评分：33.0
2026-01-09 15:12:29,019 - qmt_strategy - DEBUG - 股票000011.SZ不满足买入条件，概率：0.0 < 阈值：0.3
2026-01-09 15:12:29,019 - qmt_strategy - DEBUG - 处理股票：000012.SZ，预测结果：0，预测概率：0.0，综合评分：33.0
2026-01-09 15:12:29,019 - qmt_strategy - DEBUG - 股票000012.SZ不满足买入条件，概率：0.0 < 阈值：0.3
2026-01-09 15:12:29,019 - qmt_strategy - INFO - 进行自适应卖点决策
2026-01-09 15:12:29,019 - qmt_strategy - INFO - 交易决策完成，共0个决策
2026-01-09 15:12:29,020 - qmt_strategy - INFO - 2025-12-17生成了0个交易决策
2026-01-09 15:12:29,020 - qmt_strategy - INFO - 进行风险控制检查
2026-01-09 15:12:29,020 - qmt_strategy - WARNING - 交易决策为空，跳过风险控制检查
2026-01-09 15:12:29,020 - qmt_strategy - INFO - 2025-12-17通过风险控制的决策数量：0
2026-01-09 15:12:29,020 - qmt_strategy - INFO - 2025-12-17没有通过风险控制的交易决策
2026-01-09 15:12:29,020 - qmt_strategy - INFO - 处理日期：2025-12-18，当日数据行数：100
2026-01-09 15:12:29,020 - qmt_strategy - INFO - 当日包含 100 只股票：['000001.SZ' '000002.SZ' '000003.SZ' '000004.SZ' '000005.SZ']...
2026-01-09 15:12:29,020 - qmt_strategy - INFO - 模拟2025-12-18的交易
2026-01-09 15:12:29,021 - qmt_strategy - INFO - 过滤后用于预测的数值特征数量：100
2026-01-09 15:12:29,021 - qmt_strategy - INFO - 使用模型进行预测
2026-01-09 15:12:29,067 - qmt_strategy - INFO - 模型预测完成
2026-01-09 15:12:29,067 - qmt_strategy - INFO - 预测结果类型：<class 'dict'>
2026-01-09 15:12:29,068 - qmt_strategy - INFO - 预测结果内容：{'predictions': array([0, 0, 0, 0, 0, 0, 0, 0, 0, 0, 0, 0, 0, 0, 0, 0, 0, 0, 0, 0, 0, 0,
       0, 0, 0, 0, 0, 0, 0, 0, 0, 0, 0, 0, 0, 0, 0, 0, 0, 0, 0, 0, 0, 0,
       0, 0, 0, 0, 0, 0, 0, 0, 0, 0, 0, 0, 0, 0, 0, 0, 0, 0, 0, 0, 0, 0,
       0, 0, 0, 0, 0, 0, 0, 0, 0, 0, 0, 0, 0, 0, 0, 0, 0, 0, 0, 0, 0, 0,
       0, 0, 0, 0, 0, 0, 0, 0, 0, 0, 0, 0]), 'probabilities': array([0., 0., 0., 0., 0., 0., 0., 0., 0., 0., 0., 0., 0., 0., 0., 0., 0.,
       0., 0., 0., 0., 0., 0., 0., 0., 0., 0., 0., 0., 0., 0., 0., 0., 0.,
       0., 0., 0., 0., 0., 0., 0., 0., 0., 0., 0., 0., 0., 0., 0., 0., 0.,
       0., 0., 0., 0., 0., 0., 0., 0., 0., 0., 0., 0., 0., 0., 0., 0., 0.,
       0., 0., 0., 0., 0., 0., 0., 0., 0., 0., 0., 0., 0., 0., 0., 0., 0.,
       0., 0., 0., 0., 0., 0., 0., 0., 0., 0., 0., 0., 0., 0., 0.])}
2026-01-09 15:12:29,068 - qmt_strategy - INFO - 预测结果长度：100
2026-01-09 15:12:29,068 - qmt_strategy - INFO - 开始做出交易决策
2026-01-09 15:12:29,069 - qmt_strategy - INFO - 进行动态买点决策
2026-01-09 15:12:29,072 - qmt_strategy - DEBUG - 处理股票：000006.SZ，预测结果：0，预测概率：0.0，综合评分：33.0
2026-01-09 15:12:29,073 - qmt_strategy - DEBUG - 股票000006.SZ不满足买入条件，概率：0.0 < 阈值：0.3
2026-01-09 15:12:29,073 - qmt_strategy - DEBUG - 处理股票：000008.SZ，预测结果：0，预测概率：0.0，综合评分：33.0
2026-01-09 15:12:29,073 - qmt_strategy - DEBUG - 股票000008.SZ不满足买入条件，概率：0.0 < 阈值：0.3
2026-01-09 15:12:29,073 - qmt_strategy - DEBUG - 处理股票：000009.SZ，预测结果：0，预测概率：0.0，综合评分：33.0
2026-01-09 15:12:29,073 - qmt_strategy - DEBUG - 股票000009.SZ不满足买入条件，概率：0.0 < 阈值：0.3
2026-01-09 15:12:29,073 - qmt_strategy - DEBUG - 处理股票：000012.SZ，预测结果：0，预测概率：0.0，综合评分：33.0
2026-01-09 15:12:29,074 - qmt_strategy - DEBUG - 股票000012.SZ不满足买入条件，概率：0.0 < 阈值：0.3
2026-01-09 15:12:29,074 - qmt_strategy - DEBUG - 处理股票：000019.SZ，预测结果：0，预测概率：0.0，综合评分：33.0
2026-01-09 15:12:29,074 - qmt_strategy - DEBUG - 股票000019.SZ不满足买入条件，概率：0.0 < 阈值：0.3
2026-01-09 15:12:29,074 - qmt_strategy - INFO - 进行自适应卖点决策
2026-01-09 15:12:29,074 - qmt_strategy - INFO - 交易决策完成，共0个决策
2026-01-09 15:12:29,074 - qmt_strategy - INFO - 2025-12-18生成了0个交易决策
2026-01-09 15:12:29,074 - qmt_strategy - INFO - 进行风险控制检查
2026-01-09 15:12:29,075 - qmt_strategy - WARNING - 交易决策为空，跳过风险控制检查
2026-01-09 15:12:29,075 - qmt_strategy - INFO - 2025-12-18通过风险控制的决策数量：0
2026-01-09 15:12:29,075 - qmt_strategy - INFO - 2025-12-18没有通过风险控制的交易决策
2026-01-09 15:12:29,075 - qmt_strategy - INFO - 处理日期：2025-12-19，当日数据行数：100
2026-01-09 15:12:29,075 - qmt_strategy - INFO - 当日包含 100 只股票：['000001.SZ' '000002.SZ' '000003.SZ' '000004.SZ' '000005.SZ']...
2026-01-09 15:12:29,075 - qmt_strategy - INFO - 模拟2025-12-19的交易
2026-01-09 15:12:29,076 - qmt_strategy - INFO - 过滤后用于预测的数值特征数量：100
2026-01-09 15:12:29,076 - qmt_strategy - INFO - 使用模型进行预测
2026-01-09 15:12:29,126 - qmt_strategy - INFO - 模型预测完成
2026-01-09 15:12:29,127 - qmt_strategy - INFO - 预测结果类型：<class 'dict'>
2026-01-09 15:12:29,129 - qmt_strategy - INFO - 预测结果内容：{'predictions': array([0, 0, 0, 0, 0, 0, 0, 0, 0, 0, 0, 0, 0, 0, 0, 0, 0, 0, 0, 0, 0, 0,
       0, 0, 0, 0, 0, 0, 0, 0, 0, 0, 0, 0, 0, 0, 0, 0, 0, 0, 0, 0, 0, 0,
       0, 0, 0, 0, 0, 0, 0, 0, 0, 0, 0, 0, 0, 0, 0, 0, 0, 0, 0, 0, 0, 0,
       0, 0, 0, 0, 0, 0, 0, 0, 0, 0, 0, 0, 0, 0, 0, 0, 0, 0, 0, 0, 0, 0,
       0, 0, 0, 0, 0, 0, 0, 0, 0, 0, 0, 0]), 'probabilities': array([0., 0., 0., 0., 0., 0., 0., 0., 0., 0., 0., 0., 0., 0., 0., 0., 0.,
       0., 0., 0., 0., 0., 0., 0., 0., 0., 0., 0., 0., 0., 0., 0., 0., 0.,
       0., 0., 0., 0., 0., 0., 0., 0., 0., 0., 0., 0., 0., 0., 0., 0., 0.,
       0., 0., 0., 0., 0., 0., 0., 0., 0., 0., 0., 0., 0., 0., 0., 0., 0.,
       0., 0., 0., 0., 0., 0., 0., 0., 0., 0., 0., 0., 0., 0., 0., 0., 0.,
       0., 0., 0., 0., 0., 0., 0., 0., 0., 0., 0., 0., 0., 0., 0.])}
2026-01-09 15:12:29,129 - qmt_strategy - INFO - 预测结果长度：100
2026-01-09 15:12:29,129 - qmt_strategy - INFO - 开始做出交易决策
2026-01-09 15:12:29,129 - qmt_strategy - INFO - 进行动态买点决策
2026-01-09 15:12:29,134 - qmt_strategy - DEBUG - 处理股票：000006.SZ，预测结果：0，预测概率：0.0，综合评分：33.0
2026-01-09 15:12:29,134 - qmt_strategy - DEBUG - 股票000006.SZ不满足买入条件，概率：0.0 < 阈值：0.3
2026-01-09 15:12:29,134 - qmt_strategy - DEBUG - 处理股票：000008.SZ，预测结果：0，预测概率：0.0，综合评分：33.0
2026-01-09 15:12:29,135 - qmt_strategy - DEBUG - 股票000008.SZ不满足买入条件，概率：0.0 < 阈值：0.3
2026-01-09 15:12:29,135 - qmt_strategy - DEBUG - 处理股票：000012.SZ，预测结果：0，预测概率：0.0，综合评分：33.0
2026-01-09 15:12:29,135 - qmt_strategy - DEBUG - 股票000012.SZ不满足买入条件，概率：0.0 < 阈值：0.3
2026-01-09 15:12:29,135 - qmt_strategy - DEBUG - 处理股票：000019.SZ，预测结果：0，预测概率：0.0，综合评分：33.0
2026-01-09 15:12:29,135 - qmt_strategy - DEBUG - 股票000019.SZ不满足买入条件，概率：0.0 < 阈值：0.3
2026-01-09 15:12:29,135 - qmt_strategy - DEBUG - 处理股票：000020.SZ，预测结果：0，预测概率：0.0，综合评分：33.0
2026-01-09 15:12:29,135 - qmt_strategy - DEBUG - 股票000020.SZ不满足买入条件，概率：0.0 < 阈值：0.3
2026-01-09 15:12:29,136 - qmt_strategy - INFO - 进行自适应卖点决策
2026-01-09 15:12:29,136 - qmt_strategy - INFO - 交易决策完成，共0个决策
2026-01-09 15:12:29,136 - qmt_strategy - INFO - 2025-12-19生成了0个交易决策
2026-01-09 15:12:29,136 - qmt_strategy - INFO - 进行风险控制检查
2026-01-09 15:12:29,136 - qmt_strategy - WARNING - 交易决策为空，跳过风险控制检查
2026-01-09 15:12:29,136 - qmt_strategy - INFO - 2025-12-19通过风险控制的决策数量：0
2026-01-09 15:12:29,136 - qmt_strategy - INFO - 2025-12-19没有通过风险控制的交易决策
2026-01-09 15:12:29,136 - qmt_strategy - INFO - 处理日期：2025-12-22，当日数据行数：100
2026-01-09 15:12:29,137 - qmt_strategy - INFO - 当日包含 100 只股票：['000001.SZ' '000002.SZ' '000003.SZ' '000004.SZ' '000005.SZ']...
2026-01-09 15:12:29,137 - qmt_strategy - INFO - 模拟2025-12-22的交易
2026-01-09 15:12:29,137 - qmt_strategy - INFO - 过滤后用于预测的数值特征数量：100
2026-01-09 15:12:29,137 - qmt_strategy - INFO - 使用模型进行预测
2026-01-09 15:12:29,198 - qmt_strategy - INFO - 模型预测完成
2026-01-09 15:12:29,198 - qmt_strategy - INFO - 预测结果类型：<class 'dict'>
2026-01-09 15:12:29,199 - qmt_strategy - INFO - 预测结果内容：{'predictions': array([0, 0, 0, 0, 0, 0, 0, 0, 0, 0, 0, 0, 0, 0, 0, 0, 0, 0, 0, 0, 0, 0,
       0, 0, 0, 0, 0, 0, 0, 0, 0, 0, 0, 0, 0, 0, 0, 0, 0, 0, 0, 0, 0, 0,
       0, 0, 0, 0, 0, 0, 0, 0, 0, 0, 0, 0, 0, 0, 0, 0, 0, 0, 0, 0, 0, 0,
       0, 0, 0, 0, 0, 0, 0, 0, 0, 0, 0, 0, 0, 0, 0, 0, 0, 0, 0, 0, 0, 0,
       0, 0, 0, 0, 0, 0, 0, 0, 0, 0, 0, 0]), 'probabilities': array([0., 0., 0., 0., 0., 0., 0., 0., 0., 0., 0., 0., 0., 0., 0., 0., 0.,
       0., 0., 0., 0., 0., 0., 0., 0., 0., 0., 0., 0., 0., 0., 0., 0., 0.,
       0., 0., 0., 0., 0., 0., 0., 0., 0., 0., 0., 0., 0., 0., 0., 0., 0.,
       0., 0., 0., 0., 0., 0., 0., 0., 0., 0., 0., 0., 0., 0., 0., 0., 0.,
       0., 0., 0., 0., 0., 0., 0., 0., 0., 0., 0., 0., 0., 0., 0., 0., 0.,
       0., 0., 0., 0., 0., 0., 0., 0., 0., 0., 0., 0., 0., 0., 0.])}
2026-01-09 15:12:29,199 - qmt_strategy - INFO - 预测结果长度：100
2026-01-09 15:12:29,199 - qmt_strategy - INFO - 开始做出交易决策
2026-01-09 15:12:29,199 - qmt_strategy - INFO - 进行动态买点决策
2026-01-09 15:12:29,202 - qmt_strategy - DEBUG - 处理股票：000006.SZ，预测结果：0，预测概率：0.0，综合评分：33.0
2026-01-09 15:12:29,203 - qmt_strategy - DEBUG - 股票000006.SZ不满足买入条件，概率：0.0 < 阈值：0.3
2026-01-09 15:12:29,203 - qmt_strategy - DEBUG - 处理股票：000008.SZ，预测结果：0，预测概率：0.0，综合评分：33.0
2026-01-09 15:12:29,203 - qmt_strategy - DEBUG - 股票000008.SZ不满足买入条件，概率：0.0 < 阈值：0.3
2026-01-09 15:12:29,203 - qmt_strategy - DEBUG - 处理股票：000012.SZ，预测结果：0，预测概率：0.0，综合评分：33.0
2026-01-09 15:12:29,203 - qmt_strategy - DEBUG - 股票000012.SZ不满足买入条件，概率：0.0 < 阈值：0.3
2026-01-09 15:12:29,203 - qmt_strategy - DEBUG - 处理股票：000022.SZ，预测结果：0，预测概率：0.0，综合评分：33.0
2026-01-09 15:12:29,203 - qmt_strategy - DEBUG - 股票000022.SZ不满足买入条件，概率：0.0 < 阈值：0.3
2026-01-09 15:12:29,203 - qmt_strategy - DEBUG - 处理股票：000047.SZ，预测结果：0，预测概率：0.0，综合评分：33.0
2026-01-09 15:12:29,203 - qmt_strategy - DEBUG - 股票000047.SZ不满足买入条件，概率：0.0 < 阈值：0.3
2026-01-09 15:12:29,204 - qmt_strategy - INFO - 进行自适应卖点决策
2026-01-09 15:12:29,204 - qmt_strategy - INFO - 交易决策完成，共0个决策
2026-01-09 15:12:29,204 - qmt_strategy - INFO - 2025-12-22生成了0个交易决策
2026-01-09 15:12:29,204 - qmt_strategy - INFO - 进行风险控制检查
2026-01-09 15:12:29,204 - qmt_strategy - WARNING - 交易决策为空，跳过风险控制检查
2026-01-09 15:12:29,204 - qmt_strategy - INFO - 2025-12-22通过风险控制的决策数量：0
2026-01-09 15:12:29,204 - qmt_strategy - INFO - 2025-12-22没有通过风险控制的交易决策
2026-01-09 15:12:29,204 - qmt_strategy - INFO - 处理日期：2025-12-23，当日数据行数：100
2026-01-09 15:12:29,204 - qmt_strategy - INFO - 当日包含 100 只股票：['000001.SZ' '000002.SZ' '000003.SZ' '000004.SZ' '000005.SZ']...
2026-01-09 15:12:29,204 - qmt_strategy - INFO - 模拟2025-12-23的交易
2026-01-09 15:12:29,205 - qmt_strategy - INFO - 过滤后用于预测的数值特征数量：100
2026-01-09 15:12:29,205 - qmt_strategy - INFO - 使用模型进行预测
2026-01-09 15:12:29,247 - qmt_strategy - INFO - 模型预测完成
2026-01-09 15:12:29,247 - qmt_strategy - INFO - 预测结果类型：<class 'dict'>
2026-01-09 15:12:29,248 - qmt_strategy - INFO - 预测结果内容：{'predictions': array([0, 0, 0, 0, 0, 0, 0, 0, 0, 0, 0, 0, 0, 0, 0, 0, 0, 0, 0, 0, 0, 0,
       0, 0, 0, 0, 0, 0, 0, 0, 0, 0, 0, 0, 0, 0, 0, 0, 0, 0, 0, 0, 0, 0,
       0, 0, 0, 0, 0, 0, 0, 0, 0, 0, 0, 0, 0, 0, 0, 0, 0, 0, 0, 0, 0, 0,
       0, 0, 0, 0, 0, 0, 0, 0, 0, 0, 0, 0, 0, 0, 0, 0, 0, 0, 0, 0, 0, 0,
       0, 0, 0, 0, 0, 0, 0, 0, 0, 0, 0, 0]), 'probabilities': array([0., 0., 0., 0., 0., 0., 0., 0., 0., 0., 0., 0., 0., 0., 0., 0., 0.,
       0., 0., 0., 0., 0., 0., 0., 0., 0., 0., 0., 0., 0., 0., 0., 0., 0.,
       0., 0., 0., 0., 0., 0., 0., 0., 0., 0., 0., 0., 0., 0., 0., 0., 0.,
       0., 0., 0., 0., 0., 0., 0., 0., 0., 0., 0., 0., 0., 0., 0., 0., 0.,
       0., 0., 0., 0., 0., 0., 0., 0., 0., 0., 0., 0., 0., 0., 0., 0., 0.,
       0., 0., 0., 0., 0., 0., 0., 0., 0., 0., 0., 0., 0., 0., 0.])}
2026-01-09 15:12:29,248 - qmt_strategy - INFO - 预测结果长度：100
2026-01-09 15:12:29,248 - qmt_strategy - INFO - 开始做出交易决策
2026-01-09 15:12:29,249 - qmt_strategy - INFO - 进行动态买点决策
2026-01-09 15:12:29,252 - qmt_strategy - DEBUG - 处理股票：000003.SZ，预测结果：0，预测概率：0.0，综合评分：33.0
2026-01-09 15:12:29,252 - qmt_strategy - DEBUG - 股票000003.SZ不满足买入条件，概率：0.0 < 阈值：0.3
2026-01-09 15:12:29,253 - qmt_strategy - DEBUG - 处理股票：000004.SZ，预测结果：0，预测概率：0.0，综合评分：33.0
2026-01-09 15:12:29,253 - qmt_strategy - DEBUG - 股票000004.SZ不满足买入条件，概率：0.0 < 阈值：0.3
2026-01-09 15:12:29,253 - qmt_strategy - DEBUG - 处理股票：000006.SZ，预测结果：0，预测概率：0.0，综合评分：33.0
2026-01-09 15:12:29,253 - qmt_strategy - DEBUG - 股票000006.SZ不满足买入条件，概率：0.0 < 阈值：0.3
2026-01-09 15:12:29,253 - qmt_strategy - DEBUG - 处理股票：000012.SZ，预测结果：0，预测概率：0.0，综合评分：33.0
2026-01-09 15:12:29,253 - qmt_strategy - DEBUG - 股票000012.SZ不满足买入条件，概率：0.0 < 阈值：0.3
2026-01-09 15:12:29,253 - qmt_strategy - DEBUG - 处理股票：000016.SZ，预测结果：0，预测概率：0.0，综合评分：33.0
2026-01-09 15:12:29,254 - qmt_strategy - DEBUG - 股票000016.SZ不满足买入条件，概率：0.0 < 阈值：0.3
2026-01-09 15:12:29,254 - qmt_strategy - INFO - 进行自适应卖点决策
2026-01-09 15:12:29,254 - qmt_strategy - INFO - 交易决策完成，共0个决策
2026-01-09 15:12:29,254 - qmt_strategy - INFO - 2025-12-23生成了0个交易决策
2026-01-09 15:12:29,254 - qmt_strategy - INFO - 进行风险控制检查
2026-01-09 15:12:29,254 - qmt_strategy - WARNING - 交易决策为空，跳过风险控制检查
2026-01-09 15:12:29,255 - qmt_strategy - INFO - 2025-12-23通过风险控制的决策数量：0
2026-01-09 15:12:29,255 - qmt_strategy - INFO - 2025-12-23没有通过风险控制的交易决策
2026-01-09 15:12:29,255 - qmt_strategy - INFO - 处理日期：2025-12-24，当日数据行数：100
2026-01-09 15:12:29,255 - qmt_strategy - INFO - 当日包含 100 只股票：['000001.SZ' '000002.SZ' '000003.SZ' '000004.SZ' '000005.SZ']...
2026-01-09 15:12:29,255 - qmt_strategy - INFO - 模拟2025-12-24的交易
2026-01-09 15:12:29,256 - qmt_strategy - INFO - 过滤后用于预测的数值特征数量：100
2026-01-09 15:12:29,256 - qmt_strategy - INFO - 使用模型进行预测
2026-01-09 15:12:29,311 - qmt_strategy - INFO - 模型预测完成
2026-01-09 15:12:29,311 - qmt_strategy - INFO - 预测结果类型：<class 'dict'>
2026-01-09 15:12:29,312 - qmt_strategy - INFO - 预测结果内容：{'predictions': array([0, 0, 0, 0, 0, 0, 0, 0, 0, 0, 0, 0, 0, 0, 0, 0, 0, 0, 0, 0, 0, 0,
       0, 0, 0, 0, 0, 0, 0, 0, 0, 0, 0, 0, 0, 0, 0, 0, 0, 0, 0, 0, 0, 0,
       0, 0, 0, 0, 0, 0, 0, 0, 0, 0, 0, 0, 0, 0, 0, 0, 0, 0, 0, 0, 0, 0,
       0, 0, 0, 0, 0, 0, 0, 0, 0, 0, 0, 0, 0, 0, 0, 0, 0, 0, 0, 0, 0, 0,
       0, 0, 0, 0, 0, 0, 0, 0, 0, 0, 0, 0]), 'probabilities': array([0., 0., 0., 0., 0., 0., 0., 0., 0., 0., 0., 0., 0., 0., 0., 0., 0.,
       0., 0., 0., 0., 0., 0., 0., 0., 0., 0., 0., 0., 0., 0., 0., 0., 0.,
       0., 0., 0., 0., 0., 0., 0., 0., 0., 0., 0., 0., 0., 0., 0., 0., 0.,
       0., 0., 0., 0., 0., 0., 0., 0., 0., 0., 0., 0., 0., 0., 0., 0., 0.,
       0., 0., 0., 0., 0., 0., 0., 0., 0., 0., 0., 0., 0., 0., 0., 0., 0.,
       0., 0., 0., 0., 0., 0., 0., 0., 0., 0., 0., 0., 0., 0., 0.])}
2026-01-09 15:12:29,312 - qmt_strategy - INFO - 预测结果长度：100
2026-01-09 15:12:29,312 - qmt_strategy - INFO - 开始做出交易决策
2026-01-09 15:12:29,313 - qmt_strategy - INFO - 进行动态买点决策
2026-01-09 15:12:29,316 - qmt_strategy - DEBUG - 处理股票：000003.SZ，预测结果：0，预测概率：0.0，综合评分：33.0
2026-01-09 15:12:29,316 - qmt_strategy - DEBUG - 股票000003.SZ不满足买入条件，概率：0.0 < 阈值：0.3
2026-01-09 15:12:29,316 - qmt_strategy - DEBUG - 处理股票：000004.SZ，预测结果：0，预测概率：0.0，综合评分：33.0
2026-01-09 15:12:29,316 - qmt_strategy - DEBUG - 股票000004.SZ不满足买入条件，概率：0.0 < 阈值：0.3
2026-01-09 15:12:29,316 - qmt_strategy - DEBUG - 处理股票：000006.SZ，预测结果：0，预测概率：0.0，综合评分：33.0
2026-01-09 15:12:29,317 - qmt_strategy - DEBUG - 股票000006.SZ不满足买入条件，概率：0.0 < 阈值：0.3
2026-01-09 15:12:29,317 - qmt_strategy - DEBUG - 处理股票：000016.SZ，预测结果：0，预测概率：0.0，综合评分：33.0
2026-01-09 15:12:29,317 - qmt_strategy - DEBUG - 股票000016.SZ不满足买入条件，概率：0.0 < 阈值：0.3
2026-01-09 15:12:29,317 - qmt_strategy - DEBUG - 处理股票：000042.SZ，预测结果：0，预测概率：0.0，综合评分：33.0
2026-01-09 15:12:29,317 - qmt_strategy - DEBUG - 股票000042.SZ不满足买入条件，概率：0.0 < 阈值：0.3
2026-01-09 15:12:29,317 - qmt_strategy - INFO - 进行自适应卖点决策
2026-01-09 15:12:29,317 - qmt_strategy - INFO - 交易决策完成，共0个决策
2026-01-09 15:12:29,317 - qmt_strategy - INFO - 2025-12-24生成了0个交易决策
2026-01-09 15:12:29,317 - qmt_strategy - INFO - 进行风险控制检查
2026-01-09 15:12:29,318 - qmt_strategy - WARNING - 交易决策为空，跳过风险控制检查
2026-01-09 15:12:29,318 - qmt_strategy - INFO - 2025-12-24通过风险控制的决策数量：0
2026-01-09 15:12:29,318 - qmt_strategy - INFO - 2025-12-24没有通过风险控制的交易决策
2026-01-09 15:12:29,318 - qmt_strategy - INFO - 处理日期：2025-12-25，当日数据行数：100
2026-01-09 15:12:29,318 - qmt_strategy - INFO - 当日包含 100 只股票：['000001.SZ' '000002.SZ' '000003.SZ' '000004.SZ' '000005.SZ']...
2026-01-09 15:12:29,318 - qmt_strategy - INFO - 模拟2025-12-25的交易
2026-01-09 15:12:29,319 - qmt_strategy - INFO - 过滤后用于预测的数值特征数量：100
2026-01-09 15:12:29,319 - qmt_strategy - INFO - 使用模型进行预测
2026-01-09 15:12:29,379 - qmt_strategy - INFO - 模型预测完成
2026-01-09 15:12:29,379 - qmt_strategy - INFO - 预测结果类型：<class 'dict'>
2026-01-09 15:12:29,380 - qmt_strategy - INFO - 预测结果内容：{'predictions': array([0, 0, 0, 0, 0, 0, 0, 0, 0, 0, 0, 0, 0, 0, 0, 0, 0, 0, 0, 0, 0, 0,
       0, 0, 0, 0, 0, 0, 0, 0, 0, 0, 0, 0, 0, 0, 0, 0, 0, 0, 0, 0, 0, 0,
       0, 0, 0, 0, 0, 0, 0, 0, 0, 0, 0, 0, 0, 0, 0, 0, 0, 0, 0, 0, 0, 0,
       0, 0, 0, 0, 0, 0, 0, 0, 0, 0, 0, 0, 0, 0, 0, 0, 0, 0, 0, 0, 0, 0,
       0, 0, 0, 0, 0, 0, 0, 0, 0, 0, 0, 0]), 'probabilities': array([0., 0., 0., 0., 0., 0., 0., 0., 0., 0., 0., 0., 0., 0., 0., 0., 0.,
       0., 0., 0., 0., 0., 0., 0., 0., 0., 0., 0., 0., 0., 0., 0., 0., 0.,
       0., 0., 0., 0., 0., 0., 0., 0., 0., 0., 0., 0., 0., 0., 0., 0., 0.,
       0., 0., 0., 0., 0., 0., 0., 0., 0., 0., 0., 0., 0., 0., 0., 0., 0.,
       0., 0., 0., 0., 0., 0., 0., 0., 0., 0., 0., 0., 0., 0., 0., 0., 0.,
       0., 0., 0., 0., 0., 0., 0., 0., 0., 0., 0., 0., 0., 0., 0.])}
2026-01-09 15:12:29,380 - qmt_strategy - INFO - 预测结果长度：100
2026-01-09 15:12:29,380 - qmt_strategy - INFO - 开始做出交易决策
2026-01-09 15:12:29,381 - qmt_strategy - INFO - 进行动态买点决策
2026-01-09 15:12:29,384 - qmt_strategy - DEBUG - 处理股票：000003.SZ，预测结果：0，预测概率：0.0，综合评分：33.0
2026-01-09 15:12:29,384 - qmt_strategy - DEBUG - 股票000003.SZ不满足买入条件，概率：0.0 < 阈值：0.3
2026-01-09 15:12:29,384 - qmt_strategy - DEBUG - 处理股票：000006.SZ，预测结果：0，预测概率：0.0，综合评分：33.0
2026-01-09 15:12:29,384 - qmt_strategy - DEBUG - 股票000006.SZ不满足买入条件，概率：0.0 < 阈值：0.3
2026-01-09 15:12:29,384 - qmt_strategy - DEBUG - 处理股票：000009.SZ，预测结果：0，预测概率：0.0，综合评分：33.0
2026-01-09 15:12:29,384 - qmt_strategy - DEBUG - 股票000009.SZ不满足买入条件，概率：0.0 < 阈值：0.3
2026-01-09 15:12:29,385 - qmt_strategy - DEBUG - 处理股票：000021.SZ，预测结果：0，预测概率：0.0，综合评分：33.0
2026-01-09 15:12:29,385 - qmt_strategy - DEBUG - 股票000021.SZ不满足买入条件，概率：0.0 < 阈值：0.3
2026-01-09 15:12:29,385 - qmt_strategy - DEBUG - 处理股票：000035.SZ，预测结果：0，预测概率：0.0，综合评分：33.0
2026-01-09 15:12:29,385 - qmt_strategy - DEBUG - 股票000035.SZ不满足买入条件，概率：0.0 < 阈值：0.3
2026-01-09 15:12:29,385 - qmt_strategy - INFO - 进行自适应卖点决策
2026-01-09 15:12:29,385 - qmt_strategy - INFO - 交易决策完成，共0个决策
2026-01-09 15:12:29,385 - qmt_strategy - INFO - 2025-12-25生成了0个交易决策
2026-01-09 15:12:29,385 - qmt_strategy - INFO - 进行风险控制检查
2026-01-09 15:12:29,385 - qmt_strategy - WARNING - 交易决策为空，跳过风险控制检查
2026-01-09 15:12:29,386 - qmt_strategy - INFO - 2025-12-25通过风险控制的决策数量：0
2026-01-09 15:12:29,386 - qmt_strategy - INFO - 2025-12-25没有通过风险控制的交易决策
2026-01-09 15:12:29,386 - qmt_strategy - INFO - 处理日期：2025-12-26，当日数据行数：100
2026-01-09 15:12:29,386 - qmt_strategy - INFO - 当日包含 100 只股票：['000001.SZ' '000002.SZ' '000003.SZ' '000004.SZ' '000005.SZ']...
2026-01-09 15:12:29,386 - qmt_strategy - INFO - 模拟2025-12-26的交易
2026-01-09 15:12:29,387 - qmt_strategy - INFO - 过滤后用于预测的数值特征数量：100
2026-01-09 15:12:29,387 - qmt_strategy - INFO - 使用模型进行预测
2026-01-09 15:12:29,424 - qmt_strategy - INFO - 模型预测完成
2026-01-09 15:12:29,425 - qmt_strategy - INFO - 预测结果类型：<class 'dict'>
2026-01-09 15:12:29,425 - qmt_strategy - INFO - 预测结果内容：{'predictions': array([0, 0, 0, 0, 0, 0, 0, 0, 0, 0, 0, 0, 0, 0, 0, 0, 0, 0, 0, 0, 0, 0,
       0, 0, 0, 0, 0, 0, 0, 0, 0, 0, 0, 0, 0, 0, 0, 0, 0, 0, 0, 0, 0, 0,
       0, 0, 0, 0, 0, 0, 0, 0, 0, 0, 0, 0, 0, 0, 0, 0, 0, 0, 0, 0, 0, 0,
       0, 0, 0, 0, 0, 0, 0, 0, 0, 0, 0, 0, 0, 0, 0, 0, 0, 0, 0, 0, 0, 0,
       0, 0, 0, 0, 0, 0, 0, 0, 0, 0, 0, 0]), 'probabilities': array([0., 0., 0., 0., 0., 0., 0., 0., 0., 0., 0., 0., 0., 0., 0., 0., 0.,
       0., 0., 0., 0., 0., 0., 0., 0., 0., 0., 0., 0., 0., 0., 0., 0., 0.,
       0., 0., 0., 0., 0., 0., 0., 0., 0., 0., 0., 0., 0., 0., 0., 0., 0.,
       0., 0., 0., 0., 0., 0., 0., 0., 0., 0., 0., 0., 0., 0., 0., 0., 0.,
       0., 0., 0., 0., 0., 0., 0., 0., 0., 0., 0., 0., 0., 0., 0., 0., 0.,
       0., 0., 0., 0., 0., 0., 0., 0., 0., 0., 0., 0., 0., 0., 0.])}
2026-01-09 15:12:29,425 - qmt_strategy - INFO - 预测结果长度：100
2026-01-09 15:12:29,425 - qmt_strategy - INFO - 开始做出交易决策
2026-01-09 15:12:29,426 - qmt_strategy - INFO - 进行动态买点决策
2026-01-09 15:12:29,429 - qmt_strategy - DEBUG - 处理股票：000003.SZ，预测结果：0，预测概率：0.0，综合评分：33.0
2026-01-09 15:12:29,430 - qmt_strategy - DEBUG - 股票000003.SZ不满足买入条件，概率：0.0 < 阈值：0.3
2026-01-09 15:12:29,430 - qmt_strategy - DEBUG - 处理股票：000004.SZ，预测结果：0，预测概率：0.0，综合评分：33.0
2026-01-09 15:12:29,430 - qmt_strategy - DEBUG - 股票000004.SZ不满足买入条件，概率：0.0 < 阈值：0.3
2026-01-09 15:12:29,430 - qmt_strategy - DEBUG - 处理股票：000006.SZ，预测结果：0，预测概率：0.0，综合评分：33.0
2026-01-09 15:12:29,430 - qmt_strategy - DEBUG - 股票000006.SZ不满足买入条件，概率：0.0 < 阈值：0.3
2026-01-09 15:12:29,430 - qmt_strategy - DEBUG - 处理股票：000009.SZ，预测结果：0，预测概率：0.0，综合评分：33.0
2026-01-09 15:12:29,431 - qmt_strategy - DEBUG - 股票000009.SZ不满足买入条件，概率：0.0 < 阈值：0.3
2026-01-09 15:12:29,431 - qmt_strategy - DEBUG - 处理股票：000010.SZ，预测结果：0，预测概率：0.0，综合评分：33.0
2026-01-09 15:12:29,431 - qmt_strategy - DEBUG - 股票000010.SZ不满足买入条件，概率：0.0 < 阈值：0.3
2026-01-09 15:12:29,431 - qmt_strategy - INFO - 进行自适应卖点决策
2026-01-09 15:12:29,431 - qmt_strategy - INFO - 交易决策完成，共0个决策
2026-01-09 15:12:29,431 - qmt_strategy - INFO - 2025-12-26生成了0个交易决策
2026-01-09 15:12:29,431 - qmt_strategy - INFO - 进行风险控制检查
2026-01-09 15:12:29,431 - qmt_strategy - WARNING - 交易决策为空，跳过风险控制检查
2026-01-09 15:12:29,432 - qmt_strategy - INFO - 2025-12-26通过风险控制的决策数量：0
2026-01-09 15:12:29,432 - qmt_strategy - INFO - 2025-12-26没有通过风险控制的交易决策
2026-01-09 15:12:29,432 - qmt_strategy - INFO - 处理日期：2025-12-29，当日数据行数：100
2026-01-09 15:12:29,432 - qmt_strategy - INFO - 当日包含 100 只股票：['000001.SZ' '000002.SZ' '000003.SZ' '000004.SZ' '000005.SZ']...
2026-01-09 15:12:29,432 - qmt_strategy - INFO - 模拟2025-12-29的交易
2026-01-09 15:12:29,433 - qmt_strategy - INFO - 过滤后用于预测的数值特征数量：100
2026-01-09 15:12:29,433 - qmt_strategy - INFO - 使用模型进行预测
2026-01-09 15:12:29,481 - qmt_strategy - INFO - 模型预测完成
2026-01-09 15:12:29,482 - qmt_strategy - INFO - 预测结果类型：<class 'dict'>
2026-01-09 15:12:29,482 - qmt_strategy - INFO - 预测结果内容：{'predictions': array([0, 0, 0, 0, 0, 0, 0, 0, 0, 0, 0, 0, 0, 0, 0, 0, 0, 0, 0, 0, 0, 0,
       0, 0, 0, 0, 0, 0, 0, 0, 0, 0, 0, 0, 0, 0, 0, 0, 0, 0, 0, 0, 0, 0,
       0, 0, 0, 0, 0, 0, 0, 0, 0, 0, 0, 0, 0, 0, 0, 0, 0, 0, 0, 0, 0, 0,
       0, 0, 0, 0, 0, 0, 0, 0, 0, 0, 0, 0, 0, 0, 0, 0, 0, 0, 0, 0, 0, 0,
       0, 0, 0, 0, 0, 0, 0, 0, 0, 0, 0, 0]), 'probabilities': array([0., 0., 0., 0., 0., 0., 0., 0., 0., 0., 0., 0., 0., 0., 0., 0., 0.,
       0., 0., 0., 0., 0., 0., 0., 0., 0., 0., 0., 0., 0., 0., 0., 0., 0.,
       0., 0., 0., 0., 0., 0., 0., 0., 0., 0., 0., 0., 0., 0., 0., 0., 0.,
       0., 0., 0., 0., 0., 0., 0., 0., 0., 0., 0., 0., 0., 0., 0., 0., 0.,
       0., 0., 0., 0., 0., 0., 0., 0., 0., 0., 0., 0., 0., 0., 0., 0., 0.,
       0., 0., 0., 0., 0., 0., 0., 0., 0., 0., 0., 0., 0., 0., 0.])}
2026-01-09 15:12:29,482 - qmt_strategy - INFO - 预测结果长度：100
2026-01-09 15:12:29,483 - qmt_strategy - INFO - 开始做出交易决策
2026-01-09 15:12:29,483 - qmt_strategy - INFO - 进行动态买点决策
2026-01-09 15:12:29,486 - qmt_strategy - DEBUG - 处理股票：000006.SZ，预测结果：0，预测概率：0.0，综合评分：33.0
2026-01-09 15:12:29,486 - qmt_strategy - DEBUG - 股票000006.SZ不满足买入条件，概率：0.0 < 阈值：0.3
2026-01-09 15:12:29,486 - qmt_strategy - DEBUG - 处理股票：000009.SZ，预测结果：0，预测概率：0.0，综合评分：33.0
2026-01-09 15:12:29,486 - qmt_strategy - DEBUG - 股票000009.SZ不满足买入条件，概率：0.0 < 阈值：0.3
2026-01-09 15:12:29,486 - qmt_strategy - DEBUG - 处理股票：000010.SZ，预测结果：0，预测概率：0.0，综合评分：33.0
2026-01-09 15:12:29,486 - qmt_strategy - DEBUG - 股票000010.SZ不满足买入条件，概率：0.0 < 阈值：0.3
2026-01-09 15:12:29,486 - qmt_strategy - DEBUG - 处理股票：000020.SZ，预测结果：0，预测概率：0.0，综合评分：33.0
2026-01-09 15:12:29,486 - qmt_strategy - DEBUG - 股票000020.SZ不满足买入条件，概率：0.0 < 阈值：0.3
2026-01-09 15:12:29,486 - qmt_strategy - DEBUG - 处理股票：000021.SZ，预测结果：0，预测概率：0.0，综合评分：33.0
2026-01-09 15:12:29,486 - qmt_strategy - DEBUG - 股票000021.SZ不满足买入条件，概率：0.0 < 阈值：0.3
2026-01-09 15:12:29,486 - qmt_strategy - INFO - 进行自适应卖点决策
2026-01-09 15:12:29,486 - qmt_strategy - INFO - 交易决策完成，共0个决策
2026-01-09 15:12:29,487 - qmt_strategy - INFO - 2025-12-29生成了0个交易决策
2026-01-09 15:12:29,487 - qmt_strategy - INFO - 进行风险控制检查
2026-01-09 15:12:29,487 - qmt_strategy - WARNING - 交易决策为空，跳过风险控制检查
2026-01-09 15:12:29,487 - qmt_strategy - INFO - 2025-12-29通过风险控制的决策数量：0
2026-01-09 15:12:29,487 - qmt_strategy - INFO - 2025-12-29没有通过风险控制的交易决策
2026-01-09 15:12:29,487 - qmt_strategy - INFO - 处理日期：2025-12-30，当日数据行数：100
2026-01-09 15:12:29,487 - qmt_strategy - INFO - 当日包含 100 只股票：['000001.SZ' '000002.SZ' '000003.SZ' '000004.SZ' '000005.SZ']...
2026-01-09 15:12:29,487 - qmt_strategy - INFO - 模拟2025-12-30的交易
2026-01-09 15:12:29,488 - qmt_strategy - INFO - 过滤后用于预测的数值特征数量：100
2026-01-09 15:12:29,488 - qmt_strategy - INFO - 使用模型进行预测
2026-01-09 15:12:29,546 - qmt_strategy - INFO - 模型预测完成
2026-01-09 15:12:29,547 - qmt_strategy - INFO - 预测结果类型：<class 'dict'>
2026-01-09 15:12:29,547 - qmt_strategy - INFO - 预测结果内容：{'predictions': array([0, 0, 0, 0, 0, 0, 0, 0, 0, 0, 0, 0, 0, 0, 0, 0, 0, 0, 0, 0, 0, 0,
       0, 0, 0, 0, 0, 0, 0, 0, 0, 0, 0, 0, 0, 0, 0, 0, 0, 0, 0, 0, 0, 0,
       0, 0, 0, 0, 0, 0, 0, 0, 0, 0, 0, 0, 0, 0, 0, 0, 0, 0, 0, 0, 0, 0,
       0, 0, 0, 0, 0, 0, 0, 0, 0, 0, 0, 0, 0, 0, 0, 0, 0, 0, 0, 0, 0, 0,
       0, 0, 0, 0, 0, 0, 0, 0, 0, 0, 0, 0]), 'probabilities': array([0., 0., 0., 0., 0., 0., 0., 0., 0., 0., 0., 0., 0., 0., 0., 0., 0.,
       0., 0., 0., 0., 0., 0., 0., 0., 0., 0., 0., 0., 0., 0., 0., 0., 0.,
       0., 0., 0., 0., 0., 0., 0., 0., 0., 0., 0., 0., 0., 0., 0., 0., 0.,
       0., 0., 0., 0., 0., 0., 0., 0., 0., 0., 0., 0., 0., 0., 0., 0., 0.,
       0., 0., 0., 0., 0., 0., 0., 0., 0., 0., 0., 0., 0., 0., 0., 0., 0.,
       0., 0., 0., 0., 0., 0., 0., 0., 0., 0., 0., 0., 0., 0., 0.])}
2026-01-09 15:12:29,547 - qmt_strategy - INFO - 预测结果长度：100
2026-01-09 15:12:29,547 - qmt_strategy - INFO - 开始做出交易决策
2026-01-09 15:12:29,548 - qmt_strategy - INFO - 进行动态买点决策
2026-01-09 15:12:29,551 - qmt_strategy - DEBUG - 处理股票：000006.SZ，预测结果：0，预测概率：0.0，综合评分：33.0
2026-01-09 15:12:29,551 - qmt_strategy - DEBUG - 股票000006.SZ不满足买入条件，概率：0.0 < 阈值：0.3
2026-01-09 15:12:29,551 - qmt_strategy - DEBUG - 处理股票：000009.SZ，预测结果：0，预测概率：0.0，综合评分：33.0
2026-01-09 15:12:29,551 - qmt_strategy - DEBUG - 股票000009.SZ不满足买入条件，概率：0.0 < 阈值：0.3
2026-01-09 15:12:29,551 - qmt_strategy - DEBUG - 处理股票：000010.SZ，预测结果：0，预测概率：0.0，综合评分：33.0
2026-01-09 15:12:29,551 - qmt_strategy - DEBUG - 股票000010.SZ不满足买入条件，概率：0.0 < 阈值：0.3
2026-01-09 15:12:29,551 - qmt_strategy - DEBUG - 处理股票：000020.SZ，预测结果：0，预测概率：0.0，综合评分：33.0
2026-01-09 15:12:29,551 - qmt_strategy - DEBUG - 股票000020.SZ不满足买入条件，概率：0.0 < 阈值：0.3
2026-01-09 15:12:29,551 - qmt_strategy - DEBUG - 处理股票：000026.SZ，预测结果：0，预测概率：0.0，综合评分：33.0
2026-01-09 15:12:29,552 - qmt_strategy - DEBUG - 股票000026.SZ不满足买入条件，概率：0.0 < 阈值：0.3
2026-01-09 15:12:29,552 - qmt_strategy - INFO - 进行自适应卖点决策
2026-01-09 15:12:29,552 - qmt_strategy - INFO - 交易决策完成，共0个决策
2026-01-09 15:12:29,552 - qmt_strategy - INFO - 2025-12-30生成了0个交易决策
2026-01-09 15:12:29,552 - qmt_strategy - INFO - 进行风险控制检查
2026-01-09 15:12:29,552 - qmt_strategy - WARNING - 交易决策为空，跳过风险控制检查
2026-01-09 15:12:29,552 - qmt_strategy - INFO - 2025-12-30通过风险控制的决策数量：0
2026-01-09 15:12:29,552 - qmt_strategy - INFO - 2025-12-30没有通过风险控制的交易决策
2026-01-09 15:12:29,553 - qmt_strategy - INFO - 处理日期：2025-12-31，当日数据行数：100
2026-01-09 15:12:29,553 - qmt_strategy - INFO - 当日包含 100 只股票：['000001.SZ' '000002.SZ' '000003.SZ' '000004.SZ' '000005.SZ']...
2026-01-09 15:12:29,553 - qmt_strategy - INFO - 模拟2025-12-31的交易
2026-01-09 15:12:29,554 - qmt_strategy - INFO - 过滤后用于预测的数值特征数量：100
2026-01-09 15:12:29,554 - qmt_strategy - INFO - 使用模型进行预测
2026-01-09 15:12:29,601 - qmt_strategy - INFO - 模型预测完成
2026-01-09 15:12:29,601 - qmt_strategy - INFO - 预测结果类型：<class 'dict'>
2026-01-09 15:12:29,602 - qmt_strategy - INFO - 预测结果内容：{'predictions': array([0, 0, 0, 0, 0, 0, 0, 0, 0, 0, 0, 0, 0, 0, 0, 0, 0, 0, 0, 0, 0, 0,
       0, 0, 0, 0, 0, 0, 0, 0, 0, 0, 0, 0, 0, 0, 0, 0, 0, 0, 0, 0, 0, 0,
       0, 0, 0, 0, 0, 0, 0, 0, 0, 0, 0, 0, 0, 0, 0, 0, 0, 0, 0, 0, 0, 0,
       0, 0, 0, 0, 0, 0, 0, 0, 0, 0, 0, 0, 0, 0, 0, 0, 0, 0, 0, 0, 0, 0,
       0, 0, 0, 0, 0, 0, 0, 0, 0, 0, 0, 0]), 'probabilities': array([0., 0., 0., 0., 0., 0., 0., 0., 0., 0., 0., 0., 0., 0., 0., 0., 0.,
       0., 0., 0., 0., 0., 0., 0., 0., 0., 0., 0., 0., 0., 0., 0., 0., 0.,
       0., 0., 0., 0., 0., 0., 0., 0., 0., 0., 0., 0., 0., 0., 0., 0., 0.,
       0., 0., 0., 0., 0., 0., 0., 0., 0., 0., 0., 0., 0., 0., 0., 0., 0.,
       0., 0., 0., 0., 0., 0., 0., 0., 0., 0., 0., 0., 0., 0., 0., 0., 0.,
       0., 0., 0., 0., 0., 0., 0., 0., 0., 0., 0., 0., 0., 0., 0.])}
2026-01-09 15:12:29,602 - qmt_strategy - INFO - 预测结果长度：100
2026-01-09 15:12:29,602 - qmt_strategy - INFO - 开始做出交易决策
2026-01-09 15:12:29,602 - qmt_strategy - INFO - 进行动态买点决策
2026-01-09 15:12:29,605 - qmt_strategy - DEBUG - 处理股票：000006.SZ，预测结果：0，预测概率：0.0，综合评分：33.0
2026-01-09 15:12:29,605 - qmt_strategy - DEBUG - 股票000006.SZ不满足买入条件，概率：0.0 < 阈值：0.3
2026-01-09 15:12:29,605 - qmt_strategy - DEBUG - 处理股票：000010.SZ，预测结果：0，预测概率：0.0，综合评分：33.0
2026-01-09 15:12:29,605 - qmt_strategy - DEBUG - 股票000010.SZ不满足买入条件，概率：0.0 < 阈值：0.3
2026-01-09 15:12:29,606 - qmt_strategy - DEBUG - 处理股票：000029.SZ，预测结果：0，预测概率：0.0，综合评分：33.0
2026-01-09 15:12:29,606 - qmt_strategy - DEBUG - 股票000029.SZ不满足买入条件，概率：0.0 < 阈值：0.3
2026-01-09 15:12:29,606 - qmt_strategy - DEBUG - 处理股票：000030.SZ，预测结果：0，预测概率：0.0，综合评分：33.0
2026-01-09 15:12:29,606 - qmt_strategy - DEBUG - 股票000030.SZ不满足买入条件，概率：0.0 < 阈值：0.3
2026-01-09 15:12:29,606 - qmt_strategy - DEBUG - 处理股票：000031.SZ，预测结果：0，预测概率：0.0，综合评分：33.0
2026-01-09 15:12:29,606 - qmt_strategy - DEBUG - 股票000031.SZ不满足买入条件，概率：0.0 < 阈值：0.3
2026-01-09 15:12:29,606 - qmt_strategy - INFO - 进行自适应卖点决策
2026-01-09 15:12:29,607 - qmt_strategy - INFO - 交易决策完成，共0个决策
2026-01-09 15:12:29,607 - qmt_strategy - INFO - 2025-12-31生成了0个交易决策
2026-01-09 15:12:29,607 - qmt_strategy - INFO - 进行风险控制检查
2026-01-09 15:12:29,607 - qmt_strategy - WARNING - 交易决策为空，跳过风险控制检查
2026-01-09 15:12:29,607 - qmt_strategy - INFO - 2025-12-31通过风险控制的决策数量：0
2026-01-09 15:12:29,607 - qmt_strategy - INFO - 2025-12-31没有通过风险控制的交易决策
2026-01-09 15:12:29,607 - qmt_strategy - INFO - 模拟交易完成
2026-01-09 15:12:29,608 - qmt_strategy - INFO - 计算回测指标
2026-01-09 15:12:29,608 - qmt_strategy - INFO - 回测指标计算完成，结果：{'total_return': 0.0, 'annual_return': 0.0, 'sharpe_ratio': np.float64(-6.890664735756348e+16), 'max_drawdown': np.float64(0.0), 'annual_volatility': np.float64(0.0), 'calmar_ratio': 0.0, 'sortino_ratio': 0.0, 'win_rate': 0.0, 'profit_loss_ratio': 0.0, 'trade_count': 0, 'profit_trades': 0, 'loss_trades': 0, 'break_even_trades': 0, 'total_pnl': 0.0, 'avg_pnl_per_trade': 0.0, 'max_consecutive_wins': 0, 'max_consecutive_losses': 0, 'avg_holding_days': 0.0, 'avg_daily_trades': 0.0}
2026-01-09 15:12:29,609 - qmt_strategy - INFO - 生成回测报告
2026-01-09 15:12:29,610 - qmt_strategy - INFO - 完整回测报告保存成功：reports\full_backtest_report_20260109_151229.json
2026-01-09 15:12:29,611 - qmt_strategy - INFO - 回测结果保存成功：reports\backtest_results_20260109_151229.json
2026-01-09 15:12:29,615 - qmt_strategy - INFO - 资金曲线保存成功：reports\equity_curve_20260109_151229.csv
2026-01-09 15:12:29,616 - qmt_strategy - INFO - 交易记录保存成功：reports\trade_records_20260109_151229.csv
2026-01-09 15:12:29,616 - qmt_strategy - INFO - 回测报告生成完成
2026-01-09 15:12:29,616 - qmt_strategy - INFO - === 回测完成 ===
2026-01-09 15:12:29,617 - qmt_strategy - INFO - === 回测结果 ===
2026-01-09 15:12:29,617 - qmt_strategy - INFO - total_return: 0.0
2026-01-09 15:12:29,617 - qmt_strategy - INFO - annual_return: 0.0
2026-01-09 15:12:29,617 - qmt_strategy - INFO - sharpe_ratio: -6.890664735756348e+16
2026-01-09 15:12:29,617 - qmt_strategy - INFO - max_drawdown: 0.0
2026-01-09 15:12:29,617 - qmt_strategy - INFO - annual_volatility: 0.0
2026-01-09 15:12:29,617 - qmt_strategy - INFO - calmar_ratio: 0.0
2026-01-09 15:12:29,618 - qmt_strategy - INFO - sortino_ratio: 0.0
2026-01-09 15:12:29,618 - qmt_strategy - INFO - win_rate: 0.0
2026-01-09 15:12:29,618 - qmt_strategy - INFO - profit_loss_ratio: 0.0
2026-01-09 15:12:29,618 - qmt_strategy - INFO - trade_count: 0
2026-01-09 15:12:29,618 - qmt_strategy - INFO - profit_trades: 0
2026-01-09 15:12:29,618 - qmt_strategy - INFO - loss_trades: 0
2026-01-09 15:12:29,618 - qmt_strategy - INFO - break_even_trades: 0
2026-01-09 15:12:29,618 - qmt_strategy - INFO - total_pnl: 0.0
2026-01-09 15:12:29,619 - qmt_strategy - INFO - avg_pnl_per_trade: 0.0
2026-01-09 15:12:29,619 - qmt_strategy - INFO - max_consecutive_wins: 0
2026-01-09 15:12:29,619 - qmt_strategy - INFO - max_consecutive_losses: 0
2026-01-09 15:12:29,619 - qmt_strategy - INFO - avg_holding_days: 0.0
2026-01-09 15:12:29,619 - qmt_strategy - INFO - avg_daily_trades: 0.0
2026-01-09 15:12:29,619 - qmt_strategy - INFO - === 回测验证流程完成 ===
2026-01-09 15:13:35,546 - qmt_strategy - INFO - === 开始回测验证流程 ===
2026-01-09 15:13:35,546 - qmt_strategy - INFO - 加载历史数据
2026-01-09 15:13:35,547 - qmt_strategy - INFO - 加载了100只股票的数据
2026-01-09 15:13:35,547 - qmt_strategy - INFO - 历史数据示例：['600001.SH', '600002.SH', '600003.SH', '600004.SH', '600005.SH']
2026-01-09 15:13:35,548 - qmt_strategy - INFO - 原始数据包含100只股票，处理全量股票池
2026-01-09 15:13:35,548 - qmt_strategy - INFO - 准备回测数据
2026-01-09 15:13:35,548 - qmt_strategy - INFO - 开始处理100只股票的数据
2026-01-09 15:13:35,665 - qmt_strategy - INFO - 总共有0个涨停日，总交易天数：4300
2026-01-09 15:13:35,665 - qmt_strategy - INFO - 处理了100只股票
2026-01-09 15:13:35,666 - qmt_strategy - WARNING - 没有检测到涨停股票，这可能导致模型无法学习到有效的涨停模式
2026-01-09 15:13:35,669 - qmt_strategy - INFO - 合并后的数据总行数：4300
2026-01-09 15:13:35,669 - qmt_strategy - INFO - 开始提取特征
2026-01-09 15:13:35,669 - qmt_strategy - INFO - 初始化特征工程师
2026-01-09 15:13:35,671 - qmt_strategy - INFO - 开始简化特征提取
2026-01-09 15:13:35,671 - qmt_strategy - INFO - 提取集合竞价特征
2026-01-09 15:13:35,676 - qmt_strategy - INFO - 提取板块热度特征
2026-01-09 15:13:35,677 - qmt_strategy - INFO - 提取市场情绪特征
2026-01-09 15:13:35,679 - qmt_strategy - INFO - 提取个股基本面特征
2026-01-09 15:13:35,680 - qmt_strategy - INFO - 提取技术指标特征
2026-01-09 15:13:35,696 - qmt_strategy - INFO - 合并所有特征
2026-01-09 15:13:35,698 - qmt_strategy - INFO - 简化特征提取完成
2026-01-09 15:13:35,699 - qmt_strategy - INFO - 开始简化特征提取
2026-01-09 15:13:35,700 - qmt_strategy - INFO - 提取集合竞价特征
2026-01-09 15:13:35,702 - qmt_strategy - INFO - 提取板块热度特征
2026-01-09 15:13:35,703 - qmt_strategy - INFO - 提取市场情绪特征
2026-01-09 15:13:35,705 - qmt_strategy - INFO - 提取个股基本面特征
2026-01-09 15:13:35,706 - qmt_strategy - INFO - 提取技术指标特征
2026-01-09 15:13:35,722 - qmt_strategy - INFO - 合并所有特征
2026-01-09 15:13:35,723 - qmt_strategy - INFO - 简化特征提取完成
2026-01-09 15:13:35,725 - qmt_strategy - INFO - 开始简化特征提取
2026-01-09 15:13:35,725 - qmt_strategy - INFO - 提取集合竞价特征
2026-01-09 15:13:35,729 - qmt_strategy - INFO - 提取板块热度特征
2026-01-09 15:13:35,729 - qmt_strategy - INFO - 提取市场情绪特征
2026-01-09 15:13:35,732 - qmt_strategy - INFO - 提取个股基本面特征
2026-01-09 15:13:35,733 - qmt_strategy - INFO - 提取技术指标特征
2026-01-09 15:13:35,745 - qmt_strategy - INFO - 合并所有特征
2026-01-09 15:13:35,746 - qmt_strategy - INFO - 简化特征提取完成
2026-01-09 15:13:35,748 - qmt_strategy - INFO - 开始简化特征提取
2026-01-09 15:13:35,748 - qmt_strategy - INFO - 提取集合竞价特征
2026-01-09 15:13:35,751 - qmt_strategy - INFO - 提取板块热度特征
2026-01-09 15:13:35,752 - qmt_strategy - INFO - 提取市场情绪特征
2026-01-09 15:13:35,754 - qmt_strategy - INFO - 提取个股基本面特征
2026-01-09 15:13:35,755 - qmt_strategy - INFO - 提取技术指标特征
2026-01-09 15:13:35,769 - qmt_strategy - INFO - 合并所有特征
2026-01-09 15:13:35,770 - qmt_strategy - INFO - 简化特征提取完成
2026-01-09 15:13:35,771 - qmt_strategy - INFO - 开始简化特征提取
2026-01-09 15:13:35,771 - qmt_strategy - INFO - 提取集合竞价特征
2026-01-09 15:13:35,777 - qmt_strategy - INFO - 提取板块热度特征
2026-01-09 15:13:35,778 - qmt_strategy - INFO - 提取市场情绪特征
2026-01-09 15:13:35,780 - qmt_strategy - INFO - 提取个股基本面特征
2026-01-09 15:13:35,781 - qmt_strategy - INFO - 提取技术指标特征
2026-01-09 15:13:35,796 - qmt_strategy - INFO - 合并所有特征
2026-01-09 15:13:35,797 - qmt_strategy - INFO - 简化特征提取完成
2026-01-09 15:13:35,798 - qmt_strategy - INFO - 开始简化特征提取
2026-01-09 15:13:35,798 - qmt_strategy - INFO - 提取集合竞价特征
2026-01-09 15:13:35,801 - qmt_strategy - INFO - 提取板块热度特征
2026-01-09 15:13:35,802 - qmt_strategy - INFO - 提取市场情绪特征
2026-01-09 15:13:35,804 - qmt_strategy - INFO - 提取个股基本面特征
2026-01-09 15:13:35,805 - qmt_strategy - INFO - 提取技术指标特征
2026-01-09 15:13:35,819 - qmt_strategy - INFO - 合并所有特征
2026-01-09 15:13:35,820 - qmt_strategy - INFO - 简化特征提取完成
2026-01-09 15:13:35,822 - qmt_strategy - INFO - 开始简化特征提取
2026-01-09 15:13:35,822 - qmt_strategy - INFO - 提取集合竞价特征
2026-01-09 15:13:35,828 - qmt_strategy - INFO - 提取板块热度特征
2026-01-09 15:13:35,830 - qmt_strategy - INFO - 提取市场情绪特征
2026-01-09 15:13:35,832 - qmt_strategy - INFO - 提取个股基本面特征
2026-01-09 15:13:35,833 - qmt_strategy - INFO - 提取技术指标特征
2026-01-09 15:13:35,850 - qmt_strategy - INFO - 合并所有特征
2026-01-09 15:13:35,852 - qmt_strategy - INFO - 简化特征提取完成
2026-01-09 15:13:35,853 - qmt_strategy - INFO - 开始简化特征提取
2026-01-09 15:13:35,853 - qmt_strategy - INFO - 提取集合竞价特征
2026-01-09 15:13:35,856 - qmt_strategy - INFO - 提取板块热度特征
2026-01-09 15:13:35,857 - qmt_strategy - INFO - 提取市场情绪特征
2026-01-09 15:13:35,860 - qmt_strategy - INFO - 提取个股基本面特征
2026-01-09 15:13:35,861 - qmt_strategy - INFO - 提取技术指标特征
2026-01-09 15:13:35,871 - qmt_strategy - INFO - 合并所有特征
2026-01-09 15:13:35,874 - qmt_strategy - INFO - 简化特征提取完成
2026-01-09 15:13:35,875 - qmt_strategy - INFO - 开始简化特征提取
2026-01-09 15:13:35,875 - qmt_strategy - INFO - 提取集合竞价特征
2026-01-09 15:13:35,879 - qmt_strategy - INFO - 提取板块热度特征
2026-01-09 15:13:35,880 - qmt_strategy - INFO - 提取市场情绪特征
2026-01-09 15:13:35,881 - qmt_strategy - INFO - 提取个股基本面特征
2026-01-09 15:13:35,882 - qmt_strategy - INFO - 提取技术指标特征
2026-01-09 15:13:35,898 - qmt_strategy - INFO - 合并所有特征
2026-01-09 15:13:35,900 - qmt_strategy - INFO - 简化特征提取完成
2026-01-09 15:13:35,901 - qmt_strategy - INFO - 开始简化特征提取
2026-01-09 15:13:35,901 - qmt_strategy - INFO - 提取集合竞价特征
2026-01-09 15:13:35,904 - qmt_strategy - INFO - 提取板块热度特征
2026-01-09 15:13:35,905 - qmt_strategy - INFO - 提取市场情绪特征
2026-01-09 15:13:35,908 - qmt_strategy - INFO - 提取个股基本面特征
2026-01-09 15:13:35,909 - qmt_strategy - INFO - 提取技术指标特征
2026-01-09 15:13:35,926 - qmt_strategy - INFO - 合并所有特征
2026-01-09 15:13:35,928 - qmt_strategy - INFO - 简化特征提取完成
2026-01-09 15:13:35,929 - qmt_strategy - INFO - 开始简化特征提取
2026-01-09 15:13:35,929 - qmt_strategy - INFO - 提取集合竞价特征
2026-01-09 15:13:35,933 - qmt_strategy - INFO - 提取板块热度特征
2026-01-09 15:13:35,933 - qmt_strategy - INFO - 提取市场情绪特征
2026-01-09 15:13:35,936 - qmt_strategy - INFO - 提取个股基本面特征
2026-01-09 15:13:35,937 - qmt_strategy - INFO - 提取技术指标特征
2026-01-09 15:13:35,955 - qmt_strategy - INFO - 合并所有特征
2026-01-09 15:13:35,956 - qmt_strategy - INFO - 简化特征提取完成
2026-01-09 15:13:35,958 - qmt_strategy - INFO - 开始简化特征提取
2026-01-09 15:13:35,958 - qmt_strategy - INFO - 提取集合竞价特征
2026-01-09 15:13:35,961 - qmt_strategy - INFO - 提取板块热度特征
2026-01-09 15:13:35,962 - qmt_strategy - INFO - 提取市场情绪特征
2026-01-09 15:13:35,964 - qmt_strategy - INFO - 提取个股基本面特征
2026-01-09 15:13:35,965 - qmt_strategy - INFO - 提取技术指标特征
2026-01-09 15:13:35,980 - qmt_strategy - INFO - 合并所有特征
2026-01-09 15:13:35,981 - qmt_strategy - INFO - 简化特征提取完成
2026-01-09 15:13:35,982 - qmt_strategy - INFO - 开始简化特征提取
2026-01-09 15:13:35,982 - qmt_strategy - INFO - 提取集合竞价特征
2026-01-09 15:13:35,985 - qmt_strategy - INFO - 提取板块热度特征
2026-01-09 15:13:35,986 - qmt_strategy - INFO - 提取市场情绪特征
2026-01-09 15:13:35,988 - qmt_strategy - INFO - 提取个股基本面特征
2026-01-09 15:13:35,988 - qmt_strategy - INFO - 提取技术指标特征
2026-01-09 15:13:36,005 - qmt_strategy - INFO - 合并所有特征
2026-01-09 15:13:36,008 - qmt_strategy - INFO - 简化特征提取完成
2026-01-09 15:13:36,009 - qmt_strategy - INFO - 开始简化特征提取
2026-01-09 15:13:36,010 - qmt_strategy - INFO - 提取集合竞价特征
2026-01-09 15:13:36,013 - qmt_strategy - INFO - 提取板块热度特征
2026-01-09 15:13:36,014 - qmt_strategy - INFO - 提取市场情绪特征
2026-01-09 15:13:36,016 - qmt_strategy - INFO - 提取个股基本面特征
2026-01-09 15:13:36,017 - qmt_strategy - INFO - 提取技术指标特征
2026-01-09 15:13:36,034 - qmt_strategy - INFO - 合并所有特征
2026-01-09 15:13:36,035 - qmt_strategy - INFO - 简化特征提取完成
2026-01-09 15:13:36,037 - qmt_strategy - INFO - 开始简化特征提取
2026-01-09 15:13:36,037 - qmt_strategy - INFO - 提取集合竞价特征
2026-01-09 15:13:36,041 - qmt_strategy - INFO - 提取板块热度特征
2026-01-09 15:13:36,042 - qmt_strategy - INFO - 提取市场情绪特征
2026-01-09 15:13:36,044 - qmt_strategy - INFO - 提取个股基本面特征
2026-01-09 15:13:36,045 - qmt_strategy - INFO - 提取技术指标特征
2026-01-09 15:13:36,059 - qmt_strategy - INFO - 合并所有特征
2026-01-09 15:13:36,060 - qmt_strategy - INFO - 简化特征提取完成
2026-01-09 15:13:36,061 - qmt_strategy - INFO - 开始简化特征提取
2026-01-09 15:13:36,062 - qmt_strategy - INFO - 提取集合竞价特征
2026-01-09 15:13:36,064 - qmt_strategy - INFO - 提取板块热度特征
2026-01-09 15:13:36,065 - qmt_strategy - INFO - 提取市场情绪特征
2026-01-09 15:13:36,067 - qmt_strategy - INFO - 提取个股基本面特征
2026-01-09 15:13:36,068 - qmt_strategy - INFO - 提取技术指标特征
2026-01-09 15:13:36,084 - qmt_strategy - INFO - 合并所有特征
2026-01-09 15:13:36,085 - qmt_strategy - INFO - 简化特征提取完成
2026-01-09 15:13:36,086 - qmt_strategy - INFO - 开始简化特征提取
2026-01-09 15:13:36,087 - qmt_strategy - INFO - 提取集合竞价特征
2026-01-09 15:13:36,090 - qmt_strategy - INFO - 提取板块热度特征
2026-01-09 15:13:36,092 - qmt_strategy - INFO - 提取市场情绪特征
2026-01-09 15:13:36,095 - qmt_strategy - INFO - 提取个股基本面特征
2026-01-09 15:13:36,097 - qmt_strategy - INFO - 提取技术指标特征
2026-01-09 15:13:36,110 - qmt_strategy - INFO - 合并所有特征
2026-01-09 15:13:36,112 - qmt_strategy - INFO - 简化特征提取完成
2026-01-09 15:13:36,113 - qmt_strategy - INFO - 开始简化特征提取
2026-01-09 15:13:36,113 - qmt_strategy - INFO - 提取集合竞价特征
2026-01-09 15:13:36,116 - qmt_strategy - INFO - 提取板块热度特征
2026-01-09 15:13:36,117 - qmt_strategy - INFO - 提取市场情绪特征
2026-01-09 15:13:36,118 - qmt_strategy - INFO - 提取个股基本面特征
2026-01-09 15:13:36,119 - qmt_strategy - INFO - 提取技术指标特征
2026-01-09 15:13:36,135 - qmt_strategy - INFO - 合并所有特征
2026-01-09 15:13:36,136 - qmt_strategy - INFO - 简化特征提取完成
2026-01-09 15:13:36,137 - qmt_strategy - INFO - 开始简化特征提取
2026-01-09 15:13:36,137 - qmt_strategy - INFO - 提取集合竞价特征
2026-01-09 15:13:36,140 - qmt_strategy - INFO - 提取板块热度特征
2026-01-09 15:13:36,141 - qmt_strategy - INFO - 提取市场情绪特征
2026-01-09 15:13:36,144 - qmt_strategy - INFO - 提取个股基本面特征
2026-01-09 15:13:36,145 - qmt_strategy - INFO - 提取技术指标特征
2026-01-09 15:13:36,158 - qmt_strategy - INFO - 合并所有特征
2026-01-09 15:13:36,160 - qmt_strategy - INFO - 简化特征提取完成
2026-01-09 15:13:36,162 - qmt_strategy - INFO - 开始简化特征提取
2026-01-09 15:13:36,162 - qmt_strategy - INFO - 提取集合竞价特征
2026-01-09 15:13:36,165 - qmt_strategy - INFO - 提取板块热度特征
2026-01-09 15:13:36,166 - qmt_strategy - INFO - 提取市场情绪特征
2026-01-09 15:13:36,168 - qmt_strategy - INFO - 提取个股基本面特征
2026-01-09 15:13:36,170 - qmt_strategy - INFO - 提取技术指标特征
2026-01-09 15:13:36,186 - qmt_strategy - INFO - 合并所有特征
2026-01-09 15:13:36,188 - qmt_strategy - INFO - 简化特征提取完成
2026-01-09 15:13:36,189 - qmt_strategy - INFO - 开始简化特征提取
2026-01-09 15:13:36,189 - qmt_strategy - INFO - 提取集合竞价特征
2026-01-09 15:13:36,193 - qmt_strategy - INFO - 提取板块热度特征
2026-01-09 15:13:36,195 - qmt_strategy - INFO - 提取市场情绪特征
2026-01-09 15:13:36,197 - qmt_strategy - INFO - 提取个股基本面特征
2026-01-09 15:13:36,198 - qmt_strategy - INFO - 提取技术指标特征
2026-01-09 15:13:36,212 - qmt_strategy - INFO - 合并所有特征
2026-01-09 15:13:36,213 - qmt_strategy - INFO - 简化特征提取完成
2026-01-09 15:13:36,215 - qmt_strategy - INFO - 开始简化特征提取
2026-01-09 15:13:36,215 - qmt_strategy - INFO - 提取集合竞价特征
2026-01-09 15:13:36,217 - qmt_strategy - INFO - 提取板块热度特征
2026-01-09 15:13:36,218 - qmt_strategy - INFO - 提取市场情绪特征
2026-01-09 15:13:36,220 - qmt_strategy - INFO - 提取个股基本面特征
2026-01-09 15:13:36,222 - qmt_strategy - INFO - 提取技术指标特征
2026-01-09 15:13:36,239 - qmt_strategy - INFO - 合并所有特征
2026-01-09 15:13:36,240 - qmt_strategy - INFO - 简化特征提取完成
2026-01-09 15:13:36,241 - qmt_strategy - INFO - 开始简化特征提取
2026-01-09 15:13:36,241 - qmt_strategy - INFO - 提取集合竞价特征
2026-01-09 15:13:36,244 - qmt_strategy - INFO - 提取板块热度特征
2026-01-09 15:13:36,245 - qmt_strategy - INFO - 提取市场情绪特征
2026-01-09 15:13:36,247 - qmt_strategy - INFO - 提取个股基本面特征
2026-01-09 15:13:36,247 - qmt_strategy - INFO - 提取技术指标特征
2026-01-09 15:13:36,262 - qmt_strategy - INFO - 合并所有特征
2026-01-09 15:13:36,263 - qmt_strategy - INFO - 简化特征提取完成
2026-01-09 15:13:36,264 - qmt_strategy - INFO - 开始简化特征提取
2026-01-09 15:13:36,265 - qmt_strategy - INFO - 提取集合竞价特征
2026-01-09 15:13:36,267 - qmt_strategy - INFO - 提取板块热度特征
2026-01-09 15:13:36,268 - qmt_strategy - INFO - 提取市场情绪特征
2026-01-09 15:13:36,270 - qmt_strategy - INFO - 提取个股基本面特征
2026-01-09 15:13:36,271 - qmt_strategy - INFO - 提取技术指标特征
2026-01-09 15:13:36,284 - qmt_strategy - INFO - 合并所有特征
2026-01-09 15:13:36,285 - qmt_strategy - INFO - 简化特征提取完成
2026-01-09 15:13:36,286 - qmt_strategy - INFO - 开始简化特征提取
2026-01-09 15:13:36,287 - qmt_strategy - INFO - 提取集合竞价特征
2026-01-09 15:13:36,289 - qmt_strategy - INFO - 提取板块热度特征
2026-01-09 15:13:36,290 - qmt_strategy - INFO - 提取市场情绪特征
2026-01-09 15:13:36,292 - qmt_strategy - INFO - 提取个股基本面特征
2026-01-09 15:13:36,293 - qmt_strategy - INFO - 提取技术指标特征
2026-01-09 15:13:36,305 - qmt_strategy - INFO - 合并所有特征
2026-01-09 15:13:36,307 - qmt_strategy - INFO - 简化特征提取完成
2026-01-09 15:13:36,309 - qmt_strategy - INFO - 开始简化特征提取
2026-01-09 15:13:36,309 - qmt_strategy - INFO - 提取集合竞价特征
2026-01-09 15:13:36,312 - qmt_strategy - INFO - 提取板块热度特征
2026-01-09 15:13:36,313 - qmt_strategy - INFO - 提取市场情绪特征
2026-01-09 15:13:36,315 - qmt_strategy - INFO - 提取个股基本面特征
2026-01-09 15:13:36,316 - qmt_strategy - INFO - 提取技术指标特征
2026-01-09 15:13:36,330 - qmt_strategy - INFO - 合并所有特征
2026-01-09 15:13:36,331 - qmt_strategy - INFO - 简化特征提取完成
2026-01-09 15:13:36,332 - qmt_strategy - INFO - 开始简化特征提取
2026-01-09 15:13:36,332 - qmt_strategy - INFO - 提取集合竞价特征
2026-01-09 15:13:36,335 - qmt_strategy - INFO - 提取板块热度特征
2026-01-09 15:13:36,335 - qmt_strategy - INFO - 提取市场情绪特征
2026-01-09 15:13:36,337 - qmt_strategy - INFO - 提取个股基本面特征
2026-01-09 15:13:36,337 - qmt_strategy - INFO - 提取技术指标特征
2026-01-09 15:13:36,351 - qmt_strategy - INFO - 合并所有特征
2026-01-09 15:13:36,352 - qmt_strategy - INFO - 简化特征提取完成
2026-01-09 15:13:36,353 - qmt_strategy - INFO - 开始简化特征提取
2026-01-09 15:13:36,353 - qmt_strategy - INFO - 提取集合竞价特征
2026-01-09 15:13:36,356 - qmt_strategy - INFO - 提取板块热度特征
2026-01-09 15:13:36,358 - qmt_strategy - INFO - 提取市场情绪特征
2026-01-09 15:13:36,363 - qmt_strategy - INFO - 提取个股基本面特征
2026-01-09 15:13:36,364 - qmt_strategy - INFO - 提取技术指标特征
2026-01-09 15:13:36,379 - qmt_strategy - INFO - 合并所有特征
2026-01-09 15:13:36,380 - qmt_strategy - INFO - 简化特征提取完成
2026-01-09 15:13:36,381 - qmt_strategy - INFO - 开始简化特征提取
2026-01-09 15:13:36,381 - qmt_strategy - INFO - 提取集合竞价特征
2026-01-09 15:13:36,384 - qmt_strategy - INFO - 提取板块热度特征
2026-01-09 15:13:36,385 - qmt_strategy - INFO - 提取市场情绪特征
2026-01-09 15:13:36,386 - qmt_strategy - INFO - 提取个股基本面特征
2026-01-09 15:13:36,387 - qmt_strategy - INFO - 提取技术指标特征
2026-01-09 15:13:36,402 - qmt_strategy - INFO - 合并所有特征
2026-01-09 15:13:36,403 - qmt_strategy - INFO - 简化特征提取完成
2026-01-09 15:13:36,404 - qmt_strategy - INFO - 开始简化特征提取
2026-01-09 15:13:36,404 - qmt_strategy - INFO - 提取集合竞价特征
2026-01-09 15:13:36,408 - qmt_strategy - INFO - 提取板块热度特征
2026-01-09 15:13:36,409 - qmt_strategy - INFO - 提取市场情绪特征
2026-01-09 15:13:36,411 - qmt_strategy - INFO - 提取个股基本面特征
2026-01-09 15:13:36,412 - qmt_strategy - INFO - 提取技术指标特征
2026-01-09 15:13:36,425 - qmt_strategy - INFO - 合并所有特征
2026-01-09 15:13:36,427 - qmt_strategy - INFO - 简化特征提取完成
2026-01-09 15:13:36,428 - qmt_strategy - INFO - 开始简化特征提取
2026-01-09 15:13:36,428 - qmt_strategy - INFO - 提取集合竞价特征
2026-01-09 15:13:36,432 - qmt_strategy - INFO - 提取板块热度特征
2026-01-09 15:13:36,432 - qmt_strategy - INFO - 提取市场情绪特征
2026-01-09 15:13:36,434 - qmt_strategy - INFO - 提取个股基本面特征
2026-01-09 15:13:36,434 - qmt_strategy - INFO - 提取技术指标特征
2026-01-09 15:13:36,447 - qmt_strategy - INFO - 合并所有特征
2026-01-09 15:13:36,448 - qmt_strategy - INFO - 简化特征提取完成
2026-01-09 15:13:36,449 - qmt_strategy - INFO - 开始简化特征提取
2026-01-09 15:13:36,449 - qmt_strategy - INFO - 提取集合竞价特征
2026-01-09 15:13:36,452 - qmt_strategy - INFO - 提取板块热度特征
2026-01-09 15:13:36,453 - qmt_strategy - INFO - 提取市场情绪特征
2026-01-09 15:13:36,454 - qmt_strategy - INFO - 提取个股基本面特征
2026-01-09 15:13:36,456 - qmt_strategy - INFO - 提取技术指标特征
2026-01-09 15:13:36,472 - qmt_strategy - INFO - 合并所有特征
2026-01-09 15:13:36,474 - qmt_strategy - INFO - 简化特征提取完成
2026-01-09 15:13:36,476 - qmt_strategy - INFO - 开始简化特征提取
2026-01-09 15:13:36,476 - qmt_strategy - INFO - 提取集合竞价特征
2026-01-09 15:13:36,479 - qmt_strategy - INFO - 提取板块热度特征
2026-01-09 15:13:36,480 - qmt_strategy - INFO - 提取市场情绪特征
2026-01-09 15:13:36,481 - qmt_strategy - INFO - 提取个股基本面特征
2026-01-09 15:13:36,483 - qmt_strategy - INFO - 提取技术指标特征
2026-01-09 15:13:36,497 - qmt_strategy - INFO - 合并所有特征
2026-01-09 15:13:36,498 - qmt_strategy - INFO - 简化特征提取完成
2026-01-09 15:13:36,499 - qmt_strategy - INFO - 开始简化特征提取
2026-01-09 15:13:36,499 - qmt_strategy - INFO - 提取集合竞价特征
2026-01-09 15:13:36,502 - qmt_strategy - INFO - 提取板块热度特征
2026-01-09 15:13:36,503 - qmt_strategy - INFO - 提取市场情绪特征
2026-01-09 15:13:36,504 - qmt_strategy - INFO - 提取个股基本面特征
2026-01-09 15:13:36,505 - qmt_strategy - INFO - 提取技术指标特征
2026-01-09 15:13:36,519 - qmt_strategy - INFO - 合并所有特征
2026-01-09 15:13:36,520 - qmt_strategy - INFO - 简化特征提取完成
2026-01-09 15:13:36,521 - qmt_strategy - INFO - 开始简化特征提取
2026-01-09 15:13:36,522 - qmt_strategy - INFO - 提取集合竞价特征
2026-01-09 15:13:36,527 - qmt_strategy - INFO - 提取板块热度特征
2026-01-09 15:13:36,528 - qmt_strategy - INFO - 提取市场情绪特征
2026-01-09 15:13:36,530 - qmt_strategy - INFO - 提取个股基本面特征
2026-01-09 15:13:36,531 - qmt_strategy - INFO - 提取技术指标特征
2026-01-09 15:13:36,544 - qmt_strategy - INFO - 合并所有特征
2026-01-09 15:13:36,546 - qmt_strategy - INFO - 简化特征提取完成
2026-01-09 15:13:36,548 - qmt_strategy - INFO - 开始简化特征提取
2026-01-09 15:13:36,548 - qmt_strategy - INFO - 提取集合竞价特征
2026-01-09 15:13:36,551 - qmt_strategy - INFO - 提取板块热度特征
2026-01-09 15:13:36,552 - qmt_strategy - INFO - 提取市场情绪特征
2026-01-09 15:13:36,553 - qmt_strategy - INFO - 提取个股基本面特征
2026-01-09 15:13:36,554 - qmt_strategy - INFO - 提取技术指标特征
2026-01-09 15:13:36,568 - qmt_strategy - INFO - 合并所有特征
2026-01-09 15:13:36,569 - qmt_strategy - INFO - 简化特征提取完成
2026-01-09 15:13:36,570 - qmt_strategy - INFO - 开始简化特征提取
2026-01-09 15:13:36,570 - qmt_strategy - INFO - 提取集合竞价特征
2026-01-09 15:13:36,574 - qmt_strategy - INFO - 提取板块热度特征
2026-01-09 15:13:36,575 - qmt_strategy - INFO - 提取市场情绪特征
2026-01-09 15:13:36,578 - qmt_strategy - INFO - 提取个股基本面特征
2026-01-09 15:13:36,579 - qmt_strategy - INFO - 提取技术指标特征
2026-01-09 15:13:36,592 - qmt_strategy - INFO - 合并所有特征
2026-01-09 15:13:36,594 - qmt_strategy - INFO - 简化特征提取完成
2026-01-09 15:13:36,595 - qmt_strategy - INFO - 开始简化特征提取
2026-01-09 15:13:36,596 - qmt_strategy - INFO - 提取集合竞价特征
2026-01-09 15:13:36,599 - qmt_strategy - INFO - 提取板块热度特征
2026-01-09 15:13:36,600 - qmt_strategy - INFO - 提取市场情绪特征
2026-01-09 15:13:36,601 - qmt_strategy - INFO - 提取个股基本面特征
2026-01-09 15:13:36,602 - qmt_strategy - INFO - 提取技术指标特征
2026-01-09 15:13:36,616 - qmt_strategy - INFO - 合并所有特征
2026-01-09 15:13:36,617 - qmt_strategy - INFO - 简化特征提取完成
2026-01-09 15:13:36,618 - qmt_strategy - INFO - 开始简化特征提取
2026-01-09 15:13:36,619 - qmt_strategy - INFO - 提取集合竞价特征
2026-01-09 15:13:36,622 - qmt_strategy - INFO - 提取板块热度特征
2026-01-09 15:13:36,623 - qmt_strategy - INFO - 提取市场情绪特征
2026-01-09 15:13:36,625 - qmt_strategy - INFO - 提取个股基本面特征
2026-01-09 15:13:36,627 - qmt_strategy - INFO - 提取技术指标特征
2026-01-09 15:13:36,647 - qmt_strategy - INFO - 合并所有特征
2026-01-09 15:13:36,648 - qmt_strategy - INFO - 简化特征提取完成
2026-01-09 15:13:36,649 - qmt_strategy - INFO - 开始简化特征提取
2026-01-09 15:13:36,649 - qmt_strategy - INFO - 提取集合竞价特征
2026-01-09 15:13:36,652 - qmt_strategy - INFO - 提取板块热度特征
2026-01-09 15:13:36,653 - qmt_strategy - INFO - 提取市场情绪特征
2026-01-09 15:13:36,654 - qmt_strategy - INFO - 提取个股基本面特征
2026-01-09 15:13:36,657 - qmt_strategy - INFO - 提取技术指标特征
2026-01-09 15:13:36,670 - qmt_strategy - INFO - 合并所有特征
2026-01-09 15:13:36,672 - qmt_strategy - INFO - 简化特征提取完成
2026-01-09 15:13:36,674 - qmt_strategy - INFO - 开始简化特征提取
2026-01-09 15:13:36,674 - qmt_strategy - INFO - 提取集合竞价特征
2026-01-09 15:13:36,678 - qmt_strategy - INFO - 提取板块热度特征
2026-01-09 15:13:36,679 - qmt_strategy - INFO - 提取市场情绪特征
2026-01-09 15:13:36,681 - qmt_strategy - INFO - 提取个股基本面特征
2026-01-09 15:13:36,682 - qmt_strategy - INFO - 提取技术指标特征
2026-01-09 15:13:36,697 - qmt_strategy - INFO - 合并所有特征
2026-01-09 15:13:36,698 - qmt_strategy - INFO - 简化特征提取完成
2026-01-09 15:13:36,700 - qmt_strategy - INFO - 开始简化特征提取
2026-01-09 15:13:36,700 - qmt_strategy - INFO - 提取集合竞价特征
2026-01-09 15:13:36,705 - qmt_strategy - INFO - 提取板块热度特征
2026-01-09 15:13:36,706 - qmt_strategy - INFO - 提取市场情绪特征
2026-01-09 15:13:36,710 - qmt_strategy - INFO - 提取个股基本面特征
2026-01-09 15:13:36,713 - qmt_strategy - INFO - 提取技术指标特征
2026-01-09 15:13:36,734 - qmt_strategy - INFO - 合并所有特征
2026-01-09 15:13:36,735 - qmt_strategy - INFO - 简化特征提取完成
2026-01-09 15:13:36,736 - qmt_strategy - INFO - 开始简化特征提取
2026-01-09 15:13:36,737 - qmt_strategy - INFO - 提取集合竞价特征
2026-01-09 15:13:36,742 - qmt_strategy - INFO - 提取板块热度特征
2026-01-09 15:13:36,743 - qmt_strategy - INFO - 提取市场情绪特征
2026-01-09 15:13:36,746 - qmt_strategy - INFO - 提取个股基本面特征
2026-01-09 15:13:36,748 - qmt_strategy - INFO - 提取技术指标特征
2026-01-09 15:13:36,765 - qmt_strategy - INFO - 合并所有特征
2026-01-09 15:13:36,766 - qmt_strategy - INFO - 简化特征提取完成
2026-01-09 15:13:36,767 - qmt_strategy - INFO - 开始简化特征提取
2026-01-09 15:13:36,767 - qmt_strategy - INFO - 提取集合竞价特征
2026-01-09 15:13:36,770 - qmt_strategy - INFO - 提取板块热度特征
2026-01-09 15:13:36,771 - qmt_strategy - INFO - 提取市场情绪特征
2026-01-09 15:13:36,774 - qmt_strategy - INFO - 提取个股基本面特征
2026-01-09 15:13:36,776 - qmt_strategy - INFO - 提取技术指标特征
2026-01-09 15:13:36,790 - qmt_strategy - INFO - 合并所有特征
2026-01-09 15:13:36,792 - qmt_strategy - INFO - 简化特征提取完成
2026-01-09 15:13:36,793 - qmt_strategy - INFO - 开始简化特征提取
2026-01-09 15:13:36,793 - qmt_strategy - INFO - 提取集合竞价特征
2026-01-09 15:13:36,798 - qmt_strategy - INFO - 提取板块热度特征
2026-01-09 15:13:36,799 - qmt_strategy - INFO - 提取市场情绪特征
2026-01-09 15:13:36,801 - qmt_strategy - INFO - 提取个股基本面特征
2026-01-09 15:13:36,803 - qmt_strategy - INFO - 提取技术指标特征
2026-01-09 15:13:36,818 - qmt_strategy - INFO - 合并所有特征
2026-01-09 15:13:36,819 - qmt_strategy - INFO - 简化特征提取完成
2026-01-09 15:13:36,820 - qmt_strategy - INFO - 开始简化特征提取
2026-01-09 15:13:36,820 - qmt_strategy - INFO - 提取集合竞价特征
2026-01-09 15:13:36,822 - qmt_strategy - INFO - 提取板块热度特征
2026-01-09 15:13:36,824 - qmt_strategy - INFO - 提取市场情绪特征
2026-01-09 15:13:36,827 - qmt_strategy - INFO - 提取个股基本面特征
2026-01-09 15:13:36,828 - qmt_strategy - INFO - 提取技术指标特征
2026-01-09 15:13:36,839 - qmt_strategy - INFO - 合并所有特征
2026-01-09 15:13:36,842 - qmt_strategy - INFO - 简化特征提取完成
2026-01-09 15:13:36,844 - qmt_strategy - INFO - 开始简化特征提取
2026-01-09 15:13:36,844 - qmt_strategy - INFO - 提取集合竞价特征
2026-01-09 15:13:36,848 - qmt_strategy - INFO - 提取板块热度特征
2026-01-09 15:13:36,849 - qmt_strategy - INFO - 提取市场情绪特征
2026-01-09 15:13:36,850 - qmt_strategy - INFO - 提取个股基本面特征
2026-01-09 15:13:36,851 - qmt_strategy - INFO - 提取技术指标特征
2026-01-09 15:13:36,867 - qmt_strategy - INFO - 合并所有特征
2026-01-09 15:13:36,868 - qmt_strategy - INFO - 简化特征提取完成
2026-01-09 15:13:36,870 - qmt_strategy - INFO - 开始简化特征提取
2026-01-09 15:13:36,870 - qmt_strategy - INFO - 提取集合竞价特征
2026-01-09 15:13:36,873 - qmt_strategy - INFO - 提取板块热度特征
2026-01-09 15:13:36,874 - qmt_strategy - INFO - 提取市场情绪特征
2026-01-09 15:13:36,877 - qmt_strategy - INFO - 提取个股基本面特征
2026-01-09 15:13:36,878 - qmt_strategy - INFO - 提取技术指标特征
2026-01-09 15:13:36,891 - qmt_strategy - INFO - 合并所有特征
2026-01-09 15:13:36,892 - qmt_strategy - INFO - 简化特征提取完成
2026-01-09 15:13:36,894 - qmt_strategy - INFO - 开始简化特征提取
2026-01-09 15:13:36,895 - qmt_strategy - INFO - 提取集合竞价特征
2026-01-09 15:13:36,897 - qmt_strategy - INFO - 提取板块热度特征
2026-01-09 15:13:36,898 - qmt_strategy - INFO - 提取市场情绪特征
2026-01-09 15:13:36,900 - qmt_strategy - INFO - 提取个股基本面特征
2026-01-09 15:13:36,901 - qmt_strategy - INFO - 提取技术指标特征
2026-01-09 15:13:36,916 - qmt_strategy - INFO - 合并所有特征
2026-01-09 15:13:36,917 - qmt_strategy - INFO - 简化特征提取完成
2026-01-09 15:13:36,918 - qmt_strategy - INFO - 开始简化特征提取
2026-01-09 15:13:36,918 - qmt_strategy - INFO - 提取集合竞价特征
2026-01-09 15:13:36,920 - qmt_strategy - INFO - 提取板块热度特征
2026-01-09 15:13:36,922 - qmt_strategy - INFO - 提取市场情绪特征
2026-01-09 15:13:36,925 - qmt_strategy - INFO - 提取个股基本面特征
2026-01-09 15:13:36,927 - qmt_strategy - INFO - 提取技术指标特征
2026-01-09 15:13:36,938 - qmt_strategy - INFO - 合并所有特征
2026-01-09 15:13:36,939 - qmt_strategy - INFO - 简化特征提取完成
2026-01-09 15:13:36,941 - qmt_strategy - INFO - 开始简化特征提取
2026-01-09 15:13:36,942 - qmt_strategy - INFO - 提取集合竞价特征
2026-01-09 15:13:36,945 - qmt_strategy - INFO - 提取板块热度特征
2026-01-09 15:13:36,946 - qmt_strategy - INFO - 提取市场情绪特征
2026-01-09 15:13:36,948 - qmt_strategy - INFO - 提取个股基本面特征
2026-01-09 15:13:36,949 - qmt_strategy - INFO - 提取技术指标特征
2026-01-09 15:13:36,963 - qmt_strategy - INFO - 合并所有特征
2026-01-09 15:13:36,964 - qmt_strategy - INFO - 简化特征提取完成
2026-01-09 15:13:36,965 - qmt_strategy - INFO - 开始简化特征提取
2026-01-09 15:13:36,965 - qmt_strategy - INFO - 提取集合竞价特征
2026-01-09 15:13:36,968 - qmt_strategy - INFO - 提取板块热度特征
2026-01-09 15:13:36,968 - qmt_strategy - INFO - 提取市场情绪特征
2026-01-09 15:13:36,970 - qmt_strategy - INFO - 提取个股基本面特征
2026-01-09 15:13:36,971 - qmt_strategy - INFO - 提取技术指标特征
2026-01-09 15:13:36,984 - qmt_strategy - INFO - 合并所有特征
2026-01-09 15:13:36,985 - qmt_strategy - INFO - 简化特征提取完成
2026-01-09 15:13:36,986 - qmt_strategy - INFO - 开始简化特征提取
2026-01-09 15:13:36,986 - qmt_strategy - INFO - 提取集合竞价特征
2026-01-09 15:13:36,989 - qmt_strategy - INFO - 提取板块热度特征
2026-01-09 15:13:36,991 - qmt_strategy - INFO - 提取市场情绪特征
2026-01-09 15:13:36,994 - qmt_strategy - INFO - 提取个股基本面特征
2026-01-09 15:13:36,995 - qmt_strategy - INFO - 提取技术指标特征
2026-01-09 15:13:37,009 - qmt_strategy - INFO - 合并所有特征
2026-01-09 15:13:37,010 - qmt_strategy - INFO - 简化特征提取完成
2026-01-09 15:13:37,012 - qmt_strategy - INFO - 开始简化特征提取
2026-01-09 15:13:37,012 - qmt_strategy - INFO - 提取集合竞价特征
2026-01-09 15:13:37,015 - qmt_strategy - INFO - 提取板块热度特征
2026-01-09 15:13:37,015 - qmt_strategy - INFO - 提取市场情绪特征
2026-01-09 15:13:37,017 - qmt_strategy - INFO - 提取个股基本面特征
2026-01-09 15:13:37,018 - qmt_strategy - INFO - 提取技术指标特征
2026-01-09 15:13:37,032 - qmt_strategy - INFO - 合并所有特征
2026-01-09 15:13:37,033 - qmt_strategy - INFO - 简化特征提取完成
2026-01-09 15:13:37,034 - qmt_strategy - INFO - 开始简化特征提取
2026-01-09 15:13:37,034 - qmt_strategy - INFO - 提取集合竞价特征
2026-01-09 15:13:37,037 - qmt_strategy - INFO - 提取板块热度特征
2026-01-09 15:13:37,037 - qmt_strategy - INFO - 提取市场情绪特征
2026-01-09 15:13:37,039 - qmt_strategy - INFO - 提取个股基本面特征
2026-01-09 15:13:37,041 - qmt_strategy - INFO - 提取技术指标特征
2026-01-09 15:13:37,057 - qmt_strategy - INFO - 合并所有特征
2026-01-09 15:13:37,059 - qmt_strategy - INFO - 简化特征提取完成
2026-01-09 15:13:37,060 - qmt_strategy - INFO - 开始简化特征提取
2026-01-09 15:13:37,060 - qmt_strategy - INFO - 提取集合竞价特征
2026-01-09 15:13:37,063 - qmt_strategy - INFO - 提取板块热度特征
2026-01-09 15:13:37,064 - qmt_strategy - INFO - 提取市场情绪特征
2026-01-09 15:13:37,066 - qmt_strategy - INFO - 提取个股基本面特征
2026-01-09 15:13:37,067 - qmt_strategy - INFO - 提取技术指标特征
2026-01-09 15:13:37,082 - qmt_strategy - INFO - 合并所有特征
2026-01-09 15:13:37,083 - qmt_strategy - INFO - 简化特征提取完成
2026-01-09 15:13:37,084 - qmt_strategy - INFO - 开始简化特征提取
2026-01-09 15:13:37,084 - qmt_strategy - INFO - 提取集合竞价特征
2026-01-09 15:13:37,086 - qmt_strategy - INFO - 提取板块热度特征
2026-01-09 15:13:37,087 - qmt_strategy - INFO - 提取市场情绪特征
2026-01-09 15:13:37,088 - qmt_strategy - INFO - 提取个股基本面特征
2026-01-09 15:13:37,089 - qmt_strategy - INFO - 提取技术指标特征
2026-01-09 15:13:37,103 - qmt_strategy - INFO - 合并所有特征
2026-01-09 15:13:37,104 - qmt_strategy - INFO - 简化特征提取完成
2026-01-09 15:13:37,106 - qmt_strategy - INFO - 开始简化特征提取
2026-01-09 15:13:37,106 - qmt_strategy - INFO - 提取集合竞价特征
2026-01-09 15:13:37,111 - qmt_strategy - INFO - 提取板块热度特征
2026-01-09 15:13:37,112 - qmt_strategy - INFO - 提取市场情绪特征
2026-01-09 15:13:37,114 - qmt_strategy - INFO - 提取个股基本面特征
2026-01-09 15:13:37,115 - qmt_strategy - INFO - 提取技术指标特征
2026-01-09 15:13:37,130 - qmt_strategy - INFO - 合并所有特征
2026-01-09 15:13:37,132 - qmt_strategy - INFO - 简化特征提取完成
2026-01-09 15:13:37,133 - qmt_strategy - INFO - 开始简化特征提取
2026-01-09 15:13:37,134 - qmt_strategy - INFO - 提取集合竞价特征
2026-01-09 15:13:37,136 - qmt_strategy - INFO - 提取板块热度特征
2026-01-09 15:13:37,137 - qmt_strategy - INFO - 提取市场情绪特征
2026-01-09 15:13:37,139 - qmt_strategy - INFO - 提取个股基本面特征
2026-01-09 15:13:37,141 - qmt_strategy - INFO - 提取技术指标特征
2026-01-09 15:13:37,153 - qmt_strategy - INFO - 合并所有特征
2026-01-09 15:13:37,154 - qmt_strategy - INFO - 简化特征提取完成
2026-01-09 15:13:37,155 - qmt_strategy - INFO - 开始简化特征提取
2026-01-09 15:13:37,155 - qmt_strategy - INFO - 提取集合竞价特征
2026-01-09 15:13:37,160 - qmt_strategy - INFO - 提取板块热度特征
2026-01-09 15:13:37,161 - qmt_strategy - INFO - 提取市场情绪特征
2026-01-09 15:13:37,163 - qmt_strategy - INFO - 提取个股基本面特征
2026-01-09 15:13:37,164 - qmt_strategy - INFO - 提取技术指标特征
2026-01-09 15:13:37,179 - qmt_strategy - INFO - 合并所有特征
2026-01-09 15:13:37,180 - qmt_strategy - INFO - 简化特征提取完成
2026-01-09 15:13:37,181 - qmt_strategy - INFO - 开始简化特征提取
2026-01-09 15:13:37,182 - qmt_strategy - INFO - 提取集合竞价特征
2026-01-09 15:13:37,184 - qmt_strategy - INFO - 提取板块热度特征
2026-01-09 15:13:37,184 - qmt_strategy - INFO - 提取市场情绪特征
2026-01-09 15:13:37,187 - qmt_strategy - INFO - 提取个股基本面特征
2026-01-09 15:13:37,188 - qmt_strategy - INFO - 提取技术指标特征
2026-01-09 15:13:37,200 - qmt_strategy - INFO - 合并所有特征
2026-01-09 15:13:37,202 - qmt_strategy - INFO - 简化特征提取完成
2026-01-09 15:13:37,203 - qmt_strategy - INFO - 开始简化特征提取
2026-01-09 15:13:37,203 - qmt_strategy - INFO - 提取集合竞价特征
2026-01-09 15:13:37,206 - qmt_strategy - INFO - 提取板块热度特征
2026-01-09 15:13:37,207 - qmt_strategy - INFO - 提取市场情绪特征
2026-01-09 15:13:37,209 - qmt_strategy - INFO - 提取个股基本面特征
2026-01-09 15:13:37,210 - qmt_strategy - INFO - 提取技术指标特征
2026-01-09 15:13:37,224 - qmt_strategy - INFO - 合并所有特征
2026-01-09 15:13:37,226 - qmt_strategy - INFO - 简化特征提取完成
2026-01-09 15:13:37,227 - qmt_strategy - INFO - 开始简化特征提取
2026-01-09 15:13:37,227 - qmt_strategy - INFO - 提取集合竞价特征
2026-01-09 15:13:37,230 - qmt_strategy - INFO - 提取板块热度特征
2026-01-09 15:13:37,231 - qmt_strategy - INFO - 提取市场情绪特征
2026-01-09 15:13:37,232 - qmt_strategy - INFO - 提取个股基本面特征
2026-01-09 15:13:37,233 - qmt_strategy - INFO - 提取技术指标特征
2026-01-09 15:13:37,246 - qmt_strategy - INFO - 合并所有特征
2026-01-09 15:13:37,247 - qmt_strategy - INFO - 简化特征提取完成
2026-01-09 15:13:37,249 - qmt_strategy - INFO - 开始简化特征提取
2026-01-09 15:13:37,249 - qmt_strategy - INFO - 提取集合竞价特征
2026-01-09 15:13:37,251 - qmt_strategy - INFO - 提取板块热度特征
2026-01-09 15:13:37,252 - qmt_strategy - INFO - 提取市场情绪特征
2026-01-09 15:13:37,254 - qmt_strategy - INFO - 提取个股基本面特征
2026-01-09 15:13:37,255 - qmt_strategy - INFO - 提取技术指标特征
2026-01-09 15:13:37,271 - qmt_strategy - INFO - 合并所有特征
2026-01-09 15:13:37,272 - qmt_strategy - INFO - 简化特征提取完成
2026-01-09 15:13:37,274 - qmt_strategy - INFO - 开始简化特征提取
2026-01-09 15:13:37,274 - qmt_strategy - INFO - 提取集合竞价特征
2026-01-09 15:13:37,277 - qmt_strategy - INFO - 提取板块热度特征
2026-01-09 15:13:37,278 - qmt_strategy - INFO - 提取市场情绪特征
2026-01-09 15:13:37,280 - qmt_strategy - INFO - 提取个股基本面特征
2026-01-09 15:13:37,281 - qmt_strategy - INFO - 提取技术指标特征
2026-01-09 15:13:37,294 - qmt_strategy - INFO - 合并所有特征
2026-01-09 15:13:37,296 - qmt_strategy - INFO - 简化特征提取完成
2026-01-09 15:13:37,298 - qmt_strategy - INFO - 开始简化特征提取
2026-01-09 15:13:37,298 - qmt_strategy - INFO - 提取集合竞价特征
2026-01-09 15:13:37,301 - qmt_strategy - INFO - 提取板块热度特征
2026-01-09 15:13:37,302 - qmt_strategy - INFO - 提取市场情绪特征
2026-01-09 15:13:37,304 - qmt_strategy - INFO - 提取个股基本面特征
2026-01-09 15:13:37,305 - qmt_strategy - INFO - 提取技术指标特征
2026-01-09 15:13:37,319 - qmt_strategy - INFO - 合并所有特征
2026-01-09 15:13:37,320 - qmt_strategy - INFO - 简化特征提取完成
2026-01-09 15:13:37,322 - qmt_strategy - INFO - 开始简化特征提取
2026-01-09 15:13:37,322 - qmt_strategy - INFO - 提取集合竞价特征
2026-01-09 15:13:37,327 - qmt_strategy - INFO - 提取板块热度特征
2026-01-09 15:13:37,328 - qmt_strategy - INFO - 提取市场情绪特征
2026-01-09 15:13:37,329 - qmt_strategy - INFO - 提取个股基本面特征
2026-01-09 15:13:37,330 - qmt_strategy - INFO - 提取技术指标特征
2026-01-09 15:13:37,343 - qmt_strategy - INFO - 合并所有特征
2026-01-09 15:13:37,344 - qmt_strategy - INFO - 简化特征提取完成
2026-01-09 15:13:37,345 - qmt_strategy - INFO - 开始简化特征提取
2026-01-09 15:13:37,346 - qmt_strategy - INFO - 提取集合竞价特征
2026-01-09 15:13:37,348 - qmt_strategy - INFO - 提取板块热度特征
2026-01-09 15:13:37,349 - qmt_strategy - INFO - 提取市场情绪特征
2026-01-09 15:13:37,351 - qmt_strategy - INFO - 提取个股基本面特征
2026-01-09 15:13:37,351 - qmt_strategy - INFO - 提取技术指标特征
2026-01-09 15:13:37,367 - qmt_strategy - INFO - 合并所有特征
2026-01-09 15:13:37,368 - qmt_strategy - INFO - 简化特征提取完成
2026-01-09 15:13:37,370 - qmt_strategy - INFO - 开始简化特征提取
2026-01-09 15:13:37,370 - qmt_strategy - INFO - 提取集合竞价特征
2026-01-09 15:13:37,372 - qmt_strategy - INFO - 提取板块热度特征
2026-01-09 15:13:37,372 - qmt_strategy - INFO - 提取市场情绪特征
2026-01-09 15:13:37,376 - qmt_strategy - INFO - 提取个股基本面特征
2026-01-09 15:13:37,377 - qmt_strategy - INFO - 提取技术指标特征
2026-01-09 15:13:37,391 - qmt_strategy - INFO - 合并所有特征
2026-01-09 15:13:37,393 - qmt_strategy - INFO - 简化特征提取完成
2026-01-09 15:13:37,394 - qmt_strategy - INFO - 开始简化特征提取
2026-01-09 15:13:37,394 - qmt_strategy - INFO - 提取集合竞价特征
2026-01-09 15:13:37,397 - qmt_strategy - INFO - 提取板块热度特征
2026-01-09 15:13:37,398 - qmt_strategy - INFO - 提取市场情绪特征
2026-01-09 15:13:37,399 - qmt_strategy - INFO - 提取个股基本面特征
2026-01-09 15:13:37,400 - qmt_strategy - INFO - 提取技术指标特征
2026-01-09 15:13:37,414 - qmt_strategy - INFO - 合并所有特征
2026-01-09 15:13:37,415 - qmt_strategy - INFO - 简化特征提取完成
2026-01-09 15:13:37,416 - qmt_strategy - INFO - 开始简化特征提取
2026-01-09 15:13:37,416 - qmt_strategy - INFO - 提取集合竞价特征
2026-01-09 15:13:37,419 - qmt_strategy - INFO - 提取板块热度特征
2026-01-09 15:13:37,420 - qmt_strategy - INFO - 提取市场情绪特征
2026-01-09 15:13:37,422 - qmt_strategy - INFO - 提取个股基本面特征
2026-01-09 15:13:37,425 - qmt_strategy - INFO - 提取技术指标特征
2026-01-09 15:13:37,437 - qmt_strategy - INFO - 合并所有特征
2026-01-09 15:13:37,439 - qmt_strategy - INFO - 简化特征提取完成
2026-01-09 15:13:37,441 - qmt_strategy - INFO - 开始简化特征提取
2026-01-09 15:13:37,441 - qmt_strategy - INFO - 提取集合竞价特征
2026-01-09 15:13:37,444 - qmt_strategy - INFO - 提取板块热度特征
2026-01-09 15:13:37,445 - qmt_strategy - INFO - 提取市场情绪特征
2026-01-09 15:13:37,447 - qmt_strategy - INFO - 提取个股基本面特征
2026-01-09 15:13:37,448 - qmt_strategy - INFO - 提取技术指标特征
2026-01-09 15:13:37,460 - qmt_strategy - INFO - 合并所有特征
2026-01-09 15:13:37,461 - qmt_strategy - INFO - 简化特征提取完成
2026-01-09 15:13:37,463 - qmt_strategy - INFO - 开始简化特征提取
2026-01-09 15:13:37,463 - qmt_strategy - INFO - 提取集合竞价特征
2026-01-09 15:13:37,466 - qmt_strategy - INFO - 提取板块热度特征
2026-01-09 15:13:37,467 - qmt_strategy - INFO - 提取市场情绪特征
2026-01-09 15:13:37,469 - qmt_strategy - INFO - 提取个股基本面特征
2026-01-09 15:13:37,470 - qmt_strategy - INFO - 提取技术指标特征
2026-01-09 15:13:37,484 - qmt_strategy - INFO - 合并所有特征
2026-01-09 15:13:37,485 - qmt_strategy - INFO - 简化特征提取完成
2026-01-09 15:13:37,486 - qmt_strategy - INFO - 开始简化特征提取
2026-01-09 15:13:37,486 - qmt_strategy - INFO - 提取集合竞价特征
2026-01-09 15:13:37,488 - qmt_strategy - INFO - 提取板块热度特征
2026-01-09 15:13:37,489 - qmt_strategy - INFO - 提取市场情绪特征
2026-01-09 15:13:37,493 - qmt_strategy - INFO - 提取个股基本面特征
2026-01-09 15:13:37,494 - qmt_strategy - INFO - 提取技术指标特征
2026-01-09 15:13:37,505 - qmt_strategy - INFO - 合并所有特征
2026-01-09 15:13:37,508 - qmt_strategy - INFO - 简化特征提取完成
2026-01-09 15:13:37,509 - qmt_strategy - INFO - 开始简化特征提取
2026-01-09 15:13:37,510 - qmt_strategy - INFO - 提取集合竞价特征
2026-01-09 15:13:37,513 - qmt_strategy - INFO - 提取板块热度特征
2026-01-09 15:13:37,513 - qmt_strategy - INFO - 提取市场情绪特征
2026-01-09 15:13:37,515 - qmt_strategy - INFO - 提取个股基本面特征
2026-01-09 15:13:37,516 - qmt_strategy - INFO - 提取技术指标特征
2026-01-09 15:13:37,531 - qmt_strategy - INFO - 合并所有特征
2026-01-09 15:13:37,532 - qmt_strategy - INFO - 简化特征提取完成
2026-01-09 15:13:37,533 - qmt_strategy - INFO - 开始简化特征提取
2026-01-09 15:13:37,533 - qmt_strategy - INFO - 提取集合竞价特征
2026-01-09 15:13:37,535 - qmt_strategy - INFO - 提取板块热度特征
2026-01-09 15:13:37,536 - qmt_strategy - INFO - 提取市场情绪特征
2026-01-09 15:13:37,537 - qmt_strategy - INFO - 提取个股基本面特征
2026-01-09 15:13:37,538 - qmt_strategy - INFO - 提取技术指标特征
2026-01-09 15:13:37,554 - qmt_strategy - INFO - 合并所有特征
2026-01-09 15:13:37,555 - qmt_strategy - INFO - 简化特征提取完成
2026-01-09 15:13:37,557 - qmt_strategy - INFO - 开始简化特征提取
2026-01-09 15:13:37,557 - qmt_strategy - INFO - 提取集合竞价特征
2026-01-09 15:13:37,561 - qmt_strategy - INFO - 提取板块热度特征
2026-01-09 15:13:37,562 - qmt_strategy - INFO - 提取市场情绪特征
2026-01-09 15:13:37,564 - qmt_strategy - INFO - 提取个股基本面特征
2026-01-09 15:13:37,566 - qmt_strategy - INFO - 提取技术指标特征
2026-01-09 15:13:37,581 - qmt_strategy - INFO - 合并所有特征
2026-01-09 15:13:37,583 - qmt_strategy - INFO - 简化特征提取完成
2026-01-09 15:13:37,584 - qmt_strategy - INFO - 开始简化特征提取
2026-01-09 15:13:37,584 - qmt_strategy - INFO - 提取集合竞价特征
2026-01-09 15:13:37,586 - qmt_strategy - INFO - 提取板块热度特征
2026-01-09 15:13:37,587 - qmt_strategy - INFO - 提取市场情绪特征
2026-01-09 15:13:37,589 - qmt_strategy - INFO - 提取个股基本面特征
2026-01-09 15:13:37,591 - qmt_strategy - INFO - 提取技术指标特征
2026-01-09 15:13:37,603 - qmt_strategy - INFO - 合并所有特征
2026-01-09 15:13:37,604 - qmt_strategy - INFO - 简化特征提取完成
2026-01-09 15:13:37,606 - qmt_strategy - INFO - 开始简化特征提取
2026-01-09 15:13:37,606 - qmt_strategy - INFO - 提取集合竞价特征
2026-01-09 15:13:37,610 - qmt_strategy - INFO - 提取板块热度特征
2026-01-09 15:13:37,611 - qmt_strategy - INFO - 提取市场情绪特征
2026-01-09 15:13:37,613 - qmt_strategy - INFO - 提取个股基本面特征
2026-01-09 15:13:37,614 - qmt_strategy - INFO - 提取技术指标特征
2026-01-09 15:13:37,627 - qmt_strategy - INFO - 合并所有特征
2026-01-09 15:13:37,628 - qmt_strategy - INFO - 简化特征提取完成
2026-01-09 15:13:37,630 - qmt_strategy - INFO - 开始简化特征提取
2026-01-09 15:13:37,630 - qmt_strategy - INFO - 提取集合竞价特征
2026-01-09 15:13:37,634 - qmt_strategy - INFO - 提取板块热度特征
2026-01-09 15:13:37,634 - qmt_strategy - INFO - 提取市场情绪特征
2026-01-09 15:13:37,636 - qmt_strategy - INFO - 提取个股基本面特征
2026-01-09 15:13:37,637 - qmt_strategy - INFO - 提取技术指标特征
2026-01-09 15:13:37,651 - qmt_strategy - INFO - 合并所有特征
2026-01-09 15:13:37,652 - qmt_strategy - INFO - 简化特征提取完成
2026-01-09 15:13:37,654 - qmt_strategy - INFO - 开始简化特征提取
2026-01-09 15:13:37,654 - qmt_strategy - INFO - 提取集合竞价特征
2026-01-09 15:13:37,656 - qmt_strategy - INFO - 提取板块热度特征
2026-01-09 15:13:37,657 - qmt_strategy - INFO - 提取市场情绪特征
2026-01-09 15:13:37,659 - qmt_strategy - INFO - 提取个股基本面特征
2026-01-09 15:13:37,661 - qmt_strategy - INFO - 提取技术指标特征
2026-01-09 15:13:37,675 - qmt_strategy - INFO - 合并所有特征
2026-01-09 15:13:37,676 - qmt_strategy - INFO - 简化特征提取完成
2026-01-09 15:13:37,679 - qmt_strategy - INFO - 开始简化特征提取
2026-01-09 15:13:37,679 - qmt_strategy - INFO - 提取集合竞价特征
2026-01-09 15:13:37,683 - qmt_strategy - INFO - 提取板块热度特征
2026-01-09 15:13:37,684 - qmt_strategy - INFO - 提取市场情绪特征
2026-01-09 15:13:37,686 - qmt_strategy - INFO - 提取个股基本面特征
2026-01-09 15:13:37,687 - qmt_strategy - INFO - 提取技术指标特征
2026-01-09 15:13:37,700 - qmt_strategy - INFO - 合并所有特征
2026-01-09 15:13:37,701 - qmt_strategy - INFO - 简化特征提取完成
2026-01-09 15:13:37,702 - qmt_strategy - INFO - 开始简化特征提取
2026-01-09 15:13:37,702 - qmt_strategy - INFO - 提取集合竞价特征
2026-01-09 15:13:37,705 - qmt_strategy - INFO - 提取板块热度特征
2026-01-09 15:13:37,705 - qmt_strategy - INFO - 提取市场情绪特征
2026-01-09 15:13:37,708 - qmt_strategy - INFO - 提取个股基本面特征
2026-01-09 15:13:37,709 - qmt_strategy - INFO - 提取技术指标特征
2026-01-09 15:13:37,721 - qmt_strategy - INFO - 合并所有特征
2026-01-09 15:13:37,722 - qmt_strategy - INFO - 简化特征提取完成
2026-01-09 15:13:37,724 - qmt_strategy - INFO - 开始简化特征提取
2026-01-09 15:13:37,724 - qmt_strategy - INFO - 提取集合竞价特征
2026-01-09 15:13:37,727 - qmt_strategy - INFO - 提取板块热度特征
2026-01-09 15:13:37,728 - qmt_strategy - INFO - 提取市场情绪特征
2026-01-09 15:13:37,730 - qmt_strategy - INFO - 提取个股基本面特征
2026-01-09 15:13:37,731 - qmt_strategy - INFO - 提取技术指标特征
2026-01-09 15:13:37,746 - qmt_strategy - INFO - 合并所有特征
2026-01-09 15:13:37,748 - qmt_strategy - INFO - 简化特征提取完成
2026-01-09 15:13:37,749 - qmt_strategy - INFO - 开始简化特征提取
2026-01-09 15:13:37,749 - qmt_strategy - INFO - 提取集合竞价特征
2026-01-09 15:13:37,751 - qmt_strategy - INFO - 提取板块热度特征
2026-01-09 15:13:37,752 - qmt_strategy - INFO - 提取市场情绪特征
2026-01-09 15:13:37,753 - qmt_strategy - INFO - 提取个股基本面特征
2026-01-09 15:13:37,754 - qmt_strategy - INFO - 提取技术指标特征
2026-01-09 15:13:37,768 - qmt_strategy - INFO - 合并所有特征
2026-01-09 15:13:37,769 - qmt_strategy - INFO - 简化特征提取完成
2026-01-09 15:13:37,770 - qmt_strategy - INFO - 开始简化特征提取
2026-01-09 15:13:37,771 - qmt_strategy - INFO - 提取集合竞价特征
2026-01-09 15:13:37,774 - qmt_strategy - INFO - 提取板块热度特征
2026-01-09 15:13:37,775 - qmt_strategy - INFO - 提取市场情绪特征
2026-01-09 15:13:37,777 - qmt_strategy - INFO - 提取个股基本面特征
2026-01-09 15:13:37,779 - qmt_strategy - INFO - 提取技术指标特征
2026-01-09 15:13:37,792 - qmt_strategy - INFO - 合并所有特征
2026-01-09 15:13:37,793 - qmt_strategy - INFO - 简化特征提取完成
2026-01-09 15:13:37,794 - qmt_strategy - INFO - 开始简化特征提取
2026-01-09 15:13:37,795 - qmt_strategy - INFO - 提取集合竞价特征
2026-01-09 15:13:37,797 - qmt_strategy - INFO - 提取板块热度特征
2026-01-09 15:13:37,798 - qmt_strategy - INFO - 提取市场情绪特征
2026-01-09 15:13:37,799 - qmt_strategy - INFO - 提取个股基本面特征
2026-01-09 15:13:37,800 - qmt_strategy - INFO - 提取技术指标特征
2026-01-09 15:13:37,814 - qmt_strategy - INFO - 合并所有特征
2026-01-09 15:13:37,815 - qmt_strategy - INFO - 简化特征提取完成
2026-01-09 15:13:37,816 - qmt_strategy - INFO - 开始简化特征提取
2026-01-09 15:13:37,816 - qmt_strategy - INFO - 提取集合竞价特征
2026-01-09 15:13:37,818 - qmt_strategy - INFO - 提取板块热度特征
2026-01-09 15:13:37,819 - qmt_strategy - INFO - 提取市场情绪特征
2026-01-09 15:13:37,820 - qmt_strategy - INFO - 提取个股基本面特征
2026-01-09 15:13:37,822 - qmt_strategy - INFO - 提取技术指标特征
2026-01-09 15:13:37,835 - qmt_strategy - INFO - 合并所有特征
2026-01-09 15:13:37,836 - qmt_strategy - INFO - 简化特征提取完成
2026-01-09 15:13:37,838 - qmt_strategy - INFO - 开始简化特征提取
2026-01-09 15:13:37,838 - qmt_strategy - INFO - 提取集合竞价特征
2026-01-09 15:13:37,841 - qmt_strategy - INFO - 提取板块热度特征
2026-01-09 15:13:37,843 - qmt_strategy - INFO - 提取市场情绪特征
2026-01-09 15:13:37,845 - qmt_strategy - INFO - 提取个股基本面特征
2026-01-09 15:13:37,846 - qmt_strategy - INFO - 提取技术指标特征
2026-01-09 15:13:37,860 - qmt_strategy - INFO - 合并所有特征
2026-01-09 15:13:37,862 - qmt_strategy - INFO - 简化特征提取完成
2026-01-09 15:13:37,863 - qmt_strategy - INFO - 开始简化特征提取
2026-01-09 15:13:37,863 - qmt_strategy - INFO - 提取集合竞价特征
2026-01-09 15:13:37,866 - qmt_strategy - INFO - 提取板块热度特征
2026-01-09 15:13:37,866 - qmt_strategy - INFO - 提取市场情绪特征
2026-01-09 15:13:37,868 - qmt_strategy - INFO - 提取个股基本面特征
2026-01-09 15:13:37,868 - qmt_strategy - INFO - 提取技术指标特征
2026-01-09 15:13:37,882 - qmt_strategy - INFO - 合并所有特征
2026-01-09 15:13:37,883 - qmt_strategy - INFO - 简化特征提取完成
2026-01-09 15:13:37,884 - qmt_strategy - INFO - 开始简化特征提取
2026-01-09 15:13:37,885 - qmt_strategy - INFO - 提取集合竞价特征
2026-01-09 15:13:37,887 - qmt_strategy - INFO - 提取板块热度特征
2026-01-09 15:13:37,888 - qmt_strategy - INFO - 提取市场情绪特征
2026-01-09 15:13:37,890 - qmt_strategy - INFO - 提取个股基本面特征
2026-01-09 15:13:37,892 - qmt_strategy - INFO - 提取技术指标特征
2026-01-09 15:13:37,905 - qmt_strategy - INFO - 合并所有特征
2026-01-09 15:13:37,907 - qmt_strategy - INFO - 简化特征提取完成
2026-01-09 15:13:37,909 - qmt_strategy - INFO - 开始简化特征提取
2026-01-09 15:13:37,909 - qmt_strategy - INFO - 提取集合竞价特征
2026-01-09 15:13:37,912 - qmt_strategy - INFO - 提取板块热度特征
2026-01-09 15:13:37,913 - qmt_strategy - INFO - 提取市场情绪特征
2026-01-09 15:13:37,915 - qmt_strategy - INFO - 提取个股基本面特征
2026-01-09 15:13:37,916 - qmt_strategy - INFO - 提取技术指标特征
2026-01-09 15:13:37,928 - qmt_strategy - INFO - 合并所有特征
2026-01-09 15:13:37,929 - qmt_strategy - INFO - 简化特征提取完成
2026-01-09 15:13:37,930 - qmt_strategy - INFO - 开始简化特征提取
2026-01-09 15:13:37,931 - qmt_strategy - INFO - 提取集合竞价特征
2026-01-09 15:13:37,933 - qmt_strategy - INFO - 提取板块热度特征
2026-01-09 15:13:37,934 - qmt_strategy - INFO - 提取市场情绪特征
2026-01-09 15:13:37,935 - qmt_strategy - INFO - 提取个股基本面特征
2026-01-09 15:13:37,936 - qmt_strategy - INFO - 提取技术指标特征
2026-01-09 15:13:37,950 - qmt_strategy - INFO - 合并所有特征
2026-01-09 15:13:37,951 - qmt_strategy - INFO - 简化特征提取完成
2026-01-09 15:13:37,952 - qmt_strategy - INFO - 开始简化特征提取
2026-01-09 15:13:37,952 - qmt_strategy - INFO - 提取集合竞价特征
2026-01-09 15:13:37,954 - qmt_strategy - INFO - 提取板块热度特征
2026-01-09 15:13:37,955 - qmt_strategy - INFO - 提取市场情绪特征
2026-01-09 15:13:37,959 - qmt_strategy - INFO - 提取个股基本面特征
2026-01-09 15:13:37,960 - qmt_strategy - INFO - 提取技术指标特征
2026-01-09 15:13:37,974 - qmt_strategy - INFO - 合并所有特征
2026-01-09 15:13:37,976 - qmt_strategy - INFO - 简化特征提取完成
2026-01-09 15:13:37,977 - qmt_strategy - INFO - 开始简化特征提取
2026-01-09 15:13:37,977 - qmt_strategy - INFO - 提取集合竞价特征
2026-01-09 15:13:37,979 - qmt_strategy - INFO - 提取板块热度特征
2026-01-09 15:13:37,980 - qmt_strategy - INFO - 提取市场情绪特征
2026-01-09 15:13:37,982 - qmt_strategy - INFO - 提取个股基本面特征
2026-01-09 15:13:37,983 - qmt_strategy - INFO - 提取技术指标特征
2026-01-09 15:13:37,999 - qmt_strategy - INFO - 合并所有特征
2026-01-09 15:13:38,000 - qmt_strategy - INFO - 简化特征提取完成
2026-01-09 15:13:38,001 - qmt_strategy - INFO - 开始简化特征提取
2026-01-09 15:13:38,001 - qmt_strategy - INFO - 提取集合竞价特征
2026-01-09 15:13:38,005 - qmt_strategy - INFO - 提取板块热度特征
2026-01-09 15:13:38,005 - qmt_strategy - INFO - 提取市场情绪特征
2026-01-09 15:13:38,008 - qmt_strategy - INFO - 提取个股基本面特征
2026-01-09 15:13:38,009 - qmt_strategy - INFO - 提取技术指标特征
2026-01-09 15:13:38,023 - qmt_strategy - INFO - 合并所有特征
2026-01-09 15:13:38,025 - qmt_strategy - INFO - 简化特征提取完成
2026-01-09 15:13:38,026 - qmt_strategy - INFO - 开始简化特征提取
2026-01-09 15:13:38,026 - qmt_strategy - INFO - 提取集合竞价特征
2026-01-09 15:13:38,029 - qmt_strategy - INFO - 提取板块热度特征
2026-01-09 15:13:38,030 - qmt_strategy - INFO - 提取市场情绪特征
2026-01-09 15:13:38,031 - qmt_strategy - INFO - 提取个股基本面特征
2026-01-09 15:13:38,032 - qmt_strategy - INFO - 提取技术指标特征
2026-01-09 15:13:38,046 - qmt_strategy - INFO - 合并所有特征
2026-01-09 15:13:38,047 - qmt_strategy - INFO - 简化特征提取完成
2026-01-09 15:13:38,048 - qmt_strategy - INFO - 开始简化特征提取
2026-01-09 15:13:38,049 - qmt_strategy - INFO - 提取集合竞价特征
2026-01-09 15:13:38,051 - qmt_strategy - INFO - 提取板块热度特征
2026-01-09 15:13:38,051 - qmt_strategy - INFO - 提取市场情绪特征
2026-01-09 15:13:38,053 - qmt_strategy - INFO - 提取个股基本面特征
2026-01-09 15:13:38,054 - qmt_strategy - INFO - 提取技术指标特征
2026-01-09 15:13:38,068 - qmt_strategy - INFO - 合并所有特征
2026-01-09 15:13:38,069 - qmt_strategy - INFO - 简化特征提取完成
2026-01-09 15:13:38,070 - qmt_strategy - INFO - 开始简化特征提取
2026-01-09 15:13:38,070 - qmt_strategy - INFO - 提取集合竞价特征
2026-01-09 15:13:38,074 - qmt_strategy - INFO - 提取板块热度特征
2026-01-09 15:13:38,075 - qmt_strategy - INFO - 提取市场情绪特征
2026-01-09 15:13:38,078 - qmt_strategy - INFO - 提取个股基本面特征
2026-01-09 15:13:38,079 - qmt_strategy - INFO - 提取技术指标特征
2026-01-09 15:13:38,094 - qmt_strategy - INFO - 合并所有特征
2026-01-09 15:13:38,095 - qmt_strategy - INFO - 简化特征提取完成
2026-01-09 15:13:38,096 - qmt_strategy - INFO - 开始简化特征提取
2026-01-09 15:13:38,097 - qmt_strategy - INFO - 提取集合竞价特征
2026-01-09 15:13:38,099 - qmt_strategy - INFO - 提取板块热度特征
2026-01-09 15:13:38,100 - qmt_strategy - INFO - 提取市场情绪特征
2026-01-09 15:13:38,102 - qmt_strategy - INFO - 提取个股基本面特征
2026-01-09 15:13:38,103 - qmt_strategy - INFO - 提取技术指标特征
2026-01-09 15:13:38,115 - qmt_strategy - INFO - 合并所有特征
2026-01-09 15:13:38,117 - qmt_strategy - INFO - 简化特征提取完成
2026-01-09 15:13:38,127 - qmt_strategy - INFO - 生成了4300条回测特征数据
2026-01-09 15:13:38,127 - qmt_strategy - INFO - 特征数据中涨停标签数量：0
2026-01-09 15:13:38,132 - qmt_strategy - INFO - === 开始回测验证 ===
2026-01-09 15:13:38,132 - qmt_strategy - INFO - 初始化回测器
2026-01-09 15:13:38,890 - qmt_strategy - INFO - 初始化策略决策器
2026-01-09 15:13:38,890 - qmt_strategy - INFO - 初始化模型训练器
2026-01-09 15:13:38,891 - qmt_strategy - INFO - 初始化风险控制器
2026-01-09 15:13:38,891 - qmt_strategy - INFO - 加载预训练模型
2026-01-09 15:13:38,891 - qmt_strategy - INFO - 加载模型
2026-01-09 15:13:38,892 - qmt_strategy - WARNING - 模型目录中没有找到模型文件
2026-01-09 15:13:38,892 - qmt_strategy - WARNING - 预训练模型加载失败，将在回测时自动训练简单模型
2026-01-09 15:13:38,892 - qmt_strategy - INFO - 开始运行历史回测
2026-01-09 15:13:38,893 - qmt_strategy - INFO - 输入特征数据总行数：4300
2026-01-09 15:13:38,893 - qmt_strategy - INFO - 输入特征数据列：['bid_price_change', 'bid_price_volatility', 'bid_price_change_920_925', 'bid_price_change_abs_920_925', 'bid_price_change_915_920', 'bid_volume_change', 'bid_volume_abs_change', 'bid_volume_change_920_925', 'bid_volume_abs_change_920_925', 'bid_volume_ratio_920_925', 'bid_volume_ratio', 'bid_volume_yesterday_ratio', 'bid_intensity', 'bid_intensity_normalized', 'buy_order_size_925', 'buy_order_size_change', 'buy_order_size_ratio', 'buy_order_size_volume_ratio', 'price_volume_fit', 'open_bid_price_diff', 'bid_turnover_rate', 'bid_price_volatility_915_920', 'bid_price_volatility_920_925', 'total_bid_volume', 'bid_price_to_prev_close', 'price_volume_fit_920_925', 'bid_volume_to_day_ratio', 'sector_change', 'sector_money_flow', 'sector_rank', 'sector_limit_up_count', 'index_change', 'index_volatility', 'up_down_ratio', 'up_down_ratio_change', 'profit_effect', 'profit_effect_change', 'market_volume', 'market_volume_change', 'market_volume_ratio', 'vix', 'limit_up_count', 'limit_up_ratio', 'limit_down_count', 'limit_down_ratio', 'market_turnover', 'market_turnover_change', 'margin_balance_change', 'short_balance_change', 'margin_short_ratio', 'circulating_market_cap', 'current_price', 'volatility_5d', 'pe_ratio', 'pb_ratio', 'earnings_announcement', 'turnover_rate', 'price_ma5_ratio', 'price_ma10_ratio', 'macd_diff', 'rsi_14', 'volume_ratio', 'volume_change_rate', 'kdj_k', 'kdj_d', 'kdj_j', 'obv', 'atr', 'adx', 'plus_di', 'minus_di', 'break_prev_5d_high', 'break_prev_10d_high', 'break_prev_20d_high', 'distance_to_support_10d', 'distance_to_resistance_10d', 'trend_5d', 'trend_20d', 'trend_60d', 'bullish_ma_arrangement', 'bearish_ma_arrangement', 'ma_cohesion', 'hammer_pattern', 'inverted_hammer_pattern', 'doji_pattern', 'bullish_engulfing', 'bearish_engulfing', 'macd_golden_cross', 'macd_death_cross', 'rsi_overbought', 'rsi_oversold', 'kdj_golden_cross', 'kdj_death_cross', 'kdj_overbought', 'kdj_oversold', 'volume_new_high', 'volume_new_low', 'volume_price_fit', 'price_volatility_5d', 'price_volatility_10d', 'stock_code', 'date', 'label']
2026-01-09 15:13:38,894 - qmt_strategy - INFO - 特征数据中label列的分布：{0: 4300}
2026-01-09 15:13:38,894 - qmt_strategy - INFO - 初始化回测状态
2026-01-09 15:13:38,894 - qmt_strategy - INFO - 回测状态初始化完成
2026-01-09 15:13:38,894 - qmt_strategy - INFO - 标签分布：{0: 4300}
2026-01-09 15:13:38,901 - qmt_strategy - INFO - 移除非数值特征后，保留100个数值特征用于模型训练
2026-01-09 15:13:38,902 - qmt_strategy - INFO - 开始训练模型用于回测
2026-01-09 15:13:39,051 - qmt_strategy - INFO - 模型训练完成
2026-01-09 15:13:39,052 - qmt_strategy - INFO - 模拟交易过程
2026-01-09 15:13:39,052 - qmt_strategy - INFO - 特征数据总行数：4300
2026-01-09 15:13:39,052 - qmt_strategy - INFO - 特征数据列：['bid_price_change', 'bid_price_volatility', 'bid_price_change_920_925', 'bid_price_change_abs_920_925', 'bid_price_change_915_920', 'bid_volume_change', 'bid_volume_abs_change', 'bid_volume_change_920_925', 'bid_volume_abs_change_920_925', 'bid_volume_ratio_920_925', 'bid_volume_ratio', 'bid_volume_yesterday_ratio', 'bid_intensity', 'bid_intensity_normalized', 'buy_order_size_925', 'buy_order_size_change', 'buy_order_size_ratio', 'buy_order_size_volume_ratio', 'price_volume_fit', 'open_bid_price_diff', 'bid_turnover_rate', 'bid_price_volatility_915_920', 'bid_price_volatility_920_925', 'total_bid_volume', 'bid_price_to_prev_close', 'price_volume_fit_920_925', 'bid_volume_to_day_ratio', 'sector_change', 'sector_money_flow', 'sector_rank', 'sector_limit_up_count', 'index_change', 'index_volatility', 'up_down_ratio', 'up_down_ratio_change', 'profit_effect', 'profit_effect_change', 'market_volume', 'market_volume_change', 'market_volume_ratio', 'vix', 'limit_up_count', 'limit_up_ratio', 'limit_down_count', 'limit_down_ratio', 'market_turnover', 'market_turnover_change', 'margin_balance_change', 'short_balance_change', 'margin_short_ratio', 'circulating_market_cap', 'current_price', 'volatility_5d', 'pe_ratio', 'pb_ratio', 'earnings_announcement', 'turnover_rate', 'price_ma5_ratio', 'price_ma10_ratio', 'macd_diff', 'rsi_14', 'volume_ratio', 'volume_change_rate', 'kdj_k', 'kdj_d', 'kdj_j', 'obv', 'atr', 'adx', 'plus_di', 'minus_di', 'break_prev_5d_high', 'break_prev_10d_high', 'break_prev_20d_high', 'distance_to_support_10d', 'distance_to_resistance_10d', 'trend_5d', 'trend_20d', 'trend_60d', 'bullish_ma_arrangement', 'bearish_ma_arrangement', 'ma_cohesion', 'hammer_pattern', 'inverted_hammer_pattern', 'doji_pattern', 'bullish_engulfing', 'bearish_engulfing', 'macd_golden_cross', 'macd_death_cross', 'rsi_overbought', 'rsi_oversold', 'kdj_golden_cross', 'kdj_death_cross', 'kdj_overbought', 'kdj_oversold', 'volume_new_high', 'volume_new_low', 'volume_price_fit', 'price_volatility_5d', 'price_volatility_10d', 'stock_code', 'date', 'label']
2026-01-09 15:13:39,053 - qmt_strategy - INFO - 日期列存在，日期范围：2025-11-03 到 2025-12-31
2026-01-09 15:13:39,053 - qmt_strategy - INFO - 唯一日期数量：43
2026-01-09 15:13:39,054 - qmt_strategy - INFO - 按日期分组后得到 43 个日期组
2026-01-09 15:13:39,055 - qmt_strategy - INFO - 处理日期：2025-11-03，当日数据行数：100
2026-01-09 15:13:39,055 - qmt_strategy - INFO - 当日包含 100 只股票：['000001.SZ' '000002.SZ' '000003.SZ' '000004.SZ' '000005.SZ']...
2026-01-09 15:13:39,056 - qmt_strategy - INFO - 模拟2025-11-03的交易
2026-01-09 15:13:39,057 - qmt_strategy - INFO - 过滤后用于预测的数值特征数量：100
2026-01-09 15:13:39,057 - qmt_strategy - INFO - 使用模型进行预测
2026-01-09 15:13:39,122 - qmt_strategy - INFO - 模型预测完成
2026-01-09 15:13:39,122 - qmt_strategy - INFO - 预测结果类型：<class 'dict'>
2026-01-09 15:13:39,123 - qmt_strategy - INFO - 预测结果内容：{'predictions': array([0, 0, 0, 0, 0, 0, 0, 0, 0, 0, 0, 0, 0, 0, 0, 0, 0, 0, 0, 0, 0, 0,
       0, 0, 0, 0, 0, 0, 0, 0, 0, 0, 0, 0, 0, 0, 0, 0, 0, 0, 0, 0, 0, 0,
       0, 0, 0, 0, 0, 0, 0, 0, 0, 0, 0, 0, 0, 0, 0, 0, 0, 0, 0, 0, 0, 0,
       0, 0, 0, 0, 0, 0, 0, 0, 0, 0, 0, 0, 0, 0, 0, 0, 0, 0, 0, 0, 0, 0,
       0, 0, 0, 0, 0, 0, 0, 0, 0, 0, 0, 0]), 'probabilities': array([0., 0., 0., 0., 0., 0., 0., 0., 0., 0., 0., 0., 0., 0., 0., 0., 0.,
       0., 0., 0., 0., 0., 0., 0., 0., 0., 0., 0., 0., 0., 0., 0., 0., 0.,
       0., 0., 0., 0., 0., 0., 0., 0., 0., 0., 0., 0., 0., 0., 0., 0., 0.,
       0., 0., 0., 0., 0., 0., 0., 0., 0., 0., 0., 0., 0., 0., 0., 0., 0.,
       0., 0., 0., 0., 0., 0., 0., 0., 0., 0., 0., 0., 0., 0., 0., 0., 0.,
       0., 0., 0., 0., 0., 0., 0., 0., 0., 0., 0., 0., 0., 0., 0.])}
2026-01-09 15:13:39,123 - qmt_strategy - INFO - 预测结果长度：100
2026-01-09 15:13:39,123 - qmt_strategy - INFO - 开始做出交易决策
2026-01-09 15:13:39,124 - qmt_strategy - INFO - 进行动态买点决策
2026-01-09 15:13:39,129 - qmt_strategy - DEBUG - 处理股票：000001.SZ，预测结果：0，预测概率：0.0，综合评分：23.0
2026-01-09 15:13:39,129 - qmt_strategy - DEBUG - 股票000001.SZ不满足买入条件，概率：0.0 < 阈值：0.1
2026-01-09 15:13:39,129 - qmt_strategy - DEBUG - 处理股票：000002.SZ，预测结果：0，预测概率：0.0，综合评分：23.0
2026-01-09 15:13:39,129 - qmt_strategy - DEBUG - 股票000002.SZ不满足买入条件，概率：0.0 < 阈值：0.1
2026-01-09 15:13:39,130 - qmt_strategy - DEBUG - 处理股票：000003.SZ，预测结果：0，预测概率：0.0，综合评分：23.0
2026-01-09 15:13:39,130 - qmt_strategy - DEBUG - 股票000003.SZ不满足买入条件，概率：0.0 < 阈值：0.1
2026-01-09 15:13:39,130 - qmt_strategy - DEBUG - 处理股票：000004.SZ，预测结果：0，预测概率：0.0，综合评分：23.0
2026-01-09 15:13:39,130 - qmt_strategy - DEBUG - 股票000004.SZ不满足买入条件，概率：0.0 < 阈值：0.1
2026-01-09 15:13:39,130 - qmt_strategy - DEBUG - 处理股票：000005.SZ，预测结果：0，预测概率：0.0，综合评分：23.0
2026-01-09 15:13:39,130 - qmt_strategy - DEBUG - 股票000005.SZ不满足买入条件，概率：0.0 < 阈值：0.1
2026-01-09 15:13:39,131 - qmt_strategy - INFO - 进行自适应卖点决策
2026-01-09 15:13:39,131 - qmt_strategy - INFO - 交易决策完成，共0个决策
2026-01-09 15:13:39,131 - qmt_strategy - INFO - 2025-11-03生成了0个交易决策
2026-01-09 15:13:39,131 - qmt_strategy - INFO - 进行风险控制检查
2026-01-09 15:13:39,131 - qmt_strategy - WARNING - 交易决策为空，跳过风险控制检查
2026-01-09 15:13:39,131 - qmt_strategy - INFO - 2025-11-03通过风险控制的决策数量：0
2026-01-09 15:13:39,131 - qmt_strategy - INFO - 2025-11-03没有通过风险控制的交易决策
2026-01-09 15:13:39,131 - qmt_strategy - INFO - 处理日期：2025-11-04，当日数据行数：100
2026-01-09 15:13:39,131 - qmt_strategy - INFO - 当日包含 100 只股票：['000001.SZ' '000002.SZ' '000003.SZ' '000004.SZ' '000005.SZ']...
2026-01-09 15:13:39,132 - qmt_strategy - INFO - 模拟2025-11-04的交易
2026-01-09 15:13:39,132 - qmt_strategy - INFO - 过滤后用于预测的数值特征数量：100
2026-01-09 15:13:39,132 - qmt_strategy - INFO - 使用模型进行预测
2026-01-09 15:13:39,180 - qmt_strategy - INFO - 模型预测完成
2026-01-09 15:13:39,181 - qmt_strategy - INFO - 预测结果类型：<class 'dict'>
2026-01-09 15:13:39,181 - qmt_strategy - INFO - 预测结果内容：{'predictions': array([0, 0, 0, 0, 0, 0, 0, 0, 0, 0, 0, 0, 0, 0, 0, 0, 0, 0, 0, 0, 0, 0,
       0, 0, 0, 0, 0, 0, 0, 0, 0, 0, 0, 0, 0, 0, 0, 0, 0, 0, 0, 0, 0, 0,
       0, 0, 0, 0, 0, 0, 0, 0, 0, 0, 0, 0, 0, 0, 0, 0, 0, 0, 0, 0, 0, 0,
       0, 0, 0, 0, 0, 0, 0, 0, 0, 0, 0, 0, 0, 0, 0, 0, 0, 0, 0, 0, 0, 0,
       0, 0, 0, 0, 0, 0, 0, 0, 0, 0, 0, 0]), 'probabilities': array([0., 0., 0., 0., 0., 0., 0., 0., 0., 0., 0., 0., 0., 0., 0., 0., 0.,
       0., 0., 0., 0., 0., 0., 0., 0., 0., 0., 0., 0., 0., 0., 0., 0., 0.,
       0., 0., 0., 0., 0., 0., 0., 0., 0., 0., 0., 0., 0., 0., 0., 0., 0.,
       0., 0., 0., 0., 0., 0., 0., 0., 0., 0., 0., 0., 0., 0., 0., 0., 0.,
       0., 0., 0., 0., 0., 0., 0., 0., 0., 0., 0., 0., 0., 0., 0., 0., 0.,
       0., 0., 0., 0., 0., 0., 0., 0., 0., 0., 0., 0., 0., 0., 0.])}
2026-01-09 15:13:39,182 - qmt_strategy - INFO - 预测结果长度：100
2026-01-09 15:13:39,182 - qmt_strategy - INFO - 开始做出交易决策
2026-01-09 15:13:39,182 - qmt_strategy - INFO - 进行动态买点决策
2026-01-09 15:13:39,185 - qmt_strategy - DEBUG - 处理股票：000001.SZ，预测结果：0，预测概率：0.0，综合评分：23.0
2026-01-09 15:13:39,185 - qmt_strategy - DEBUG - 股票000001.SZ不满足买入条件，概率：0.0 < 阈值：0.1
2026-01-09 15:13:39,185 - qmt_strategy - DEBUG - 处理股票：000002.SZ，预测结果：0，预测概率：0.0，综合评分：23.0
2026-01-09 15:13:39,185 - qmt_strategy - DEBUG - 股票000002.SZ不满足买入条件，概率：0.0 < 阈值：0.1
2026-01-09 15:13:39,185 - qmt_strategy - DEBUG - 处理股票：000003.SZ，预测结果：0，预测概率：0.0，综合评分：23.0
2026-01-09 15:13:39,185 - qmt_strategy - DEBUG - 股票000003.SZ不满足买入条件，概率：0.0 < 阈值：0.1
2026-01-09 15:13:39,185 - qmt_strategy - DEBUG - 处理股票：000004.SZ，预测结果：0，预测概率：0.0，综合评分：23.0
2026-01-09 15:13:39,186 - qmt_strategy - DEBUG - 股票000004.SZ不满足买入条件，概率：0.0 < 阈值：0.1
2026-01-09 15:13:39,186 - qmt_strategy - DEBUG - 处理股票：000005.SZ，预测结果：0，预测概率：0.0，综合评分：23.0
2026-01-09 15:13:39,186 - qmt_strategy - DEBUG - 股票000005.SZ不满足买入条件，概率：0.0 < 阈值：0.1
2026-01-09 15:13:39,186 - qmt_strategy - INFO - 进行自适应卖点决策
2026-01-09 15:13:39,186 - qmt_strategy - INFO - 交易决策完成，共0个决策
2026-01-09 15:13:39,186 - qmt_strategy - INFO - 2025-11-04生成了0个交易决策
2026-01-09 15:13:39,186 - qmt_strategy - INFO - 进行风险控制检查
2026-01-09 15:13:39,186 - qmt_strategy - WARNING - 交易决策为空，跳过风险控制检查
2026-01-09 15:13:39,186 - qmt_strategy - INFO - 2025-11-04通过风险控制的决策数量：0
2026-01-09 15:13:39,186 - qmt_strategy - INFO - 2025-11-04没有通过风险控制的交易决策
2026-01-09 15:13:39,187 - qmt_strategy - INFO - 处理日期：2025-11-05，当日数据行数：100
2026-01-09 15:13:39,187 - qmt_strategy - INFO - 当日包含 100 只股票：['000001.SZ' '000002.SZ' '000003.SZ' '000004.SZ' '000005.SZ']...
2026-01-09 15:13:39,187 - qmt_strategy - INFO - 模拟2025-11-05的交易
2026-01-09 15:13:39,188 - qmt_strategy - INFO - 过滤后用于预测的数值特征数量：100
2026-01-09 15:13:39,188 - qmt_strategy - INFO - 使用模型进行预测
2026-01-09 15:13:39,227 - qmt_strategy - INFO - 模型预测完成
2026-01-09 15:13:39,227 - qmt_strategy - INFO - 预测结果类型：<class 'dict'>
2026-01-09 15:13:39,228 - qmt_strategy - INFO - 预测结果内容：{'predictions': array([0, 0, 0, 0, 0, 0, 0, 0, 0, 0, 0, 0, 0, 0, 0, 0, 0, 0, 0, 0, 0, 0,
       0, 0, 0, 0, 0, 0, 0, 0, 0, 0, 0, 0, 0, 0, 0, 0, 0, 0, 0, 0, 0, 0,
       0, 0, 0, 0, 0, 0, 0, 0, 0, 0, 0, 0, 0, 0, 0, 0, 0, 0, 0, 0, 0, 0,
       0, 0, 0, 0, 0, 0, 0, 0, 0, 0, 0, 0, 0, 0, 0, 0, 0, 0, 0, 0, 0, 0,
       0, 0, 0, 0, 0, 0, 0, 0, 0, 0, 0, 0]), 'probabilities': array([0., 0., 0., 0., 0., 0., 0., 0., 0., 0., 0., 0., 0., 0., 0., 0., 0.,
       0., 0., 0., 0., 0., 0., 0., 0., 0., 0., 0., 0., 0., 0., 0., 0., 0.,
       0., 0., 0., 0., 0., 0., 0., 0., 0., 0., 0., 0., 0., 0., 0., 0., 0.,
       0., 0., 0., 0., 0., 0., 0., 0., 0., 0., 0., 0., 0., 0., 0., 0., 0.,
       0., 0., 0., 0., 0., 0., 0., 0., 0., 0., 0., 0., 0., 0., 0., 0., 0.,
       0., 0., 0., 0., 0., 0., 0., 0., 0., 0., 0., 0., 0., 0., 0.])}
2026-01-09 15:13:39,228 - qmt_strategy - INFO - 预测结果长度：100
2026-01-09 15:13:39,228 - qmt_strategy - INFO - 开始做出交易决策
2026-01-09 15:13:39,228 - qmt_strategy - INFO - 进行动态买点决策
2026-01-09 15:13:39,231 - qmt_strategy - DEBUG - 处理股票：000001.SZ，预测结果：0，预测概率：0.0，综合评分：23.0
2026-01-09 15:13:39,231 - qmt_strategy - DEBUG - 股票000001.SZ不满足买入条件，概率：0.0 < 阈值：0.1
2026-01-09 15:13:39,232 - qmt_strategy - DEBUG - 处理股票：000002.SZ，预测结果：0，预测概率：0.0，综合评分：23.0
2026-01-09 15:13:39,232 - qmt_strategy - DEBUG - 股票000002.SZ不满足买入条件，概率：0.0 < 阈值：0.1
2026-01-09 15:13:39,232 - qmt_strategy - DEBUG - 处理股票：000003.SZ，预测结果：0，预测概率：0.0，综合评分：23.0
2026-01-09 15:13:39,232 - qmt_strategy - DEBUG - 股票000003.SZ不满足买入条件，概率：0.0 < 阈值：0.1
2026-01-09 15:13:39,232 - qmt_strategy - DEBUG - 处理股票：000004.SZ，预测结果：0，预测概率：0.0，综合评分：23.0
2026-01-09 15:13:39,232 - qmt_strategy - DEBUG - 股票000004.SZ不满足买入条件，概率：0.0 < 阈值：0.1
2026-01-09 15:13:39,233 - qmt_strategy - DEBUG - 处理股票：000005.SZ，预测结果：0，预测概率：0.0，综合评分：23.0
2026-01-09 15:13:39,233 - qmt_strategy - DEBUG - 股票000005.SZ不满足买入条件，概率：0.0 < 阈值：0.1
2026-01-09 15:13:39,233 - qmt_strategy - INFO - 进行自适应卖点决策
2026-01-09 15:13:39,233 - qmt_strategy - INFO - 交易决策完成，共0个决策
2026-01-09 15:13:39,233 - qmt_strategy - INFO - 2025-11-05生成了0个交易决策
2026-01-09 15:13:39,233 - qmt_strategy - INFO - 进行风险控制检查
2026-01-09 15:13:39,233 - qmt_strategy - WARNING - 交易决策为空，跳过风险控制检查
2026-01-09 15:13:39,233 - qmt_strategy - INFO - 2025-11-05通过风险控制的决策数量：0
2026-01-09 15:13:39,233 - qmt_strategy - INFO - 2025-11-05没有通过风险控制的交易决策
2026-01-09 15:13:39,234 - qmt_strategy - INFO - 处理日期：2025-11-06，当日数据行数：100
2026-01-09 15:13:39,234 - qmt_strategy - INFO - 当日包含 100 只股票：['000001.SZ' '000002.SZ' '000003.SZ' '000004.SZ' '000005.SZ']...
2026-01-09 15:13:39,234 - qmt_strategy - INFO - 模拟2025-11-06的交易
2026-01-09 15:13:39,235 - qmt_strategy - INFO - 过滤后用于预测的数值特征数量：100
2026-01-09 15:13:39,235 - qmt_strategy - INFO - 使用模型进行预测
2026-01-09 15:13:39,270 - qmt_strategy - INFO - 模型预测完成
2026-01-09 15:13:39,270 - qmt_strategy - INFO - 预测结果类型：<class 'dict'>
2026-01-09 15:13:39,271 - qmt_strategy - INFO - 预测结果内容：{'predictions': array([0, 0, 0, 0, 0, 0, 0, 0, 0, 0, 0, 0, 0, 0, 0, 0, 0, 0, 0, 0, 0, 0,
       0, 0, 0, 0, 0, 0, 0, 0, 0, 0, 0, 0, 0, 0, 0, 0, 0, 0, 0, 0, 0, 0,
       0, 0, 0, 0, 0, 0, 0, 0, 0, 0, 0, 0, 0, 0, 0, 0, 0, 0, 0, 0, 0, 0,
       0, 0, 0, 0, 0, 0, 0, 0, 0, 0, 0, 0, 0, 0, 0, 0, 0, 0, 0, 0, 0, 0,
       0, 0, 0, 0, 0, 0, 0, 0, 0, 0, 0, 0]), 'probabilities': array([0., 0., 0., 0., 0., 0., 0., 0., 0., 0., 0., 0., 0., 0., 0., 0., 0.,
       0., 0., 0., 0., 0., 0., 0., 0., 0., 0., 0., 0., 0., 0., 0., 0., 0.,
       0., 0., 0., 0., 0., 0., 0., 0., 0., 0., 0., 0., 0., 0., 0., 0., 0.,
       0., 0., 0., 0., 0., 0., 0., 0., 0., 0., 0., 0., 0., 0., 0., 0., 0.,
       0., 0., 0., 0., 0., 0., 0., 0., 0., 0., 0., 0., 0., 0., 0., 0., 0.,
       0., 0., 0., 0., 0., 0., 0., 0., 0., 0., 0., 0., 0., 0., 0.])}
2026-01-09 15:13:39,271 - qmt_strategy - INFO - 预测结果长度：100
2026-01-09 15:13:39,271 - qmt_strategy - INFO - 开始做出交易决策
2026-01-09 15:13:39,271 - qmt_strategy - INFO - 进行动态买点决策
2026-01-09 15:13:39,274 - qmt_strategy - DEBUG - 处理股票：000001.SZ，预测结果：0，预测概率：0.0，综合评分：23.0
2026-01-09 15:13:39,274 - qmt_strategy - DEBUG - 股票000001.SZ不满足买入条件，概率：0.0 < 阈值：0.1
2026-01-09 15:13:39,275 - qmt_strategy - DEBUG - 处理股票：000002.SZ，预测结果：0，预测概率：0.0，综合评分：23.0
2026-01-09 15:13:39,275 - qmt_strategy - DEBUG - 股票000002.SZ不满足买入条件，概率：0.0 < 阈值：0.1
2026-01-09 15:13:39,275 - qmt_strategy - DEBUG - 处理股票：000003.SZ，预测结果：0，预测概率：0.0，综合评分：23.0
2026-01-09 15:13:39,275 - qmt_strategy - DEBUG - 股票000003.SZ不满足买入条件，概率：0.0 < 阈值：0.1
2026-01-09 15:13:39,275 - qmt_strategy - DEBUG - 处理股票：000004.SZ，预测结果：0，预测概率：0.0，综合评分：23.0
2026-01-09 15:13:39,275 - qmt_strategy - DEBUG - 股票000004.SZ不满足买入条件，概率：0.0 < 阈值：0.1
2026-01-09 15:13:39,276 - qmt_strategy - DEBUG - 处理股票：000005.SZ，预测结果：0，预测概率：0.0，综合评分：23.0
2026-01-09 15:13:39,276 - qmt_strategy - DEBUG - 股票000005.SZ不满足买入条件，概率：0.0 < 阈值：0.1
2026-01-09 15:13:39,276 - qmt_strategy - INFO - 进行自适应卖点决策
2026-01-09 15:13:39,276 - qmt_strategy - INFO - 交易决策完成，共0个决策
2026-01-09 15:13:39,276 - qmt_strategy - INFO - 2025-11-06生成了0个交易决策
2026-01-09 15:13:39,276 - qmt_strategy - INFO - 进行风险控制检查
2026-01-09 15:13:39,277 - qmt_strategy - WARNING - 交易决策为空，跳过风险控制检查
2026-01-09 15:13:39,277 - qmt_strategy - INFO - 2025-11-06通过风险控制的决策数量：0
2026-01-09 15:13:39,277 - qmt_strategy - INFO - 2025-11-06没有通过风险控制的交易决策
2026-01-09 15:13:39,277 - qmt_strategy - INFO - 处理日期：2025-11-07，当日数据行数：100
2026-01-09 15:13:39,278 - qmt_strategy - INFO - 当日包含 100 只股票：['000001.SZ' '000002.SZ' '000003.SZ' '000004.SZ' '000005.SZ']...
2026-01-09 15:13:39,278 - qmt_strategy - INFO - 模拟2025-11-07的交易
2026-01-09 15:13:39,279 - qmt_strategy - INFO - 过滤后用于预测的数值特征数量：100
2026-01-09 15:13:39,279 - qmt_strategy - INFO - 使用模型进行预测
2026-01-09 15:13:39,327 - qmt_strategy - INFO - 模型预测完成
2026-01-09 15:13:39,327 - qmt_strategy - INFO - 预测结果类型：<class 'dict'>
2026-01-09 15:13:39,328 - qmt_strategy - INFO - 预测结果内容：{'predictions': array([0, 0, 0, 0, 0, 0, 0, 0, 0, 0, 0, 0, 0, 0, 0, 0, 0, 0, 0, 0, 0, 0,
       0, 0, 0, 0, 0, 0, 0, 0, 0, 0, 0, 0, 0, 0, 0, 0, 0, 0, 0, 0, 0, 0,
       0, 0, 0, 0, 0, 0, 0, 0, 0, 0, 0, 0, 0, 0, 0, 0, 0, 0, 0, 0, 0, 0,
       0, 0, 0, 0, 0, 0, 0, 0, 0, 0, 0, 0, 0, 0, 0, 0, 0, 0, 0, 0, 0, 0,
       0, 0, 0, 0, 0, 0, 0, 0, 0, 0, 0, 0]), 'probabilities': array([0., 0., 0., 0., 0., 0., 0., 0., 0., 0., 0., 0., 0., 0., 0., 0., 0.,
       0., 0., 0., 0., 0., 0., 0., 0., 0., 0., 0., 0., 0., 0., 0., 0., 0.,
       0., 0., 0., 0., 0., 0., 0., 0., 0., 0., 0., 0., 0., 0., 0., 0., 0.,
       0., 0., 0., 0., 0., 0., 0., 0., 0., 0., 0., 0., 0., 0., 0., 0., 0.,
       0., 0., 0., 0., 0., 0., 0., 0., 0., 0., 0., 0., 0., 0., 0., 0., 0.,
       0., 0., 0., 0., 0., 0., 0., 0., 0., 0., 0., 0., 0., 0., 0.])}
2026-01-09 15:13:39,328 - qmt_strategy - INFO - 预测结果长度：100
2026-01-09 15:13:39,328 - qmt_strategy - INFO - 开始做出交易决策
2026-01-09 15:13:39,328 - qmt_strategy - INFO - 进行动态买点决策
2026-01-09 15:13:39,331 - qmt_strategy - DEBUG - 处理股票：000004.SZ，预测结果：0，预测概率：0.0，综合评分：28.0
2026-01-09 15:13:39,331 - qmt_strategy - DEBUG - 股票000004.SZ不满足买入条件，概率：0.0 < 阈值：0.1
2026-01-09 15:13:39,332 - qmt_strategy - DEBUG - 处理股票：000012.SZ，预测结果：0，预测概率：0.0，综合评分：28.0
2026-01-09 15:13:39,332 - qmt_strategy - DEBUG - 股票000012.SZ不满足买入条件，概率：0.0 < 阈值：0.1
2026-01-09 15:13:39,332 - qmt_strategy - DEBUG - 处理股票：000020.SZ，预测结果：0，预测概率：0.0，综合评分：28.0
2026-01-09 15:13:39,332 - qmt_strategy - DEBUG - 股票000020.SZ不满足买入条件，概率：0.0 < 阈值：0.1
2026-01-09 15:13:39,332 - qmt_strategy - DEBUG - 处理股票：000021.SZ，预测结果：0，预测概率：0.0，综合评分：28.0
2026-01-09 15:13:39,332 - qmt_strategy - DEBUG - 股票000021.SZ不满足买入条件，概率：0.0 < 阈值：0.1
2026-01-09 15:13:39,332 - qmt_strategy - DEBUG - 处理股票：000029.SZ，预测结果：0，预测概率：0.0，综合评分：28.0
2026-01-09 15:13:39,332 - qmt_strategy - DEBUG - 股票000029.SZ不满足买入条件，概率：0.0 < 阈值：0.1
2026-01-09 15:13:39,332 - qmt_strategy - INFO - 进行自适应卖点决策
2026-01-09 15:13:39,333 - qmt_strategy - INFO - 交易决策完成，共0个决策
2026-01-09 15:13:39,333 - qmt_strategy - INFO - 2025-11-07生成了0个交易决策
2026-01-09 15:13:39,333 - qmt_strategy - INFO - 进行风险控制检查
2026-01-09 15:13:39,333 - qmt_strategy - WARNING - 交易决策为空，跳过风险控制检查
2026-01-09 15:13:39,333 - qmt_strategy - INFO - 2025-11-07通过风险控制的决策数量：0
2026-01-09 15:13:39,333 - qmt_strategy - INFO - 2025-11-07没有通过风险控制的交易决策
2026-01-09 15:13:39,333 - qmt_strategy - INFO - 处理日期：2025-11-10，当日数据行数：100
2026-01-09 15:13:39,333 - qmt_strategy - INFO - 当日包含 100 只股票：['000001.SZ' '000002.SZ' '000003.SZ' '000004.SZ' '000005.SZ']...
2026-01-09 15:13:39,333 - qmt_strategy - INFO - 模拟2025-11-10的交易
2026-01-09 15:13:39,334 - qmt_strategy - INFO - 过滤后用于预测的数值特征数量：100
2026-01-09 15:13:39,334 - qmt_strategy - INFO - 使用模型进行预测
2026-01-09 15:13:39,368 - qmt_strategy - INFO - 模型预测完成
2026-01-09 15:13:39,369 - qmt_strategy - INFO - 预测结果类型：<class 'dict'>
2026-01-09 15:13:39,369 - qmt_strategy - INFO - 预测结果内容：{'predictions': array([0, 0, 0, 0, 0, 0, 0, 0, 0, 0, 0, 0, 0, 0, 0, 0, 0, 0, 0, 0, 0, 0,
       0, 0, 0, 0, 0, 0, 0, 0, 0, 0, 0, 0, 0, 0, 0, 0, 0, 0, 0, 0, 0, 0,
       0, 0, 0, 0, 0, 0, 0, 0, 0, 0, 0, 0, 0, 0, 0, 0, 0, 0, 0, 0, 0, 0,
       0, 0, 0, 0, 0, 0, 0, 0, 0, 0, 0, 0, 0, 0, 0, 0, 0, 0, 0, 0, 0, 0,
       0, 0, 0, 0, 0, 0, 0, 0, 0, 0, 0, 0]), 'probabilities': array([0., 0., 0., 0., 0., 0., 0., 0., 0., 0., 0., 0., 0., 0., 0., 0., 0.,
       0., 0., 0., 0., 0., 0., 0., 0., 0., 0., 0., 0., 0., 0., 0., 0., 0.,
       0., 0., 0., 0., 0., 0., 0., 0., 0., 0., 0., 0., 0., 0., 0., 0., 0.,
       0., 0., 0., 0., 0., 0., 0., 0., 0., 0., 0., 0., 0., 0., 0., 0., 0.,
       0., 0., 0., 0., 0., 0., 0., 0., 0., 0., 0., 0., 0., 0., 0., 0., 0.,
       0., 0., 0., 0., 0., 0., 0., 0., 0., 0., 0., 0., 0., 0., 0.])}
2026-01-09 15:13:39,370 - qmt_strategy - INFO - 预测结果长度：100
2026-01-09 15:13:39,370 - qmt_strategy - INFO - 开始做出交易决策
2026-01-09 15:13:39,370 - qmt_strategy - INFO - 进行动态买点决策
2026-01-09 15:13:39,373 - qmt_strategy - DEBUG - 处理股票：000004.SZ，预测结果：0，预测概率：0.0，综合评分：28.0
2026-01-09 15:13:39,373 - qmt_strategy - DEBUG - 股票000004.SZ不满足买入条件，概率：0.0 < 阈值：0.1
2026-01-09 15:13:39,374 - qmt_strategy - DEBUG - 处理股票：000005.SZ，预测结果：0，预测概率：0.0，综合评分：28.0
2026-01-09 15:13:39,374 - qmt_strategy - DEBUG - 股票000005.SZ不满足买入条件，概率：0.0 < 阈值：0.1
2026-01-09 15:13:39,374 - qmt_strategy - DEBUG - 处理股票：000021.SZ，预测结果：0，预测概率：0.0，综合评分：28.0
2026-01-09 15:13:39,374 - qmt_strategy - DEBUG - 股票000021.SZ不满足买入条件，概率：0.0 < 阈值：0.1
2026-01-09 15:13:39,374 - qmt_strategy - DEBUG - 处理股票：000024.SZ，预测结果：0，预测概率：0.0，综合评分：28.0
2026-01-09 15:13:39,375 - qmt_strategy - DEBUG - 股票000024.SZ不满足买入条件，概率：0.0 < 阈值：0.1
2026-01-09 15:13:39,375 - qmt_strategy - DEBUG - 处理股票：000027.SZ，预测结果：0，预测概率：0.0，综合评分：28.0
2026-01-09 15:13:39,375 - qmt_strategy - DEBUG - 股票000027.SZ不满足买入条件，概率：0.0 < 阈值：0.1
2026-01-09 15:13:39,375 - qmt_strategy - INFO - 进行自适应卖点决策
2026-01-09 15:13:39,376 - qmt_strategy - INFO - 交易决策完成，共0个决策
2026-01-09 15:13:39,376 - qmt_strategy - INFO - 2025-11-10生成了0个交易决策
2026-01-09 15:13:39,376 - qmt_strategy - INFO - 进行风险控制检查
2026-01-09 15:13:39,376 - qmt_strategy - WARNING - 交易决策为空，跳过风险控制检查
2026-01-09 15:13:39,376 - qmt_strategy - INFO - 2025-11-10通过风险控制的决策数量：0
2026-01-09 15:13:39,376 - qmt_strategy - INFO - 2025-11-10没有通过风险控制的交易决策
2026-01-09 15:13:39,377 - qmt_strategy - INFO - 处理日期：2025-11-11，当日数据行数：100
2026-01-09 15:13:39,377 - qmt_strategy - INFO - 当日包含 100 只股票：['000001.SZ' '000002.SZ' '000003.SZ' '000004.SZ' '000005.SZ']...
2026-01-09 15:13:39,377 - qmt_strategy - INFO - 模拟2025-11-11的交易
2026-01-09 15:13:39,378 - qmt_strategy - INFO - 过滤后用于预测的数值特征数量：100
2026-01-09 15:13:39,378 - qmt_strategy - INFO - 使用模型进行预测
2026-01-09 15:13:39,426 - qmt_strategy - INFO - 模型预测完成
2026-01-09 15:13:39,426 - qmt_strategy - INFO - 预测结果类型：<class 'dict'>
2026-01-09 15:13:39,427 - qmt_strategy - INFO - 预测结果内容：{'predictions': array([0, 0, 0, 0, 0, 0, 0, 0, 0, 0, 0, 0, 0, 0, 0, 0, 0, 0, 0, 0, 0, 0,
       0, 0, 0, 0, 0, 0, 0, 0, 0, 0, 0, 0, 0, 0, 0, 0, 0, 0, 0, 0, 0, 0,
       0, 0, 0, 0, 0, 0, 0, 0, 0, 0, 0, 0, 0, 0, 0, 0, 0, 0, 0, 0, 0, 0,
       0, 0, 0, 0, 0, 0, 0, 0, 0, 0, 0, 0, 0, 0, 0, 0, 0, 0, 0, 0, 0, 0,
       0, 0, 0, 0, 0, 0, 0, 0, 0, 0, 0, 0]), 'probabilities': array([0., 0., 0., 0., 0., 0., 0., 0., 0., 0., 0., 0., 0., 0., 0., 0., 0.,
       0., 0., 0., 0., 0., 0., 0., 0., 0., 0., 0., 0., 0., 0., 0., 0., 0.,
       0., 0., 0., 0., 0., 0., 0., 0., 0., 0., 0., 0., 0., 0., 0., 0., 0.,
       0., 0., 0., 0., 0., 0., 0., 0., 0., 0., 0., 0., 0., 0., 0., 0., 0.,
       0., 0., 0., 0., 0., 0., 0., 0., 0., 0., 0., 0., 0., 0., 0., 0., 0.,
       0., 0., 0., 0., 0., 0., 0., 0., 0., 0., 0., 0., 0., 0., 0.])}
2026-01-09 15:13:39,427 - qmt_strategy - INFO - 预测结果长度：100
2026-01-09 15:13:39,427 - qmt_strategy - INFO - 开始做出交易决策
2026-01-09 15:13:39,428 - qmt_strategy - INFO - 进行动态买点决策
2026-01-09 15:13:39,431 - qmt_strategy - DEBUG - 处理股票：000021.SZ，预测结果：0，预测概率：0.0，综合评分：28.0
2026-01-09 15:13:39,431 - qmt_strategy - DEBUG - 股票000021.SZ不满足买入条件，概率：0.0 < 阈值：0.1
2026-01-09 15:13:39,431 - qmt_strategy - DEBUG - 处理股票：000029.SZ，预测结果：0，预测概率：0.0，综合评分：28.0
2026-01-09 15:13:39,431 - qmt_strategy - DEBUG - 股票000029.SZ不满足买入条件，概率：0.0 < 阈值：0.1
2026-01-09 15:13:39,431 - qmt_strategy - DEBUG - 处理股票：000036.SZ，预测结果：0，预测概率：0.0，综合评分：28.0
2026-01-09 15:13:39,432 - qmt_strategy - DEBUG - 股票000036.SZ不满足买入条件，概率：0.0 < 阈值：0.1
2026-01-09 15:13:39,432 - qmt_strategy - DEBUG - 处理股票：000038.SZ，预测结果：0，预测概率：0.0，综合评分：28.0
2026-01-09 15:13:39,432 - qmt_strategy - DEBUG - 股票000038.SZ不满足买入条件，概率：0.0 < 阈值：0.1
2026-01-09 15:13:39,432 - qmt_strategy - DEBUG - 处理股票：000039.SZ，预测结果：0，预测概率：0.0，综合评分：28.0
2026-01-09 15:13:39,432 - qmt_strategy - DEBUG - 股票000039.SZ不满足买入条件，概率：0.0 < 阈值：0.1
2026-01-09 15:13:39,432 - qmt_strategy - INFO - 进行自适应卖点决策
2026-01-09 15:13:39,433 - qmt_strategy - INFO - 交易决策完成，共0个决策
2026-01-09 15:13:39,433 - qmt_strategy - INFO - 2025-11-11生成了0个交易决策
2026-01-09 15:13:39,433 - qmt_strategy - INFO - 进行风险控制检查
2026-01-09 15:13:39,433 - qmt_strategy - WARNING - 交易决策为空，跳过风险控制检查
2026-01-09 15:13:39,433 - qmt_strategy - INFO - 2025-11-11通过风险控制的决策数量：0
2026-01-09 15:13:39,433 - qmt_strategy - INFO - 2025-11-11没有通过风险控制的交易决策
2026-01-09 15:13:39,433 - qmt_strategy - INFO - 处理日期：2025-11-12，当日数据行数：100
2026-01-09 15:13:39,434 - qmt_strategy - INFO - 当日包含 100 只股票：['000001.SZ' '000002.SZ' '000003.SZ' '000004.SZ' '000005.SZ']...
2026-01-09 15:13:39,434 - qmt_strategy - INFO - 模拟2025-11-12的交易
2026-01-09 15:13:39,434 - qmt_strategy - INFO - 过滤后用于预测的数值特征数量：100
2026-01-09 15:13:39,435 - qmt_strategy - INFO - 使用模型进行预测
2026-01-09 15:13:39,471 - qmt_strategy - INFO - 模型预测完成
2026-01-09 15:13:39,471 - qmt_strategy - INFO - 预测结果类型：<class 'dict'>
2026-01-09 15:13:39,472 - qmt_strategy - INFO - 预测结果内容：{'predictions': array([0, 0, 0, 0, 0, 0, 0, 0, 0, 0, 0, 0, 0, 0, 0, 0, 0, 0, 0, 0, 0, 0,
       0, 0, 0, 0, 0, 0, 0, 0, 0, 0, 0, 0, 0, 0, 0, 0, 0, 0, 0, 0, 0, 0,
       0, 0, 0, 0, 0, 0, 0, 0, 0, 0, 0, 0, 0, 0, 0, 0, 0, 0, 0, 0, 0, 0,
       0, 0, 0, 0, 0, 0, 0, 0, 0, 0, 0, 0, 0, 0, 0, 0, 0, 0, 0, 0, 0, 0,
       0, 0, 0, 0, 0, 0, 0, 0, 0, 0, 0, 0]), 'probabilities': array([0., 0., 0., 0., 0., 0., 0., 0., 0., 0., 0., 0., 0., 0., 0., 0., 0.,
       0., 0., 0., 0., 0., 0., 0., 0., 0., 0., 0., 0., 0., 0., 0., 0., 0.,
       0., 0., 0., 0., 0., 0., 0., 0., 0., 0., 0., 0., 0., 0., 0., 0., 0.,
       0., 0., 0., 0., 0., 0., 0., 0., 0., 0., 0., 0., 0., 0., 0., 0., 0.,
       0., 0., 0., 0., 0., 0., 0., 0., 0., 0., 0., 0., 0., 0., 0., 0., 0.,
       0., 0., 0., 0., 0., 0., 0., 0., 0., 0., 0., 0., 0., 0., 0.])}
2026-01-09 15:13:39,472 - qmt_strategy - INFO - 预测结果长度：100
2026-01-09 15:13:39,472 - qmt_strategy - INFO - 开始做出交易决策
2026-01-09 15:13:39,472 - qmt_strategy - INFO - 进行动态买点决策
2026-01-09 15:13:39,476 - qmt_strategy - DEBUG - 处理股票：000003.SZ，预测结果：0，预测概率：0.0，综合评分：28.0
2026-01-09 15:13:39,477 - qmt_strategy - DEBUG - 股票000003.SZ不满足买入条件，概率：0.0 < 阈值：0.1
2026-01-09 15:13:39,477 - qmt_strategy - DEBUG - 处理股票：000005.SZ，预测结果：0，预测概率：0.0，综合评分：28.0
2026-01-09 15:13:39,477 - qmt_strategy - DEBUG - 股票000005.SZ不满足买入条件，概率：0.0 < 阈值：0.1
2026-01-09 15:13:39,478 - qmt_strategy - DEBUG - 处理股票：000021.SZ，预测结果：0，预测概率：0.0，综合评分：28.0
2026-01-09 15:13:39,478 - qmt_strategy - DEBUG - 股票000021.SZ不满足买入条件，概率：0.0 < 阈值：0.1
2026-01-09 15:13:39,478 - qmt_strategy - DEBUG - 处理股票：000023.SZ，预测结果：0，预测概率：0.0，综合评分：28.0
2026-01-09 15:13:39,478 - qmt_strategy - DEBUG - 股票000023.SZ不满足买入条件，概率：0.0 < 阈值：0.1
2026-01-09 15:13:39,478 - qmt_strategy - DEBUG - 处理股票：000024.SZ，预测结果：0，预测概率：0.0，综合评分：28.0
2026-01-09 15:13:39,478 - qmt_strategy - DEBUG - 股票000024.SZ不满足买入条件，概率：0.0 < 阈值：0.1
2026-01-09 15:13:39,478 - qmt_strategy - INFO - 进行自适应卖点决策
2026-01-09 15:13:39,479 - qmt_strategy - INFO - 交易决策完成，共0个决策
2026-01-09 15:13:39,479 - qmt_strategy - INFO - 2025-11-12生成了0个交易决策
2026-01-09 15:13:39,479 - qmt_strategy - INFO - 进行风险控制检查
2026-01-09 15:13:39,479 - qmt_strategy - WARNING - 交易决策为空，跳过风险控制检查
2026-01-09 15:13:39,479 - qmt_strategy - INFO - 2025-11-12通过风险控制的决策数量：0
2026-01-09 15:13:39,479 - qmt_strategy - INFO - 2025-11-12没有通过风险控制的交易决策
2026-01-09 15:13:39,479 - qmt_strategy - INFO - 处理日期：2025-11-13，当日数据行数：100
2026-01-09 15:13:39,480 - qmt_strategy - INFO - 当日包含 100 只股票：['000001.SZ' '000002.SZ' '000003.SZ' '000004.SZ' '000005.SZ']...
2026-01-09 15:13:39,480 - qmt_strategy - INFO - 模拟2025-11-13的交易
2026-01-09 15:13:39,481 - qmt_strategy - INFO - 过滤后用于预测的数值特征数量：100
2026-01-09 15:13:39,481 - qmt_strategy - INFO - 使用模型进行预测
2026-01-09 15:13:39,528 - qmt_strategy - INFO - 模型预测完成
2026-01-09 15:13:39,528 - qmt_strategy - INFO - 预测结果类型：<class 'dict'>
2026-01-09 15:13:39,529 - qmt_strategy - INFO - 预测结果内容：{'predictions': array([0, 0, 0, 0, 0, 0, 0, 0, 0, 0, 0, 0, 0, 0, 0, 0, 0, 0, 0, 0, 0, 0,
       0, 0, 0, 0, 0, 0, 0, 0, 0, 0, 0, 0, 0, 0, 0, 0, 0, 0, 0, 0, 0, 0,
       0, 0, 0, 0, 0, 0, 0, 0, 0, 0, 0, 0, 0, 0, 0, 0, 0, 0, 0, 0, 0, 0,
       0, 0, 0, 0, 0, 0, 0, 0, 0, 0, 0, 0, 0, 0, 0, 0, 0, 0, 0, 0, 0, 0,
       0, 0, 0, 0, 0, 0, 0, 0, 0, 0, 0, 0]), 'probabilities': array([0., 0., 0., 0., 0., 0., 0., 0., 0., 0., 0., 0., 0., 0., 0., 0., 0.,
       0., 0., 0., 0., 0., 0., 0., 0., 0., 0., 0., 0., 0., 0., 0., 0., 0.,
       0., 0., 0., 0., 0., 0., 0., 0., 0., 0., 0., 0., 0., 0., 0., 0., 0.,
       0., 0., 0., 0., 0., 0., 0., 0., 0., 0., 0., 0., 0., 0., 0., 0., 0.,
       0., 0., 0., 0., 0., 0., 0., 0., 0., 0., 0., 0., 0., 0., 0., 0., 0.,
       0., 0., 0., 0., 0., 0., 0., 0., 0., 0., 0., 0., 0., 0., 0.])}
2026-01-09 15:13:39,529 - qmt_strategy - INFO - 预测结果长度：100
2026-01-09 15:13:39,529 - qmt_strategy - INFO - 开始做出交易决策
2026-01-09 15:13:39,529 - qmt_strategy - INFO - 进行动态买点决策
2026-01-09 15:13:39,532 - qmt_strategy - DEBUG - 处理股票：000003.SZ，预测结果：0，预测概率：0.0，综合评分：28.0
2026-01-09 15:13:39,532 - qmt_strategy - DEBUG - 股票000003.SZ不满足买入条件，概率：0.0 < 阈值：0.1
2026-01-09 15:13:39,533 - qmt_strategy - DEBUG - 处理股票：000023.SZ，预测结果：0，预测概率：0.0，综合评分：28.0
2026-01-09 15:13:39,533 - qmt_strategy - DEBUG - 股票000023.SZ不满足买入条件，概率：0.0 < 阈值：0.1
2026-01-09 15:13:39,533 - qmt_strategy - DEBUG - 处理股票：000024.SZ，预测结果：0，预测概率：0.0，综合评分：28.0
2026-01-09 15:13:39,533 - qmt_strategy - DEBUG - 股票000024.SZ不满足买入条件，概率：0.0 < 阈值：0.1
2026-01-09 15:13:39,533 - qmt_strategy - DEBUG - 处理股票：000033.SZ，预测结果：0，预测概率：0.0，综合评分：28.0
2026-01-09 15:13:39,533 - qmt_strategy - DEBUG - 股票000033.SZ不满足买入条件，概率：0.0 < 阈值：0.1
2026-01-09 15:13:39,533 - qmt_strategy - DEBUG - 处理股票：000036.SZ，预测结果：0，预测概率：0.0，综合评分：28.0
2026-01-09 15:13:39,533 - qmt_strategy - DEBUG - 股票000036.SZ不满足买入条件，概率：0.0 < 阈值：0.1
2026-01-09 15:13:39,533 - qmt_strategy - INFO - 进行自适应卖点决策
2026-01-09 15:13:39,534 - qmt_strategy - INFO - 交易决策完成，共0个决策
2026-01-09 15:13:39,534 - qmt_strategy - INFO - 2025-11-13生成了0个交易决策
2026-01-09 15:13:39,534 - qmt_strategy - INFO - 进行风险控制检查
2026-01-09 15:13:39,534 - qmt_strategy - WARNING - 交易决策为空，跳过风险控制检查
2026-01-09 15:13:39,534 - qmt_strategy - INFO - 2025-11-13通过风险控制的决策数量：0
2026-01-09 15:13:39,534 - qmt_strategy - INFO - 2025-11-13没有通过风险控制的交易决策
2026-01-09 15:13:39,535 - qmt_strategy - INFO - 处理日期：2025-11-14，当日数据行数：100
2026-01-09 15:13:39,535 - qmt_strategy - INFO - 当日包含 100 只股票：['000001.SZ' '000002.SZ' '000003.SZ' '000004.SZ' '000005.SZ']...
2026-01-09 15:13:39,535 - qmt_strategy - INFO - 模拟2025-11-14的交易
2026-01-09 15:13:39,536 - qmt_strategy - INFO - 过滤后用于预测的数值特征数量：100
2026-01-09 15:13:39,536 - qmt_strategy - INFO - 使用模型进行预测
2026-01-09 15:13:39,576 - qmt_strategy - INFO - 模型预测完成
2026-01-09 15:13:39,576 - qmt_strategy - INFO - 预测结果类型：<class 'dict'>
2026-01-09 15:13:39,577 - qmt_strategy - INFO - 预测结果内容：{'predictions': array([0, 0, 0, 0, 0, 0, 0, 0, 0, 0, 0, 0, 0, 0, 0, 0, 0, 0, 0, 0, 0, 0,
       0, 0, 0, 0, 0, 0, 0, 0, 0, 0, 0, 0, 0, 0, 0, 0, 0, 0, 0, 0, 0, 0,
       0, 0, 0, 0, 0, 0, 0, 0, 0, 0, 0, 0, 0, 0, 0, 0, 0, 0, 0, 0, 0, 0,
       0, 0, 0, 0, 0, 0, 0, 0, 0, 0, 0, 0, 0, 0, 0, 0, 0, 0, 0, 0, 0, 0,
       0, 0, 0, 0, 0, 0, 0, 0, 0, 0, 0, 0]), 'probabilities': array([0., 0., 0., 0., 0., 0., 0., 0., 0., 0., 0., 0., 0., 0., 0., 0., 0.,
       0., 0., 0., 0., 0., 0., 0., 0., 0., 0., 0., 0., 0., 0., 0., 0., 0.,
       0., 0., 0., 0., 0., 0., 0., 0., 0., 0., 0., 0., 0., 0., 0., 0., 0.,
       0., 0., 0., 0., 0., 0., 0., 0., 0., 0., 0., 0., 0., 0., 0., 0., 0.,
       0., 0., 0., 0., 0., 0., 0., 0., 0., 0., 0., 0., 0., 0., 0., 0., 0.,
       0., 0., 0., 0., 0., 0., 0., 0., 0., 0., 0., 0., 0., 0., 0.])}
2026-01-09 15:13:39,577 - qmt_strategy - INFO - 预测结果长度：100
2026-01-09 15:13:39,578 - qmt_strategy - INFO - 开始做出交易决策
2026-01-09 15:13:39,578 - qmt_strategy - INFO - 进行动态买点决策
2026-01-09 15:13:39,581 - qmt_strategy - DEBUG - 处理股票：000003.SZ，预测结果：0，预测概率：0.0，综合评分：28.0
2026-01-09 15:13:39,581 - qmt_strategy - DEBUG - 股票000003.SZ不满足买入条件，概率：0.0 < 阈值：0.1
2026-01-09 15:13:39,581 - qmt_strategy - DEBUG - 处理股票：000005.SZ，预测结果：0，预测概率：0.0，综合评分：28.0
2026-01-09 15:13:39,581 - qmt_strategy - DEBUG - 股票000005.SZ不满足买入条件，概率：0.0 < 阈值：0.1
2026-01-09 15:13:39,582 - qmt_strategy - DEBUG - 处理股票：000008.SZ，预测结果：0，预测概率：0.0，综合评分：28.0
2026-01-09 15:13:39,582 - qmt_strategy - DEBUG - 股票000008.SZ不满足买入条件，概率：0.0 < 阈值：0.1
2026-01-09 15:13:39,582 - qmt_strategy - DEBUG - 处理股票：000010.SZ，预测结果：0，预测概率：0.0，综合评分：28.0
2026-01-09 15:13:39,582 - qmt_strategy - DEBUG - 股票000010.SZ不满足买入条件，概率：0.0 < 阈值：0.1
2026-01-09 15:13:39,583 - qmt_strategy - DEBUG - 处理股票：000015.SZ，预测结果：0，预测概率：0.0，综合评分：28.0
2026-01-09 15:13:39,583 - qmt_strategy - DEBUG - 股票000015.SZ不满足买入条件，概率：0.0 < 阈值：0.1
2026-01-09 15:13:39,583 - qmt_strategy - INFO - 进行自适应卖点决策
2026-01-09 15:13:39,583 - qmt_strategy - INFO - 交易决策完成，共0个决策
2026-01-09 15:13:39,583 - qmt_strategy - INFO - 2025-11-14生成了0个交易决策
2026-01-09 15:13:39,583 - qmt_strategy - INFO - 进行风险控制检查
2026-01-09 15:13:39,583 - qmt_strategy - WARNING - 交易决策为空，跳过风险控制检查
2026-01-09 15:13:39,583 - qmt_strategy - INFO - 2025-11-14通过风险控制的决策数量：0
2026-01-09 15:13:39,584 - qmt_strategy - INFO - 2025-11-14没有通过风险控制的交易决策
2026-01-09 15:13:39,584 - qmt_strategy - INFO - 处理日期：2025-11-17，当日数据行数：100
2026-01-09 15:13:39,584 - qmt_strategy - INFO - 当日包含 100 只股票：['000001.SZ' '000002.SZ' '000003.SZ' '000004.SZ' '000005.SZ']...
2026-01-09 15:13:39,584 - qmt_strategy - INFO - 模拟2025-11-17的交易
2026-01-09 15:13:39,585 - qmt_strategy - INFO - 过滤后用于预测的数值特征数量：100
2026-01-09 15:13:39,585 - qmt_strategy - INFO - 使用模型进行预测
2026-01-09 15:13:39,625 - qmt_strategy - INFO - 模型预测完成
2026-01-09 15:13:39,625 - qmt_strategy - INFO - 预测结果类型：<class 'dict'>
2026-01-09 15:13:39,626 - qmt_strategy - INFO - 预测结果内容：{'predictions': array([0, 0, 0, 0, 0, 0, 0, 0, 0, 0, 0, 0, 0, 0, 0, 0, 0, 0, 0, 0, 0, 0,
       0, 0, 0, 0, 0, 0, 0, 0, 0, 0, 0, 0, 0, 0, 0, 0, 0, 0, 0, 0, 0, 0,
       0, 0, 0, 0, 0, 0, 0, 0, 0, 0, 0, 0, 0, 0, 0, 0, 0, 0, 0, 0, 0, 0,
       0, 0, 0, 0, 0, 0, 0, 0, 0, 0, 0, 0, 0, 0, 0, 0, 0, 0, 0, 0, 0, 0,
       0, 0, 0, 0, 0, 0, 0, 0, 0, 0, 0, 0]), 'probabilities': array([0., 0., 0., 0., 0., 0., 0., 0., 0., 0., 0., 0., 0., 0., 0., 0., 0.,
       0., 0., 0., 0., 0., 0., 0., 0., 0., 0., 0., 0., 0., 0., 0., 0., 0.,
       0., 0., 0., 0., 0., 0., 0., 0., 0., 0., 0., 0., 0., 0., 0., 0., 0.,
       0., 0., 0., 0., 0., 0., 0., 0., 0., 0., 0., 0., 0., 0., 0., 0., 0.,
       0., 0., 0., 0., 0., 0., 0., 0., 0., 0., 0., 0., 0., 0., 0., 0., 0.,
       0., 0., 0., 0., 0., 0., 0., 0., 0., 0., 0., 0., 0., 0., 0.])}
2026-01-09 15:13:39,626 - qmt_strategy - INFO - 预测结果长度：100
2026-01-09 15:13:39,626 - qmt_strategy - INFO - 开始做出交易决策
2026-01-09 15:13:39,627 - qmt_strategy - INFO - 进行动态买点决策
2026-01-09 15:13:39,630 - qmt_strategy - DEBUG - 处理股票：000003.SZ，预测结果：0，预测概率：0.0，综合评分：28.0
2026-01-09 15:13:39,630 - qmt_strategy - DEBUG - 股票000003.SZ不满足买入条件，概率：0.0 < 阈值：0.1
2026-01-09 15:13:39,630 - qmt_strategy - DEBUG - 处理股票：000004.SZ，预测结果：0，预测概率：0.0，综合评分：28.0
2026-01-09 15:13:39,630 - qmt_strategy - DEBUG - 股票000004.SZ不满足买入条件，概率：0.0 < 阈值：0.1
2026-01-09 15:13:39,630 - qmt_strategy - DEBUG - 处理股票：000005.SZ，预测结果：0，预测概率：0.0，综合评分：28.0
2026-01-09 15:13:39,630 - qmt_strategy - DEBUG - 股票000005.SZ不满足买入条件，概率：0.0 < 阈值：0.1
2026-01-09 15:13:39,630 - qmt_strategy - DEBUG - 处理股票：000008.SZ，预测结果：0，预测概率：0.0，综合评分：28.0
2026-01-09 15:13:39,630 - qmt_strategy - DEBUG - 股票000008.SZ不满足买入条件，概率：0.0 < 阈值：0.1
2026-01-09 15:13:39,630 - qmt_strategy - DEBUG - 处理股票：000012.SZ，预测结果：0，预测概率：0.0，综合评分：28.0
2026-01-09 15:13:39,631 - qmt_strategy - DEBUG - 股票000012.SZ不满足买入条件，概率：0.0 < 阈值：0.1
2026-01-09 15:13:39,631 - qmt_strategy - INFO - 进行自适应卖点决策
2026-01-09 15:13:39,631 - qmt_strategy - INFO - 交易决策完成，共0个决策
2026-01-09 15:13:39,631 - qmt_strategy - INFO - 2025-11-17生成了0个交易决策
2026-01-09 15:13:39,631 - qmt_strategy - INFO - 进行风险控制检查
2026-01-09 15:13:39,631 - qmt_strategy - WARNING - 交易决策为空，跳过风险控制检查
2026-01-09 15:13:39,631 - qmt_strategy - INFO - 2025-11-17通过风险控制的决策数量：0
2026-01-09 15:13:39,631 - qmt_strategy - INFO - 2025-11-17没有通过风险控制的交易决策
2026-01-09 15:13:39,631 - qmt_strategy - INFO - 处理日期：2025-11-18，当日数据行数：100
2026-01-09 15:13:39,632 - qmt_strategy - INFO - 当日包含 100 只股票：['000001.SZ' '000002.SZ' '000003.SZ' '000004.SZ' '000005.SZ']...
2026-01-09 15:13:39,632 - qmt_strategy - INFO - 模拟2025-11-18的交易
2026-01-09 15:13:39,633 - qmt_strategy - INFO - 过滤后用于预测的数值特征数量：100
2026-01-09 15:13:39,633 - qmt_strategy - INFO - 使用模型进行预测
2026-01-09 15:13:39,670 - qmt_strategy - INFO - 模型预测完成
2026-01-09 15:13:39,670 - qmt_strategy - INFO - 预测结果类型：<class 'dict'>
2026-01-09 15:13:39,670 - qmt_strategy - INFO - 预测结果内容：{'predictions': array([0, 0, 0, 0, 0, 0, 0, 0, 0, 0, 0, 0, 0, 0, 0, 0, 0, 0, 0, 0, 0, 0,
       0, 0, 0, 0, 0, 0, 0, 0, 0, 0, 0, 0, 0, 0, 0, 0, 0, 0, 0, 0, 0, 0,
       0, 0, 0, 0, 0, 0, 0, 0, 0, 0, 0, 0, 0, 0, 0, 0, 0, 0, 0, 0, 0, 0,
       0, 0, 0, 0, 0, 0, 0, 0, 0, 0, 0, 0, 0, 0, 0, 0, 0, 0, 0, 0, 0, 0,
       0, 0, 0, 0, 0, 0, 0, 0, 0, 0, 0, 0]), 'probabilities': array([0., 0., 0., 0., 0., 0., 0., 0., 0., 0., 0., 0., 0., 0., 0., 0., 0.,
       0., 0., 0., 0., 0., 0., 0., 0., 0., 0., 0., 0., 0., 0., 0., 0., 0.,
       0., 0., 0., 0., 0., 0., 0., 0., 0., 0., 0., 0., 0., 0., 0., 0., 0.,
       0., 0., 0., 0., 0., 0., 0., 0., 0., 0., 0., 0., 0., 0., 0., 0., 0.,
       0., 0., 0., 0., 0., 0., 0., 0., 0., 0., 0., 0., 0., 0., 0., 0., 0.,
       0., 0., 0., 0., 0., 0., 0., 0., 0., 0., 0., 0., 0., 0., 0.])}
2026-01-09 15:13:39,671 - qmt_strategy - INFO - 预测结果长度：100
2026-01-09 15:13:39,671 - qmt_strategy - INFO - 开始做出交易决策
2026-01-09 15:13:39,671 - qmt_strategy - INFO - 进行动态买点决策
2026-01-09 15:13:39,675 - qmt_strategy - DEBUG - 处理股票：000003.SZ，预测结果：0，预测概率：0.0，综合评分：28.0
2026-01-09 15:13:39,675 - qmt_strategy - DEBUG - 股票000003.SZ不满足买入条件，概率：0.0 < 阈值：0.1
2026-01-09 15:13:39,675 - qmt_strategy - DEBUG - 处理股票：000004.SZ，预测结果：0，预测概率：0.0，综合评分：28.0
2026-01-09 15:13:39,675 - qmt_strategy - DEBUG - 股票000004.SZ不满足买入条件，概率：0.0 < 阈值：0.1
2026-01-09 15:13:39,676 - qmt_strategy - DEBUG - 处理股票：000008.SZ，预测结果：0，预测概率：0.0，综合评分：28.0
2026-01-09 15:13:39,676 - qmt_strategy - DEBUG - 股票000008.SZ不满足买入条件，概率：0.0 < 阈值：0.1
2026-01-09 15:13:39,676 - qmt_strategy - DEBUG - 处理股票：000012.SZ，预测结果：0，预测概率：0.0，综合评分：28.0
2026-01-09 15:13:39,676 - qmt_strategy - DEBUG - 股票000012.SZ不满足买入条件，概率：0.0 < 阈值：0.1
2026-01-09 15:13:39,676 - qmt_strategy - DEBUG - 处理股票：000017.SZ，预测结果：0，预测概率：0.0，综合评分：28.0
2026-01-09 15:13:39,676 - qmt_strategy - DEBUG - 股票000017.SZ不满足买入条件，概率：0.0 < 阈值：0.1
2026-01-09 15:13:39,677 - qmt_strategy - INFO - 进行自适应卖点决策
2026-01-09 15:13:39,677 - qmt_strategy - INFO - 交易决策完成，共0个决策
2026-01-09 15:13:39,677 - qmt_strategy - INFO - 2025-11-18生成了0个交易决策
2026-01-09 15:13:39,677 - qmt_strategy - INFO - 进行风险控制检查
2026-01-09 15:13:39,677 - qmt_strategy - WARNING - 交易决策为空，跳过风险控制检查
2026-01-09 15:13:39,677 - qmt_strategy - INFO - 2025-11-18通过风险控制的决策数量：0
2026-01-09 15:13:39,677 - qmt_strategy - INFO - 2025-11-18没有通过风险控制的交易决策
2026-01-09 15:13:39,677 - qmt_strategy - INFO - 处理日期：2025-11-19，当日数据行数：100
2026-01-09 15:13:39,678 - qmt_strategy - INFO - 当日包含 100 只股票：['000001.SZ' '000002.SZ' '000003.SZ' '000004.SZ' '000005.SZ']...
2026-01-09 15:13:39,678 - qmt_strategy - INFO - 模拟2025-11-19的交易
2026-01-09 15:13:39,678 - qmt_strategy - INFO - 过滤后用于预测的数值特征数量：100
2026-01-09 15:13:39,679 - qmt_strategy - INFO - 使用模型进行预测
2026-01-09 15:13:39,729 - qmt_strategy - INFO - 模型预测完成
2026-01-09 15:13:39,729 - qmt_strategy - INFO - 预测结果类型：<class 'dict'>
2026-01-09 15:13:39,730 - qmt_strategy - INFO - 预测结果内容：{'predictions': array([0, 0, 0, 0, 0, 0, 0, 0, 0, 0, 0, 0, 0, 0, 0, 0, 0, 0, 0, 0, 0, 0,
       0, 0, 0, 0, 0, 0, 0, 0, 0, 0, 0, 0, 0, 0, 0, 0, 0, 0, 0, 0, 0, 0,
       0, 0, 0, 0, 0, 0, 0, 0, 0, 0, 0, 0, 0, 0, 0, 0, 0, 0, 0, 0, 0, 0,
       0, 0, 0, 0, 0, 0, 0, 0, 0, 0, 0, 0, 0, 0, 0, 0, 0, 0, 0, 0, 0, 0,
       0, 0, 0, 0, 0, 0, 0, 0, 0, 0, 0, 0]), 'probabilities': array([0., 0., 0., 0., 0., 0., 0., 0., 0., 0., 0., 0., 0., 0., 0., 0., 0.,
       0., 0., 0., 0., 0., 0., 0., 0., 0., 0., 0., 0., 0., 0., 0., 0., 0.,
       0., 0., 0., 0., 0., 0., 0., 0., 0., 0., 0., 0., 0., 0., 0., 0., 0.,
       0., 0., 0., 0., 0., 0., 0., 0., 0., 0., 0., 0., 0., 0., 0., 0., 0.,
       0., 0., 0., 0., 0., 0., 0., 0., 0., 0., 0., 0., 0., 0., 0., 0., 0.,
       0., 0., 0., 0., 0., 0., 0., 0., 0., 0., 0., 0., 0., 0., 0.])}
2026-01-09 15:13:39,731 - qmt_strategy - INFO - 预测结果长度：100
2026-01-09 15:13:39,731 - qmt_strategy - INFO - 开始做出交易决策
2026-01-09 15:13:39,731 - qmt_strategy - INFO - 进行动态买点决策
2026-01-09 15:13:39,734 - qmt_strategy - DEBUG - 处理股票：000004.SZ，预测结果：0，预测概率：0.0，综合评分：28.0
2026-01-09 15:13:39,734 - qmt_strategy - DEBUG - 股票000004.SZ不满足买入条件，概率：0.0 < 阈值：0.1
2026-01-09 15:13:39,734 - qmt_strategy - DEBUG - 处理股票：000005.SZ，预测结果：0，预测概率：0.0，综合评分：28.0
2026-01-09 15:13:39,734 - qmt_strategy - DEBUG - 股票000005.SZ不满足买入条件，概率：0.0 < 阈值：0.1
2026-01-09 15:13:39,735 - qmt_strategy - DEBUG - 处理股票：000008.SZ，预测结果：0，预测概率：0.0，综合评分：28.0
2026-01-09 15:13:39,735 - qmt_strategy - DEBUG - 股票000008.SZ不满足买入条件，概率：0.0 < 阈值：0.1
2026-01-09 15:13:39,735 - qmt_strategy - DEBUG - 处理股票：000017.SZ，预测结果：0，预测概率：0.0，综合评分：28.0
2026-01-09 15:13:39,735 - qmt_strategy - DEBUG - 股票000017.SZ不满足买入条件，概率：0.0 < 阈值：0.1
2026-01-09 15:13:39,735 - qmt_strategy - DEBUG - 处理股票：000018.SZ，预测结果：0，预测概率：0.0，综合评分：28.0
2026-01-09 15:13:39,735 - qmt_strategy - DEBUG - 股票000018.SZ不满足买入条件，概率：0.0 < 阈值：0.1
2026-01-09 15:13:39,736 - qmt_strategy - INFO - 进行自适应卖点决策
2026-01-09 15:13:39,736 - qmt_strategy - INFO - 交易决策完成，共0个决策
2026-01-09 15:13:39,737 - qmt_strategy - INFO - 2025-11-19生成了0个交易决策
2026-01-09 15:13:39,737 - qmt_strategy - INFO - 进行风险控制检查
2026-01-09 15:13:39,737 - qmt_strategy - WARNING - 交易决策为空，跳过风险控制检查
2026-01-09 15:13:39,737 - qmt_strategy - INFO - 2025-11-19通过风险控制的决策数量：0
2026-01-09 15:13:39,737 - qmt_strategy - INFO - 2025-11-19没有通过风险控制的交易决策
2026-01-09 15:13:39,737 - qmt_strategy - INFO - 处理日期：2025-11-20，当日数据行数：100
2026-01-09 15:13:39,738 - qmt_strategy - INFO - 当日包含 100 只股票：['000001.SZ' '000002.SZ' '000003.SZ' '000004.SZ' '000005.SZ']...
2026-01-09 15:13:39,738 - qmt_strategy - INFO - 模拟2025-11-20的交易
2026-01-09 15:13:39,739 - qmt_strategy - INFO - 过滤后用于预测的数值特征数量：100
2026-01-09 15:13:39,739 - qmt_strategy - INFO - 使用模型进行预测
2026-01-09 15:13:39,788 - qmt_strategy - INFO - 模型预测完成
2026-01-09 15:13:39,788 - qmt_strategy - INFO - 预测结果类型：<class 'dict'>
2026-01-09 15:13:39,789 - qmt_strategy - INFO - 预测结果内容：{'predictions': array([0, 0, 0, 0, 0, 0, 0, 0, 0, 0, 0, 0, 0, 0, 0, 0, 0, 0, 0, 0, 0, 0,
       0, 0, 0, 0, 0, 0, 0, 0, 0, 0, 0, 0, 0, 0, 0, 0, 0, 0, 0, 0, 0, 0,
       0, 0, 0, 0, 0, 0, 0, 0, 0, 0, 0, 0, 0, 0, 0, 0, 0, 0, 0, 0, 0, 0,
       0, 0, 0, 0, 0, 0, 0, 0, 0, 0, 0, 0, 0, 0, 0, 0, 0, 0, 0, 0, 0, 0,
       0, 0, 0, 0, 0, 0, 0, 0, 0, 0, 0, 0]), 'probabilities': array([0., 0., 0., 0., 0., 0., 0., 0., 0., 0., 0., 0., 0., 0., 0., 0., 0.,
       0., 0., 0., 0., 0., 0., 0., 0., 0., 0., 0., 0., 0., 0., 0., 0., 0.,
       0., 0., 0., 0., 0., 0., 0., 0., 0., 0., 0., 0., 0., 0., 0., 0., 0.,
       0., 0., 0., 0., 0., 0., 0., 0., 0., 0., 0., 0., 0., 0., 0., 0., 0.,
       0., 0., 0., 0., 0., 0., 0., 0., 0., 0., 0., 0., 0., 0., 0., 0., 0.,
       0., 0., 0., 0., 0., 0., 0., 0., 0., 0., 0., 0., 0., 0., 0.])}
2026-01-09 15:13:39,789 - qmt_strategy - INFO - 预测结果长度：100
2026-01-09 15:13:39,789 - qmt_strategy - INFO - 开始做出交易决策
2026-01-09 15:13:39,790 - qmt_strategy - INFO - 进行动态买点决策
2026-01-09 15:13:39,795 - qmt_strategy - DEBUG - 处理股票：000005.SZ，预测结果：0，预测概率：0.0，综合评分：28.0
2026-01-09 15:13:39,795 - qmt_strategy - DEBUG - 股票000005.SZ不满足买入条件，概率：0.0 < 阈值：0.1
2026-01-09 15:13:39,796 - qmt_strategy - DEBUG - 处理股票：000008.SZ，预测结果：0，预测概率：0.0，综合评分：28.0
2026-01-09 15:13:39,796 - qmt_strategy - DEBUG - 股票000008.SZ不满足买入条件，概率：0.0 < 阈值：0.1
2026-01-09 15:13:39,796 - qmt_strategy - DEBUG - 处理股票：000018.SZ，预测结果：0，预测概率：0.0，综合评分：28.0
2026-01-09 15:13:39,796 - qmt_strategy - DEBUG - 股票000018.SZ不满足买入条件，概率：0.0 < 阈值：0.1
2026-01-09 15:13:39,796 - qmt_strategy - DEBUG - 处理股票：000019.SZ，预测结果：0，预测概率：0.0，综合评分：28.0
2026-01-09 15:13:39,796 - qmt_strategy - DEBUG - 股票000019.SZ不满足买入条件，概率：0.0 < 阈值：0.1
2026-01-09 15:13:39,796 - qmt_strategy - DEBUG - 处理股票：000021.SZ，预测结果：0，预测概率：0.0，综合评分：28.0
2026-01-09 15:13:39,797 - qmt_strategy - DEBUG - 股票000021.SZ不满足买入条件，概率：0.0 < 阈值：0.1
2026-01-09 15:13:39,797 - qmt_strategy - INFO - 进行自适应卖点决策
2026-01-09 15:13:39,797 - qmt_strategy - INFO - 交易决策完成，共0个决策
2026-01-09 15:13:39,797 - qmt_strategy - INFO - 2025-11-20生成了0个交易决策
2026-01-09 15:13:39,797 - qmt_strategy - INFO - 进行风险控制检查
2026-01-09 15:13:39,797 - qmt_strategy - WARNING - 交易决策为空，跳过风险控制检查
2026-01-09 15:13:39,797 - qmt_strategy - INFO - 2025-11-20通过风险控制的决策数量：0
2026-01-09 15:13:39,797 - qmt_strategy - INFO - 2025-11-20没有通过风险控制的交易决策
2026-01-09 15:13:39,798 - qmt_strategy - INFO - 处理日期：2025-11-21，当日数据行数：100
2026-01-09 15:13:39,798 - qmt_strategy - INFO - 当日包含 100 只股票：['000001.SZ' '000002.SZ' '000003.SZ' '000004.SZ' '000005.SZ']...
2026-01-09 15:13:39,798 - qmt_strategy - INFO - 模拟2025-11-21的交易
2026-01-09 15:13:39,799 - qmt_strategy - INFO - 过滤后用于预测的数值特征数量：100
2026-01-09 15:13:39,799 - qmt_strategy - INFO - 使用模型进行预测
2026-01-09 15:13:39,859 - qmt_strategy - INFO - 模型预测完成
2026-01-09 15:13:39,860 - qmt_strategy - INFO - 预测结果类型：<class 'dict'>
2026-01-09 15:13:39,860 - qmt_strategy - INFO - 预测结果内容：{'predictions': array([0, 0, 0, 0, 0, 0, 0, 0, 0, 0, 0, 0, 0, 0, 0, 0, 0, 0, 0, 0, 0, 0,
       0, 0, 0, 0, 0, 0, 0, 0, 0, 0, 0, 0, 0, 0, 0, 0, 0, 0, 0, 0, 0, 0,
       0, 0, 0, 0, 0, 0, 0, 0, 0, 0, 0, 0, 0, 0, 0, 0, 0, 0, 0, 0, 0, 0,
       0, 0, 0, 0, 0, 0, 0, 0, 0, 0, 0, 0, 0, 0, 0, 0, 0, 0, 0, 0, 0, 0,
       0, 0, 0, 0, 0, 0, 0, 0, 0, 0, 0, 0]), 'probabilities': array([0., 0., 0., 0., 0., 0., 0., 0., 0., 0., 0., 0., 0., 0., 0., 0., 0.,
       0., 0., 0., 0., 0., 0., 0., 0., 0., 0., 0., 0., 0., 0., 0., 0., 0.,
       0., 0., 0., 0., 0., 0., 0., 0., 0., 0., 0., 0., 0., 0., 0., 0., 0.,
       0., 0., 0., 0., 0., 0., 0., 0., 0., 0., 0., 0., 0., 0., 0., 0., 0.,
       0., 0., 0., 0., 0., 0., 0., 0., 0., 0., 0., 0., 0., 0., 0., 0., 0.,
       0., 0., 0., 0., 0., 0., 0., 0., 0., 0., 0., 0., 0., 0., 0.])}
2026-01-09 15:13:39,861 - qmt_strategy - INFO - 预测结果长度：100
2026-01-09 15:13:39,861 - qmt_strategy - INFO - 开始做出交易决策
2026-01-09 15:13:39,861 - qmt_strategy - INFO - 进行动态买点决策
2026-01-09 15:13:39,866 - qmt_strategy - DEBUG - 处理股票：000005.SZ，预测结果：0，预测概率：0.0，综合评分：28.0
2026-01-09 15:13:39,866 - qmt_strategy - DEBUG - 股票000005.SZ不满足买入条件，概率：0.0 < 阈值：0.1
2026-01-09 15:13:39,866 - qmt_strategy - DEBUG - 处理股票：000008.SZ，预测结果：0，预测概率：0.0，综合评分：28.0
2026-01-09 15:13:39,866 - qmt_strategy - DEBUG - 股票000008.SZ不满足买入条件，概率：0.0 < 阈值：0.1
2026-01-09 15:13:39,866 - qmt_strategy - DEBUG - 处理股票：000018.SZ，预测结果：0，预测概率：0.0，综合评分：28.0
2026-01-09 15:13:39,867 - qmt_strategy - DEBUG - 股票000018.SZ不满足买入条件，概率：0.0 < 阈值：0.1
2026-01-09 15:13:39,867 - qmt_strategy - DEBUG - 处理股票：000019.SZ，预测结果：0，预测概率：0.0，综合评分：28.0
2026-01-09 15:13:39,867 - qmt_strategy - DEBUG - 股票000019.SZ不满足买入条件，概率：0.0 < 阈值：0.1
2026-01-09 15:13:39,867 - qmt_strategy - DEBUG - 处理股票：000021.SZ，预测结果：0，预测概率：0.0，综合评分：28.0
2026-01-09 15:13:39,867 - qmt_strategy - DEBUG - 股票000021.SZ不满足买入条件，概率：0.0 < 阈值：0.1
2026-01-09 15:13:39,867 - qmt_strategy - INFO - 进行自适应卖点决策
2026-01-09 15:13:39,868 - qmt_strategy - INFO - 交易决策完成，共0个决策
2026-01-09 15:13:39,868 - qmt_strategy - INFO - 2025-11-21生成了0个交易决策
2026-01-09 15:13:39,868 - qmt_strategy - INFO - 进行风险控制检查
2026-01-09 15:13:39,868 - qmt_strategy - WARNING - 交易决策为空，跳过风险控制检查
2026-01-09 15:13:39,868 - qmt_strategy - INFO - 2025-11-21通过风险控制的决策数量：0
2026-01-09 15:13:39,868 - qmt_strategy - INFO - 2025-11-21没有通过风险控制的交易决策
2026-01-09 15:13:39,868 - qmt_strategy - INFO - 处理日期：2025-11-24，当日数据行数：100
2026-01-09 15:13:39,869 - qmt_strategy - INFO - 当日包含 100 只股票：['000001.SZ' '000002.SZ' '000003.SZ' '000004.SZ' '000005.SZ']...
2026-01-09 15:13:39,869 - qmt_strategy - INFO - 模拟2025-11-24的交易
2026-01-09 15:13:39,870 - qmt_strategy - INFO - 过滤后用于预测的数值特征数量：100
2026-01-09 15:13:39,870 - qmt_strategy - INFO - 使用模型进行预测
2026-01-09 15:13:39,934 - qmt_strategy - INFO - 模型预测完成
2026-01-09 15:13:39,934 - qmt_strategy - INFO - 预测结果类型：<class 'dict'>
2026-01-09 15:13:39,935 - qmt_strategy - INFO - 预测结果内容：{'predictions': array([0, 0, 0, 0, 0, 0, 0, 0, 0, 0, 0, 0, 0, 0, 0, 0, 0, 0, 0, 0, 0, 0,
       0, 0, 0, 0, 0, 0, 0, 0, 0, 0, 0, 0, 0, 0, 0, 0, 0, 0, 0, 0, 0, 0,
       0, 0, 0, 0, 0, 0, 0, 0, 0, 0, 0, 0, 0, 0, 0, 0, 0, 0, 0, 0, 0, 0,
       0, 0, 0, 0, 0, 0, 0, 0, 0, 0, 0, 0, 0, 0, 0, 0, 0, 0, 0, 0, 0, 0,
       0, 0, 0, 0, 0, 0, 0, 0, 0, 0, 0, 0]), 'probabilities': array([0., 0., 0., 0., 0., 0., 0., 0., 0., 0., 0., 0., 0., 0., 0., 0., 0.,
       0., 0., 0., 0., 0., 0., 0., 0., 0., 0., 0., 0., 0., 0., 0., 0., 0.,
       0., 0., 0., 0., 0., 0., 0., 0., 0., 0., 0., 0., 0., 0., 0., 0., 0.,
       0., 0., 0., 0., 0., 0., 0., 0., 0., 0., 0., 0., 0., 0., 0., 0., 0.,
       0., 0., 0., 0., 0., 0., 0., 0., 0., 0., 0., 0., 0., 0., 0., 0., 0.,
       0., 0., 0., 0., 0., 0., 0., 0., 0., 0., 0., 0., 0., 0., 0.])}
2026-01-09 15:13:39,935 - qmt_strategy - INFO - 预测结果长度：100
2026-01-09 15:13:39,935 - qmt_strategy - INFO - 开始做出交易决策
2026-01-09 15:13:39,935 - qmt_strategy - INFO - 进行动态买点决策
2026-01-09 15:13:39,939 - qmt_strategy - DEBUG - 处理股票：000004.SZ，预测结果：0，预测概率：0.0，综合评分：28.0
2026-01-09 15:13:39,939 - qmt_strategy - DEBUG - 股票000004.SZ不满足买入条件，概率：0.0 < 阈值：0.1
2026-01-09 15:13:39,940 - qmt_strategy - DEBUG - 处理股票：000005.SZ，预测结果：0，预测概率：0.0，综合评分：28.0
2026-01-09 15:13:39,940 - qmt_strategy - DEBUG - 股票000005.SZ不满足买入条件，概率：0.0 < 阈值：0.1
2026-01-09 15:13:39,940 - qmt_strategy - DEBUG - 处理股票：000008.SZ，预测结果：0，预测概率：0.0，综合评分：28.0
2026-01-09 15:13:39,940 - qmt_strategy - DEBUG - 股票000008.SZ不满足买入条件，概率：0.0 < 阈值：0.1
2026-01-09 15:13:39,940 - qmt_strategy - DEBUG - 处理股票：000016.SZ，预测结果：0，预测概率：0.0，综合评分：28.0
2026-01-09 15:13:39,941 - qmt_strategy - DEBUG - 股票000016.SZ不满足买入条件，概率：0.0 < 阈值：0.1
2026-01-09 15:13:39,941 - qmt_strategy - DEBUG - 处理股票：000018.SZ，预测结果：0，预测概率：0.0，综合评分：28.0
2026-01-09 15:13:39,941 - qmt_strategy - DEBUG - 股票000018.SZ不满足买入条件，概率：0.0 < 阈值：0.1
2026-01-09 15:13:39,942 - qmt_strategy - INFO - 进行自适应卖点决策
2026-01-09 15:13:39,942 - qmt_strategy - INFO - 交易决策完成，共0个决策
2026-01-09 15:13:39,942 - qmt_strategy - INFO - 2025-11-24生成了0个交易决策
2026-01-09 15:13:39,943 - qmt_strategy - INFO - 进行风险控制检查
2026-01-09 15:13:39,943 - qmt_strategy - WARNING - 交易决策为空，跳过风险控制检查
2026-01-09 15:13:39,943 - qmt_strategy - INFO - 2025-11-24通过风险控制的决策数量：0
2026-01-09 15:13:39,943 - qmt_strategy - INFO - 2025-11-24没有通过风险控制的交易决策
2026-01-09 15:13:39,943 - qmt_strategy - INFO - 处理日期：2025-11-25，当日数据行数：100
2026-01-09 15:13:39,944 - qmt_strategy - INFO - 当日包含 100 只股票：['000001.SZ' '000002.SZ' '000003.SZ' '000004.SZ' '000005.SZ']...
2026-01-09 15:13:39,944 - qmt_strategy - INFO - 模拟2025-11-25的交易
2026-01-09 15:13:39,945 - qmt_strategy - INFO - 过滤后用于预测的数值特征数量：100
2026-01-09 15:13:39,946 - qmt_strategy - INFO - 使用模型进行预测
2026-01-09 15:13:40,006 - qmt_strategy - INFO - 模型预测完成
2026-01-09 15:13:40,007 - qmt_strategy - INFO - 预测结果类型：<class 'dict'>
2026-01-09 15:13:40,008 - qmt_strategy - INFO - 预测结果内容：{'predictions': array([0, 0, 0, 0, 0, 0, 0, 0, 0, 0, 0, 0, 0, 0, 0, 0, 0, 0, 0, 0, 0, 0,
       0, 0, 0, 0, 0, 0, 0, 0, 0, 0, 0, 0, 0, 0, 0, 0, 0, 0, 0, 0, 0, 0,
       0, 0, 0, 0, 0, 0, 0, 0, 0, 0, 0, 0, 0, 0, 0, 0, 0, 0, 0, 0, 0, 0,
       0, 0, 0, 0, 0, 0, 0, 0, 0, 0, 0, 0, 0, 0, 0, 0, 0, 0, 0, 0, 0, 0,
       0, 0, 0, 0, 0, 0, 0, 0, 0, 0, 0, 0]), 'probabilities': array([0., 0., 0., 0., 0., 0., 0., 0., 0., 0., 0., 0., 0., 0., 0., 0., 0.,
       0., 0., 0., 0., 0., 0., 0., 0., 0., 0., 0., 0., 0., 0., 0., 0., 0.,
       0., 0., 0., 0., 0., 0., 0., 0., 0., 0., 0., 0., 0., 0., 0., 0., 0.,
       0., 0., 0., 0., 0., 0., 0., 0., 0., 0., 0., 0., 0., 0., 0., 0., 0.,
       0., 0., 0., 0., 0., 0., 0., 0., 0., 0., 0., 0., 0., 0., 0., 0., 0.,
       0., 0., 0., 0., 0., 0., 0., 0., 0., 0., 0., 0., 0., 0., 0.])}
2026-01-09 15:13:40,008 - qmt_strategy - INFO - 预测结果长度：100
2026-01-09 15:13:40,008 - qmt_strategy - INFO - 开始做出交易决策
2026-01-09 15:13:40,009 - qmt_strategy - INFO - 进行动态买点决策
2026-01-09 15:13:40,013 - qmt_strategy - DEBUG - 处理股票：000005.SZ，预测结果：0，预测概率：0.0，综合评分：28.0
2026-01-09 15:13:40,013 - qmt_strategy - DEBUG - 股票000005.SZ不满足买入条件，概率：0.0 < 阈值：0.1
2026-01-09 15:13:40,014 - qmt_strategy - DEBUG - 处理股票：000006.SZ，预测结果：0，预测概率：0.0，综合评分：28.0
2026-01-09 15:13:40,014 - qmt_strategy - DEBUG - 股票000006.SZ不满足买入条件，概率：0.0 < 阈值：0.1
2026-01-09 15:13:40,014 - qmt_strategy - DEBUG - 处理股票：000008.SZ，预测结果：0，预测概率：0.0，综合评分：28.0
2026-01-09 15:13:40,014 - qmt_strategy - DEBUG - 股票000008.SZ不满足买入条件，概率：0.0 < 阈值：0.1
2026-01-09 15:13:40,014 - qmt_strategy - DEBUG - 处理股票：000016.SZ，预测结果：0，预测概率：0.0，综合评分：28.0
2026-01-09 15:13:40,014 - qmt_strategy - DEBUG - 股票000016.SZ不满足买入条件，概率：0.0 < 阈值：0.1
2026-01-09 15:13:40,015 - qmt_strategy - DEBUG - 处理股票：000024.SZ，预测结果：0，预测概率：0.0，综合评分：28.0
2026-01-09 15:13:40,015 - qmt_strategy - DEBUG - 股票000024.SZ不满足买入条件，概率：0.0 < 阈值：0.1
2026-01-09 15:13:40,015 - qmt_strategy - INFO - 进行自适应卖点决策
2026-01-09 15:13:40,015 - qmt_strategy - INFO - 交易决策完成，共0个决策
2026-01-09 15:13:40,015 - qmt_strategy - INFO - 2025-11-25生成了0个交易决策
2026-01-09 15:13:40,015 - qmt_strategy - INFO - 进行风险控制检查
2026-01-09 15:13:40,015 - qmt_strategy - WARNING - 交易决策为空，跳过风险控制检查
2026-01-09 15:13:40,016 - qmt_strategy - INFO - 2025-11-25通过风险控制的决策数量：0
2026-01-09 15:13:40,016 - qmt_strategy - INFO - 2025-11-25没有通过风险控制的交易决策
2026-01-09 15:13:40,016 - qmt_strategy - INFO - 处理日期：2025-11-26，当日数据行数：100
2026-01-09 15:13:40,016 - qmt_strategy - INFO - 当日包含 100 只股票：['000001.SZ' '000002.SZ' '000003.SZ' '000004.SZ' '000005.SZ']...
2026-01-09 15:13:40,016 - qmt_strategy - INFO - 模拟2025-11-26的交易
2026-01-09 15:13:40,018 - qmt_strategy - INFO - 过滤后用于预测的数值特征数量：100
2026-01-09 15:13:40,018 - qmt_strategy - INFO - 使用模型进行预测
2026-01-09 15:13:40,060 - qmt_strategy - INFO - 模型预测完成
2026-01-09 15:13:40,061 - qmt_strategy - INFO - 预测结果类型：<class 'dict'>
2026-01-09 15:13:40,062 - qmt_strategy - INFO - 预测结果内容：{'predictions': array([0, 0, 0, 0, 0, 0, 0, 0, 0, 0, 0, 0, 0, 0, 0, 0, 0, 0, 0, 0, 0, 0,
       0, 0, 0, 0, 0, 0, 0, 0, 0, 0, 0, 0, 0, 0, 0, 0, 0, 0, 0, 0, 0, 0,
       0, 0, 0, 0, 0, 0, 0, 0, 0, 0, 0, 0, 0, 0, 0, 0, 0, 0, 0, 0, 0, 0,
       0, 0, 0, 0, 0, 0, 0, 0, 0, 0, 0, 0, 0, 0, 0, 0, 0, 0, 0, 0, 0, 0,
       0, 0, 0, 0, 0, 0, 0, 0, 0, 0, 0, 0]), 'probabilities': array([0., 0., 0., 0., 0., 0., 0., 0., 0., 0., 0., 0., 0., 0., 0., 0., 0.,
       0., 0., 0., 0., 0., 0., 0., 0., 0., 0., 0., 0., 0., 0., 0., 0., 0.,
       0., 0., 0., 0., 0., 0., 0., 0., 0., 0., 0., 0., 0., 0., 0., 0., 0.,
       0., 0., 0., 0., 0., 0., 0., 0., 0., 0., 0., 0., 0., 0., 0., 0., 0.,
       0., 0., 0., 0., 0., 0., 0., 0., 0., 0., 0., 0., 0., 0., 0., 0., 0.,
       0., 0., 0., 0., 0., 0., 0., 0., 0., 0., 0., 0., 0., 0., 0.])}
2026-01-09 15:13:40,062 - qmt_strategy - INFO - 预测结果长度：100
2026-01-09 15:13:40,062 - qmt_strategy - INFO - 开始做出交易决策
2026-01-09 15:13:40,062 - qmt_strategy - INFO - 进行动态买点决策
2026-01-09 15:13:40,065 - qmt_strategy - DEBUG - 处理股票：000006.SZ，预测结果：0，预测概率：0.0，综合评分：28.0
2026-01-09 15:13:40,066 - qmt_strategy - DEBUG - 股票000006.SZ不满足买入条件，概率：0.0 < 阈值：0.1
2026-01-09 15:13:40,066 - qmt_strategy - DEBUG - 处理股票：000008.SZ，预测结果：0，预测概率：0.0，综合评分：28.0
2026-01-09 15:13:40,066 - qmt_strategy - DEBUG - 股票000008.SZ不满足买入条件，概率：0.0 < 阈值：0.1
2026-01-09 15:13:40,066 - qmt_strategy - DEBUG - 处理股票：000025.SZ，预测结果：0，预测概率：0.0，综合评分：28.0
2026-01-09 15:13:40,066 - qmt_strategy - DEBUG - 股票000025.SZ不满足买入条件，概率：0.0 < 阈值：0.1
2026-01-09 15:13:40,067 - qmt_strategy - DEBUG - 处理股票：000027.SZ，预测结果：0，预测概率：0.0，综合评分：28.0
2026-01-09 15:13:40,067 - qmt_strategy - DEBUG - 股票000027.SZ不满足买入条件，概率：0.0 < 阈值：0.1
2026-01-09 15:13:40,067 - qmt_strategy - DEBUG - 处理股票：000036.SZ，预测结果：0，预测概率：0.0，综合评分：28.0
2026-01-09 15:13:40,068 - qmt_strategy - DEBUG - 股票000036.SZ不满足买入条件，概率：0.0 < 阈值：0.1
2026-01-09 15:13:40,068 - qmt_strategy - INFO - 进行自适应卖点决策
2026-01-09 15:13:40,068 - qmt_strategy - INFO - 交易决策完成，共0个决策
2026-01-09 15:13:40,068 - qmt_strategy - INFO - 2025-11-26生成了0个交易决策
2026-01-09 15:13:40,068 - qmt_strategy - INFO - 进行风险控制检查
2026-01-09 15:13:40,069 - qmt_strategy - WARNING - 交易决策为空，跳过风险控制检查
2026-01-09 15:13:40,069 - qmt_strategy - INFO - 2025-11-26通过风险控制的决策数量：0
2026-01-09 15:13:40,069 - qmt_strategy - INFO - 2025-11-26没有通过风险控制的交易决策
2026-01-09 15:13:40,069 - qmt_strategy - INFO - 处理日期：2025-11-27，当日数据行数：100
2026-01-09 15:13:40,069 - qmt_strategy - INFO - 当日包含 100 只股票：['000001.SZ' '000002.SZ' '000003.SZ' '000004.SZ' '000005.SZ']...
2026-01-09 15:13:40,070 - qmt_strategy - INFO - 模拟2025-11-27的交易
2026-01-09 15:13:40,070 - qmt_strategy - INFO - 过滤后用于预测的数值特征数量：100
2026-01-09 15:13:40,071 - qmt_strategy - INFO - 使用模型进行预测
2026-01-09 15:13:40,119 - qmt_strategy - INFO - 模型预测完成
2026-01-09 15:13:40,120 - qmt_strategy - INFO - 预测结果类型：<class 'dict'>
2026-01-09 15:13:40,120 - qmt_strategy - INFO - 预测结果内容：{'predictions': array([0, 0, 0, 0, 0, 0, 0, 0, 0, 0, 0, 0, 0, 0, 0, 0, 0, 0, 0, 0, 0, 0,
       0, 0, 0, 0, 0, 0, 0, 0, 0, 0, 0, 0, 0, 0, 0, 0, 0, 0, 0, 0, 0, 0,
       0, 0, 0, 0, 0, 0, 0, 0, 0, 0, 0, 0, 0, 0, 0, 0, 0, 0, 0, 0, 0, 0,
       0, 0, 0, 0, 0, 0, 0, 0, 0, 0, 0, 0, 0, 0, 0, 0, 0, 0, 0, 0, 0, 0,
       0, 0, 0, 0, 0, 0, 0, 0, 0, 0, 0, 0]), 'probabilities': array([0., 0., 0., 0., 0., 0., 0., 0., 0., 0., 0., 0., 0., 0., 0., 0., 0.,
       0., 0., 0., 0., 0., 0., 0., 0., 0., 0., 0., 0., 0., 0., 0., 0., 0.,
       0., 0., 0., 0., 0., 0., 0., 0., 0., 0., 0., 0., 0., 0., 0., 0., 0.,
       0., 0., 0., 0., 0., 0., 0., 0., 0., 0., 0., 0., 0., 0., 0., 0., 0.,
       0., 0., 0., 0., 0., 0., 0., 0., 0., 0., 0., 0., 0., 0., 0., 0., 0.,
       0., 0., 0., 0., 0., 0., 0., 0., 0., 0., 0., 0., 0., 0., 0.])}
2026-01-09 15:13:40,120 - qmt_strategy - INFO - 预测结果长度：100
2026-01-09 15:13:40,121 - qmt_strategy - INFO - 开始做出交易决策
2026-01-09 15:13:40,121 - qmt_strategy - INFO - 进行动态买点决策
2026-01-09 15:13:40,124 - qmt_strategy - DEBUG - 处理股票：000001.SZ，预测结果：0，预测概率：0.0，综合评分：28.0
2026-01-09 15:13:40,124 - qmt_strategy - DEBUG - 股票000001.SZ不满足买入条件，概率：0.0 < 阈值：0.1
2026-01-09 15:13:40,124 - qmt_strategy - DEBUG - 处理股票：000006.SZ，预测结果：0，预测概率：0.0，综合评分：28.0
2026-01-09 15:13:40,124 - qmt_strategy - DEBUG - 股票000006.SZ不满足买入条件，概率：0.0 < 阈值：0.1
2026-01-09 15:13:40,124 - qmt_strategy - DEBUG - 处理股票：000008.SZ，预测结果：0，预测概率：0.0，综合评分：28.0
2026-01-09 15:13:40,125 - qmt_strategy - DEBUG - 股票000008.SZ不满足买入条件，概率：0.0 < 阈值：0.1
2026-01-09 15:13:40,125 - qmt_strategy - DEBUG - 处理股票：000025.SZ，预测结果：0，预测概率：0.0，综合评分：28.0
2026-01-09 15:13:40,125 - qmt_strategy - DEBUG - 股票000025.SZ不满足买入条件，概率：0.0 < 阈值：0.1
2026-01-09 15:13:40,125 - qmt_strategy - DEBUG - 处理股票：000029.SZ，预测结果：0，预测概率：0.0，综合评分：28.0
2026-01-09 15:13:40,125 - qmt_strategy - DEBUG - 股票000029.SZ不满足买入条件，概率：0.0 < 阈值：0.1
2026-01-09 15:13:40,126 - qmt_strategy - INFO - 进行自适应卖点决策
2026-01-09 15:13:40,126 - qmt_strategy - INFO - 交易决策完成，共0个决策
2026-01-09 15:13:40,126 - qmt_strategy - INFO - 2025-11-27生成了0个交易决策
2026-01-09 15:13:40,126 - qmt_strategy - INFO - 进行风险控制检查
2026-01-09 15:13:40,126 - qmt_strategy - WARNING - 交易决策为空，跳过风险控制检查
2026-01-09 15:13:40,126 - qmt_strategy - INFO - 2025-11-27通过风险控制的决策数量：0
2026-01-09 15:13:40,126 - qmt_strategy - INFO - 2025-11-27没有通过风险控制的交易决策
2026-01-09 15:13:40,126 - qmt_strategy - INFO - 处理日期：2025-11-28，当日数据行数：100
2026-01-09 15:13:40,127 - qmt_strategy - INFO - 当日包含 100 只股票：['000001.SZ' '000002.SZ' '000003.SZ' '000004.SZ' '000005.SZ']...
2026-01-09 15:13:40,127 - qmt_strategy - INFO - 模拟2025-11-28的交易
2026-01-09 15:13:40,128 - qmt_strategy - INFO - 过滤后用于预测的数值特征数量：100
2026-01-09 15:13:40,128 - qmt_strategy - INFO - 使用模型进行预测
2026-01-09 15:13:40,187 - qmt_strategy - INFO - 模型预测完成
2026-01-09 15:13:40,187 - qmt_strategy - INFO - 预测结果类型：<class 'dict'>
2026-01-09 15:13:40,188 - qmt_strategy - INFO - 预测结果内容：{'predictions': array([0, 0, 0, 0, 0, 0, 0, 0, 0, 0, 0, 0, 0, 0, 0, 0, 0, 0, 0, 0, 0, 0,
       0, 0, 0, 0, 0, 0, 0, 0, 0, 0, 0, 0, 0, 0, 0, 0, 0, 0, 0, 0, 0, 0,
       0, 0, 0, 0, 0, 0, 0, 0, 0, 0, 0, 0, 0, 0, 0, 0, 0, 0, 0, 0, 0, 0,
       0, 0, 0, 0, 0, 0, 0, 0, 0, 0, 0, 0, 0, 0, 0, 0, 0, 0, 0, 0, 0, 0,
       0, 0, 0, 0, 0, 0, 0, 0, 0, 0, 0, 0]), 'probabilities': array([0., 0., 0., 0., 0., 0., 0., 0., 0., 0., 0., 0., 0., 0., 0., 0., 0.,
       0., 0., 0., 0., 0., 0., 0., 0., 0., 0., 0., 0., 0., 0., 0., 0., 0.,
       0., 0., 0., 0., 0., 0., 0., 0., 0., 0., 0., 0., 0., 0., 0., 0., 0.,
       0., 0., 0., 0., 0., 0., 0., 0., 0., 0., 0., 0., 0., 0., 0., 0., 0.,
       0., 0., 0., 0., 0., 0., 0., 0., 0., 0., 0., 0., 0., 0., 0., 0., 0.,
       0., 0., 0., 0., 0., 0., 0., 0., 0., 0., 0., 0., 0., 0., 0.])}
2026-01-09 15:13:40,188 - qmt_strategy - INFO - 预测结果长度：100
2026-01-09 15:13:40,189 - qmt_strategy - INFO - 开始做出交易决策
2026-01-09 15:13:40,189 - qmt_strategy - INFO - 进行动态买点决策
2026-01-09 15:13:40,193 - qmt_strategy - DEBUG - 处理股票：000001.SZ，预测结果：0，预测概率：0.0，综合评分：33.0
2026-01-09 15:13:40,193 - qmt_strategy - DEBUG - 股票000001.SZ不满足买入条件，概率：0.0 < 阈值：0.1
2026-01-09 15:13:40,193 - qmt_strategy - DEBUG - 处理股票：000005.SZ，预测结果：0，预测概率：0.0，综合评分：33.0
2026-01-09 15:13:40,193 - qmt_strategy - DEBUG - 股票000005.SZ不满足买入条件，概率：0.0 < 阈值：0.1
2026-01-09 15:13:40,193 - qmt_strategy - DEBUG - 处理股票：000006.SZ，预测结果：0，预测概率：0.0，综合评分：33.0
2026-01-09 15:13:40,194 - qmt_strategy - DEBUG - 股票000006.SZ不满足买入条件，概率：0.0 < 阈值：0.1
2026-01-09 15:13:40,194 - qmt_strategy - DEBUG - 处理股票：000026.SZ，预测结果：0，预测概率：0.0，综合评分：33.0
2026-01-09 15:13:40,194 - qmt_strategy - DEBUG - 股票000026.SZ不满足买入条件，概率：0.0 < 阈值：0.1
2026-01-09 15:13:40,194 - qmt_strategy - DEBUG - 处理股票：000029.SZ，预测结果：0，预测概率：0.0，综合评分：33.0
2026-01-09 15:13:40,194 - qmt_strategy - DEBUG - 股票000029.SZ不满足买入条件，概率：0.0 < 阈值：0.1
2026-01-09 15:13:40,194 - qmt_strategy - INFO - 进行自适应卖点决策
2026-01-09 15:13:40,194 - qmt_strategy - INFO - 交易决策完成，共0个决策
2026-01-09 15:13:40,194 - qmt_strategy - INFO - 2025-11-28生成了0个交易决策
2026-01-09 15:13:40,195 - qmt_strategy - INFO - 进行风险控制检查
2026-01-09 15:13:40,195 - qmt_strategy - WARNING - 交易决策为空，跳过风险控制检查
2026-01-09 15:13:40,195 - qmt_strategy - INFO - 2025-11-28通过风险控制的决策数量：0
2026-01-09 15:13:40,195 - qmt_strategy - INFO - 2025-11-28没有通过风险控制的交易决策
2026-01-09 15:13:40,195 - qmt_strategy - INFO - 处理日期：2025-12-01，当日数据行数：100
2026-01-09 15:13:40,195 - qmt_strategy - INFO - 当日包含 100 只股票：['000001.SZ' '000002.SZ' '000003.SZ' '000004.SZ' '000005.SZ']...
2026-01-09 15:13:40,195 - qmt_strategy - INFO - 模拟2025-12-01的交易
2026-01-09 15:13:40,196 - qmt_strategy - INFO - 过滤后用于预测的数值特征数量：100
2026-01-09 15:13:40,196 - qmt_strategy - INFO - 使用模型进行预测
2026-01-09 15:13:40,244 - qmt_strategy - INFO - 模型预测完成
2026-01-09 15:13:40,244 - qmt_strategy - INFO - 预测结果类型：<class 'dict'>
2026-01-09 15:13:40,245 - qmt_strategy - INFO - 预测结果内容：{'predictions': array([0, 0, 0, 0, 0, 0, 0, 0, 0, 0, 0, 0, 0, 0, 0, 0, 0, 0, 0, 0, 0, 0,
       0, 0, 0, 0, 0, 0, 0, 0, 0, 0, 0, 0, 0, 0, 0, 0, 0, 0, 0, 0, 0, 0,
       0, 0, 0, 0, 0, 0, 0, 0, 0, 0, 0, 0, 0, 0, 0, 0, 0, 0, 0, 0, 0, 0,
       0, 0, 0, 0, 0, 0, 0, 0, 0, 0, 0, 0, 0, 0, 0, 0, 0, 0, 0, 0, 0, 0,
       0, 0, 0, 0, 0, 0, 0, 0, 0, 0, 0, 0]), 'probabilities': array([0., 0., 0., 0., 0., 0., 0., 0., 0., 0., 0., 0., 0., 0., 0., 0., 0.,
       0., 0., 0., 0., 0., 0., 0., 0., 0., 0., 0., 0., 0., 0., 0., 0., 0.,
       0., 0., 0., 0., 0., 0., 0., 0., 0., 0., 0., 0., 0., 0., 0., 0., 0.,
       0., 0., 0., 0., 0., 0., 0., 0., 0., 0., 0., 0., 0., 0., 0., 0., 0.,
       0., 0., 0., 0., 0., 0., 0., 0., 0., 0., 0., 0., 0., 0., 0., 0., 0.,
       0., 0., 0., 0., 0., 0., 0., 0., 0., 0., 0., 0., 0., 0., 0.])}
2026-01-09 15:13:40,245 - qmt_strategy - INFO - 预测结果长度：100
2026-01-09 15:13:40,245 - qmt_strategy - INFO - 开始做出交易决策
2026-01-09 15:13:40,245 - qmt_strategy - INFO - 进行动态买点决策
2026-01-09 15:13:40,248 - qmt_strategy - DEBUG - 处理股票：000001.SZ，预测结果：0，预测概率：0.0，综合评分：33.0
2026-01-09 15:13:40,248 - qmt_strategy - DEBUG - 股票000001.SZ不满足买入条件，概率：0.0 < 阈值：0.1
2026-01-09 15:13:40,249 - qmt_strategy - DEBUG - 处理股票：000005.SZ，预测结果：0，预测概率：0.0，综合评分：33.0
2026-01-09 15:13:40,249 - qmt_strategy - DEBUG - 股票000005.SZ不满足买入条件，概率：0.0 < 阈值：0.1
2026-01-09 15:13:40,249 - qmt_strategy - DEBUG - 处理股票：000026.SZ，预测结果：0，预测概率：0.0，综合评分：33.0
2026-01-09 15:13:40,249 - qmt_strategy - DEBUG - 股票000026.SZ不满足买入条件，概率：0.0 < 阈值：0.1
2026-01-09 15:13:40,249 - qmt_strategy - DEBUG - 处理股票：000027.SZ，预测结果：0，预测概率：0.0，综合评分：33.0
2026-01-09 15:13:40,249 - qmt_strategy - DEBUG - 股票000027.SZ不满足买入条件，概率：0.0 < 阈值：0.1
2026-01-09 15:13:40,249 - qmt_strategy - DEBUG - 处理股票：000028.SZ，预测结果：0，预测概率：0.0，综合评分：33.0
2026-01-09 15:13:40,249 - qmt_strategy - DEBUG - 股票000028.SZ不满足买入条件，概率：0.0 < 阈值：0.1
2026-01-09 15:13:40,250 - qmt_strategy - INFO - 进行自适应卖点决策
2026-01-09 15:13:40,250 - qmt_strategy - INFO - 交易决策完成，共0个决策
2026-01-09 15:13:40,250 - qmt_strategy - INFO - 2025-12-01生成了0个交易决策
2026-01-09 15:13:40,250 - qmt_strategy - INFO - 进行风险控制检查
2026-01-09 15:13:40,250 - qmt_strategy - WARNING - 交易决策为空，跳过风险控制检查
2026-01-09 15:13:40,250 - qmt_strategy - INFO - 2025-12-01通过风险控制的决策数量：0
2026-01-09 15:13:40,250 - qmt_strategy - INFO - 2025-12-01没有通过风险控制的交易决策
2026-01-09 15:13:40,250 - qmt_strategy - INFO - 处理日期：2025-12-02，当日数据行数：100
2026-01-09 15:13:40,251 - qmt_strategy - INFO - 当日包含 100 只股票：['000001.SZ' '000002.SZ' '000003.SZ' '000004.SZ' '000005.SZ']...
2026-01-09 15:13:40,251 - qmt_strategy - INFO - 模拟2025-12-02的交易
2026-01-09 15:13:40,252 - qmt_strategy - INFO - 过滤后用于预测的数值特征数量：100
2026-01-09 15:13:40,252 - qmt_strategy - INFO - 使用模型进行预测
2026-01-09 15:13:40,290 - qmt_strategy - INFO - 模型预测完成
2026-01-09 15:13:40,291 - qmt_strategy - INFO - 预测结果类型：<class 'dict'>
2026-01-09 15:13:40,291 - qmt_strategy - INFO - 预测结果内容：{'predictions': array([0, 0, 0, 0, 0, 0, 0, 0, 0, 0, 0, 0, 0, 0, 0, 0, 0, 0, 0, 0, 0, 0,
       0, 0, 0, 0, 0, 0, 0, 0, 0, 0, 0, 0, 0, 0, 0, 0, 0, 0, 0, 0, 0, 0,
       0, 0, 0, 0, 0, 0, 0, 0, 0, 0, 0, 0, 0, 0, 0, 0, 0, 0, 0, 0, 0, 0,
       0, 0, 0, 0, 0, 0, 0, 0, 0, 0, 0, 0, 0, 0, 0, 0, 0, 0, 0, 0, 0, 0,
       0, 0, 0, 0, 0, 0, 0, 0, 0, 0, 0, 0]), 'probabilities': array([0., 0., 0., 0., 0., 0., 0., 0., 0., 0., 0., 0., 0., 0., 0., 0., 0.,
       0., 0., 0., 0., 0., 0., 0., 0., 0., 0., 0., 0., 0., 0., 0., 0., 0.,
       0., 0., 0., 0., 0., 0., 0., 0., 0., 0., 0., 0., 0., 0., 0., 0., 0.,
       0., 0., 0., 0., 0., 0., 0., 0., 0., 0., 0., 0., 0., 0., 0., 0., 0.,
       0., 0., 0., 0., 0., 0., 0., 0., 0., 0., 0., 0., 0., 0., 0., 0., 0.,
       0., 0., 0., 0., 0., 0., 0., 0., 0., 0., 0., 0., 0., 0., 0.])}
2026-01-09 15:13:40,292 - qmt_strategy - INFO - 预测结果长度：100
2026-01-09 15:13:40,292 - qmt_strategy - INFO - 开始做出交易决策
2026-01-09 15:13:40,292 - qmt_strategy - INFO - 进行动态买点决策
2026-01-09 15:13:40,296 - qmt_strategy - DEBUG - 处理股票：000001.SZ，预测结果：0，预测概率：0.0，综合评分：33.0
2026-01-09 15:13:40,297 - qmt_strategy - DEBUG - 股票000001.SZ不满足买入条件，概率：0.0 < 阈值：0.1
2026-01-09 15:13:40,297 - qmt_strategy - DEBUG - 处理股票：000004.SZ，预测结果：0，预测概率：0.0，综合评分：33.0
2026-01-09 15:13:40,297 - qmt_strategy - DEBUG - 股票000004.SZ不满足买入条件，概率：0.0 < 阈值：0.1
2026-01-09 15:13:40,297 - qmt_strategy - DEBUG - 处理股票：000005.SZ，预测结果：0，预测概率：0.0，综合评分：33.0
2026-01-09 15:13:40,297 - qmt_strategy - DEBUG - 股票000005.SZ不满足买入条件，概率：0.0 < 阈值：0.1
2026-01-09 15:13:40,297 - qmt_strategy - DEBUG - 处理股票：000012.SZ，预测结果：0，预测概率：0.0，综合评分：33.0
2026-01-09 15:13:40,297 - qmt_strategy - DEBUG - 股票000012.SZ不满足买入条件，概率：0.0 < 阈值：0.1
2026-01-09 15:13:40,298 - qmt_strategy - DEBUG - 处理股票：000024.SZ，预测结果：0，预测概率：0.0，综合评分：33.0
2026-01-09 15:13:40,298 - qmt_strategy - DEBUG - 股票000024.SZ不满足买入条件，概率：0.0 < 阈值：0.1
2026-01-09 15:13:40,298 - qmt_strategy - INFO - 进行自适应卖点决策
2026-01-09 15:13:40,298 - qmt_strategy - INFO - 交易决策完成，共0个决策
2026-01-09 15:13:40,298 - qmt_strategy - INFO - 2025-12-02生成了0个交易决策
2026-01-09 15:13:40,298 - qmt_strategy - INFO - 进行风险控制检查
2026-01-09 15:13:40,298 - qmt_strategy - WARNING - 交易决策为空，跳过风险控制检查
2026-01-09 15:13:40,298 - qmt_strategy - INFO - 2025-12-02通过风险控制的决策数量：0
2026-01-09 15:13:40,298 - qmt_strategy - INFO - 2025-12-02没有通过风险控制的交易决策
2026-01-09 15:13:40,299 - qmt_strategy - INFO - 处理日期：2025-12-03，当日数据行数：100
2026-01-09 15:13:40,299 - qmt_strategy - INFO - 当日包含 100 只股票：['000001.SZ' '000002.SZ' '000003.SZ' '000004.SZ' '000005.SZ']...
2026-01-09 15:13:40,299 - qmt_strategy - INFO - 模拟2025-12-03的交易
2026-01-09 15:13:40,300 - qmt_strategy - INFO - 过滤后用于预测的数值特征数量：100
2026-01-09 15:13:40,300 - qmt_strategy - INFO - 使用模型进行预测
2026-01-09 15:13:40,336 - qmt_strategy - INFO - 模型预测完成
2026-01-09 15:13:40,337 - qmt_strategy - INFO - 预测结果类型：<class 'dict'>
2026-01-09 15:13:40,337 - qmt_strategy - INFO - 预测结果内容：{'predictions': array([0, 0, 0, 0, 0, 0, 0, 0, 0, 0, 0, 0, 0, 0, 0, 0, 0, 0, 0, 0, 0, 0,
       0, 0, 0, 0, 0, 0, 0, 0, 0, 0, 0, 0, 0, 0, 0, 0, 0, 0, 0, 0, 0, 0,
       0, 0, 0, 0, 0, 0, 0, 0, 0, 0, 0, 0, 0, 0, 0, 0, 0, 0, 0, 0, 0, 0,
       0, 0, 0, 0, 0, 0, 0, 0, 0, 0, 0, 0, 0, 0, 0, 0, 0, 0, 0, 0, 0, 0,
       0, 0, 0, 0, 0, 0, 0, 0, 0, 0, 0, 0]), 'probabilities': array([0., 0., 0., 0., 0., 0., 0., 0., 0., 0., 0., 0., 0., 0., 0., 0., 0.,
       0., 0., 0., 0., 0., 0., 0., 0., 0., 0., 0., 0., 0., 0., 0., 0., 0.,
       0., 0., 0., 0., 0., 0., 0., 0., 0., 0., 0., 0., 0., 0., 0., 0., 0.,
       0., 0., 0., 0., 0., 0., 0., 0., 0., 0., 0., 0., 0., 0., 0., 0., 0.,
       0., 0., 0., 0., 0., 0., 0., 0., 0., 0., 0., 0., 0., 0., 0., 0., 0.,
       0., 0., 0., 0., 0., 0., 0., 0., 0., 0., 0., 0., 0., 0., 0.])}
2026-01-09 15:13:40,337 - qmt_strategy - INFO - 预测结果长度：100
2026-01-09 15:13:40,337 - qmt_strategy - INFO - 开始做出交易决策
2026-01-09 15:13:40,338 - qmt_strategy - INFO - 进行动态买点决策
2026-01-09 15:13:40,341 - qmt_strategy - DEBUG - 处理股票：000001.SZ，预测结果：0，预测概率：0.0，综合评分：33.0
2026-01-09 15:13:40,341 - qmt_strategy - DEBUG - 股票000001.SZ不满足买入条件，概率：0.0 < 阈值：0.1
2026-01-09 15:13:40,341 - qmt_strategy - DEBUG - 处理股票：000004.SZ，预测结果：0，预测概率：0.0，综合评分：33.0
2026-01-09 15:13:40,342 - qmt_strategy - DEBUG - 股票000004.SZ不满足买入条件，概率：0.0 < 阈值：0.1
2026-01-09 15:13:40,342 - qmt_strategy - DEBUG - 处理股票：000012.SZ，预测结果：0，预测概率：0.0，综合评分：33.0
2026-01-09 15:13:40,342 - qmt_strategy - DEBUG - 股票000012.SZ不满足买入条件，概率：0.0 < 阈值：0.1
2026-01-09 15:13:40,342 - qmt_strategy - DEBUG - 处理股票：000015.SZ，预测结果：0，预测概率：0.0，综合评分：33.0
2026-01-09 15:13:40,342 - qmt_strategy - DEBUG - 股票000015.SZ不满足买入条件，概率：0.0 < 阈值：0.1
2026-01-09 15:13:40,342 - qmt_strategy - DEBUG - 处理股票：000019.SZ，预测结果：0，预测概率：0.0，综合评分：33.0
2026-01-09 15:13:40,343 - qmt_strategy - DEBUG - 股票000019.SZ不满足买入条件，概率：0.0 < 阈值：0.1
2026-01-09 15:13:40,343 - qmt_strategy - INFO - 进行自适应卖点决策
2026-01-09 15:13:40,343 - qmt_strategy - INFO - 交易决策完成，共0个决策
2026-01-09 15:13:40,343 - qmt_strategy - INFO - 2025-12-03生成了0个交易决策
2026-01-09 15:13:40,343 - qmt_strategy - INFO - 进行风险控制检查
2026-01-09 15:13:40,344 - qmt_strategy - WARNING - 交易决策为空，跳过风险控制检查
2026-01-09 15:13:40,344 - qmt_strategy - INFO - 2025-12-03通过风险控制的决策数量：0
2026-01-09 15:13:40,344 - qmt_strategy - INFO - 2025-12-03没有通过风险控制的交易决策
2026-01-09 15:13:40,344 - qmt_strategy - INFO - 处理日期：2025-12-04，当日数据行数：100
2026-01-09 15:13:40,344 - qmt_strategy - INFO - 当日包含 100 只股票：['000001.SZ' '000002.SZ' '000003.SZ' '000004.SZ' '000005.SZ']...
2026-01-09 15:13:40,345 - qmt_strategy - INFO - 模拟2025-12-04的交易
2026-01-09 15:13:40,346 - qmt_strategy - INFO - 过滤后用于预测的数值特征数量：100
2026-01-09 15:13:40,346 - qmt_strategy - INFO - 使用模型进行预测
2026-01-09 15:13:40,395 - qmt_strategy - INFO - 模型预测完成
2026-01-09 15:13:40,395 - qmt_strategy - INFO - 预测结果类型：<class 'dict'>
2026-01-09 15:13:40,396 - qmt_strategy - INFO - 预测结果内容：{'predictions': array([0, 0, 0, 0, 0, 0, 0, 0, 0, 0, 0, 0, 0, 0, 0, 0, 0, 0, 0, 0, 0, 0,
       0, 0, 0, 0, 0, 0, 0, 0, 0, 0, 0, 0, 0, 0, 0, 0, 0, 0, 0, 0, 0, 0,
       0, 0, 0, 0, 0, 0, 0, 0, 0, 0, 0, 0, 0, 0, 0, 0, 0, 0, 0, 0, 0, 0,
       0, 0, 0, 0, 0, 0, 0, 0, 0, 0, 0, 0, 0, 0, 0, 0, 0, 0, 0, 0, 0, 0,
       0, 0, 0, 0, 0, 0, 0, 0, 0, 0, 0, 0]), 'probabilities': array([0., 0., 0., 0., 0., 0., 0., 0., 0., 0., 0., 0., 0., 0., 0., 0., 0.,
       0., 0., 0., 0., 0., 0., 0., 0., 0., 0., 0., 0., 0., 0., 0., 0., 0.,
       0., 0., 0., 0., 0., 0., 0., 0., 0., 0., 0., 0., 0., 0., 0., 0., 0.,
       0., 0., 0., 0., 0., 0., 0., 0., 0., 0., 0., 0., 0., 0., 0., 0., 0.,
       0., 0., 0., 0., 0., 0., 0., 0., 0., 0., 0., 0., 0., 0., 0., 0., 0.,
       0., 0., 0., 0., 0., 0., 0., 0., 0., 0., 0., 0., 0., 0., 0.])}
2026-01-09 15:13:40,396 - qmt_strategy - INFO - 预测结果长度：100
2026-01-09 15:13:40,396 - qmt_strategy - INFO - 开始做出交易决策
2026-01-09 15:13:40,396 - qmt_strategy - INFO - 进行动态买点决策
2026-01-09 15:13:40,399 - qmt_strategy - DEBUG - 处理股票：000012.SZ，预测结果：0，预测概率：0.0，综合评分：33.0
2026-01-09 15:13:40,399 - qmt_strategy - DEBUG - 股票000012.SZ不满足买入条件，概率：0.0 < 阈值：0.1
2026-01-09 15:13:40,399 - qmt_strategy - DEBUG - 处理股票：000016.SZ，预测结果：0，预测概率：0.0，综合评分：33.0
2026-01-09 15:13:40,399 - qmt_strategy - DEBUG - 股票000016.SZ不满足买入条件，概率：0.0 < 阈值：0.1
2026-01-09 15:13:40,399 - qmt_strategy - DEBUG - 处理股票：000019.SZ，预测结果：0，预测概率：0.0，综合评分：33.0
2026-01-09 15:13:40,399 - qmt_strategy - DEBUG - 股票000019.SZ不满足买入条件，概率：0.0 < 阈值：0.1
2026-01-09 15:13:40,399 - qmt_strategy - DEBUG - 处理股票：000024.SZ，预测结果：0，预测概率：0.0，综合评分：33.0
2026-01-09 15:13:40,400 - qmt_strategy - DEBUG - 股票000024.SZ不满足买入条件，概率：0.0 < 阈值：0.1
2026-01-09 15:13:40,400 - qmt_strategy - DEBUG - 处理股票：000026.SZ，预测结果：0，预测概率：0.0，综合评分：33.0
2026-01-09 15:13:40,400 - qmt_strategy - DEBUG - 股票000026.SZ不满足买入条件，概率：0.0 < 阈值：0.1
2026-01-09 15:13:40,400 - qmt_strategy - INFO - 进行自适应卖点决策
2026-01-09 15:13:40,400 - qmt_strategy - INFO - 交易决策完成，共0个决策
2026-01-09 15:13:40,400 - qmt_strategy - INFO - 2025-12-04生成了0个交易决策
2026-01-09 15:13:40,400 - qmt_strategy - INFO - 进行风险控制检查
2026-01-09 15:13:40,400 - qmt_strategy - WARNING - 交易决策为空，跳过风险控制检查
2026-01-09 15:13:40,400 - qmt_strategy - INFO - 2025-12-04通过风险控制的决策数量：0
2026-01-09 15:13:40,400 - qmt_strategy - INFO - 2025-12-04没有通过风险控制的交易决策
2026-01-09 15:13:40,401 - qmt_strategy - INFO - 处理日期：2025-12-05，当日数据行数：100
2026-01-09 15:13:40,401 - qmt_strategy - INFO - 当日包含 100 只股票：['000001.SZ' '000002.SZ' '000003.SZ' '000004.SZ' '000005.SZ']...
2026-01-09 15:13:40,401 - qmt_strategy - INFO - 模拟2025-12-05的交易
2026-01-09 15:13:40,402 - qmt_strategy - INFO - 过滤后用于预测的数值特征数量：100
2026-01-09 15:13:40,402 - qmt_strategy - INFO - 使用模型进行预测
2026-01-09 15:13:40,439 - qmt_strategy - INFO - 模型预测完成
2026-01-09 15:13:40,439 - qmt_strategy - INFO - 预测结果类型：<class 'dict'>
2026-01-09 15:13:40,440 - qmt_strategy - INFO - 预测结果内容：{'predictions': array([0, 0, 0, 0, 0, 0, 0, 0, 0, 0, 0, 0, 0, 0, 0, 0, 0, 0, 0, 0, 0, 0,
       0, 0, 0, 0, 0, 0, 0, 0, 0, 0, 0, 0, 0, 0, 0, 0, 0, 0, 0, 0, 0, 0,
       0, 0, 0, 0, 0, 0, 0, 0, 0, 0, 0, 0, 0, 0, 0, 0, 0, 0, 0, 0, 0, 0,
       0, 0, 0, 0, 0, 0, 0, 0, 0, 0, 0, 0, 0, 0, 0, 0, 0, 0, 0, 0, 0, 0,
       0, 0, 0, 0, 0, 0, 0, 0, 0, 0, 0, 0]), 'probabilities': array([0., 0., 0., 0., 0., 0., 0., 0., 0., 0., 0., 0., 0., 0., 0., 0., 0.,
       0., 0., 0., 0., 0., 0., 0., 0., 0., 0., 0., 0., 0., 0., 0., 0., 0.,
       0., 0., 0., 0., 0., 0., 0., 0., 0., 0., 0., 0., 0., 0., 0., 0., 0.,
       0., 0., 0., 0., 0., 0., 0., 0., 0., 0., 0., 0., 0., 0., 0., 0., 0.,
       0., 0., 0., 0., 0., 0., 0., 0., 0., 0., 0., 0., 0., 0., 0., 0., 0.,
       0., 0., 0., 0., 0., 0., 0., 0., 0., 0., 0., 0., 0., 0., 0.])}
2026-01-09 15:13:40,440 - qmt_strategy - INFO - 预测结果长度：100
2026-01-09 15:13:40,440 - qmt_strategy - INFO - 开始做出交易决策
2026-01-09 15:13:40,440 - qmt_strategy - INFO - 进行动态买点决策
2026-01-09 15:13:40,444 - qmt_strategy - DEBUG - 处理股票：000012.SZ，预测结果：0，预测概率：0.0，综合评分：33.0
2026-01-09 15:13:40,444 - qmt_strategy - DEBUG - 股票000012.SZ不满足买入条件，概率：0.0 < 阈值：0.1
2026-01-09 15:13:40,444 - qmt_strategy - DEBUG - 处理股票：000016.SZ，预测结果：0，预测概率：0.0，综合评分：33.0
2026-01-09 15:13:40,445 - qmt_strategy - DEBUG - 股票000016.SZ不满足买入条件，概率：0.0 < 阈值：0.1
2026-01-09 15:13:40,445 - qmt_strategy - DEBUG - 处理股票：000024.SZ，预测结果：0，预测概率：0.0，综合评分：33.0
2026-01-09 15:13:40,445 - qmt_strategy - DEBUG - 股票000024.SZ不满足买入条件，概率：0.0 < 阈值：0.1
2026-01-09 15:13:40,445 - qmt_strategy - DEBUG - 处理股票：000026.SZ，预测结果：0，预测概率：0.0，综合评分：33.0
2026-01-09 15:13:40,445 - qmt_strategy - DEBUG - 股票000026.SZ不满足买入条件，概率：0.0 < 阈值：0.1
2026-01-09 15:13:40,445 - qmt_strategy - DEBUG - 处理股票：000027.SZ，预测结果：0，预测概率：0.0，综合评分：33.0
2026-01-09 15:13:40,445 - qmt_strategy - DEBUG - 股票000027.SZ不满足买入条件，概率：0.0 < 阈值：0.1
2026-01-09 15:13:40,445 - qmt_strategy - INFO - 进行自适应卖点决策
2026-01-09 15:13:40,446 - qmt_strategy - INFO - 交易决策完成，共0个决策
2026-01-09 15:13:40,446 - qmt_strategy - INFO - 2025-12-05生成了0个交易决策
2026-01-09 15:13:40,446 - qmt_strategy - INFO - 进行风险控制检查
2026-01-09 15:13:40,446 - qmt_strategy - WARNING - 交易决策为空，跳过风险控制检查
2026-01-09 15:13:40,446 - qmt_strategy - INFO - 2025-12-05通过风险控制的决策数量：0
2026-01-09 15:13:40,446 - qmt_strategy - INFO - 2025-12-05没有通过风险控制的交易决策
2026-01-09 15:13:40,446 - qmt_strategy - INFO - 处理日期：2025-12-08，当日数据行数：100
2026-01-09 15:13:40,447 - qmt_strategy - INFO - 当日包含 100 只股票：['000001.SZ' '000002.SZ' '000003.SZ' '000004.SZ' '000005.SZ']...
2026-01-09 15:13:40,447 - qmt_strategy - INFO - 模拟2025-12-08的交易
2026-01-09 15:13:40,448 - qmt_strategy - INFO - 过滤后用于预测的数值特征数量：100
2026-01-09 15:13:40,448 - qmt_strategy - INFO - 使用模型进行预测
2026-01-09 15:13:40,494 - qmt_strategy - INFO - 模型预测完成
2026-01-09 15:13:40,494 - qmt_strategy - INFO - 预测结果类型：<class 'dict'>
2026-01-09 15:13:40,494 - qmt_strategy - INFO - 预测结果内容：{'predictions': array([0, 0, 0, 0, 0, 0, 0, 0, 0, 0, 0, 0, 0, 0, 0, 0, 0, 0, 0, 0, 0, 0,
       0, 0, 0, 0, 0, 0, 0, 0, 0, 0, 0, 0, 0, 0, 0, 0, 0, 0, 0, 0, 0, 0,
       0, 0, 0, 0, 0, 0, 0, 0, 0, 0, 0, 0, 0, 0, 0, 0, 0, 0, 0, 0, 0, 0,
       0, 0, 0, 0, 0, 0, 0, 0, 0, 0, 0, 0, 0, 0, 0, 0, 0, 0, 0, 0, 0, 0,
       0, 0, 0, 0, 0, 0, 0, 0, 0, 0, 0, 0]), 'probabilities': array([0., 0., 0., 0., 0., 0., 0., 0., 0., 0., 0., 0., 0., 0., 0., 0., 0.,
       0., 0., 0., 0., 0., 0., 0., 0., 0., 0., 0., 0., 0., 0., 0., 0., 0.,
       0., 0., 0., 0., 0., 0., 0., 0., 0., 0., 0., 0., 0., 0., 0., 0., 0.,
       0., 0., 0., 0., 0., 0., 0., 0., 0., 0., 0., 0., 0., 0., 0., 0., 0.,
       0., 0., 0., 0., 0., 0., 0., 0., 0., 0., 0., 0., 0., 0., 0., 0., 0.,
       0., 0., 0., 0., 0., 0., 0., 0., 0., 0., 0., 0., 0., 0., 0.])}
2026-01-09 15:13:40,495 - qmt_strategy - INFO - 预测结果长度：100
2026-01-09 15:13:40,495 - qmt_strategy - INFO - 开始做出交易决策
2026-01-09 15:13:40,495 - qmt_strategy - INFO - 进行动态买点决策
2026-01-09 15:13:40,498 - qmt_strategy - DEBUG - 处理股票：000008.SZ，预测结果：0，预测概率：0.0，综合评分：33.0
2026-01-09 15:13:40,498 - qmt_strategy - DEBUG - 股票000008.SZ不满足买入条件，概率：0.0 < 阈值：0.1
2026-01-09 15:13:40,498 - qmt_strategy - DEBUG - 处理股票：000015.SZ，预测结果：0，预测概率：0.0，综合评分：33.0
2026-01-09 15:13:40,499 - qmt_strategy - DEBUG - 股票000015.SZ不满足买入条件，概率：0.0 < 阈值：0.1
2026-01-09 15:13:40,499 - qmt_strategy - DEBUG - 处理股票：000016.SZ，预测结果：0，预测概率：0.0，综合评分：33.0
2026-01-09 15:13:40,499 - qmt_strategy - DEBUG - 股票000016.SZ不满足买入条件，概率：0.0 < 阈值：0.1
2026-01-09 15:13:40,499 - qmt_strategy - DEBUG - 处理股票：000017.SZ，预测结果：0，预测概率：0.0，综合评分：33.0
2026-01-09 15:13:40,499 - qmt_strategy - DEBUG - 股票000017.SZ不满足买入条件，概率：0.0 < 阈值：0.1
2026-01-09 15:13:40,499 - qmt_strategy - DEBUG - 处理股票：000021.SZ，预测结果：0，预测概率：0.0，综合评分：33.0
2026-01-09 15:13:40,499 - qmt_strategy - DEBUG - 股票000021.SZ不满足买入条件，概率：0.0 < 阈值：0.1
2026-01-09 15:13:40,499 - qmt_strategy - INFO - 进行自适应卖点决策
2026-01-09 15:13:40,500 - qmt_strategy - INFO - 交易决策完成，共0个决策
2026-01-09 15:13:40,500 - qmt_strategy - INFO - 2025-12-08生成了0个交易决策
2026-01-09 15:13:40,500 - qmt_strategy - INFO - 进行风险控制检查
2026-01-09 15:13:40,500 - qmt_strategy - WARNING - 交易决策为空，跳过风险控制检查
2026-01-09 15:13:40,500 - qmt_strategy - INFO - 2025-12-08通过风险控制的决策数量：0
2026-01-09 15:13:40,500 - qmt_strategy - INFO - 2025-12-08没有通过风险控制的交易决策
2026-01-09 15:13:40,500 - qmt_strategy - INFO - 处理日期：2025-12-09，当日数据行数：100
2026-01-09 15:13:40,500 - qmt_strategy - INFO - 当日包含 100 只股票：['000001.SZ' '000002.SZ' '000003.SZ' '000004.SZ' '000005.SZ']...
2026-01-09 15:13:40,501 - qmt_strategy - INFO - 模拟2025-12-09的交易
2026-01-09 15:13:40,501 - qmt_strategy - INFO - 过滤后用于预测的数值特征数量：100
2026-01-09 15:13:40,501 - qmt_strategy - INFO - 使用模型进行预测
2026-01-09 15:13:40,543 - qmt_strategy - INFO - 模型预测完成
2026-01-09 15:13:40,544 - qmt_strategy - INFO - 预测结果类型：<class 'dict'>
2026-01-09 15:13:40,544 - qmt_strategy - INFO - 预测结果内容：{'predictions': array([0, 0, 0, 0, 0, 0, 0, 0, 0, 0, 0, 0, 0, 0, 0, 0, 0, 0, 0, 0, 0, 0,
       0, 0, 0, 0, 0, 0, 0, 0, 0, 0, 0, 0, 0, 0, 0, 0, 0, 0, 0, 0, 0, 0,
       0, 0, 0, 0, 0, 0, 0, 0, 0, 0, 0, 0, 0, 0, 0, 0, 0, 0, 0, 0, 0, 0,
       0, 0, 0, 0, 0, 0, 0, 0, 0, 0, 0, 0, 0, 0, 0, 0, 0, 0, 0, 0, 0, 0,
       0, 0, 0, 0, 0, 0, 0, 0, 0, 0, 0, 0]), 'probabilities': array([0., 0., 0., 0., 0., 0., 0., 0., 0., 0., 0., 0., 0., 0., 0., 0., 0.,
       0., 0., 0., 0., 0., 0., 0., 0., 0., 0., 0., 0., 0., 0., 0., 0., 0.,
       0., 0., 0., 0., 0., 0., 0., 0., 0., 0., 0., 0., 0., 0., 0., 0., 0.,
       0., 0., 0., 0., 0., 0., 0., 0., 0., 0., 0., 0., 0., 0., 0., 0., 0.,
       0., 0., 0., 0., 0., 0., 0., 0., 0., 0., 0., 0., 0., 0., 0., 0., 0.,
       0., 0., 0., 0., 0., 0., 0., 0., 0., 0., 0., 0., 0., 0., 0.])}
2026-01-09 15:13:40,545 - qmt_strategy - INFO - 预测结果长度：100
2026-01-09 15:13:40,545 - qmt_strategy - INFO - 开始做出交易决策
2026-01-09 15:13:40,545 - qmt_strategy - INFO - 进行动态买点决策
2026-01-09 15:13:40,548 - qmt_strategy - DEBUG - 处理股票：000003.SZ，预测结果：0，预测概率：0.0，综合评分：33.0
2026-01-09 15:13:40,549 - qmt_strategy - DEBUG - 股票000003.SZ不满足买入条件，概率：0.0 < 阈值：0.1
2026-01-09 15:13:40,549 - qmt_strategy - DEBUG - 处理股票：000008.SZ，预测结果：0，预测概率：0.0，综合评分：33.0
2026-01-09 15:13:40,549 - qmt_strategy - DEBUG - 股票000008.SZ不满足买入条件，概率：0.0 < 阈值：0.1
2026-01-09 15:13:40,549 - qmt_strategy - DEBUG - 处理股票：000015.SZ，预测结果：0，预测概率：0.0，综合评分：33.0
2026-01-09 15:13:40,549 - qmt_strategy - DEBUG - 股票000015.SZ不满足买入条件，概率：0.0 < 阈值：0.1
2026-01-09 15:13:40,549 - qmt_strategy - DEBUG - 处理股票：000016.SZ，预测结果：0，预测概率：0.0，综合评分：33.0
2026-01-09 15:13:40,550 - qmt_strategy - DEBUG - 股票000016.SZ不满足买入条件，概率：0.0 < 阈值：0.1
2026-01-09 15:13:40,550 - qmt_strategy - DEBUG - 处理股票：000017.SZ，预测结果：0，预测概率：0.0，综合评分：33.0
2026-01-09 15:13:40,550 - qmt_strategy - DEBUG - 股票000017.SZ不满足买入条件，概率：0.0 < 阈值：0.1
2026-01-09 15:13:40,550 - qmt_strategy - INFO - 进行自适应卖点决策
2026-01-09 15:13:40,550 - qmt_strategy - INFO - 交易决策完成，共0个决策
2026-01-09 15:13:40,550 - qmt_strategy - INFO - 2025-12-09生成了0个交易决策
2026-01-09 15:13:40,550 - qmt_strategy - INFO - 进行风险控制检查
2026-01-09 15:13:40,550 - qmt_strategy - WARNING - 交易决策为空，跳过风险控制检查
2026-01-09 15:13:40,550 - qmt_strategy - INFO - 2025-12-09通过风险控制的决策数量：0
2026-01-09 15:13:40,550 - qmt_strategy - INFO - 2025-12-09没有通过风险控制的交易决策
2026-01-09 15:13:40,551 - qmt_strategy - INFO - 处理日期：2025-12-10，当日数据行数：100
2026-01-09 15:13:40,551 - qmt_strategy - INFO - 当日包含 100 只股票：['000001.SZ' '000002.SZ' '000003.SZ' '000004.SZ' '000005.SZ']...
2026-01-09 15:13:40,551 - qmt_strategy - INFO - 模拟2025-12-10的交易
2026-01-09 15:13:40,552 - qmt_strategy - INFO - 过滤后用于预测的数值特征数量：100
2026-01-09 15:13:40,552 - qmt_strategy - INFO - 使用模型进行预测
2026-01-09 15:13:40,592 - qmt_strategy - INFO - 模型预测完成
2026-01-09 15:13:40,592 - qmt_strategy - INFO - 预测结果类型：<class 'dict'>
2026-01-09 15:13:40,593 - qmt_strategy - INFO - 预测结果内容：{'predictions': array([0, 0, 0, 0, 0, 0, 0, 0, 0, 0, 0, 0, 0, 0, 0, 0, 0, 0, 0, 0, 0, 0,
       0, 0, 0, 0, 0, 0, 0, 0, 0, 0, 0, 0, 0, 0, 0, 0, 0, 0, 0, 0, 0, 0,
       0, 0, 0, 0, 0, 0, 0, 0, 0, 0, 0, 0, 0, 0, 0, 0, 0, 0, 0, 0, 0, 0,
       0, 0, 0, 0, 0, 0, 0, 0, 0, 0, 0, 0, 0, 0, 0, 0, 0, 0, 0, 0, 0, 0,
       0, 0, 0, 0, 0, 0, 0, 0, 0, 0, 0, 0]), 'probabilities': array([0., 0., 0., 0., 0., 0., 0., 0., 0., 0., 0., 0., 0., 0., 0., 0., 0.,
       0., 0., 0., 0., 0., 0., 0., 0., 0., 0., 0., 0., 0., 0., 0., 0., 0.,
       0., 0., 0., 0., 0., 0., 0., 0., 0., 0., 0., 0., 0., 0., 0., 0., 0.,
       0., 0., 0., 0., 0., 0., 0., 0., 0., 0., 0., 0., 0., 0., 0., 0., 0.,
       0., 0., 0., 0., 0., 0., 0., 0., 0., 0., 0., 0., 0., 0., 0., 0., 0.,
       0., 0., 0., 0., 0., 0., 0., 0., 0., 0., 0., 0., 0., 0., 0.])}
2026-01-09 15:13:40,593 - qmt_strategy - INFO - 预测结果长度：100
2026-01-09 15:13:40,594 - qmt_strategy - INFO - 开始做出交易决策
2026-01-09 15:13:40,594 - qmt_strategy - INFO - 进行动态买点决策
2026-01-09 15:13:40,597 - qmt_strategy - DEBUG - 处理股票：000003.SZ，预测结果：0，预测概率：0.0，综合评分：33.0
2026-01-09 15:13:40,597 - qmt_strategy - DEBUG - 股票000003.SZ不满足买入条件，概率：0.0 < 阈值：0.1
2026-01-09 15:13:40,598 - qmt_strategy - DEBUG - 处理股票：000015.SZ，预测结果：0，预测概率：0.0，综合评分：33.0
2026-01-09 15:13:40,598 - qmt_strategy - DEBUG - 股票000015.SZ不满足买入条件，概率：0.0 < 阈值：0.1
2026-01-09 15:13:40,598 - qmt_strategy - DEBUG - 处理股票：000016.SZ，预测结果：0，预测概率：0.0，综合评分：33.0
2026-01-09 15:13:40,598 - qmt_strategy - DEBUG - 股票000016.SZ不满足买入条件，概率：0.0 < 阈值：0.1
2026-01-09 15:13:40,598 - qmt_strategy - DEBUG - 处理股票：000017.SZ，预测结果：0，预测概率：0.0，综合评分：33.0
2026-01-09 15:13:40,598 - qmt_strategy - DEBUG - 股票000017.SZ不满足买入条件，概率：0.0 < 阈值：0.1
2026-01-09 15:13:40,598 - qmt_strategy - DEBUG - 处理股票：000021.SZ，预测结果：0，预测概率：0.0，综合评分：33.0
2026-01-09 15:13:40,599 - qmt_strategy - DEBUG - 股票000021.SZ不满足买入条件，概率：0.0 < 阈值：0.1
2026-01-09 15:13:40,599 - qmt_strategy - INFO - 进行自适应卖点决策
2026-01-09 15:13:40,599 - qmt_strategy - INFO - 交易决策完成，共0个决策
2026-01-09 15:13:40,599 - qmt_strategy - INFO - 2025-12-10生成了0个交易决策
2026-01-09 15:13:40,599 - qmt_strategy - INFO - 进行风险控制检查
2026-01-09 15:13:40,599 - qmt_strategy - WARNING - 交易决策为空，跳过风险控制检查
2026-01-09 15:13:40,599 - qmt_strategy - INFO - 2025-12-10通过风险控制的决策数量：0
2026-01-09 15:13:40,600 - qmt_strategy - INFO - 2025-12-10没有通过风险控制的交易决策
2026-01-09 15:13:40,600 - qmt_strategy - INFO - 处理日期：2025-12-11，当日数据行数：100
2026-01-09 15:13:40,600 - qmt_strategy - INFO - 当日包含 100 只股票：['000001.SZ' '000002.SZ' '000003.SZ' '000004.SZ' '000005.SZ']...
2026-01-09 15:13:40,600 - qmt_strategy - INFO - 模拟2025-12-11的交易
2026-01-09 15:13:40,601 - qmt_strategy - INFO - 过滤后用于预测的数值特征数量：100
2026-01-09 15:13:40,601 - qmt_strategy - INFO - 使用模型进行预测
2026-01-09 15:13:40,642 - qmt_strategy - INFO - 模型预测完成
2026-01-09 15:13:40,642 - qmt_strategy - INFO - 预测结果类型：<class 'dict'>
2026-01-09 15:13:40,643 - qmt_strategy - INFO - 预测结果内容：{'predictions': array([0, 0, 0, 0, 0, 0, 0, 0, 0, 0, 0, 0, 0, 0, 0, 0, 0, 0, 0, 0, 0, 0,
       0, 0, 0, 0, 0, 0, 0, 0, 0, 0, 0, 0, 0, 0, 0, 0, 0, 0, 0, 0, 0, 0,
       0, 0, 0, 0, 0, 0, 0, 0, 0, 0, 0, 0, 0, 0, 0, 0, 0, 0, 0, 0, 0, 0,
       0, 0, 0, 0, 0, 0, 0, 0, 0, 0, 0, 0, 0, 0, 0, 0, 0, 0, 0, 0, 0, 0,
       0, 0, 0, 0, 0, 0, 0, 0, 0, 0, 0, 0]), 'probabilities': array([0., 0., 0., 0., 0., 0., 0., 0., 0., 0., 0., 0., 0., 0., 0., 0., 0.,
       0., 0., 0., 0., 0., 0., 0., 0., 0., 0., 0., 0., 0., 0., 0., 0., 0.,
       0., 0., 0., 0., 0., 0., 0., 0., 0., 0., 0., 0., 0., 0., 0., 0., 0.,
       0., 0., 0., 0., 0., 0., 0., 0., 0., 0., 0., 0., 0., 0., 0., 0., 0.,
       0., 0., 0., 0., 0., 0., 0., 0., 0., 0., 0., 0., 0., 0., 0., 0., 0.,
       0., 0., 0., 0., 0., 0., 0., 0., 0., 0., 0., 0., 0., 0., 0.])}
2026-01-09 15:13:40,643 - qmt_strategy - INFO - 预测结果长度：100
2026-01-09 15:13:40,644 - qmt_strategy - INFO - 开始做出交易决策
2026-01-09 15:13:40,644 - qmt_strategy - INFO - 进行动态买点决策
2026-01-09 15:13:40,647 - qmt_strategy - DEBUG - 处理股票：000003.SZ，预测结果：0，预测概率：0.0，综合评分：33.0
2026-01-09 15:13:40,647 - qmt_strategy - DEBUG - 股票000003.SZ不满足买入条件，概率：0.0 < 阈值：0.1
2026-01-09 15:13:40,647 - qmt_strategy - DEBUG - 处理股票：000015.SZ，预测结果：0，预测概率：0.0，综合评分：33.0
2026-01-09 15:13:40,647 - qmt_strategy - DEBUG - 股票000015.SZ不满足买入条件，概率：0.0 < 阈值：0.1
2026-01-09 15:13:40,647 - qmt_strategy - DEBUG - 处理股票：000017.SZ，预测结果：0，预测概率：0.0，综合评分：33.0
2026-01-09 15:13:40,647 - qmt_strategy - DEBUG - 股票000017.SZ不满足买入条件，概率：0.0 < 阈值：0.1
2026-01-09 15:13:40,647 - qmt_strategy - DEBUG - 处理股票：000022.SZ，预测结果：0，预测概率：0.0，综合评分：33.0
2026-01-09 15:13:40,648 - qmt_strategy - DEBUG - 股票000022.SZ不满足买入条件，概率：0.0 < 阈值：0.1
2026-01-09 15:13:40,648 - qmt_strategy - DEBUG - 处理股票：000026.SZ，预测结果：0，预测概率：0.0，综合评分：33.0
2026-01-09 15:13:40,648 - qmt_strategy - DEBUG - 股票000026.SZ不满足买入条件，概率：0.0 < 阈值：0.1
2026-01-09 15:13:40,648 - qmt_strategy - INFO - 进行自适应卖点决策
2026-01-09 15:13:40,648 - qmt_strategy - INFO - 交易决策完成，共0个决策
2026-01-09 15:13:40,648 - qmt_strategy - INFO - 2025-12-11生成了0个交易决策
2026-01-09 15:13:40,649 - qmt_strategy - INFO - 进行风险控制检查
2026-01-09 15:13:40,649 - qmt_strategy - WARNING - 交易决策为空，跳过风险控制检查
2026-01-09 15:13:40,649 - qmt_strategy - INFO - 2025-12-11通过风险控制的决策数量：0
2026-01-09 15:13:40,649 - qmt_strategy - INFO - 2025-12-11没有通过风险控制的交易决策
2026-01-09 15:13:40,649 - qmt_strategy - INFO - 处理日期：2025-12-12，当日数据行数：100
2026-01-09 15:13:40,650 - qmt_strategy - INFO - 当日包含 100 只股票：['000001.SZ' '000002.SZ' '000003.SZ' '000004.SZ' '000005.SZ']...
2026-01-09 15:13:40,650 - qmt_strategy - INFO - 模拟2025-12-12的交易
2026-01-09 15:13:40,651 - qmt_strategy - INFO - 过滤后用于预测的数值特征数量：100
2026-01-09 15:13:40,651 - qmt_strategy - INFO - 使用模型进行预测
2026-01-09 15:13:40,709 - qmt_strategy - INFO - 模型预测完成
2026-01-09 15:13:40,710 - qmt_strategy - INFO - 预测结果类型：<class 'dict'>
2026-01-09 15:13:40,710 - qmt_strategy - INFO - 预测结果内容：{'predictions': array([0, 0, 0, 0, 0, 0, 0, 0, 0, 0, 0, 0, 0, 0, 0, 0, 0, 0, 0, 0, 0, 0,
       0, 0, 0, 0, 0, 0, 0, 0, 0, 0, 0, 0, 0, 0, 0, 0, 0, 0, 0, 0, 0, 0,
       0, 0, 0, 0, 0, 0, 0, 0, 0, 0, 0, 0, 0, 0, 0, 0, 0, 0, 0, 0, 0, 0,
       0, 0, 0, 0, 0, 0, 0, 0, 0, 0, 0, 0, 0, 0, 0, 0, 0, 0, 0, 0, 0, 0,
       0, 0, 0, 0, 0, 0, 0, 0, 0, 0, 0, 0]), 'probabilities': array([0., 0., 0., 0., 0., 0., 0., 0., 0., 0., 0., 0., 0., 0., 0., 0., 0.,
       0., 0., 0., 0., 0., 0., 0., 0., 0., 0., 0., 0., 0., 0., 0., 0., 0.,
       0., 0., 0., 0., 0., 0., 0., 0., 0., 0., 0., 0., 0., 0., 0., 0., 0.,
       0., 0., 0., 0., 0., 0., 0., 0., 0., 0., 0., 0., 0., 0., 0., 0., 0.,
       0., 0., 0., 0., 0., 0., 0., 0., 0., 0., 0., 0., 0., 0., 0., 0., 0.,
       0., 0., 0., 0., 0., 0., 0., 0., 0., 0., 0., 0., 0., 0., 0.])}
2026-01-09 15:13:40,711 - qmt_strategy - INFO - 预测结果长度：100
2026-01-09 15:13:40,711 - qmt_strategy - INFO - 开始做出交易决策
2026-01-09 15:13:40,711 - qmt_strategy - INFO - 进行动态买点决策
2026-01-09 15:13:40,714 - qmt_strategy - DEBUG - 处理股票：000003.SZ，预测结果：0，预测概率：0.0，综合评分：33.0
2026-01-09 15:13:40,714 - qmt_strategy - DEBUG - 股票000003.SZ不满足买入条件，概率：0.0 < 阈值：0.1
2026-01-09 15:13:40,714 - qmt_strategy - DEBUG - 处理股票：000011.SZ，预测结果：0，预测概率：0.0，综合评分：33.0
2026-01-09 15:13:40,714 - qmt_strategy - DEBUG - 股票000011.SZ不满足买入条件，概率：0.0 < 阈值：0.1
2026-01-09 15:13:40,715 - qmt_strategy - DEBUG - 处理股票：000012.SZ，预测结果：0，预测概率：0.0，综合评分：33.0
2026-01-09 15:13:40,715 - qmt_strategy - DEBUG - 股票000012.SZ不满足买入条件，概率：0.0 < 阈值：0.1
2026-01-09 15:13:40,715 - qmt_strategy - DEBUG - 处理股票：000022.SZ，预测结果：0，预测概率：0.0，综合评分：33.0
2026-01-09 15:13:40,715 - qmt_strategy - DEBUG - 股票000022.SZ不满足买入条件，概率：0.0 < 阈值：0.1
2026-01-09 15:13:40,715 - qmt_strategy - DEBUG - 处理股票：000024.SZ，预测结果：0，预测概率：0.0，综合评分：33.0
2026-01-09 15:13:40,715 - qmt_strategy - DEBUG - 股票000024.SZ不满足买入条件，概率：0.0 < 阈值：0.1
2026-01-09 15:13:40,715 - qmt_strategy - INFO - 进行自适应卖点决策
2026-01-09 15:13:40,715 - qmt_strategy - INFO - 交易决策完成，共0个决策
2026-01-09 15:13:40,715 - qmt_strategy - INFO - 2025-12-12生成了0个交易决策
2026-01-09 15:13:40,715 - qmt_strategy - INFO - 进行风险控制检查
2026-01-09 15:13:40,716 - qmt_strategy - WARNING - 交易决策为空，跳过风险控制检查
2026-01-09 15:13:40,716 - qmt_strategy - INFO - 2025-12-12通过风险控制的决策数量：0
2026-01-09 15:13:40,716 - qmt_strategy - INFO - 2025-12-12没有通过风险控制的交易决策
2026-01-09 15:13:40,716 - qmt_strategy - INFO - 处理日期：2025-12-15，当日数据行数：100
2026-01-09 15:13:40,716 - qmt_strategy - INFO - 当日包含 100 只股票：['000001.SZ' '000002.SZ' '000003.SZ' '000004.SZ' '000005.SZ']...
2026-01-09 15:13:40,716 - qmt_strategy - INFO - 模拟2025-12-15的交易
2026-01-09 15:13:40,717 - qmt_strategy - INFO - 过滤后用于预测的数值特征数量：100
2026-01-09 15:13:40,717 - qmt_strategy - INFO - 使用模型进行预测
2026-01-09 15:13:40,754 - qmt_strategy - INFO - 模型预测完成
2026-01-09 15:13:40,754 - qmt_strategy - INFO - 预测结果类型：<class 'dict'>
2026-01-09 15:13:40,755 - qmt_strategy - INFO - 预测结果内容：{'predictions': array([0, 0, 0, 0, 0, 0, 0, 0, 0, 0, 0, 0, 0, 0, 0, 0, 0, 0, 0, 0, 0, 0,
       0, 0, 0, 0, 0, 0, 0, 0, 0, 0, 0, 0, 0, 0, 0, 0, 0, 0, 0, 0, 0, 0,
       0, 0, 0, 0, 0, 0, 0, 0, 0, 0, 0, 0, 0, 0, 0, 0, 0, 0, 0, 0, 0, 0,
       0, 0, 0, 0, 0, 0, 0, 0, 0, 0, 0, 0, 0, 0, 0, 0, 0, 0, 0, 0, 0, 0,
       0, 0, 0, 0, 0, 0, 0, 0, 0, 0, 0, 0]), 'probabilities': array([0., 0., 0., 0., 0., 0., 0., 0., 0., 0., 0., 0., 0., 0., 0., 0., 0.,
       0., 0., 0., 0., 0., 0., 0., 0., 0., 0., 0., 0., 0., 0., 0., 0., 0.,
       0., 0., 0., 0., 0., 0., 0., 0., 0., 0., 0., 0., 0., 0., 0., 0., 0.,
       0., 0., 0., 0., 0., 0., 0., 0., 0., 0., 0., 0., 0., 0., 0., 0., 0.,
       0., 0., 0., 0., 0., 0., 0., 0., 0., 0., 0., 0., 0., 0., 0., 0., 0.,
       0., 0., 0., 0., 0., 0., 0., 0., 0., 0., 0., 0., 0., 0., 0.])}
2026-01-09 15:13:40,755 - qmt_strategy - INFO - 预测结果长度：100
2026-01-09 15:13:40,755 - qmt_strategy - INFO - 开始做出交易决策
2026-01-09 15:13:40,756 - qmt_strategy - INFO - 进行动态买点决策
2026-01-09 15:13:40,760 - qmt_strategy - DEBUG - 处理股票：000003.SZ，预测结果：0，预测概率：0.0，综合评分：33.0
2026-01-09 15:13:40,760 - qmt_strategy - DEBUG - 股票000003.SZ不满足买入条件，概率：0.0 < 阈值：0.1
2026-01-09 15:13:40,760 - qmt_strategy - DEBUG - 处理股票：000009.SZ，预测结果：0，预测概率：0.0，综合评分：33.0
2026-01-09 15:13:40,760 - qmt_strategy - DEBUG - 股票000009.SZ不满足买入条件，概率：0.0 < 阈值：0.1
2026-01-09 15:13:40,761 - qmt_strategy - DEBUG - 处理股票：000012.SZ，预测结果：0，预测概率：0.0，综合评分：33.0
2026-01-09 15:13:40,761 - qmt_strategy - DEBUG - 股票000012.SZ不满足买入条件，概率：0.0 < 阈值：0.1
2026-01-09 15:13:40,761 - qmt_strategy - DEBUG - 处理股票：000013.SZ，预测结果：0，预测概率：0.0，综合评分：33.0
2026-01-09 15:13:40,761 - qmt_strategy - DEBUG - 股票000013.SZ不满足买入条件，概率：0.0 < 阈值：0.1
2026-01-09 15:13:40,761 - qmt_strategy - DEBUG - 处理股票：000022.SZ，预测结果：0，预测概率：0.0，综合评分：33.0
2026-01-09 15:13:40,762 - qmt_strategy - DEBUG - 股票000022.SZ不满足买入条件，概率：0.0 < 阈值：0.1
2026-01-09 15:13:40,762 - qmt_strategy - INFO - 进行自适应卖点决策
2026-01-09 15:13:40,762 - qmt_strategy - INFO - 交易决策完成，共0个决策
2026-01-09 15:13:40,762 - qmt_strategy - INFO - 2025-12-15生成了0个交易决策
2026-01-09 15:13:40,762 - qmt_strategy - INFO - 进行风险控制检查
2026-01-09 15:13:40,762 - qmt_strategy - WARNING - 交易决策为空，跳过风险控制检查
2026-01-09 15:13:40,762 - qmt_strategy - INFO - 2025-12-15通过风险控制的决策数量：0
2026-01-09 15:13:40,762 - qmt_strategy - INFO - 2025-12-15没有通过风险控制的交易决策
2026-01-09 15:13:40,763 - qmt_strategy - INFO - 处理日期：2025-12-16，当日数据行数：100
2026-01-09 15:13:40,763 - qmt_strategy - INFO - 当日包含 100 只股票：['000001.SZ' '000002.SZ' '000003.SZ' '000004.SZ' '000005.SZ']...
2026-01-09 15:13:40,763 - qmt_strategy - INFO - 模拟2025-12-16的交易
2026-01-09 15:13:40,764 - qmt_strategy - INFO - 过滤后用于预测的数值特征数量：100
2026-01-09 15:13:40,764 - qmt_strategy - INFO - 使用模型进行预测
2026-01-09 15:13:40,813 - qmt_strategy - INFO - 模型预测完成
2026-01-09 15:13:40,813 - qmt_strategy - INFO - 预测结果类型：<class 'dict'>
2026-01-09 15:13:40,814 - qmt_strategy - INFO - 预测结果内容：{'predictions': array([0, 0, 0, 0, 0, 0, 0, 0, 0, 0, 0, 0, 0, 0, 0, 0, 0, 0, 0, 0, 0, 0,
       0, 0, 0, 0, 0, 0, 0, 0, 0, 0, 0, 0, 0, 0, 0, 0, 0, 0, 0, 0, 0, 0,
       0, 0, 0, 0, 0, 0, 0, 0, 0, 0, 0, 0, 0, 0, 0, 0, 0, 0, 0, 0, 0, 0,
       0, 0, 0, 0, 0, 0, 0, 0, 0, 0, 0, 0, 0, 0, 0, 0, 0, 0, 0, 0, 0, 0,
       0, 0, 0, 0, 0, 0, 0, 0, 0, 0, 0, 0]), 'probabilities': array([0., 0., 0., 0., 0., 0., 0., 0., 0., 0., 0., 0., 0., 0., 0., 0., 0.,
       0., 0., 0., 0., 0., 0., 0., 0., 0., 0., 0., 0., 0., 0., 0., 0., 0.,
       0., 0., 0., 0., 0., 0., 0., 0., 0., 0., 0., 0., 0., 0., 0., 0., 0.,
       0., 0., 0., 0., 0., 0., 0., 0., 0., 0., 0., 0., 0., 0., 0., 0., 0.,
       0., 0., 0., 0., 0., 0., 0., 0., 0., 0., 0., 0., 0., 0., 0., 0., 0.,
       0., 0., 0., 0., 0., 0., 0., 0., 0., 0., 0., 0., 0., 0., 0.])}
2026-01-09 15:13:40,814 - qmt_strategy - INFO - 预测结果长度：100
2026-01-09 15:13:40,814 - qmt_strategy - INFO - 开始做出交易决策
2026-01-09 15:13:40,814 - qmt_strategy - INFO - 进行动态买点决策
2026-01-09 15:13:40,817 - qmt_strategy - DEBUG - 处理股票：000006.SZ，预测结果：0，预测概率：0.0，综合评分：33.0
2026-01-09 15:13:40,817 - qmt_strategy - DEBUG - 股票000006.SZ不满足买入条件，概率：0.0 < 阈值：0.1
2026-01-09 15:13:40,817 - qmt_strategy - DEBUG - 处理股票：000009.SZ，预测结果：0，预测概率：0.0，综合评分：33.0
2026-01-09 15:13:40,818 - qmt_strategy - DEBUG - 股票000009.SZ不满足买入条件，概率：0.0 < 阈值：0.1
2026-01-09 15:13:40,818 - qmt_strategy - DEBUG - 处理股票：000012.SZ，预测结果：0，预测概率：0.0，综合评分：33.0
2026-01-09 15:13:40,818 - qmt_strategy - DEBUG - 股票000012.SZ不满足买入条件，概率：0.0 < 阈值：0.1
2026-01-09 15:13:40,818 - qmt_strategy - DEBUG - 处理股票：000013.SZ，预测结果：0，预测概率：0.0，综合评分：33.0
2026-01-09 15:13:40,818 - qmt_strategy - DEBUG - 股票000013.SZ不满足买入条件，概率：0.0 < 阈值：0.1
2026-01-09 15:13:40,818 - qmt_strategy - DEBUG - 处理股票：000019.SZ，预测结果：0，预测概率：0.0，综合评分：33.0
2026-01-09 15:13:40,819 - qmt_strategy - DEBUG - 股票000019.SZ不满足买入条件，概率：0.0 < 阈值：0.1
2026-01-09 15:13:40,819 - qmt_strategy - INFO - 进行自适应卖点决策
2026-01-09 15:13:40,819 - qmt_strategy - INFO - 交易决策完成，共0个决策
2026-01-09 15:13:40,819 - qmt_strategy - INFO - 2025-12-16生成了0个交易决策
2026-01-09 15:13:40,819 - qmt_strategy - INFO - 进行风险控制检查
2026-01-09 15:13:40,819 - qmt_strategy - WARNING - 交易决策为空，跳过风险控制检查
2026-01-09 15:13:40,819 - qmt_strategy - INFO - 2025-12-16通过风险控制的决策数量：0
2026-01-09 15:13:40,819 - qmt_strategy - INFO - 2025-12-16没有通过风险控制的交易决策
2026-01-09 15:13:40,819 - qmt_strategy - INFO - 处理日期：2025-12-17，当日数据行数：100
2026-01-09 15:13:40,820 - qmt_strategy - INFO - 当日包含 100 只股票：['000001.SZ' '000002.SZ' '000003.SZ' '000004.SZ' '000005.SZ']...
2026-01-09 15:13:40,820 - qmt_strategy - INFO - 模拟2025-12-17的交易
2026-01-09 15:13:40,820 - qmt_strategy - INFO - 过滤后用于预测的数值特征数量：100
2026-01-09 15:13:40,821 - qmt_strategy - INFO - 使用模型进行预测
2026-01-09 15:13:40,862 - qmt_strategy - INFO - 模型预测完成
2026-01-09 15:13:40,862 - qmt_strategy - INFO - 预测结果类型：<class 'dict'>
2026-01-09 15:13:40,863 - qmt_strategy - INFO - 预测结果内容：{'predictions': array([0, 0, 0, 0, 0, 0, 0, 0, 0, 0, 0, 0, 0, 0, 0, 0, 0, 0, 0, 0, 0, 0,
       0, 0, 0, 0, 0, 0, 0, 0, 0, 0, 0, 0, 0, 0, 0, 0, 0, 0, 0, 0, 0, 0,
       0, 0, 0, 0, 0, 0, 0, 0, 0, 0, 0, 0, 0, 0, 0, 0, 0, 0, 0, 0, 0, 0,
       0, 0, 0, 0, 0, 0, 0, 0, 0, 0, 0, 0, 0, 0, 0, 0, 0, 0, 0, 0, 0, 0,
       0, 0, 0, 0, 0, 0, 0, 0, 0, 0, 0, 0]), 'probabilities': array([0., 0., 0., 0., 0., 0., 0., 0., 0., 0., 0., 0., 0., 0., 0., 0., 0.,
       0., 0., 0., 0., 0., 0., 0., 0., 0., 0., 0., 0., 0., 0., 0., 0., 0.,
       0., 0., 0., 0., 0., 0., 0., 0., 0., 0., 0., 0., 0., 0., 0., 0., 0.,
       0., 0., 0., 0., 0., 0., 0., 0., 0., 0., 0., 0., 0., 0., 0., 0., 0.,
       0., 0., 0., 0., 0., 0., 0., 0., 0., 0., 0., 0., 0., 0., 0., 0., 0.,
       0., 0., 0., 0., 0., 0., 0., 0., 0., 0., 0., 0., 0., 0., 0.])}
2026-01-09 15:13:40,863 - qmt_strategy - INFO - 预测结果长度：100
2026-01-09 15:13:40,863 - qmt_strategy - INFO - 开始做出交易决策
2026-01-09 15:13:40,863 - qmt_strategy - INFO - 进行动态买点决策
2026-01-09 15:13:40,866 - qmt_strategy - DEBUG - 处理股票：000006.SZ，预测结果：0，预测概率：0.0，综合评分：33.0
2026-01-09 15:13:40,866 - qmt_strategy - DEBUG - 股票000006.SZ不满足买入条件，概率：0.0 < 阈值：0.1
2026-01-09 15:13:40,866 - qmt_strategy - DEBUG - 处理股票：000008.SZ，预测结果：0，预测概率：0.0，综合评分：33.0
2026-01-09 15:13:40,866 - qmt_strategy - DEBUG - 股票000008.SZ不满足买入条件，概率：0.0 < 阈值：0.1
2026-01-09 15:13:40,867 - qmt_strategy - DEBUG - 处理股票：000009.SZ，预测结果：0，预测概率：0.0，综合评分：33.0
2026-01-09 15:13:40,867 - qmt_strategy - DEBUG - 股票000009.SZ不满足买入条件，概率：0.0 < 阈值：0.1
2026-01-09 15:13:40,867 - qmt_strategy - DEBUG - 处理股票：000011.SZ，预测结果：0，预测概率：0.0，综合评分：33.0
2026-01-09 15:13:40,867 - qmt_strategy - DEBUG - 股票000011.SZ不满足买入条件，概率：0.0 < 阈值：0.1
2026-01-09 15:13:40,867 - qmt_strategy - DEBUG - 处理股票：000012.SZ，预测结果：0，预测概率：0.0，综合评分：33.0
2026-01-09 15:13:40,867 - qmt_strategy - DEBUG - 股票000012.SZ不满足买入条件，概率：0.0 < 阈值：0.1
2026-01-09 15:13:40,867 - qmt_strategy - INFO - 进行自适应卖点决策
2026-01-09 15:13:40,867 - qmt_strategy - INFO - 交易决策完成，共0个决策
2026-01-09 15:13:40,868 - qmt_strategy - INFO - 2025-12-17生成了0个交易决策
2026-01-09 15:13:40,868 - qmt_strategy - INFO - 进行风险控制检查
2026-01-09 15:13:40,868 - qmt_strategy - WARNING - 交易决策为空，跳过风险控制检查
2026-01-09 15:13:40,868 - qmt_strategy - INFO - 2025-12-17通过风险控制的决策数量：0
2026-01-09 15:13:40,868 - qmt_strategy - INFO - 2025-12-17没有通过风险控制的交易决策
2026-01-09 15:13:40,868 - qmt_strategy - INFO - 处理日期：2025-12-18，当日数据行数：100
2026-01-09 15:13:40,868 - qmt_strategy - INFO - 当日包含 100 只股票：['000001.SZ' '000002.SZ' '000003.SZ' '000004.SZ' '000005.SZ']...
2026-01-09 15:13:40,869 - qmt_strategy - INFO - 模拟2025-12-18的交易
2026-01-09 15:13:40,870 - qmt_strategy - INFO - 过滤后用于预测的数值特征数量：100
2026-01-09 15:13:40,870 - qmt_strategy - INFO - 使用模型进行预测
2026-01-09 15:13:40,911 - qmt_strategy - INFO - 模型预测完成
2026-01-09 15:13:40,911 - qmt_strategy - INFO - 预测结果类型：<class 'dict'>
2026-01-09 15:13:40,912 - qmt_strategy - INFO - 预测结果内容：{'predictions': array([0, 0, 0, 0, 0, 0, 0, 0, 0, 0, 0, 0, 0, 0, 0, 0, 0, 0, 0, 0, 0, 0,
       0, 0, 0, 0, 0, 0, 0, 0, 0, 0, 0, 0, 0, 0, 0, 0, 0, 0, 0, 0, 0, 0,
       0, 0, 0, 0, 0, 0, 0, 0, 0, 0, 0, 0, 0, 0, 0, 0, 0, 0, 0, 0, 0, 0,
       0, 0, 0, 0, 0, 0, 0, 0, 0, 0, 0, 0, 0, 0, 0, 0, 0, 0, 0, 0, 0, 0,
       0, 0, 0, 0, 0, 0, 0, 0, 0, 0, 0, 0]), 'probabilities': array([0., 0., 0., 0., 0., 0., 0., 0., 0., 0., 0., 0., 0., 0., 0., 0., 0.,
       0., 0., 0., 0., 0., 0., 0., 0., 0., 0., 0., 0., 0., 0., 0., 0., 0.,
       0., 0., 0., 0., 0., 0., 0., 0., 0., 0., 0., 0., 0., 0., 0., 0., 0.,
       0., 0., 0., 0., 0., 0., 0., 0., 0., 0., 0., 0., 0., 0., 0., 0., 0.,
       0., 0., 0., 0., 0., 0., 0., 0., 0., 0., 0., 0., 0., 0., 0., 0., 0.,
       0., 0., 0., 0., 0., 0., 0., 0., 0., 0., 0., 0., 0., 0., 0.])}
2026-01-09 15:13:40,912 - qmt_strategy - INFO - 预测结果长度：100
2026-01-09 15:13:40,912 - qmt_strategy - INFO - 开始做出交易决策
2026-01-09 15:13:40,912 - qmt_strategy - INFO - 进行动态买点决策
2026-01-09 15:13:40,915 - qmt_strategy - DEBUG - 处理股票：000006.SZ，预测结果：0，预测概率：0.0，综合评分：33.0
2026-01-09 15:13:40,915 - qmt_strategy - DEBUG - 股票000006.SZ不满足买入条件，概率：0.0 < 阈值：0.1
2026-01-09 15:13:40,915 - qmt_strategy - DEBUG - 处理股票：000008.SZ，预测结果：0，预测概率：0.0，综合评分：33.0
2026-01-09 15:13:40,916 - qmt_strategy - DEBUG - 股票000008.SZ不满足买入条件，概率：0.0 < 阈值：0.1
2026-01-09 15:13:40,916 - qmt_strategy - DEBUG - 处理股票：000009.SZ，预测结果：0，预测概率：0.0，综合评分：33.0
2026-01-09 15:13:40,916 - qmt_strategy - DEBUG - 股票000009.SZ不满足买入条件，概率：0.0 < 阈值：0.1
2026-01-09 15:13:40,916 - qmt_strategy - DEBUG - 处理股票：000012.SZ，预测结果：0，预测概率：0.0，综合评分：33.0
2026-01-09 15:13:40,917 - qmt_strategy - DEBUG - 股票000012.SZ不满足买入条件，概率：0.0 < 阈值：0.1
2026-01-09 15:13:40,917 - qmt_strategy - DEBUG - 处理股票：000019.SZ，预测结果：0，预测概率：0.0，综合评分：33.0
2026-01-09 15:13:40,917 - qmt_strategy - DEBUG - 股票000019.SZ不满足买入条件，概率：0.0 < 阈值：0.1
2026-01-09 15:13:40,917 - qmt_strategy - INFO - 进行自适应卖点决策
2026-01-09 15:13:40,917 - qmt_strategy - INFO - 交易决策完成，共0个决策
2026-01-09 15:13:40,917 - qmt_strategy - INFO - 2025-12-18生成了0个交易决策
2026-01-09 15:13:40,917 - qmt_strategy - INFO - 进行风险控制检查
2026-01-09 15:13:40,918 - qmt_strategy - WARNING - 交易决策为空，跳过风险控制检查
2026-01-09 15:13:40,918 - qmt_strategy - INFO - 2025-12-18通过风险控制的决策数量：0
2026-01-09 15:13:40,918 - qmt_strategy - INFO - 2025-12-18没有通过风险控制的交易决策
2026-01-09 15:13:40,918 - qmt_strategy - INFO - 处理日期：2025-12-19，当日数据行数：100
2026-01-09 15:13:40,918 - qmt_strategy - INFO - 当日包含 100 只股票：['000001.SZ' '000002.SZ' '000003.SZ' '000004.SZ' '000005.SZ']...
2026-01-09 15:13:40,918 - qmt_strategy - INFO - 模拟2025-12-19的交易
2026-01-09 15:13:40,919 - qmt_strategy - INFO - 过滤后用于预测的数值特征数量：100
2026-01-09 15:13:40,919 - qmt_strategy - INFO - 使用模型进行预测
2026-01-09 15:13:40,971 - qmt_strategy - INFO - 模型预测完成
2026-01-09 15:13:40,972 - qmt_strategy - INFO - 预测结果类型：<class 'dict'>
2026-01-09 15:13:40,972 - qmt_strategy - INFO - 预测结果内容：{'predictions': array([0, 0, 0, 0, 0, 0, 0, 0, 0, 0, 0, 0, 0, 0, 0, 0, 0, 0, 0, 0, 0, 0,
       0, 0, 0, 0, 0, 0, 0, 0, 0, 0, 0, 0, 0, 0, 0, 0, 0, 0, 0, 0, 0, 0,
       0, 0, 0, 0, 0, 0, 0, 0, 0, 0, 0, 0, 0, 0, 0, 0, 0, 0, 0, 0, 0, 0,
       0, 0, 0, 0, 0, 0, 0, 0, 0, 0, 0, 0, 0, 0, 0, 0, 0, 0, 0, 0, 0, 0,
       0, 0, 0, 0, 0, 0, 0, 0, 0, 0, 0, 0]), 'probabilities': array([0., 0., 0., 0., 0., 0., 0., 0., 0., 0., 0., 0., 0., 0., 0., 0., 0.,
       0., 0., 0., 0., 0., 0., 0., 0., 0., 0., 0., 0., 0., 0., 0., 0., 0.,
       0., 0., 0., 0., 0., 0., 0., 0., 0., 0., 0., 0., 0., 0., 0., 0., 0.,
       0., 0., 0., 0., 0., 0., 0., 0., 0., 0., 0., 0., 0., 0., 0., 0., 0.,
       0., 0., 0., 0., 0., 0., 0., 0., 0., 0., 0., 0., 0., 0., 0., 0., 0.,
       0., 0., 0., 0., 0., 0., 0., 0., 0., 0., 0., 0., 0., 0., 0.])}
2026-01-09 15:13:40,972 - qmt_strategy - INFO - 预测结果长度：100
2026-01-09 15:13:40,973 - qmt_strategy - INFO - 开始做出交易决策
2026-01-09 15:13:40,973 - qmt_strategy - INFO - 进行动态买点决策
2026-01-09 15:13:40,978 - qmt_strategy - DEBUG - 处理股票：000006.SZ，预测结果：0，预测概率：0.0，综合评分：33.0
2026-01-09 15:13:40,978 - qmt_strategy - DEBUG - 股票000006.SZ不满足买入条件，概率：0.0 < 阈值：0.1
2026-01-09 15:13:40,978 - qmt_strategy - DEBUG - 处理股票：000008.SZ，预测结果：0，预测概率：0.0，综合评分：33.0
2026-01-09 15:13:40,978 - qmt_strategy - DEBUG - 股票000008.SZ不满足买入条件，概率：0.0 < 阈值：0.1
2026-01-09 15:13:40,978 - qmt_strategy - DEBUG - 处理股票：000012.SZ，预测结果：0，预测概率：0.0，综合评分：33.0
2026-01-09 15:13:40,979 - qmt_strategy - DEBUG - 股票000012.SZ不满足买入条件，概率：0.0 < 阈值：0.1
2026-01-09 15:13:40,979 - qmt_strategy - DEBUG - 处理股票：000019.SZ，预测结果：0，预测概率：0.0，综合评分：33.0
2026-01-09 15:13:40,979 - qmt_strategy - DEBUG - 股票000019.SZ不满足买入条件，概率：0.0 < 阈值：0.1
2026-01-09 15:13:40,979 - qmt_strategy - DEBUG - 处理股票：000020.SZ，预测结果：0，预测概率：0.0，综合评分：33.0
2026-01-09 15:13:40,979 - qmt_strategy - DEBUG - 股票000020.SZ不满足买入条件，概率：0.0 < 阈值：0.1
2026-01-09 15:13:40,979 - qmt_strategy - INFO - 进行自适应卖点决策
2026-01-09 15:13:40,980 - qmt_strategy - INFO - 交易决策完成，共0个决策
2026-01-09 15:13:40,980 - qmt_strategy - INFO - 2025-12-19生成了0个交易决策
2026-01-09 15:13:40,980 - qmt_strategy - INFO - 进行风险控制检查
2026-01-09 15:13:40,980 - qmt_strategy - WARNING - 交易决策为空，跳过风险控制检查
2026-01-09 15:13:40,980 - qmt_strategy - INFO - 2025-12-19通过风险控制的决策数量：0
2026-01-09 15:13:40,980 - qmt_strategy - INFO - 2025-12-19没有通过风险控制的交易决策
2026-01-09 15:13:40,980 - qmt_strategy - INFO - 处理日期：2025-12-22，当日数据行数：100
2026-01-09 15:13:40,981 - qmt_strategy - INFO - 当日包含 100 只股票：['000001.SZ' '000002.SZ' '000003.SZ' '000004.SZ' '000005.SZ']...
2026-01-09 15:13:40,981 - qmt_strategy - INFO - 模拟2025-12-22的交易
2026-01-09 15:13:40,981 - qmt_strategy - INFO - 过滤后用于预测的数值特征数量：100
2026-01-09 15:13:40,981 - qmt_strategy - INFO - 使用模型进行预测
2026-01-09 15:13:41,028 - qmt_strategy - INFO - 模型预测完成
2026-01-09 15:13:41,028 - qmt_strategy - INFO - 预测结果类型：<class 'dict'>
2026-01-09 15:13:41,028 - qmt_strategy - INFO - 预测结果内容：{'predictions': array([0, 0, 0, 0, 0, 0, 0, 0, 0, 0, 0, 0, 0, 0, 0, 0, 0, 0, 0, 0, 0, 0,
       0, 0, 0, 0, 0, 0, 0, 0, 0, 0, 0, 0, 0, 0, 0, 0, 0, 0, 0, 0, 0, 0,
       0, 0, 0, 0, 0, 0, 0, 0, 0, 0, 0, 0, 0, 0, 0, 0, 0, 0, 0, 0, 0, 0,
       0, 0, 0, 0, 0, 0, 0, 0, 0, 0, 0, 0, 0, 0, 0, 0, 0, 0, 0, 0, 0, 0,
       0, 0, 0, 0, 0, 0, 0, 0, 0, 0, 0, 0]), 'probabilities': array([0., 0., 0., 0., 0., 0., 0., 0., 0., 0., 0., 0., 0., 0., 0., 0., 0.,
       0., 0., 0., 0., 0., 0., 0., 0., 0., 0., 0., 0., 0., 0., 0., 0., 0.,
       0., 0., 0., 0., 0., 0., 0., 0., 0., 0., 0., 0., 0., 0., 0., 0., 0.,
       0., 0., 0., 0., 0., 0., 0., 0., 0., 0., 0., 0., 0., 0., 0., 0., 0.,
       0., 0., 0., 0., 0., 0., 0., 0., 0., 0., 0., 0., 0., 0., 0., 0., 0.,
       0., 0., 0., 0., 0., 0., 0., 0., 0., 0., 0., 0., 0., 0., 0.])}
2026-01-09 15:13:41,029 - qmt_strategy - INFO - 预测结果长度：100
2026-01-09 15:13:41,029 - qmt_strategy - INFO - 开始做出交易决策
2026-01-09 15:13:41,029 - qmt_strategy - INFO - 进行动态买点决策
2026-01-09 15:13:41,032 - qmt_strategy - DEBUG - 处理股票：000006.SZ，预测结果：0，预测概率：0.0，综合评分：33.0
2026-01-09 15:13:41,032 - qmt_strategy - DEBUG - 股票000006.SZ不满足买入条件，概率：0.0 < 阈值：0.1
2026-01-09 15:13:41,032 - qmt_strategy - DEBUG - 处理股票：000008.SZ，预测结果：0，预测概率：0.0，综合评分：33.0
2026-01-09 15:13:41,032 - qmt_strategy - DEBUG - 股票000008.SZ不满足买入条件，概率：0.0 < 阈值：0.1
2026-01-09 15:13:41,032 - qmt_strategy - DEBUG - 处理股票：000012.SZ，预测结果：0，预测概率：0.0，综合评分：33.0
2026-01-09 15:13:41,032 - qmt_strategy - DEBUG - 股票000012.SZ不满足买入条件，概率：0.0 < 阈值：0.1
2026-01-09 15:13:41,033 - qmt_strategy - DEBUG - 处理股票：000022.SZ，预测结果：0，预测概率：0.0，综合评分：33.0
2026-01-09 15:13:41,033 - qmt_strategy - DEBUG - 股票000022.SZ不满足买入条件，概率：0.0 < 阈值：0.1
2026-01-09 15:13:41,033 - qmt_strategy - DEBUG - 处理股票：000047.SZ，预测结果：0，预测概率：0.0，综合评分：33.0
2026-01-09 15:13:41,033 - qmt_strategy - DEBUG - 股票000047.SZ不满足买入条件，概率：0.0 < 阈值：0.1
2026-01-09 15:13:41,033 - qmt_strategy - INFO - 进行自适应卖点决策
2026-01-09 15:13:41,033 - qmt_strategy - INFO - 交易决策完成，共0个决策
2026-01-09 15:13:41,033 - qmt_strategy - INFO - 2025-12-22生成了0个交易决策
2026-01-09 15:13:41,033 - qmt_strategy - INFO - 进行风险控制检查
2026-01-09 15:13:41,033 - qmt_strategy - WARNING - 交易决策为空，跳过风险控制检查
2026-01-09 15:13:41,033 - qmt_strategy - INFO - 2025-12-22通过风险控制的决策数量：0
2026-01-09 15:13:41,033 - qmt_strategy - INFO - 2025-12-22没有通过风险控制的交易决策
2026-01-09 15:13:41,034 - qmt_strategy - INFO - 处理日期：2025-12-23，当日数据行数：100
2026-01-09 15:13:41,034 - qmt_strategy - INFO - 当日包含 100 只股票：['000001.SZ' '000002.SZ' '000003.SZ' '000004.SZ' '000005.SZ']...
2026-01-09 15:13:41,034 - qmt_strategy - INFO - 模拟2025-12-23的交易
2026-01-09 15:13:41,035 - qmt_strategy - INFO - 过滤后用于预测的数值特征数量：100
2026-01-09 15:13:41,035 - qmt_strategy - INFO - 使用模型进行预测
2026-01-09 15:13:41,096 - qmt_strategy - INFO - 模型预测完成
2026-01-09 15:13:41,097 - qmt_strategy - INFO - 预测结果类型：<class 'dict'>
2026-01-09 15:13:41,097 - qmt_strategy - INFO - 预测结果内容：{'predictions': array([0, 0, 0, 0, 0, 0, 0, 0, 0, 0, 0, 0, 0, 0, 0, 0, 0, 0, 0, 0, 0, 0,
       0, 0, 0, 0, 0, 0, 0, 0, 0, 0, 0, 0, 0, 0, 0, 0, 0, 0, 0, 0, 0, 0,
       0, 0, 0, 0, 0, 0, 0, 0, 0, 0, 0, 0, 0, 0, 0, 0, 0, 0, 0, 0, 0, 0,
       0, 0, 0, 0, 0, 0, 0, 0, 0, 0, 0, 0, 0, 0, 0, 0, 0, 0, 0, 0, 0, 0,
       0, 0, 0, 0, 0, 0, 0, 0, 0, 0, 0, 0]), 'probabilities': array([0., 0., 0., 0., 0., 0., 0., 0., 0., 0., 0., 0., 0., 0., 0., 0., 0.,
       0., 0., 0., 0., 0., 0., 0., 0., 0., 0., 0., 0., 0., 0., 0., 0., 0.,
       0., 0., 0., 0., 0., 0., 0., 0., 0., 0., 0., 0., 0., 0., 0., 0., 0.,
       0., 0., 0., 0., 0., 0., 0., 0., 0., 0., 0., 0., 0., 0., 0., 0., 0.,
       0., 0., 0., 0., 0., 0., 0., 0., 0., 0., 0., 0., 0., 0., 0., 0., 0.,
       0., 0., 0., 0., 0., 0., 0., 0., 0., 0., 0., 0., 0., 0., 0.])}
2026-01-09 15:13:41,097 - qmt_strategy - INFO - 预测结果长度：100
2026-01-09 15:13:41,098 - qmt_strategy - INFO - 开始做出交易决策
2026-01-09 15:13:41,098 - qmt_strategy - INFO - 进行动态买点决策
2026-01-09 15:13:41,100 - qmt_strategy - DEBUG - 处理股票：000003.SZ，预测结果：0，预测概率：0.0，综合评分：33.0
2026-01-09 15:13:41,101 - qmt_strategy - DEBUG - 股票000003.SZ不满足买入条件，概率：0.0 < 阈值：0.1
2026-01-09 15:13:41,101 - qmt_strategy - DEBUG - 处理股票：000004.SZ，预测结果：0，预测概率：0.0，综合评分：33.0
2026-01-09 15:13:41,101 - qmt_strategy - DEBUG - 股票000004.SZ不满足买入条件，概率：0.0 < 阈值：0.1
2026-01-09 15:13:41,101 - qmt_strategy - DEBUG - 处理股票：000006.SZ，预测结果：0，预测概率：0.0，综合评分：33.0
2026-01-09 15:13:41,101 - qmt_strategy - DEBUG - 股票000006.SZ不满足买入条件，概率：0.0 < 阈值：0.1
2026-01-09 15:13:41,101 - qmt_strategy - DEBUG - 处理股票：000012.SZ，预测结果：0，预测概率：0.0，综合评分：33.0
2026-01-09 15:13:41,101 - qmt_strategy - DEBUG - 股票000012.SZ不满足买入条件，概率：0.0 < 阈值：0.1
2026-01-09 15:13:41,101 - qmt_strategy - DEBUG - 处理股票：000016.SZ，预测结果：0，预测概率：0.0，综合评分：33.0
2026-01-09 15:13:41,101 - qmt_strategy - DEBUG - 股票000016.SZ不满足买入条件，概率：0.0 < 阈值：0.1
2026-01-09 15:13:41,102 - qmt_strategy - INFO - 进行自适应卖点决策
2026-01-09 15:13:41,102 - qmt_strategy - INFO - 交易决策完成，共0个决策
2026-01-09 15:13:41,102 - qmt_strategy - INFO - 2025-12-23生成了0个交易决策
2026-01-09 15:13:41,102 - qmt_strategy - INFO - 进行风险控制检查
2026-01-09 15:13:41,102 - qmt_strategy - WARNING - 交易决策为空，跳过风险控制检查
2026-01-09 15:13:41,102 - qmt_strategy - INFO - 2025-12-23通过风险控制的决策数量：0
2026-01-09 15:13:41,102 - qmt_strategy - INFO - 2025-12-23没有通过风险控制的交易决策
2026-01-09 15:13:41,102 - qmt_strategy - INFO - 处理日期：2025-12-24，当日数据行数：100
2026-01-09 15:13:41,103 - qmt_strategy - INFO - 当日包含 100 只股票：['000001.SZ' '000002.SZ' '000003.SZ' '000004.SZ' '000005.SZ']...
2026-01-09 15:13:41,103 - qmt_strategy - INFO - 模拟2025-12-24的交易
2026-01-09 15:13:41,104 - qmt_strategy - INFO - 过滤后用于预测的数值特征数量：100
2026-01-09 15:13:41,104 - qmt_strategy - INFO - 使用模型进行预测
2026-01-09 15:13:41,143 - qmt_strategy - INFO - 模型预测完成
2026-01-09 15:13:41,143 - qmt_strategy - INFO - 预测结果类型：<class 'dict'>
2026-01-09 15:13:41,144 - qmt_strategy - INFO - 预测结果内容：{'predictions': array([0, 0, 0, 0, 0, 0, 0, 0, 0, 0, 0, 0, 0, 0, 0, 0, 0, 0, 0, 0, 0, 0,
       0, 0, 0, 0, 0, 0, 0, 0, 0, 0, 0, 0, 0, 0, 0, 0, 0, 0, 0, 0, 0, 0,
       0, 0, 0, 0, 0, 0, 0, 0, 0, 0, 0, 0, 0, 0, 0, 0, 0, 0, 0, 0, 0, 0,
       0, 0, 0, 0, 0, 0, 0, 0, 0, 0, 0, 0, 0, 0, 0, 0, 0, 0, 0, 0, 0, 0,
       0, 0, 0, 0, 0, 0, 0, 0, 0, 0, 0, 0]), 'probabilities': array([0., 0., 0., 0., 0., 0., 0., 0., 0., 0., 0., 0., 0., 0., 0., 0., 0.,
       0., 0., 0., 0., 0., 0., 0., 0., 0., 0., 0., 0., 0., 0., 0., 0., 0.,
       0., 0., 0., 0., 0., 0., 0., 0., 0., 0., 0., 0., 0., 0., 0., 0., 0.,
       0., 0., 0., 0., 0., 0., 0., 0., 0., 0., 0., 0., 0., 0., 0., 0., 0.,
       0., 0., 0., 0., 0., 0., 0., 0., 0., 0., 0., 0., 0., 0., 0., 0., 0.,
       0., 0., 0., 0., 0., 0., 0., 0., 0., 0., 0., 0., 0., 0., 0.])}
2026-01-09 15:13:41,144 - qmt_strategy - INFO - 预测结果长度：100
2026-01-09 15:13:41,145 - qmt_strategy - INFO - 开始做出交易决策
2026-01-09 15:13:41,145 - qmt_strategy - INFO - 进行动态买点决策
2026-01-09 15:13:41,148 - qmt_strategy - DEBUG - 处理股票：000003.SZ，预测结果：0，预测概率：0.0，综合评分：33.0
2026-01-09 15:13:41,148 - qmt_strategy - DEBUG - 股票000003.SZ不满足买入条件，概率：0.0 < 阈值：0.1
2026-01-09 15:13:41,148 - qmt_strategy - DEBUG - 处理股票：000004.SZ，预测结果：0，预测概率：0.0，综合评分：33.0
2026-01-09 15:13:41,148 - qmt_strategy - DEBUG - 股票000004.SZ不满足买入条件，概率：0.0 < 阈值：0.1
2026-01-09 15:13:41,148 - qmt_strategy - DEBUG - 处理股票：000006.SZ，预测结果：0，预测概率：0.0，综合评分：33.0
2026-01-09 15:13:41,148 - qmt_strategy - DEBUG - 股票000006.SZ不满足买入条件，概率：0.0 < 阈值：0.1
2026-01-09 15:13:41,149 - qmt_strategy - DEBUG - 处理股票：000016.SZ，预测结果：0，预测概率：0.0，综合评分：33.0
2026-01-09 15:13:41,149 - qmt_strategy - DEBUG - 股票000016.SZ不满足买入条件，概率：0.0 < 阈值：0.1
2026-01-09 15:13:41,149 - qmt_strategy - DEBUG - 处理股票：000042.SZ，预测结果：0，预测概率：0.0，综合评分：33.0
2026-01-09 15:13:41,149 - qmt_strategy - DEBUG - 股票000042.SZ不满足买入条件，概率：0.0 < 阈值：0.1
2026-01-09 15:13:41,149 - qmt_strategy - INFO - 进行自适应卖点决策
2026-01-09 15:13:41,149 - qmt_strategy - INFO - 交易决策完成，共0个决策
2026-01-09 15:13:41,149 - qmt_strategy - INFO - 2025-12-24生成了0个交易决策
2026-01-09 15:13:41,149 - qmt_strategy - INFO - 进行风险控制检查
2026-01-09 15:13:41,149 - qmt_strategy - WARNING - 交易决策为空，跳过风险控制检查
2026-01-09 15:13:41,149 - qmt_strategy - INFO - 2025-12-24通过风险控制的决策数量：0
2026-01-09 15:13:41,150 - qmt_strategy - INFO - 2025-12-24没有通过风险控制的交易决策
2026-01-09 15:13:41,150 - qmt_strategy - INFO - 处理日期：2025-12-25，当日数据行数：100
2026-01-09 15:13:41,150 - qmt_strategy - INFO - 当日包含 100 只股票：['000001.SZ' '000002.SZ' '000003.SZ' '000004.SZ' '000005.SZ']...
2026-01-09 15:13:41,150 - qmt_strategy - INFO - 模拟2025-12-25的交易
2026-01-09 15:13:41,151 - qmt_strategy - INFO - 过滤后用于预测的数值特征数量：100
2026-01-09 15:13:41,151 - qmt_strategy - INFO - 使用模型进行预测
2026-01-09 15:13:41,193 - qmt_strategy - INFO - 模型预测完成
2026-01-09 15:13:41,193 - qmt_strategy - INFO - 预测结果类型：<class 'dict'>
2026-01-09 15:13:41,194 - qmt_strategy - INFO - 预测结果内容：{'predictions': array([0, 0, 0, 0, 0, 0, 0, 0, 0, 0, 0, 0, 0, 0, 0, 0, 0, 0, 0, 0, 0, 0,
       0, 0, 0, 0, 0, 0, 0, 0, 0, 0, 0, 0, 0, 0, 0, 0, 0, 0, 0, 0, 0, 0,
       0, 0, 0, 0, 0, 0, 0, 0, 0, 0, 0, 0, 0, 0, 0, 0, 0, 0, 0, 0, 0, 0,
       0, 0, 0, 0, 0, 0, 0, 0, 0, 0, 0, 0, 0, 0, 0, 0, 0, 0, 0, 0, 0, 0,
       0, 0, 0, 0, 0, 0, 0, 0, 0, 0, 0, 0]), 'probabilities': array([0., 0., 0., 0., 0., 0., 0., 0., 0., 0., 0., 0., 0., 0., 0., 0., 0.,
       0., 0., 0., 0., 0., 0., 0., 0., 0., 0., 0., 0., 0., 0., 0., 0., 0.,
       0., 0., 0., 0., 0., 0., 0., 0., 0., 0., 0., 0., 0., 0., 0., 0., 0.,
       0., 0., 0., 0., 0., 0., 0., 0., 0., 0., 0., 0., 0., 0., 0., 0., 0.,
       0., 0., 0., 0., 0., 0., 0., 0., 0., 0., 0., 0., 0., 0., 0., 0., 0.,
       0., 0., 0., 0., 0., 0., 0., 0., 0., 0., 0., 0., 0., 0., 0.])}
2026-01-09 15:13:41,194 - qmt_strategy - INFO - 预测结果长度：100
2026-01-09 15:13:41,194 - qmt_strategy - INFO - 开始做出交易决策
2026-01-09 15:13:41,194 - qmt_strategy - INFO - 进行动态买点决策
2026-01-09 15:13:41,198 - qmt_strategy - DEBUG - 处理股票：000003.SZ，预测结果：0，预测概率：0.0，综合评分：33.0
2026-01-09 15:13:41,198 - qmt_strategy - DEBUG - 股票000003.SZ不满足买入条件，概率：0.0 < 阈值：0.1
2026-01-09 15:13:41,198 - qmt_strategy - DEBUG - 处理股票：000006.SZ，预测结果：0，预测概率：0.0，综合评分：33.0
2026-01-09 15:13:41,198 - qmt_strategy - DEBUG - 股票000006.SZ不满足买入条件，概率：0.0 < 阈值：0.1
2026-01-09 15:13:41,198 - qmt_strategy - DEBUG - 处理股票：000009.SZ，预测结果：0，预测概率：0.0，综合评分：33.0
2026-01-09 15:13:41,198 - qmt_strategy - DEBUG - 股票000009.SZ不满足买入条件，概率：0.0 < 阈值：0.1
2026-01-09 15:13:41,198 - qmt_strategy - DEBUG - 处理股票：000021.SZ，预测结果：0，预测概率：0.0，综合评分：33.0
2026-01-09 15:13:41,199 - qmt_strategy - DEBUG - 股票000021.SZ不满足买入条件，概率：0.0 < 阈值：0.1
2026-01-09 15:13:41,199 - qmt_strategy - DEBUG - 处理股票：000035.SZ，预测结果：0，预测概率：0.0，综合评分：33.0
2026-01-09 15:13:41,199 - qmt_strategy - DEBUG - 股票000035.SZ不满足买入条件，概率：0.0 < 阈值：0.1
2026-01-09 15:13:41,199 - qmt_strategy - INFO - 进行自适应卖点决策
2026-01-09 15:13:41,199 - qmt_strategy - INFO - 交易决策完成，共0个决策
2026-01-09 15:13:41,199 - qmt_strategy - INFO - 2025-12-25生成了0个交易决策
2026-01-09 15:13:41,200 - qmt_strategy - INFO - 进行风险控制检查
2026-01-09 15:13:41,200 - qmt_strategy - WARNING - 交易决策为空，跳过风险控制检查
2026-01-09 15:13:41,200 - qmt_strategy - INFO - 2025-12-25通过风险控制的决策数量：0
2026-01-09 15:13:41,200 - qmt_strategy - INFO - 2025-12-25没有通过风险控制的交易决策
2026-01-09 15:13:41,200 - qmt_strategy - INFO - 处理日期：2025-12-26，当日数据行数：100
2026-01-09 15:13:41,200 - qmt_strategy - INFO - 当日包含 100 只股票：['000001.SZ' '000002.SZ' '000003.SZ' '000004.SZ' '000005.SZ']...
2026-01-09 15:13:41,200 - qmt_strategy - INFO - 模拟2025-12-26的交易
2026-01-09 15:13:41,201 - qmt_strategy - INFO - 过滤后用于预测的数值特征数量：100
2026-01-09 15:13:41,201 - qmt_strategy - INFO - 使用模型进行预测
2026-01-09 15:13:41,239 - qmt_strategy - INFO - 模型预测完成
2026-01-09 15:13:41,239 - qmt_strategy - INFO - 预测结果类型：<class 'dict'>
2026-01-09 15:13:41,240 - qmt_strategy - INFO - 预测结果内容：{'predictions': array([0, 0, 0, 0, 0, 0, 0, 0, 0, 0, 0, 0, 0, 0, 0, 0, 0, 0, 0, 0, 0, 0,
       0, 0, 0, 0, 0, 0, 0, 0, 0, 0, 0, 0, 0, 0, 0, 0, 0, 0, 0, 0, 0, 0,
       0, 0, 0, 0, 0, 0, 0, 0, 0, 0, 0, 0, 0, 0, 0, 0, 0, 0, 0, 0, 0, 0,
       0, 0, 0, 0, 0, 0, 0, 0, 0, 0, 0, 0, 0, 0, 0, 0, 0, 0, 0, 0, 0, 0,
       0, 0, 0, 0, 0, 0, 0, 0, 0, 0, 0, 0]), 'probabilities': array([0., 0., 0., 0., 0., 0., 0., 0., 0., 0., 0., 0., 0., 0., 0., 0., 0.,
       0., 0., 0., 0., 0., 0., 0., 0., 0., 0., 0., 0., 0., 0., 0., 0., 0.,
       0., 0., 0., 0., 0., 0., 0., 0., 0., 0., 0., 0., 0., 0., 0., 0., 0.,
       0., 0., 0., 0., 0., 0., 0., 0., 0., 0., 0., 0., 0., 0., 0., 0., 0.,
       0., 0., 0., 0., 0., 0., 0., 0., 0., 0., 0., 0., 0., 0., 0., 0., 0.,
       0., 0., 0., 0., 0., 0., 0., 0., 0., 0., 0., 0., 0., 0., 0.])}
2026-01-09 15:13:41,240 - qmt_strategy - INFO - 预测结果长度：100
2026-01-09 15:13:41,241 - qmt_strategy - INFO - 开始做出交易决策
2026-01-09 15:13:41,241 - qmt_strategy - INFO - 进行动态买点决策
2026-01-09 15:13:41,245 - qmt_strategy - DEBUG - 处理股票：000003.SZ，预测结果：0，预测概率：0.0，综合评分：33.0
2026-01-09 15:13:41,245 - qmt_strategy - DEBUG - 股票000003.SZ不满足买入条件，概率：0.0 < 阈值：0.1
2026-01-09 15:13:41,245 - qmt_strategy - DEBUG - 处理股票：000004.SZ，预测结果：0，预测概率：0.0，综合评分：33.0
2026-01-09 15:13:41,245 - qmt_strategy - DEBUG - 股票000004.SZ不满足买入条件，概率：0.0 < 阈值：0.1
2026-01-09 15:13:41,245 - qmt_strategy - DEBUG - 处理股票：000006.SZ，预测结果：0，预测概率：0.0，综合评分：33.0
2026-01-09 15:13:41,245 - qmt_strategy - DEBUG - 股票000006.SZ不满足买入条件，概率：0.0 < 阈值：0.1
2026-01-09 15:13:41,246 - qmt_strategy - DEBUG - 处理股票：000009.SZ，预测结果：0，预测概率：0.0，综合评分：33.0
2026-01-09 15:13:41,246 - qmt_strategy - DEBUG - 股票000009.SZ不满足买入条件，概率：0.0 < 阈值：0.1
2026-01-09 15:13:41,246 - qmt_strategy - DEBUG - 处理股票：000010.SZ，预测结果：0，预测概率：0.0，综合评分：33.0
2026-01-09 15:13:41,246 - qmt_strategy - DEBUG - 股票000010.SZ不满足买入条件，概率：0.0 < 阈值：0.1
2026-01-09 15:13:41,246 - qmt_strategy - INFO - 进行自适应卖点决策
2026-01-09 15:13:41,246 - qmt_strategy - INFO - 交易决策完成，共0个决策
2026-01-09 15:13:41,246 - qmt_strategy - INFO - 2025-12-26生成了0个交易决策
2026-01-09 15:13:41,247 - qmt_strategy - INFO - 进行风险控制检查
2026-01-09 15:13:41,247 - qmt_strategy - WARNING - 交易决策为空，跳过风险控制检查
2026-01-09 15:13:41,247 - qmt_strategy - INFO - 2025-12-26通过风险控制的决策数量：0
2026-01-09 15:13:41,247 - qmt_strategy - INFO - 2025-12-26没有通过风险控制的交易决策
2026-01-09 15:13:41,247 - qmt_strategy - INFO - 处理日期：2025-12-29，当日数据行数：100
2026-01-09 15:13:41,247 - qmt_strategy - INFO - 当日包含 100 只股票：['000001.SZ' '000002.SZ' '000003.SZ' '000004.SZ' '000005.SZ']...
2026-01-09 15:13:41,247 - qmt_strategy - INFO - 模拟2025-12-29的交易
2026-01-09 15:13:41,248 - qmt_strategy - INFO - 过滤后用于预测的数值特征数量：100
2026-01-09 15:13:41,248 - qmt_strategy - INFO - 使用模型进行预测
2026-01-09 15:13:41,285 - qmt_strategy - INFO - 模型预测完成
2026-01-09 15:13:41,285 - qmt_strategy - INFO - 预测结果类型：<class 'dict'>
2026-01-09 15:13:41,286 - qmt_strategy - INFO - 预测结果内容：{'predictions': array([0, 0, 0, 0, 0, 0, 0, 0, 0, 0, 0, 0, 0, 0, 0, 0, 0, 0, 0, 0, 0, 0,
       0, 0, 0, 0, 0, 0, 0, 0, 0, 0, 0, 0, 0, 0, 0, 0, 0, 0, 0, 0, 0, 0,
       0, 0, 0, 0, 0, 0, 0, 0, 0, 0, 0, 0, 0, 0, 0, 0, 0, 0, 0, 0, 0, 0,
       0, 0, 0, 0, 0, 0, 0, 0, 0, 0, 0, 0, 0, 0, 0, 0, 0, 0, 0, 0, 0, 0,
       0, 0, 0, 0, 0, 0, 0, 0, 0, 0, 0, 0]), 'probabilities': array([0., 0., 0., 0., 0., 0., 0., 0., 0., 0., 0., 0., 0., 0., 0., 0., 0.,
       0., 0., 0., 0., 0., 0., 0., 0., 0., 0., 0., 0., 0., 0., 0., 0., 0.,
       0., 0., 0., 0., 0., 0., 0., 0., 0., 0., 0., 0., 0., 0., 0., 0., 0.,
       0., 0., 0., 0., 0., 0., 0., 0., 0., 0., 0., 0., 0., 0., 0., 0., 0.,
       0., 0., 0., 0., 0., 0., 0., 0., 0., 0., 0., 0., 0., 0., 0., 0., 0.,
       0., 0., 0., 0., 0., 0., 0., 0., 0., 0., 0., 0., 0., 0., 0.])}
2026-01-09 15:13:41,286 - qmt_strategy - INFO - 预测结果长度：100
2026-01-09 15:13:41,286 - qmt_strategy - INFO - 开始做出交易决策
2026-01-09 15:13:41,286 - qmt_strategy - INFO - 进行动态买点决策
2026-01-09 15:13:41,289 - qmt_strategy - DEBUG - 处理股票：000006.SZ，预测结果：0，预测概率：0.0，综合评分：33.0
2026-01-09 15:13:41,290 - qmt_strategy - DEBUG - 股票000006.SZ不满足买入条件，概率：0.0 < 阈值：0.1
2026-01-09 15:13:41,290 - qmt_strategy - DEBUG - 处理股票：000009.SZ，预测结果：0，预测概率：0.0，综合评分：33.0
2026-01-09 15:13:41,291 - qmt_strategy - DEBUG - 股票000009.SZ不满足买入条件，概率：0.0 < 阈值：0.1
2026-01-09 15:13:41,291 - qmt_strategy - DEBUG - 处理股票：000010.SZ，预测结果：0，预测概率：0.0，综合评分：33.0
2026-01-09 15:13:41,291 - qmt_strategy - DEBUG - 股票000010.SZ不满足买入条件，概率：0.0 < 阈值：0.1
2026-01-09 15:13:41,291 - qmt_strategy - DEBUG - 处理股票：000020.SZ，预测结果：0，预测概率：0.0，综合评分：33.0
2026-01-09 15:13:41,292 - qmt_strategy - DEBUG - 股票000020.SZ不满足买入条件，概率：0.0 < 阈值：0.1
2026-01-09 15:13:41,292 - qmt_strategy - DEBUG - 处理股票：000021.SZ，预测结果：0，预测概率：0.0，综合评分：33.0
2026-01-09 15:13:41,293 - qmt_strategy - DEBUG - 股票000021.SZ不满足买入条件，概率：0.0 < 阈值：0.1
2026-01-09 15:13:41,293 - qmt_strategy - INFO - 进行自适应卖点决策
2026-01-09 15:13:41,293 - qmt_strategy - INFO - 交易决策完成，共0个决策
2026-01-09 15:13:41,294 - qmt_strategy - INFO - 2025-12-29生成了0个交易决策
2026-01-09 15:13:41,294 - qmt_strategy - INFO - 进行风险控制检查
2026-01-09 15:13:41,294 - qmt_strategy - WARNING - 交易决策为空，跳过风险控制检查
2026-01-09 15:13:41,294 - qmt_strategy - INFO - 2025-12-29通过风险控制的决策数量：0
2026-01-09 15:13:41,294 - qmt_strategy - INFO - 2025-12-29没有通过风险控制的交易决策
2026-01-09 15:13:41,294 - qmt_strategy - INFO - 处理日期：2025-12-30，当日数据行数：100
2026-01-09 15:13:41,295 - qmt_strategy - INFO - 当日包含 100 只股票：['000001.SZ' '000002.SZ' '000003.SZ' '000004.SZ' '000005.SZ']...
2026-01-09 15:13:41,295 - qmt_strategy - INFO - 模拟2025-12-30的交易
2026-01-09 15:13:41,296 - qmt_strategy - INFO - 过滤后用于预测的数值特征数量：100
2026-01-09 15:13:41,296 - qmt_strategy - INFO - 使用模型进行预测
2026-01-09 15:13:41,356 - qmt_strategy - INFO - 模型预测完成
2026-01-09 15:13:41,356 - qmt_strategy - INFO - 预测结果类型：<class 'dict'>
2026-01-09 15:13:41,357 - qmt_strategy - INFO - 预测结果内容：{'predictions': array([0, 0, 0, 0, 0, 0, 0, 0, 0, 0, 0, 0, 0, 0, 0, 0, 0, 0, 0, 0, 0, 0,
       0, 0, 0, 0, 0, 0, 0, 0, 0, 0, 0, 0, 0, 0, 0, 0, 0, 0, 0, 0, 0, 0,
       0, 0, 0, 0, 0, 0, 0, 0, 0, 0, 0, 0, 0, 0, 0, 0, 0, 0, 0, 0, 0, 0,
       0, 0, 0, 0, 0, 0, 0, 0, 0, 0, 0, 0, 0, 0, 0, 0, 0, 0, 0, 0, 0, 0,
       0, 0, 0, 0, 0, 0, 0, 0, 0, 0, 0, 0]), 'probabilities': array([0., 0., 0., 0., 0., 0., 0., 0., 0., 0., 0., 0., 0., 0., 0., 0., 0.,
       0., 0., 0., 0., 0., 0., 0., 0., 0., 0., 0., 0., 0., 0., 0., 0., 0.,
       0., 0., 0., 0., 0., 0., 0., 0., 0., 0., 0., 0., 0., 0., 0., 0., 0.,
       0., 0., 0., 0., 0., 0., 0., 0., 0., 0., 0., 0., 0., 0., 0., 0., 0.,
       0., 0., 0., 0., 0., 0., 0., 0., 0., 0., 0., 0., 0., 0., 0., 0., 0.,
       0., 0., 0., 0., 0., 0., 0., 0., 0., 0., 0., 0., 0., 0., 0.])}
2026-01-09 15:13:41,357 - qmt_strategy - INFO - 预测结果长度：100
2026-01-09 15:13:41,357 - qmt_strategy - INFO - 开始做出交易决策
2026-01-09 15:13:41,358 - qmt_strategy - INFO - 进行动态买点决策
2026-01-09 15:13:41,361 - qmt_strategy - DEBUG - 处理股票：000006.SZ，预测结果：0，预测概率：0.0，综合评分：33.0
2026-01-09 15:13:41,361 - qmt_strategy - DEBUG - 股票000006.SZ不满足买入条件，概率：0.0 < 阈值：0.1
2026-01-09 15:13:41,362 - qmt_strategy - DEBUG - 处理股票：000009.SZ，预测结果：0，预测概率：0.0，综合评分：33.0
2026-01-09 15:13:41,362 - qmt_strategy - DEBUG - 股票000009.SZ不满足买入条件，概率：0.0 < 阈值：0.1
2026-01-09 15:13:41,362 - qmt_strategy - DEBUG - 处理股票：000010.SZ，预测结果：0，预测概率：0.0，综合评分：33.0
2026-01-09 15:13:41,362 - qmt_strategy - DEBUG - 股票000010.SZ不满足买入条件，概率：0.0 < 阈值：0.1
2026-01-09 15:13:41,362 - qmt_strategy - DEBUG - 处理股票：000020.SZ，预测结果：0，预测概率：0.0，综合评分：33.0
2026-01-09 15:13:41,363 - qmt_strategy - DEBUG - 股票000020.SZ不满足买入条件，概率：0.0 < 阈值：0.1
2026-01-09 15:13:41,363 - qmt_strategy - DEBUG - 处理股票：000026.SZ，预测结果：0，预测概率：0.0，综合评分：33.0
2026-01-09 15:13:41,363 - qmt_strategy - DEBUG - 股票000026.SZ不满足买入条件，概率：0.0 < 阈值：0.1
2026-01-09 15:13:41,363 - qmt_strategy - INFO - 进行自适应卖点决策
2026-01-09 15:13:41,363 - qmt_strategy - INFO - 交易决策完成，共0个决策
2026-01-09 15:13:41,363 - qmt_strategy - INFO - 2025-12-30生成了0个交易决策
2026-01-09 15:13:41,363 - qmt_strategy - INFO - 进行风险控制检查
2026-01-09 15:13:41,363 - qmt_strategy - WARNING - 交易决策为空，跳过风险控制检查
2026-01-09 15:13:41,364 - qmt_strategy - INFO - 2025-12-30通过风险控制的决策数量：0
2026-01-09 15:13:41,364 - qmt_strategy - INFO - 2025-12-30没有通过风险控制的交易决策
2026-01-09 15:13:41,364 - qmt_strategy - INFO - 处理日期：2025-12-31，当日数据行数：100
2026-01-09 15:13:41,364 - qmt_strategy - INFO - 当日包含 100 只股票：['000001.SZ' '000002.SZ' '000003.SZ' '000004.SZ' '000005.SZ']...
2026-01-09 15:13:41,364 - qmt_strategy - INFO - 模拟2025-12-31的交易
2026-01-09 15:13:41,365 - qmt_strategy - INFO - 过滤后用于预测的数值特征数量：100
2026-01-09 15:13:41,365 - qmt_strategy - INFO - 使用模型进行预测
2026-01-09 15:13:41,401 - qmt_strategy - INFO - 模型预测完成
2026-01-09 15:13:41,401 - qmt_strategy - INFO - 预测结果类型：<class 'dict'>
2026-01-09 15:13:41,402 - qmt_strategy - INFO - 预测结果内容：{'predictions': array([0, 0, 0, 0, 0, 0, 0, 0, 0, 0, 0, 0, 0, 0, 0, 0, 0, 0, 0, 0, 0, 0,
       0, 0, 0, 0, 0, 0, 0, 0, 0, 0, 0, 0, 0, 0, 0, 0, 0, 0, 0, 0, 0, 0,
       0, 0, 0, 0, 0, 0, 0, 0, 0, 0, 0, 0, 0, 0, 0, 0, 0, 0, 0, 0, 0, 0,
       0, 0, 0, 0, 0, 0, 0, 0, 0, 0, 0, 0, 0, 0, 0, 0, 0, 0, 0, 0, 0, 0,
       0, 0, 0, 0, 0, 0, 0, 0, 0, 0, 0, 0]), 'probabilities': array([0., 0., 0., 0., 0., 0., 0., 0., 0., 0., 0., 0., 0., 0., 0., 0., 0.,
       0., 0., 0., 0., 0., 0., 0., 0., 0., 0., 0., 0., 0., 0., 0., 0., 0.,
       0., 0., 0., 0., 0., 0., 0., 0., 0., 0., 0., 0., 0., 0., 0., 0., 0.,
       0., 0., 0., 0., 0., 0., 0., 0., 0., 0., 0., 0., 0., 0., 0., 0., 0.,
       0., 0., 0., 0., 0., 0., 0., 0., 0., 0., 0., 0., 0., 0., 0., 0., 0.,
       0., 0., 0., 0., 0., 0., 0., 0., 0., 0., 0., 0., 0., 0., 0.])}
2026-01-09 15:13:41,402 - qmt_strategy - INFO - 预测结果长度：100
2026-01-09 15:13:41,402 - qmt_strategy - INFO - 开始做出交易决策
2026-01-09 15:13:41,402 - qmt_strategy - INFO - 进行动态买点决策
2026-01-09 15:13:41,405 - qmt_strategy - DEBUG - 处理股票：000006.SZ，预测结果：0，预测概率：0.0，综合评分：33.0
2026-01-09 15:13:41,405 - qmt_strategy - DEBUG - 股票000006.SZ不满足买入条件，概率：0.0 < 阈值：0.1
2026-01-09 15:13:41,405 - qmt_strategy - DEBUG - 处理股票：000010.SZ，预测结果：0，预测概率：0.0，综合评分：33.0
2026-01-09 15:13:41,405 - qmt_strategy - DEBUG - 股票000010.SZ不满足买入条件，概率：0.0 < 阈值：0.1
2026-01-09 15:13:41,405 - qmt_strategy - DEBUG - 处理股票：000029.SZ，预测结果：0，预测概率：0.0，综合评分：33.0
2026-01-09 15:13:41,405 - qmt_strategy - DEBUG - 股票000029.SZ不满足买入条件，概率：0.0 < 阈值：0.1
2026-01-09 15:13:41,405 - qmt_strategy - DEBUG - 处理股票：000030.SZ，预测结果：0，预测概率：0.0，综合评分：33.0
2026-01-09 15:13:41,406 - qmt_strategy - DEBUG - 股票000030.SZ不满足买入条件，概率：0.0 < 阈值：0.1
2026-01-09 15:13:41,406 - qmt_strategy - DEBUG - 处理股票：000031.SZ，预测结果：0，预测概率：0.0，综合评分：33.0
2026-01-09 15:13:41,406 - qmt_strategy - DEBUG - 股票000031.SZ不满足买入条件，概率：0.0 < 阈值：0.1
2026-01-09 15:13:41,407 - qmt_strategy - INFO - 进行自适应卖点决策
2026-01-09 15:13:41,407 - qmt_strategy - INFO - 交易决策完成，共0个决策
2026-01-09 15:13:41,407 - qmt_strategy - INFO - 2025-12-31生成了0个交易决策
2026-01-09 15:13:41,407 - qmt_strategy - INFO - 进行风险控制检查
2026-01-09 15:13:41,407 - qmt_strategy - WARNING - 交易决策为空，跳过风险控制检查
2026-01-09 15:13:41,407 - qmt_strategy - INFO - 2025-12-31通过风险控制的决策数量：0
2026-01-09 15:13:41,408 - qmt_strategy - INFO - 2025-12-31没有通过风险控制的交易决策
2026-01-09 15:13:41,408 - qmt_strategy - INFO - 模拟交易完成
2026-01-09 15:13:41,408 - qmt_strategy - INFO - 计算回测指标
2026-01-09 15:13:41,409 - qmt_strategy - INFO - 回测指标计算完成，结果：{'total_return': 0.0, 'annual_return': 0.0, 'sharpe_ratio': np.float64(-6.890664735756348e+16), 'max_drawdown': np.float64(0.0), 'annual_volatility': np.float64(0.0), 'calmar_ratio': 0.0, 'sortino_ratio': 0.0, 'win_rate': 0.0, 'profit_loss_ratio': 0.0, 'trade_count': 0, 'profit_trades': 0, 'loss_trades': 0, 'break_even_trades': 0, 'total_pnl': 0.0, 'avg_pnl_per_trade': 0.0, 'max_consecutive_wins': 0, 'max_consecutive_losses': 0, 'avg_holding_days': 0.0, 'avg_daily_trades': 0.0}
2026-01-09 15:13:41,409 - qmt_strategy - INFO - 生成回测报告
2026-01-09 15:13:41,411 - qmt_strategy - INFO - 完整回测报告保存成功：reports\full_backtest_report_20260109_151341.json
2026-01-09 15:13:41,413 - qmt_strategy - INFO - 回测结果保存成功：reports\backtest_results_20260109_151341.json
2026-01-09 15:13:41,415 - qmt_strategy - INFO - 资金曲线保存成功：reports\equity_curve_20260109_151341.csv
2026-01-09 15:13:41,416 - qmt_strategy - INFO - 交易记录保存成功：reports\trade_records_20260109_151341.csv
2026-01-09 15:13:41,416 - qmt_strategy - INFO - 回测报告生成完成
2026-01-09 15:13:41,416 - qmt_strategy - INFO - === 回测完成 ===
2026-01-09 15:13:41,417 - qmt_strategy - INFO - === 回测结果 ===
2026-01-09 15:13:41,417 - qmt_strategy - INFO - total_return: 0.0
2026-01-09 15:13:41,417 - qmt_strategy - INFO - annual_return: 0.0
2026-01-09 15:13:41,417 - qmt_strategy - INFO - sharpe_ratio: -6.890664735756348e+16
2026-01-09 15:13:41,417 - qmt_strategy - INFO - max_drawdown: 0.0
2026-01-09 15:13:41,417 - qmt_strategy - INFO - annual_volatility: 0.0
2026-01-09 15:13:41,417 - qmt_strategy - INFO - calmar_ratio: 0.0
2026-01-09 15:13:41,417 - qmt_strategy - INFO - sortino_ratio: 0.0
2026-01-09 15:13:41,417 - qmt_strategy - INFO - win_rate: 0.0
2026-01-09 15:13:41,417 - qmt_strategy - INFO - profit_loss_ratio: 0.0
2026-01-09 15:13:41,417 - qmt_strategy - INFO - trade_count: 0
2026-01-09 15:13:41,417 - qmt_strategy - INFO - profit_trades: 0
2026-01-09 15:13:41,418 - qmt_strategy - INFO - loss_trades: 0
2026-01-09 15:13:41,418 - qmt_strategy - INFO - break_even_trades: 0
2026-01-09 15:13:41,418 - qmt_strategy - INFO - total_pnl: 0.0
2026-01-09 15:13:41,418 - qmt_strategy - INFO - avg_pnl_per_trade: 0.0
2026-01-09 15:13:41,418 - qmt_strategy - INFO - max_consecutive_wins: 0
2026-01-09 15:13:41,418 - qmt_strategy - INFO - max_consecutive_losses: 0
2026-01-09 15:13:41,418 - qmt_strategy - INFO - avg_holding_days: 0.0
2026-01-09 15:13:41,418 - qmt_strategy - INFO - avg_daily_trades: 0.0
2026-01-09 15:13:41,418 - qmt_strategy - INFO - === 回测验证流程完成 ===
